/*--------------------------------*- C++ -*----------------------------------*\
| =========                 |                                                 |
| \\      /  F ield         | OpenFOAM: The Open Source CFD Toolbox           |
|  \\    /   O peration     | Version:  2312                                  |
|   \\  /    A nd           | Website:  www.openfoam.com                      |
|    \\/     M anipulation  |                                                 |
\*---------------------------------------------------------------------------*/
FoamFile
{
    version     2.0;
    format      ascii;
    arch        "LSB;label=32;scalar=64";
    class       volScalarField;
    location    "1200";
    object      yPlus;
}
// * * * * * * * * * * * * * * * * * * * * * * * * * * * * * * * * * * * * * //

dimensions      [0 0 0 0 0 0 0];

internalField   uniform 0;

boundaryField
{
    farfield
    {
        type            calculated;
        value           uniform 0;
    }
    aircraft
    {
        type            calculated;
        value           nonuniform List<scalar> 
86489
(
20.45163
19.994272
20.347121
20.708303
19.678073
20.897089
20.547998
22.952929
19.973539
20.238874
22.576354
22.292276
23.007618
20.343674
20.312741
24.145325
22.540418
24.379175
24.049003
23.577805
11.679395
19.895721
20.352379
21.210475
21.555125
24.630582
24.192356
22.184267
22.459367
22.249197
20.215925
20.418732
21.540749
21.52698
21.495174
21.513551
21.709493
21.656483
21.630877
21.657035
21.850718
21.821613
21.76293
21.81486
21.699556
21.727691
21.816919
21.745169
21.588209
21.600027
21.644577
21.600931
21.457173
21.315321
21.491121
21.357884
21.441793
21.329041
21.496121
21.353172
24.017438
24.534828
24.806894
24.549913
21.542596
21.583446
21.619956
21.58401
24.863482
24.84946
24.813129
24.850905
24.864578
24.932553
24.959591
24.94022
21.714875
21.738979
21.757654
21.751343
25.109969
25.009939
24.968947
25.006088
25.113606
25.13906
25.169061
25.143572
21.85521
21.857814
21.799893
21.864403
25.288153
25.252137
25.17241
25.240118
25.290995
25.288393
25.213955
25.284694
21.695633
21.674862
21.647389
21.674275
25.078074
25.119942
25.219853
25.138082
25.077728
25.030386
24.984622
25.037079
21.580026
21.547878
21.518044
21.561898
24.934799
24.944115
24.981744
24.957341
24.933054
24.87562
24.815379
24.862244
24.047474
24.532121
24.795559
24.554933
20.441175
21.4095
11.469715
49.399626
19.943983
49.101074
36.910404
33.117698
17.616321
70.813792
36.874394
33.421847
71.707744
21.542677
24.047935
21.552646
24.073872
16.526858
37.772715
37.70434
37.794931
37.580802
16.55956
17.782131
41.335105
40.357034
37.250855
40.232458
16.30207
38.738685
16.919219
38.79693
40.502062
40.160464
17.762028
38.77074
16.993094
38.25099
16.713599
38.301247
38.229095
16.737039
17.803302
40.490871
40.693443
40.769988
38.628639
17.8452
17.795071
40.592845
40.577614
40.271247
40.504524
17.671831
40.345126
17.68219
38.522515
40.65042
40.695502
17.798071
40.928438
17.938206
38.38552
17.732893
38.532926
40.466137
16.892704
17.568906
41.965603
40.049516
38.493467
40.664195
16.887435
18.052573
40.496381
41.116884
41.299835
41.425682
18.138308
41.117503
18.139482
40.891789
40.332251
40.338155
17.786164
28.693944
58.895219
52.84208
44.574825
20.099753
40.71175
42.084293
18.015683
34.722976
37.243021
36.356185
34.602523
32.133541
59.323603
56.068379
59.426946
55.977921
60.949749
57.75951
58.851497
61.319955
34.906182
37.564659
35.050627
37.462276
39.212245
41.885083
41.270179
39.968127
32.39944
32.00193
60.565548
45.179427
44.944608
53.758886
85.437139
53.378367
73.957277
55.032075
38.221653
44.899878
43.178575
40.079633
37.75154
16.539433
37.873536
37.8409
37.833402
27.924506
58.595173
52.497547
43.332608
38.753831
40.368952
17.048533
13.096547
52.015323
44.492006
31.122823
40.739763
53.258933
78.101767
73.782565
80.519413
62.079381
78.10032
27.240232
37.639067
37.545926
35.008181
40.233436
59.021361
56.122358
55.834425
59.36214
34.979588
37.559763
35.039474
37.450953
63.012696
55.987233
59.675413
59.196901
39.779263
42.729884
42.516409
40.012795
63.331868
59.758504
63.303087
59.75311
66.225728
62.875733
62.61739
66.389793
37.396287
40.145791
37.411169
40.133491
38.431059
39.395288
38.022109
39.663669
76.700586
63.411628
53.476537
84.4392
41.580654
45.034894
43.128243
43.531728
119.52667
114.35387
109.19103
126.40339
43.5078
47.670419
45.150982
45.821602
103.05437
93.981904
102.98926
94.559852
112.16045
98.570801
99.847025
110.22347
44.535558
45.153321
43.274242
46.37393
40.188089
17.571236
40.612023
17.713536
40.223065
40.468748
18.208537
41.231113
41.387469
18.361605
41.698263
41.663527
18.374849
18.390779
52.55773
52.158396
54.151535
52.042396
20.202294
25.959878
65.921649
67.742515
26.081078
66.024701
67.820823
25.36145
52.25678
19.800904
51.110101
19.487984
52.436592
51.138574
23.773574
64.775289
24.74624
61.552924
23.421426
59.211129
60.777555
22.979162
35.153206
37.771921
35.283389
37.739303
63.25354
59.935654
59.745009
63.478164
37.419142
40.327588
37.581527
40.027773
59.787468
56.548988
56.416231
59.84422
38.828064
40.005167
41.503549
37.291899
59.937794
59.827925
63.372188
56.675092
65.210319
59.502983
61.601675
63.065678
35.339724
40.195296
37.461571
37.868208
38.585579
43.331376
41.598181
40.502463
120.99392
105.75631
108.0705
118.40682
38.253966
39.991453
38.432419
39.755689
95.106046
81.202671
84.197072
91.339817
41.76952
43.639925
43.490287
41.696593
110.64464
90.707547
100.25487
99.822528
96.915908
83.190956
86.547081
92.601889
38.619512
43.753692
41.834244
40.262116
17.686811
40.549533
40.281492
40.845356
38.492711
17.78408
40.738245
17.895775
40.562601
40.244682
41.551845
17.618972
52.945366
20.026098
54.277133
56.557894
54.769784
21.346317
53.257624
20.273157
53.510368
52.498637
53.427892
20.825176
56.033623
54.748905
54.330476
54.382514
20.629834
53.317516
54.115443
53.720241
54.128325
20.495056
37.512543
40.141154
37.496078
40.125462
60.015197
59.689237
56.628814
63.278977
35.307552
40.081948
37.459608
37.9022
63.311834
59.78962
59.85952
63.323438
37.712207
40.296903
40.360775
37.569872
64.563323
59.692719
63.329845
60.88875
63.705539
59.961719
60.136817
63.50333
38.250397
40.049516
37.398406
41.006171
43.139791
40.618833
39.005993
45.006683
99.115307
85.027745
88.715274
95.388647
41.807455
43.657676
41.697503
43.61502
80.106163
52.99316
61.458845
80.696779
43.382093
43.901972
45.210917
41.98872
81.178327
61.381042
81.509289
58.504568
79.689689
60.695786
56.621279
80.905779
44.30985
43.826914
41.990883
46.192135
38.305109
16.762112
41.000802
18.03611
40.484838
41.189998
17.832939
40.547024
40.641167
17.866206
40.529705
40.716962
17.785533
21.520781
56.238168
56.437483
55.175977
55.984819
21.142562
20.731716
54.486412
54.748405
20.759952
54.271549
55.053534
20.522016
53.972269
20.782895
54.000915
20.802894
54.101977
54.219561
21.002562
54.59895
20.800714
54.678087
21.069196
54.519984
54.982642
21.025144
37.574887
37.987227
35.465933
40.204941
64.290975
60.684245
60.766557
64.223689
38.1712
40.775493
38.133069
40.912434
63.344385
56.818856
59.901719
60.093422
37.559627
40.137175
40.301762
37.512348
63.174042
59.847064
63.307388
59.637499
63.509698
59.836325
59.960924
63.39079
37.357377
40.114749
37.507149
40.079458
38.225267
40.06934
38.479151
39.900661
92.177867
85.673798
81.925203
96.919746
41.858631
43.21986
41.648669
43.734784
104.67193
98.694452
94.514229
109.57309
41.880949
43.559804
43.843095
41.597085
95.760426
84.711242
93.961629
86.228088
96.314452
85.29986
86.546143
95.137947
43.533455
45.292094
43.491781
45.764008
17.519627
42.348324
39.94663
40.474856
40.339416
17.75051
41.155741
18.048291
40.515455
40.539347
40.611333
17.780517
54.031202
20.648979
54.605739
55.328577
54.957054
20.67193
53.400241
20.100227
54.427387
53.420312
54.432938
20.114051
54.25307
52.975578
52.590536
52.58249
20.005024
53.04665
52.513913
53.168495
52.639858
20.168535
38.635592
41.190637
38.430015
41.406316
63.366039
56.965791
59.817381
60.219538
37.515324
38.093908
35.552491
40.236425
65.056852
61.170389
61.423733
64.791792
35.064627
41.180558
37.701994
38.54678
63.016884
59.631739
63.190037
59.587851
59.906112
60.655896
56.518393
64.147792
37.316216
40.135237
37.404583
39.948434
44.037816
45.890996
43.973318
45.962548
103.48053
99.830581
94.626412
109.41662
41.673127
43.207943
41.472405
43.458324
105.24827
91.987945
95.172741
101.36859
38.272942
39.922833
40.095081
38.259461
98.035453
91.646511
101.02838
88.109205
124.07048
114.54881
112.19908
127.22059
38.128517
43.226201
41.314232
39.89291
39.882497
17.551048
38.555752
17.582989
40.252854
40.007266
17.641626
40.34018
40.147635
16.804475
40.923652
38.334051
18.034844
20.736684
54.621173
54.839189
51.895937
54.456653
19.744531
24.323145
65.362911
62.998672
23.800648
58.686115
61.950639
22.63524
52.776525
17.655859
55.857264
20.51661
54.184594
55.831921
25.373879
65.669655
25.423953
65.701041
25.315589
64.654503
65.553897
24.57504
37.451773
40.154273
37.409006
39.070064
33.455834
63.626742
60.872959
60.081047
64.334858
37.728164
41.246739
38.597658
40.461977
65.078778
61.374219
62.915007
64.988884
40.128886
43.113142
41.136993
42.269026
32.48726
31.98909
49.353448
47.501202
45.052141
42.822022
38.672317
46.821709
45.048506
40.670845
87.924218
56.170968
77.342936
57.784713
49.700478
15.842295
40.50855
30.908373
37.55411
17.346912
53.269832
77.503182
74.530763
81.202836
39.063479
61.265175
78.314071
26.805338
21.557547
21.546945
21.499692
21.518693
21.683861
21.688394
21.636318
21.646445
21.839077
21.853444
21.795384
21.790388
21.708186
21.705891
21.76208
21.761594
21.583662
21.618528
21.630342
21.635476
21.20126
21.258071
21.447622
21.435828
21.192918
21.244138
21.432335
21.403691
24.223409
24.277398
24.697308
24.670863
21.589698
21.564731
21.609954
21.604565
24.856006
24.86176
24.833672
24.842076
24.903969
24.904551
24.957556
24.932974
21.731472
21.722087
21.756539
21.750007
25.043126
25.06226
25.004592
25.004856
25.111017
25.103842
25.158551
25.157149
21.872391
21.850945
21.852483
21.838454
25.276756
25.276467
25.201926
25.204219
25.300736
25.292622
25.262464
25.266522
21.686852
21.681789
21.651552
21.656658
25.099943
25.094616
25.165314
25.173665
25.047676
25.053922
25.015718
25.026733
21.578121
21.576824
21.521131
21.526472
24.944407
24.950855
24.977574
24.96698
24.905991
24.902519
24.843394
24.836773
24.233347
24.30182
24.709509
24.713413
40.06646
39.927257
40.032678
39.798133
37.039545
39.141321
16.696874
38.353573
38.087423
39.277793
41.481651
40.627846
40.353596
43.760962
42.742979
39.529554
42.626412
16.361863
37.32796
37.427207
16.338744
37.546476
37.372045
39.541255
39.640603
39.840869
39.573218
41.014709
41.097561
42.918157
42.570917
40.140804
39.979777
17.648947
16.788081
40.671317
17.824672
38.264735
42.484976
42.382525
43.116692
40.555682
41.143612
40.592217
40.617759
40.55745
38.16551
40.250175
38.31554
16.729709
38.52313
40.413872
42.615127
40.60749
40.782221
42.877645
43.091305
43.167762
40.900818
40.801548
38.585311
18.081149
40.42681
41.188802
43.20483
40.916321
42.831336
43.633809
43.041797
43.053917
42.722108
42.954294
18.073724
40.483554
41.221621
18.163517
38.644766
41.396233
42.892147
43.692392
40.995843
43.890688
42.756974
40.816028
43.084628
43.100966
40.277907
40.225883
17.651318
16.970237
38.886665
17.004712
38.767044
42.676451
42.640896
41.228587
41.079585
43.386572
40.707297
40.875494
42.886388
38.503479
40.813431
40.209814
17.629682
40.496208
40.805508
43.263064
42.663922
42.92592
44.495142
42.471608
40.791022
43.075557
39.014712
38.986058
16.637756
40.229987
37.989365
41.376046
41.327712
42.62339
40.324387
42.96132
43.601704
43.788423
43.931155
16.882636
38.150451
38.440507
17.855373
41.396003
40.641786
40.484359
40.769811
43.882259
43.118848
43.587846
43.347027
42.782572
42.772967
39.485794
39.087663
17.413802
17.545379
38.25693
16.848042
39.742285
41.869341
41.446761
40.573675
42.129051
62.28499
46.590015
43.098678
44.30166
40.283629
40.127441
40.803403
18.002996
40.035461
42.681488
42.525896
43.232017
42.423874
40.223378
38.516215
38.426759
41.371756
33.53831
36.389126
39.440077
36.846788
38.966783
43.056948
40.701012
43.486385
40.336372
59.334656
56.326104
59.594025
56.063092
51.352181
54.523278
54.436223
51.45585
51.399605
54.688718
54.478977
51.675576
53.558242
56.080162
55.488069
52.671124
45.341546
62.081868
59.126515
62.673441
58.719011
53.74966
57.450219
54.200172
56.912853
34.974061
37.663864
35.205995
37.505384
41.419008
38.85163
38.708149
41.503724
41.452807
38.987084
38.764375
41.621192
45.284947
43.729532
43.239521
45.669955
38.889769
40.780928
37.566301
39.434541
37.590291
39.423003
42.794186
41.157605
42.987404
41.019427
58.630881
54.729559
52.484893
58.546149
43.570556
49.975707
37.84549
52.117983
57.318014
55.81191
58.251139
55.858906
54.20433
52.14234
59.397331
52.360739
55.17635
46.025328
47.536977
46.613833
47.081362
47.976502
48.163736
48.489045
47.76402
43.430044
44.646732
42.74388
45.488367
43.539729
46.91492
41.804875
48.484154
49.479482
46.743992
47.481488
48.56737
16.772849
40.834654
38.233969
37.920809
16.627991
37.838798
40.037706
40.109582
40.073964
40.022846
43.208992
40.490622
40.21085
40.125057
61.971163
45.337247
41.00569
42.511444
40.580485
17.833416
40.126793
17.416782
39.556651
39.513697
42.916704
42.53918
41.865709
41.887022
41.23248
34.478082
20.297701
29.775463
17.461696
31.838701
58.392709
52.314424
37.998387
47.773814
45.199874
38.933476
36.642714
37.196246
80.099012
83.748631
66.637845
82.470738
42.551969
22.011317
45.809966
56.627297
25.229002
47.732902
46.05575
49.287346
60.881555
51.174384
35.068645
37.734316
35.253117
37.590744
44.397397
38.784546
41.632135
41.478594
41.503513
39.032683
38.836777
41.632977
51.275213
54.51945
54.249383
51.519555
60.063416
57.780745
61.086777
56.724629
52.099916
56.13997
53.104864
55.149444
35.44135
39.048031
36.531852
38.012433
41.364091
38.862383
38.766072
41.50441
42.004238
40.351622
39.346193
43.046041
54.834531
54.371568
57.960469
51.366564
59.120224
56.099353
59.350813
55.819105
51.282774
54.51985
51.519854
54.317068
46.826224
44.160379
43.929836
47.038073
38.217443
40.454924
37.773893
40.978934
45.204875
41.830957
44.640539
42.311052
63.165611
56.826273
60.150827
59.614994
54.79973
58.106757
58.119113
54.799251
54.724924
55.229624
57.982011
52.111269
57.661367
61.084571
60.922681
57.846883
64.459593
60.18697
63.652994
60.859785
55.859628
58.445668
55.219232
59.198747
37.399645
38.013985
35.420026
40.101768
44.320857
41.425168
41.438122
44.314397
44.259033
39.2837
41.391078
42.011961
37.749565
39.522765
37.957007
39.376736
41.262929
40.705013
41.210546
40.520367
38.570768
40.312411
40.042316
39.166202
50.674555
45.633836
46.319892
50.259974
110.5706
82.626082
96.080402
99.069656
50.517612
46.733641
47.604618
70.453506
41.854496
43.671066
41.826544
43.577758
47.339595
46.699788
45.580135
48.396128
46.861245
45.458487
45.504675
47.181379
87.636014
103.40746
98.051999
91.488636
135.28048
122.50073
131.16635
128.93408
103.98846
110.25455
97.914177
117.206
48.50322
49.563007
47.204116
51.109959
41.481795
44.8167
42.742433
43.569025
47.104056
46.601191
48.492802
45.204711
100.04547
94.308097
103.87997
90.466608
77.222313
84.76733
85.575419
73.269921
67.213708
83.116589
80.433844
70.034307
57.34392
81.344304
86.566444
50.156175
102.52738
96.258385
105.742
92.671499
48.590352
76.445259
48.471285
76.974936
38.413542
40.112517
38.181789
40.264623
49.29449
46.87185
47.93736
48.336648
42.996409
41.469043
41.588849
42.995862
17.998329
40.36019
41.05653
38.578177
16.922023
40.756851
42.546705
42.989358
42.664614
42.860896
42.76471
43.502703
40.909153
43.194342
43.665056
43.866386
44.172544
44.144566
40.264441
17.604522
41.64177
18.076505
40.765858
41.240411
42.632658
44.084236
43.170446
43.654623
58.114745
55.22563
57.013702
54.798041
57.991512
56.772033
21.606652
55.279024
20.38153
56.798091
62.894722
61.153136
58.393625
60.688572
70.854896
72.617994
70.814455
72.647146
58.584103
60.647805
65.042144
61.634018
63.471412
65.489859
69.818349
66.442468
20.339434
54.273467
52.985755
52.612912
20.079928
52.883408
56.443264
55.273393
56.203934
55.212957
58.210837
56.82191
56.345893
56.668035
69.710595
66.235443
63.57186
65.330218
54.921818
21.175971
57.027787
22.319649
58.854084
57.68934
58.927037
61.142152
63.166455
61.832213
35.304612
37.797084
35.218385
37.849646
41.71141
39.107701
38.980136
41.754565
41.792187
39.046133
39.179817
41.77603
54.787971
58.284483
58.001374
55.006108
59.645643
59.713311
63.296027
56.358311
51.697059
58.090432
54.773851
54.799935
35.178732
40.138359
37.45163
37.738606
44.200956
41.612853
41.409487
44.502155
41.70978
41.43396
39.004298
44.301409
51.716727
54.872152
54.850836
51.867847
59.810072
56.521815
59.875138
56.513146
51.866706
54.871645
51.829054
54.881066
45.771967
41.298274
42.909712
44.151544
38.377661
40.881023
38.27265
41.057869
45.260907
42.294865
45.09091
42.460996
64.442183
60.859734
64.376559
60.913154
51.975593
58.168643
55.015852
54.885976
55.90279
59.082988
59.138279
55.867421
56.595675
57.901673
59.880032
54.62435
64.408092
60.63123
64.051539
60.878923
55.903574
58.900006
55.715781
59.189907
38.271164
40.921842
38.273824
40.922195
41.874742
41.492668
39.205328
44.381999
45.15085
42.328689
42.332688
45.152073
41.610778
43.714321
41.687747
43.730409
43.559971
45.185279
41.947625
46.632728
47.307389
45.381183
45.343988
47.24129
83.218052
92.589176
95.586936
75.168566
102.79014
100.2532
111.61025
92.949842
48.439588
88.167693
57.521964
78.134212
42.065112
44.335823
42.479666
44.072888
42.064339
41.518697
41.326769
42.392947
47.516831
45.642373
45.761722
47.065544
51.670438
69.61208
70.40391
48.170896
87.90665
80.865192
90.132556
78.74023
45.517947
66.57543
46.466589
63.425645
46.64807
45.400391
45.306237
47.11639
41.592192
43.906831
41.828797
43.688293
47.243753
45.553611
47.44438
45.319895
95.479644
87.752667
98.487436
84.821779
74.383083
80.965792
88.409799
68.111573
52.930695
75.74829
71.912471
58.010089
50.427184
70.150782
72.924348
46.795153
91.714689
81.247504
90.924746
81.716474
45.624855
67.301201
46.197884
67.167394
38.344894
40.361135
38.563415
40.314841
42.797546
45.244154
41.781386
46.763743
43.216851
41.879258
41.577154
43.33498
41.496902
41.014106
18.196525
40.958441
17.984631
41.130456
42.970469
42.697897
43.331053
40.813488
43.96907
43.480262
43.46102
43.611517
43.19763
42.986446
42.615824
44.004423
42.198784
18.556381
40.913412
40.65869
17.840723
40.934412
44.682477
43.296728
43.049156
43.319974
57.056327
58.394459
60.564762
58.887112
53.319855
56.134728
20.827027
56.77771
56.35827
56.489817
59.456669
60.761061
60.369582
57.315565
57.50697
56.529659
57.439542
52.178932
18.563641
49.982771
19.267227
51.652632
50.063136
55.341391
53.68545
55.675302
53.88978
53.054847
54.380497
20.128916
54.611259
20.194209
54.692385
60.35278
59.016487
58.213715
58.611744
57.288601
58.225719
58.31707
58.407114
57.369219
58.072702
57.631748
58.084369
52.960521
20.130979
52.875877
53.485061
20.41165
52.982615
57.196039
57.069941
57.424883
57.140298
38.116907
38.230813
35.594447
40.830543
44.307184
41.505768
41.524425
44.309389
45.060673
39.479624
42.160893
42.251023
51.97235
58.05179
55.064748
54.81722
65.078827
59.961991
63.451006
61.410506
56.420133
58.217805
55.013269
59.705607
38.722593
40.278353
37.542198
41.363695
41.895282
41.47256
39.176243
44.257384
45.608138
41.581745
42.747624
44.455718
54.884123
58.108665
58.097657
54.862078
64.336062
57.048301
60.386962
60.710718
55.723011
55.446403
52.323945
59.03087
44.563468
41.610441
41.738702
44.478119
35.311651
40.058493
37.464971
37.810051
41.804644
41.466537
44.247929
39.165621
63.282639
59.74512
63.312808
59.843178
55.905663
58.057118
59.232795
54.791278
54.880791
58.09357
58.08719
54.841502
55.202062
58.276231
58.425399
55.012021
59.887567
59.788294
63.239907
56.627912
51.920406
58.033733
54.822284
54.966039
37.4849
40.141426
37.422626
40.108347
45.246662
41.428062
42.328226
44.220017
44.286624
41.459284
41.506873
44.312463
41.694394
44.908284
43.02722
43.820359
48.577662
42.542142
46.907713
43.833861
47.462012
46.887969
45.486051
48.616871
57.554034
73.999614
79.123539
52.51309
94.012636
84.224861
95.891795
82.698622
46.037475
67.581001
49.181391
60.350286
41.777671
40.772275
38.927465
43.340845
46.983687
45.386478
45.453002
47.142118
46.557089
42.480758
45.328804
44.029076
49.208042
41.213266
44.236468
44.572253
85.60288
66.244975
82.75576
72.339957
44.793951
46.243605
50.217511
52.747263
49.019641
45.817153
47.322531
47.590531
41.929801
43.738353
41.780169
43.908093
47.580074
45.588748
47.408334
45.75551
79.608571
66.497265
81.392364
66.537588
54.596151
47.366429
52.159058
50.966586
47.203409
47.072655
47.751298
47.931522
53.277471
44.917052
50.323119
50.291077
79.436342
63.908585
80.475843
64.93614
48.675977
44.689619
48.880874
45.556322
41.804017
43.634189
41.644698
43.829179
49.993812
45.870963
48.244127
47.576062
47.459848
45.437707
45.585825
47.274601
17.786009
41.021416
40.57867
40.569077
17.744898
40.56954
40.606129
43.43105
42.87333
43.625525
43.503182
42.976165
42.971501
42.986468
43.015723
43.107622
42.976396
43.183308
40.594771
17.811923
40.172526
16.87123
40.751508
38.461806
43.068041
42.595427
43.21087
40.804713
60.5429
60.721695
59.408584
60.273984
54.640395
55.150885
20.619738
54.979936
21.045878
55.25342
58.542974
59.081272
59.178948
59.204737
58.373024
58.447686
58.148282
58.700996
54.495421
53.723374
54.660032
53.578545
58.440939
57.898126
58.613292
57.76714
20.672
54.231219
54.905257
54.055367
20.52521
54.577046
57.99734
58.080027
58.060156
58.226099
58.075628
58.572842
57.983757
58.28413
58.514937
58.637515
58.564901
58.89495
54.768974
20.722485
54.968054
20.790983
54.630891
54.978158
58.590659
58.65995
58.639191
58.715155
37.560419
40.112733
37.435205
40.269945
44.379703
39.310214
41.567836
41.987026
44.439664
41.395316
41.589138
44.270536
55.760634
58.947243
59.065174
55.693269
59.947907
56.552469
59.946164
56.676424
51.972169
54.961786
51.85014
54.996841
35.348261
37.755277
35.156411
37.841066
45.119651
42.182459
42.207673
44.988271
41.8328
39.016583
39.186368
41.750286
54.939734
55.164731
58.14318
52.099727
63.447991
59.793182
63.271753
59.904638
54.978817
58.036885
54.819593
58.220566
44.48331
41.540703
41.593404
44.316426
37.698165
40.160753
37.448612
40.325568
44.512707
41.464198
44.346327
41.729206
64.203708
59.899639
63.422606
60.720381
54.714601
58.095369
57.97778
54.875936
55.697383
58.222046
58.938775
54.958717
55.002229
58.158769
58.296032
54.898985
63.544867
59.834539
63.393345
60.090102
55.118133
58.151974
54.875641
58.33037
38.172821
40.24786
37.529316
40.784394
44.249191
41.516149
41.37054
44.301143
45.01629
41.561069
42.199057
44.434345
43.177276
43.293298
41.450524
44.997746
42.459167
41.590801
41.351118
42.494662
48.204372
44.760282
46.75786
46.174172
46.099061
72.627453
64.267253
49.362519
100.50162
88.554094
99.33923
90.627188
65.261714
76.62883
56.38714
80.875336
42.922768
41.265186
39.454006
44.669039
47.231487
45.150239
45.557231
46.376866
47.766855
43.134342
46.382698
44.646627
68.950501
87.990143
82.932616
72.85545
103.37125
97.133498
106.40232
94.55921
76.728405
87.546748
76.885699
85.51962
47.371864
45.277958
45.595901
47.044988
41.913402
43.644554
41.676694
43.81558
47.246134
45.359457
47.139049
45.565681
96.42759
84.310093
94.412013
85.844526
53.765242
75.875311
76.62104
54.473895
59.106093
74.168534
73.19681
55.838292
54.094182
75.033881
76.736348
51.417
96.500137
85.153672
94.919003
86.952568
52.515252
75.309817
51.655668
77.004293
38.380157
40.434844
38.479611
40.288359
49.435507
47.018499
47.378003
48.443537
43.110238
41.704913
41.575275
43.309854
38.380691
38.606432
16.811862
40.446284
17.753439
40.610948
44.873278
42.389976
42.938474
42.77582
40.735988
40.970392
42.904109
43.063968
43.630872
42.975929
42.999734
43.074497
38.10647
16.685138
40.704097
40.537515
17.781225
40.565222
40.44354
43.169006
42.995683
43.014621
58.064071
58.457944
59.258179
58.783446
56.177157
55.320202
21.037391
55.268656
55.293628
60.450539
59.554343
59.269722
59.513638
57.332968
58.151178
57.546473
58.203329
56.126308
21.402676
55.029114
20.716751
53.303413
54.436231
60.408155
59.347522
57.547761
58.778714
52.46361
53.794835
19.943918
52.878363
20.080116
53.859197
58.125134
56.845471
56.564668
56.486796
56.204586
57.530432
56.832549
57.64216
57.04055
56.517395
57.151178
56.649478
52.053103
19.832944
52.442594
53.109911
20.160213
52.726845
55.81749
56.266486
57.075535
56.553213
38.469451
41.345583
38.57393
41.103385
45.685934
42.513306
42.74322
45.445504
45.332211
42.673253
42.535433
45.608304
54.880279
55.272611
58.152062
52.256816
59.725539
59.642833
63.100495
56.365045
51.67276
57.96744
54.759942
54.776955
35.111918
40.188731
37.493049
37.70772
44.410571
39.417651
41.536342
42.104464
41.687067
41.485799
38.943093
44.327574
56.406655
59.493536
59.772478
56.162573
64.566527
61.346948
64.938646
61.072251
56.06143
59.640414
56.32809
59.264497
41.705506
42.566218
38.974949
45.336706
37.377236
41.524037
38.74627
40.007893
44.185408
42.836366
45.746843
41.412144
65.148185
59.67451
63.289938
61.593068
54.666416
58.019952
57.870005
54.747904
56.647528
58.060885
59.95333
54.758762
51.828735
59.020282
54.943271
55.832697
63.280228
61.260879
64.827856
59.71354
54.823202
59.620396
56.34574
58.034514
39.00836
39.941538
37.293129
41.777117
44.123773
41.44234
41.3578
44.295985
46.034566
41.350774
43.128438
44.156086
42.894867
45.018614
43.147158
44.762811
49.699611
47.8489
47.958271
49.612339
48.019191
46.911533
46.462497
48.592917
66.289987
88.746046
85.18012
74.860395
117.73139
103.81416
115.10722
105.2413
77.507082
91.733322
77.783486
92.735405
37.968539
39.910588
38.413928
39.416293
46.766891
44.699904
45.262654
45.909073
41.733448
41.426007
41.157364
42.236421
50.808885
71.014373
71.927258
50.379608
96.197043
89.066706
98.516965
85.902148
52.197724
72.477653
50.375149
75.266643
42.804131
41.396132
41.441457
42.488455
40.898836
39.714836
38.317399
42.763015
45.557903
41.427004
41.896002
44.118201
104.79512
94.299598
104.12589
94.708808
64.160672
83.063614
79.408808
63.686565
67.018301
84.048776
83.867057
66.646214
87.031473
102.19389
99.027792
88.901289
124.69576
116.81016
130.44503
112.23448
87.764164
104.15001
89.961759
100.55769
45.093255
43.950503
42.072367
46.899996
43.003803
45.018413
41.618343
46.698251
49.837529
45.977959
48.466651
47.597105
18.07029
40.252797
41.044027
40.222054
17.649036
41.21382
42.301718
40.905603
42.677515
42.43751
42.696306
43.506859
42.645506
43.653742
42.772544
42.59019
43.382618
40.66935
40.38299
17.731768
40.453379
17.671757
40.966447
40.286184
42.849036
42.906982
43.426098
42.737446
58.507712
58.800599
55.962601
58.460775
54.381371
52.562647
20.495491
51.320097
19.497746
51.755333
58.418125
56.503523
55.335716
55.691301
70.014073
67.580945
62.990808
66.480297
54.511447
54.907112
57.639512
55.303203
58.579007
58.987905
61.873615
59.403911
22.013441
59.708184
57.721246
54.232276
20.904147
56.722015
57.22912
59.240982
57.930888
59.026246
64.560142
62.141386
58.063285
61.002867
70.300863
70.238376
69.526853
70.111966
60.411169
22.659426
62.497355
23.666514
64.390256
63.209159
65.351786
67.627938
69.367705
68.326711
37.528752
41.126108
38.469049
40.163364
43.122754
41.463796
41.332336
44.398056
44.293407
42.458835
41.475986
45.274594
55.172992
59.173866
58.447885
55.976714
63.037832
56.356897
59.786326
59.659306
54.977553
54.768611
51.5896
58.070615
38.348433
37.090373
34.418434
40.86796
44.633123
42.649168
41.781396
45.409574
44.881366
38.43445
42.204621
41.232464
57.398557
59.59336
59.405508
56.110555
47.361686
63.427217
61.217979
64.774346
59.896623
54.932883
59.456239
56.159469
58.174429
37.861376
39.636216
37.673812
39.700505
46.277071
44.98747
44.147965
46.96419
43.229108
41.473803
41.441386
43.458968
51.373893
51.215166
50.576397
52.493891
54.135586
55.379423
53.643938
54.518935
53.703635
56.36726
56.498306
54.433978
40.087165
45.92078
43.821967
42.028272
44.800425
48.586758
42.766926
50.136103
45.843596
47.884729
43.856726
49.981618
57.888224
55.090625
63.392422
54.535476
56.64688
50.754711
52.181804
52.360807
50.616225
49.80451
51.851617
51.060922
50.464824
55.513617
47.445526
35.584469
44.417275
18.073896
33.091291
30.741504
30.517947
30.505213
35.066724
32.516527
34.186435
32.493094
79.593086
84.602081
65.852478
83.029802
19.39406
34.73674
42.038974
55.469238
44.478196
36.869016
45.19555
59.753847
47.763826
21.317392
50.333001
44.30508
13.829225
43.562142
41.050688
33.137746
69.814155
42.071278
13.638471
43.543885
24.072789
41.353649
22.433377
52.886498
44.30208
34.913086
68.36497
42.336543
21.540594
21.529697
21.513794
21.515722
21.703885
21.68723
21.628992
21.644451
21.85064
21.82914
21.780929
21.81128
21.692581
21.721514
21.791835
21.74993
21.583553
21.599218
21.624933
21.633305
21.180439
21.279066
21.453504
21.385681
21.176355
21.268892
21.462042
21.371994
24.031563
24.400277
24.755175
24.601374
21.549601
21.596461
21.591197
21.61445
24.871454
24.852162
24.820454
24.817132
24.88128
24.930352
24.944382
24.942086
21.736776
21.728847
21.756979
21.743763
25.080544
25.03588
24.98996
25.005761
25.106068
25.130673
25.155379
25.126359
21.854899
21.870235
21.820375
21.835994
25.29051
25.254151
25.180527
25.231107
25.308411
25.299012
25.240838
25.281094
21.688791
21.67049
21.640795
21.672064
25.084682
25.098763
25.203313
25.141974
25.06805
25.041879
24.998427
25.045658
21.581512
21.549568
21.508962
21.524855
24.93461
24.942655
24.978465
24.974992
24.928041
24.891852
24.831466
24.847693
24.057628
24.42558
24.753127
24.616278
23.745267
23.439421
22.486425
23.209047
20.887037
20.979635
20.793285
20.929453
22.842403
22.754445
22.835313
22.784178
22.861843
22.470395
23.045946
22.514022
23.923449
23.91771
23.964035
23.947792
23.697794
23.752922
23.517384
23.913127
23.892324
23.258902
22.785802
22.677159
23.116153
23.276463
22.833415
22.771324
23.825818
23.963945
24.280376
24.076567
24.085946
23.887869
23.85762
23.774345
18.647609
14.971171
15.806013
14.867462
22.457764
22.451705
21.964196
22.45039
20.113607
15.325347
15.494082
14.807422
20.860274
20.666565
20.391343
20.483258
23.707052
23.794439
23.824406
23.878691
23.320014
23.695009
23.719792
23.702041
23.31458
23.755121
23.820404
23.625912
23.719887
24.054392
23.616592
24.075379
23.945556
23.95847
23.987914
23.957965
22.580487
22.876287
23.923303
23.459632
23.982352
24.036633
23.789496
23.91697
24.139599
23.910533
23.612667
23.571974
23.804713
23.657077
22.813272
23.642041
22.28787
21.878578
21.625137
21.684419
65.896877
57.37097
48.144137
31.84329
32.571821
30.149405
20.706291
28.543974
30.440905
28.721753
29.798624
28.635684
30.03428
28.619427
29.685993
29.56207
30.815316
17.974633
31.409246
17.563878
29.837146
30.218086
31.133695
17.913643
30.917966
17.252246
29.780296
17.26319
30.884698
29.624102
30.82243
29.716517
29.809759
17.96203
29.473745
31.60794
17.795579
31.348887
17.914042
29.445799
32.339454
18.759144
32.106353
18.155024
31.097516
29.815165
29.87677
18.053854
33.984419
21.271588
32.493739
19.113183
32.205726
21.599684
32.568228
21.234558
46.691704
31.094883
31.559597
30.12947
20.462108
28.341882
29.605409
28.519266
29.310774
45.610246
35.598646
23.372467
34.740811
23.303197
31.649377
21.146933
36.225008
32.792781
82.604053
77.425363
46.207572
33.907691
19.26327
33.833786
21.740336
31.150872
18.044949
30.955939
18.002113
33.166166
36.017419
32.857284
36.109645
34.735904
24.108323
37.200131
19.967068
36.965227
20.579814
39.264795
20.560458
37.992699
20.136892
36.304959
23.891451
32.472238
18.245766
31.360625
18.159315
29.730987
17.987887
30.97893
29.857397
32.625586
19.178724
34.49949
33.062415
31.147561
32.884685
31.847588
33.141403
34.786134
19.892291
34.964042
19.719556
33.027998
33.19363
32.036746
19.724796
34.290253
33.101321
32.951679
31.37277
18.060335
31.421689
17.358324
32.099335
17.216422
31.074452
17.964656
36.135496
33.04575
32.609618
21.630647
34.618702
19.797104
34.786059
19.028547
36.371278
19.864422
35.090585
20.848259
37.201851
19.811475
35.551022
21.382675
31.33081
17.251007
31.15545
17.290297
31.372768
17.333034
31.164927
18.050379
31.224938
32.902788
31.945232
33.125463
33.38554
35.154406
19.536284
34.676816
19.099702
35.228493
19.09368
34.842801
19.136734
37.007009
21.130731
36.237916
21.507041
29.60865
21.183252
32.247142
29.714771
30.83063
17.879098
31.377408
17.559971
36.532668
20.430449
36.569478
20.326948
34.987826
19.683247
34.531657
19.019622
31.444415
33.262285
31.227776
32.94487
31.917404
20.043773
34.391742
33.410888
36.380445
46.529461
36.713824
23.498564
36.048922
23.269484
32.456604
25.14529
38.917761
33.187296
7.8373951
45.565701
68.870545
60.103679
47.997187
80.768329
75.470978
46.165189
21.344908
21.585196
21.713849
21.542502
12.91627
27.493227
13.023204
27.258612
26.763603
27.059099
12.671946
11.900021
25.110252
25.227701
25.105594
25.149241
11.8947
21.276701
21.369132
21.56711
21.686217
11.978944
25.253598
25.249028
11.951438
25.053698
25.194152
11.966348
24.949339
25.307693
12.219919
25.787282
25.794547
22.471625
22.770623
23.317909
23.399483
12.278289
26.675965
12.595386
26.047355
26.115205
26.142939
12.326899
12.340231
26.128382
26.114742
27.072987
27.013145
12.793934
22.852319
23.174973
22.909699
23.273084
12.303341
26.584876
26.116124
12.311096
26.611831
26.146205
12.907008
26.798792
27.297755
12.964769
26.923195
27.416895
23.550927
23.766468
24.366252
23.9527
13.01103
27.591696
13.011125
27.599408
27.619262
27.63041
13.018619
13.038283
27.552413
27.734571
28.086462
27.947096
13.20634
23.519701
23.266845
22.862591
22.816417
13.066776
27.663102
27.776081
13.210816
27.471959
28.064231
12.779233
27.653574
27.163722
12.399903
26.593017
26.374456
23.138753
23.187799
24.114655
23.759307
12.799267
27.962763
13.148979
27.205216
26.304665
26.346045
12.416768
12.431426
26.41745
26.452311
27.817466
27.263565
13.069572
23.63163
23.959831
23.326048
23.871186
12.840706
27.180305
27.313922
12.396984
26.489373
26.383429
13.043445
27.193223
27.760688
13.037888
27.228962
27.766483
22.598255
22.433125
23.240679
22.414991
13.026559
27.42595
12.942841
27.607202
27.939484
27.71837
13.170285
12.174184
25.97534
25.769632
26.348738
25.55895
12.441619
22.577037
22.412628
22.305982
22.393175
13.164858
28.305199
27.913158
12.999801
27.30985
27.553971
12.481405
26.126273
26.370931
12.469457
26.165137
26.355442
18.65642
18.199896
17.950339
18.127029
13.447351
31.521357
15.36547
27.42898
25.63497
25.910811
12.483057
12.563659
26.074996
26.286453
26.245889
26.271927
12.524793
18.549401
18.937259
19.394631
18.796702
12.988496
27.130854
27.332828
12.949675
27.021957
27.256127
12.187733
25.777494
25.545808
12.166955
25.561208
25.530233
13.514201
31.60843
27.58739
12.49986
25.066978
25.690249
19.637664
18.864682
17.937475
18.766726
12.644414
26.5983
12.686871
26.531782
26.217514
26.489394
19.656617
19.650295
19.427207
19.493877
11.990161
25.274261
25.255883
11.99808
25.231848
25.278924
12.496163
26.552893
26.199832
12.304766
25.22507
25.811058
17.59687
38.284981
37.633203
17.689028
38.238917
37.688666
13.757842
26.861387
28.383012
31.751551
15.309881
29.148046
11.697503
30.965828
30.455032
11.629258
29.641543
30.251847
12.77424
26.518426
26.150189
12.1803
26.086469
26.107064
13.061481
27.47117
27.601007
13.075319
27.797746
27.664626
23.830904
24.153253
24.518402
24.449932
13.027146
27.421177
12.884307
27.709347
28.218135
28.107273
23.85873
24.043775
24.237611
24.195223
13.076859
27.230944
27.775928
13.021403
27.681545
27.68388
12.990891
27.485465
27.636867
13.095903
27.86345
27.831533
7.5665051
26.368604
26.345667
25.909382
26.273536
7.6507237
8.5799102
27.581834
27.123644
26.308923
26.932448
8.4564946
12.621404
31.093216
31.289807
12.516148
30.936148
31.267213
8.3958486
27.717216
28.006688
8.5405182
28.230519
28.087443
7.4153605
26.323464
25.982203
7.2805454
25.35202
25.835813
6.5567448
22.774422
22.977303
6.6315431
23.311964
23.053583
6.6894544
22.867789
22.528592
6.7128661
22.282553
22.438941
6.544084
22.696084
22.475138
6.4874665
22.271539
22.400888
13.167041
27.442341
27.938785
12.997205
27.79602
27.609115
24.541625
24.377275
23.987534
24.279062
13.267974
28.313811
13.340772
28.207689
27.691741
27.947212
24.559374
24.345157
23.788529
24.07927
13.021037
27.657288
27.636966
13.094136
27.224438
27.782591
13.188657
28.214427
28.011154
13.142281
27.866444
27.892722
6.5911537
23.242529
23.220867
6.6077281
23.123091
23.206443
6.3206068
22.730801
22.417535
6.3185021
22.154514
22.324631
6.7451588
22.976111
23.305871
6.7123295
23.600068
23.398915
6.2341751
22.851632
23.159339
6.2599461
23.516541
23.254731
6.5756966
23.258035
23.365625
6.5554898
23.412241
23.388638
6.5501493
22.313882
22.38223
22.51649
6.5424827
22.413167
6.8142859
24.038757
23.856453
6.8078006
23.710717
23.813846
6.5306803
22.320715
22.492945
6.5279355
23.034418
22.605275
13.015291
27.601704
27.601952
13.015406
27.633192
27.596473
24.048157
23.834141
23.295471
23.871661
12.984472
27.706093
13.044
27.527472
27.043508
27.665183
24.242695
24.36131
23.811693
24.219239
12.434151
26.264486
26.428288
12.84359
28.006353
27.307886
13.169097
27.952489
28.005688
13.090514
27.610922
27.783927
6.6420952
24.050958
24.004747
24.041375
23.995828
6.6201095
6.6712005
23.352104
23.37799
23.49983
23.407222
6.6694645
6.8319694
24.065906
24.096158
6.834149
23.948086
24.079717
6.6545606
23.375184
23.474383
6.6480335
23.76192
23.552979
6.6818962
24.064329
24.063632
6.6893595
23.983536
24.044218
6.6818678
24.58678
24.460318
6.6867341
24.280962
24.393304
6.6571475
23.677792
23.66691
6.6691976
23.595361
23.654975
6.6500959
24.599781
24.543452
6.6430706
24.296919
24.493329
13.159907
28.013148
28.007111
13.082647
27.679092
27.82834
22.658053
23.020725
23.997627
23.53825
12.504035
26.046927
12.296732
26.511159
27.70145
27.13979
22.64107
22.657717
23.297226
22.694846
13.246035
28.407853
28.082002
13.0125
27.267765
27.590101
12.341538
26.154943
26.150172
12.246207
26.596981
25.989453
6.4415117
22.678683
23.01408
6.4391173
23.366195
23.132458
6.777996
23.751031
23.603863
6.7680697
23.329577
23.530476
6.6497971
23.653334
23.565031
6.6412433
23.498785
23.532374
6.7573082
23.777744
23.77217
6.7602351
23.687335
23.754579
6.4625992
22.566177
22.344929
6.4740042
22.287709
22.310856
6.4673309
22.851622
22.763098
22.632413
6.4880702
22.727877
6.5845527
23.089685
22.898319
6.5357761
22.613465
22.826017
6.4121332
22.885515
22.92868
6.438372
22.838274
22.92557
12.901071
27.363223
27.315707
12.982935
26.864146
27.478822
23.61775
23.660095
23.761041
23.654205
12.925794
27.346393
12.904354
27.379024
27.429252
27.387163
23.601891
23.45068
23.223304
23.316002
12.361657
26.742415
26.095619
12.201287
25.893604
25.752871
12.916602
27.327423
27.310812
12.926295
27.341012
27.308243
7.1699378
25.150321
25.171054
24.996617
25.151997
7.0409949
6.5836208
22.954854
22.75751
22.790082
22.756277
6.571128
6.6163246
23.155793
23.295029
6.6618853
23.332535
23.321181
6.6698783
23.028496
23.224381
6.6196285
23.295893
23.264751
7.287206
25.111303
24.942201
7.4012838
24.612679
24.862157
8.4581514
26.665082
26.277385
8.2903967
25.694046
26.147693
11.55037
29.368753
28.946844
8.712512
28.508467
28.800958
8.3589625
26.7916
27.173693
8.5107361
27.547365
27.309408
17.467459
38.025972
37.353611
38.214323
37.371795
18.205482
13.475493
26.104474
27.861071
31.281863
28.676544
14.999463
8.7919285
29.482259
29.722366
8.9767055
29.672057
29.735133
11.708024
25.521821
24.418593
7.9294989
23.751344
24.125613
21.673689
21.755082
22.455031
22.029842
20.820808
20.65687
20.736108
20.632469
22.827758
22.905368
22.865522
22.922994
23.973548
24.066194
23.619551
24.132128
23.52222
23.833745
23.918878
23.78554
23.609706
23.256302
22.876496
22.769879
23.257501
23.019387
23.438527
23.57938
23.564519
23.975702
23.422173
23.948204
24.330031
24.375425
24.348463
24.392597
22.897186
23.030965
23.983182
23.550561
17.275861
17.201083
16.179887
16.902909
19.748007
20.977383
21.656816
21.257145
16.631283
16.558789
15.929235
16.432621
19.671823
19.840174
20.293157
19.880969
23.674543
23.721421
23.66015
23.642613
23.041171
23.641492
23.709203
23.635977
23.400159
23.704043
24.102536
24.035362
23.897489
23.514506
23.150454
23.015698
23.884815
23.957687
24.014606
24.00828
23.656161
23.817411
23.981096
23.938536
23.795224
23.682536
23.740781
23.667426
24.045611
23.976653
23.755198
23.899058
23.095337
22.841643
22.407475
22.527494
23.047956
22.978352
21.806839
22.930602
70.131406
29.856399
33.166123
29.941087
32.901421
22.253409
21.543551
21.522784
22.579513
22.598638
30.125562
33.698373
30.687593
32.474182
32.39098
23.069689
20.008962
21.509885
21.59268
21.527039
22.367746
29.113363
29.746559
28.807323
30.245481
30.178541
19.914552
20.43402
21.724045
20.341081
21.676989
29.664623
18.068438
31.022275
29.621209
35.441392
19.900573
21.646986
20.012796
21.115406
21.655904
31.636252
29.828459
30.081052
17.907755
19.666625
21.86203
21.055716
19.907342
21.830912
32.116682
18.021496
31.359158
18.909617
29.425397
20.33765
21.124444
21.787857
20.034889
21.790502
31.411438
18.026032
30.979234
17.99354
20.86164
19.614876
21.699447
19.790374
19.994813
21.726285
29.313782
29.641804
29.266455
30.066404
19.571738
21.794043
20.858809
20.54774
21.752282
31.779707
17.986714
32.174983
18.684321
21.437374
21.599852
21.276983
21.625487
29.257328
17.981478
30.701649
29.913393
20.923157
20.050907
13.18911
21.639636
19.620368
20.983616
21.633992
32.240616
21.710724
33.195956
21.031025
23.089237
20.887514
13.65386
21.212876
21.593884
17.037163
13.286699
21.251454
32.478382
29.028622
28.806505
22.822071
32.901305
13.255858
21.541735
21.448022
21.483324
21.398028
13.840441
16.937899
30.229276
30.736315
21.011109
31.686771
19.320707
21.299206
21.213145
22.503726
21.524788
21.23659
17.094072
28.992594
29.869844
28.723234
29.535862
20.222982
20.161989
21.468006
20.056246
20.968174
19.849596
21.386429
60.137986
32.156476
35.631453
32.363328
35.407132
35.270074
10.20165
9.9941366
10.006083
11.826336
24.088874
24.364063
21.961588
22.248935
36.198984
18.902849
35.739767
20.271373
23.657199
21.86233
24.756721
22.281817
23.997833
19.232429
24.622668
86.486056
32.142983
18.273532
31.58157
17.970565
22.505146
21.568644
21.724502
20.06354
21.595214
30.951473
29.801512
29.853372
17.981614
19.782191
20.014822
21.599872
21.046831
19.919613
21.601427
32.509662
36.504658
32.533895
35.837879
35.757353
20.920862
21.105165
24.870698
21.994662
24.852219
21.995978
21.999999
35.558707
23.015101
35.878663
23.02046
22.554616
24.827183
18.853769
20.756554
24.816198
35.298518
19.43306
36.112111
19.824773
24.787818
24.453688
24.883529
22.267789
24.928117
32.228026
33.227971
31.830196
33.075131
23.374622
24.946918
11.170533
22.785837
23.216633
24.946072
32.548399
17.903899
32.188106
21.336422
20.444074
21.462235
21.721303
21.710982
21.753394
31.923085
17.165314
31.810751
17.934142
20.570169
21.752182
20.045461
21.743859
35.240658
19.810142
34.950388
19.868024
22.708416
25.071878
22.209929
25.049708
35.310648
19.575192
35.748059
19.109811
21.99145
25.000689
21.715571
22.504673
25.000502
35.308314
19.243756
35.129591
19.734868
22.299111
21.878721
25.110221
22.668244
22.148052
25.123597
32.098398
32.930561
32.065754
33.179506
21.782219
22.296205
25.159414
23.123675
22.572524
25.134866
29.686009
17.271292
30.895986
29.780406
20.086736
20.473143
21.859393
20.400173
21.860329
31.158296
17.919541
31.341247
17.258699
20.020449
21.826864
19.90768
20.364639
21.856563
35.20759
19.727296
35.977545
19.82092
23.240548
25.291898
21.80614
22.254312
25.258083
34.529546
33.157153
32.655185
19.807925
21.901327
22.433187
25.180805
22.68356
22.20518
25.22354
35.657973
19.259116
35.018174
19.897169
22.311168
24.651119
25.305867
22.704134
22.295557
25.291287
35.352114
19.122404
34.880073
19.922667
32.896782
22.205385
24.038606
25.238794
22.354513
25.275022
31.284906
17.940697
31.365095
17.40169
29.798165
20.352756
20.39953
21.677004
19.948591
20.543512
21.678591
31.490357
17.999739
31.376169
17.606761
20.463524
20.082952
21.661158
20.032204
19.903946
21.672053
35.914236
19.527881
34.490949
21.155492
23.032365
21.85246
25.08452
21.636358
24.070262
25.104041
35.519263
33.266242
32.892884
19.684999
32.974277
22.072291
22.486536
25.198065
22.778388
21.743607
25.142315
34.843063
19.721564
35.16638
19.13473
32.954401
22.506015
22.547027
25.060575
22.157482
22.557955
25.032497
31.677116
33.022364
32.100209
32.972518
33.194241
23.372547
24.99916
22.985384
22.652966
25.037406
31.118949
21.946101
32.800462
17.334069
21.04467
21.582399
20.467611
21.563332
11.142114
33.026474
17.262175
30.981493
22.217736
19.904886
19.869017
21.518402
20.379367
11.143632
21.527273
36.264098
19.7182
36.822863
21.471212
33.148542
24.158865
24.04065
24.949673
22.182189
24.954497
30.974789
32.987425
31.947432
33.121982
21.807911
22.413156
24.979549
23.168227
22.228136
24.971103
34.142028
32.899038
31.72432
20.687143
36.459378
21.981084
22.449988
24.925031
22.800007
12.064181
24.891143
39.355611
18.354443
35.183877
27.113103
36.634686
22.759094
24.970202
12.82878
24.834631
21.560178
24.854346
17.201054
31.922697
32.690434
35.622481
32.498288
35.271651
18.491462
18.501169
24.102924
21.008198
20.709707
24.385149
34.51129
25.744503
37.25159
36.641643
25.157138
24.752843
19.61368
12.241409
24.64174
59.118321
72.864894
84.799683
21.697533
21.779592
21.723626
21.788704
28.925469
28.659017
28.142562
28.42422
12.132406
25.313768
25.61499
26.795905
26.118451
26.570781
26.887689
28.154923
27.390802
26.3766
26.509502
26.371995
26.430497
11.94088
25.41813
25.275415
25.106561
25.196465
26.684433
26.5338
26.363888
26.460978
21.037664
21.759117
21.548833
21.747108
26.485504
26.490391
26.269224
26.437938
25.11362
24.849967
24.886718
11.814807
24.835822
26.36971
26.085458
26.095141
26.069421
26.220961
26.58669
27.027871
27.077421
25.469712
25.846912
25.526513
12.106813
25.635598
26.768795
27.104219
26.787857
26.89504
22.856093
22.814837
22.902881
22.731961
28.013284
27.368377
27.433624
27.457606
12.349934
26.178569
26.179927
26.153723
12.349897
26.200317
27.509586
27.51099
27.491051
27.547042
27.460063
27.393194
28.411559
28.337885
12.33604
26.212772
26.173061
26.292663
12.433098
25.921847
27.554832
27.487482
27.583111
27.235375
24.118321
23.699249
22.372251
22.959565
27.944666
27.430598
27.968612
27.459316
27.581863
27.618284
13.042444
27.270678
27.795805
28.996525
29.023775
28.650082
29.232942
28.145825
28.707945
28.330561
28.80776
27.79537
27.161086
12.343232
26.089118
26.223534
29.229211
28.585296
27.435219
27.575303
23.069902
22.939919
24.357229
23.491921
29.036005
29.037455
29.052993
29.074122
13.047175
27.186526
27.636515
27.557984
27.509045
28.603648
29.090574
28.995964
28.955736
28.976721
29.166096
29.539876
29.416108
12.500063
26.39899
26.505153
28.165287
27.398316
27.76442
27.879339
29.617174
28.815065
23.600983
23.878395
23.587081
24.14736
29.057539
29.181447
28.901533
29.485673
27.70829
27.206997
26.536026
12.487802
26.420511
29.128387
28.60593
27.873289
27.774594
29.071524
28.531703
27.934511
27.732964
27.557441
27.85199
27.714326
13.008212
28.353181
28.955329
29.273993
29.133187
29.796407
23.875287
24.162156
24.03023
24.060674
29.420897
28.636219
27.660857
27.736483
12.421597
26.451021
26.362963
27.304537
12.874009
27.315223
27.811904
27.744133
28.720997
28.718359
27.790046
27.804384
29.261134
28.684351
13.079672
27.316191
27.836313
27.62818
12.982606
27.628427
28.713272
29.270514
29.050933
29.065502
23.019335
22.577465
22.879927
22.547691
28.555362
28.720912
27.830998
27.743022
27.530602
28.125642
13.212091
27.389155
28.13334
28.933697
29.575898
28.813058
29.562801
28.598795
29.18905
28.611336
29.202141
26.775278
26.192091
12.291468
26.59068
26.176438
28.127829
27.539786
27.938368
27.544008
24.299166
24.289974
23.924118
24.283283
28.817768
28.994755
29.381616
29.128386
13.203296
28.066487
28.095655
28.024527
28.137817
29.505318
29.553691
29.504876
29.609314
27.28776
27.116807
27.727349
26.900334
13.176527
28.045642
28.000462
27.343602
28.127549
29.47143
29.43358
28.784433
29.585557
23.31115
22.846188
22.224662
22.40559
29.750566
29.348255
28.728275
28.987243
26.192669
26.293547
27.596349
13.029626
27.085913
27.492708
27.64029
29.025611
28.463692
27.446477
27.717276
27.49585
27.705778
26.967544
26.861008
25.927217
12.249385
26.18318
28.305053
28.213566
27.240554
27.521828
17.334506
16.726564
17.496069
17.505104
32.944534
28.429564
26.70403
26.951125
12.480126
26.38388
26.082529
25.766117
12.448694
25.618227
27.585004
27.341271
26.793993
26.855089
27.285983
27.509087
27.479338
27.503986
12.592761
26.456732
26.374514
26.250119
12.518442
26.294146
27.650461
27.603753
27.486692
27.51681
19.353164
19.33683
19.208194
19.495866
28.443532
28.650744
28.329267
28.559818
26.132738
26.986987
12.70856
26.887362
26.806742
27.32776
28.306408
28.192953
28.122433
27.001464
26.747564
26.749297
26.739069
25.245058
25.030805
12.185206
25.662746
25.522719
26.476112
26.192028
26.85459
26.764285
33.044624
28.612108
26.114386
26.703944
25.243379
24.821695
12.033314
11.635236
24.965611
24.443799
26.356293
25.995892
26.075082
25.606973
16.558897
16.890762
17.771518
17.109705
25.493479
12.180821
25.795061
12.296575
26.018292
25.775869
27.882064
27.844507
27.487379
27.794691
26.746029
26.94326
27.291393
26.945057
19.604249
19.196723
19.132512
19.272525
26.5097
26.484296
26.432085
26.495248
25.226309
25.205478
25.229244
11.990926
25.170227
26.4522
26.468429
26.434856
26.43357
27.815071
27.433991
26.471341
27.016245
25.275358
25.148056
25.062397
11.937886
25.010433
26.498812
26.365959
26.292031
26.217073
40.229263
39.619134
40.075674
39.643421
40.053035
41.1957
19.483154
38.998155
18.837469
41.168115
41.910133
43.040396
40.760062
42.954139
17.950657
39.244032
36.81448
32.830907
35.540486
28.282415
29.874188
33.348263
30.637963
41.174779
38.552173
34.394311
37.240824
32.154887
31.756865
31.227563
31.624556
27.464206
28.218086
8.714971
29.421247
28.525392
29.763048
30.61255
31.104076
30.806184
27.964866
27.651491
27.981635
27.667115
27.216998
26.553784
9.0171463
26.113852
26.40249
29.564764
28.92755
28.131485
28.738457
28.915706
28.98943
29.179454
29.055806
27.919228
28.048989
13.173202
13.233773
27.83952
27.965876
29.298898
29.425986
29.202137
29.334185
23.560472
23.794607
24.305573
24.041813
27.703976
13.05931
27.630633
13.083128
28.002979
27.783998
28.818645
29.111527
29.678204
29.555373
29.082666
29.031641
29.437671
29.198862
22.588304
23.179362
24.080911
23.724202
28.639963
29.191335
29.088769
29.103469
27.132973
27.745785
27.653327
12.999703
27.623665
28.500422
29.145681
29.056578
29.002495
28.877544
29.050732
29.29734
29.26244
26.366399
26.359972
27.748721
13.078955
27.080456
27.697451
27.744374
29.179375
28.522152
28.236801
28.259678
27.826693
28.197171
25.139686
25.248445
7.916776
7.7544084
25.754315
25.351938
26.805052
27.027878
27.658803
27.159914
29.224076
28.684198
27.853574
28.474121
25.164645
8.0919078
25.482102
8.2759932
26.122103
25.626878
26.796738
27.043796
27.690556
27.196341
32.277132
32.568959
32.548756
32.610238
29.18715
29.900134
11.851075
30.781934
30.166523
31.278946
31.907787
32.475873
32.101943
29.383735
29.776042
30.171366
29.89647
28.978186
28.539296
8.2789724
28.287126
28.46029
31.071779
30.611434
30.261115
30.519129
28.163317
27.753625
27.065443
27.585944
24.212291
24.574466
6.9610585
7.0992714
25.182796
24.719225
25.812505
26.20802
26.886683
26.365921
6.8348534
24.104328
23.805596
23.415028
6.7139883
23.710482
24.220943
24.425359
24.811109
24.514033
25.694019
25.36137
24.931303
25.260569
24.594549
24.208317
23.882413
24.103287
22.242298
22.255963
22.275437
6.6687938
22.255853
23.748477
23.798297
23.868268
23.814003
24.143167
23.911508
23.703228
23.832917
22.237292
22.205192
22.242697
6.4927522
22.190405
23.729831
23.650659
23.678494
23.639235
28.827668
29.344019
29.190951
28.989648
27.409073
27.691801
12.923645
28.218239
13.264985
28.151291
28.800977
29.087655
29.649407
29.579154
23.335934
23.410642
23.854815
23.534551
27.418246
12.937063
27.494868
27.716042
27.60447
29.772318
29.651898
29.077196
29.368222
28.818065
28.844784
29.13018
29.019811
23.799631
23.88519
23.886169
23.903259
29.059309
29.028141
28.594452
29.16433
27.82877
27.117282
12.415582
26.398405
26.337739
29.235278
28.463851
27.711448
27.650845
29.688089
29.44186
29.255429
29.292143
27.834959
27.974213
13.176365
27.975003
28.000354
29.219608
29.382311
29.399063
29.407276
24.85145
24.821881
24.674652
24.791832
22.408972
22.717115
6.5378072
23.073081
22.832841
23.919741
24.230255
24.631655
24.358994
24.101516
23.792575
23.550359
23.705531
22.303768
6.5391504
22.124121
22.11321
22.105141
23.808346
23.591289
23.520624
23.559378
24.716383
25.076301
25.374875
25.173173
23.797016
23.763199
23.65433
6.6657907
23.743393
25.475042
25.49254
25.42038
25.490078
24.224171
24.549565
24.978021
24.659408
23.81011
23.780417
23.594314
6.3198742
23.755273
25.468731
25.381699
25.078058
25.33264
24.859483
24.976872
24.99181
24.985642
22.913344
23.131377
6.5363878
23.383108
6.5262989
23.205309
24.402972
24.643388
24.949212
24.722735
6.5453067
22.842296
22.690709
22.548513
22.647811
23.765523
23.831287
23.994172
23.866248
24.328938
24.176976
24.027645
24.135096
25.785715
25.575142
25.419529
25.532822
23.58709
23.561744
6.7072713
23.692199
23.570126
25.143568
25.178061
25.406234
25.202492
23.750136
23.918437
24.456491
24.036816
23.613461
23.567833
6.5329627
23.179508
23.51808
25.157662
25.025717
24.610346
24.958015
29.05647
29.055836
29.060391
29.034897
27.560595
27.614636
13.001196
13.045826
27.685706
27.678624
28.966884
29.014755
29.112671
29.080333
23.933294
23.566882
22.775782
22.96654
27.699702
13.070138
27.143248
12.445316
26.27218
26.337472
29.095629
28.920479
28.397879
29.02953
29.076424
28.484417
27.608386
27.650195
23.596915
23.554994
23.680786
23.573159
27.604428
27.800217
29.439911
28.70642
27.624443
27.790696
28.038804
13.182925
27.979681
29.086265
29.200033
29.469197
29.406594
29.372175
29.406621
29.037688
29.182696
27.616497
27.587738
27.610468
13.01134
27.599246
29.058379
29.024569
29.067247
29.047043
25.563744
25.499134
25.536085
25.488503
24.047732
24.143474
6.6233525
6.6116797
24.085157
24.148662
25.586646
25.66653
25.579458
25.667991
24.828118
24.876813
25.032376
24.916834
23.992349
6.6202691
23.786025
6.6483353
23.536102
23.700461
25.535414
25.337492
25.078181
25.253837
25.79765
25.811622
25.643248
25.793151
23.712786
23.690255
6.7732971
23.879701
23.713052
25.305753
25.330155
25.567804
25.368147
24.840113
24.995236
25.295415
25.065758
23.754934
23.858164
6.6737959
23.815828
23.882182
25.337443
25.399935
25.347195
25.412539
25.575341
25.542359
25.494703
25.521117
24.16884
24.047604
6.7268969
6.7215745
23.985482
24.022871
25.675081
25.558093
25.491479
25.529936
6.7248777
24.205647
24.270788
24.273819
6.7129029
24.272442
26.164667
26.030578
25.856188
25.963604
25.72519
25.806665
25.842113
25.819561
25.195291
25.203887
25.073181
25.176991
23.803074
23.642244
23.579415
6.686938
23.605109
25.324687
25.13599
25.055684
25.08848
26.18014
26.122885
25.858629
26.068726
23.863188
23.988055
24.214273
6.6541626
24.032696
25.39323
25.539291
25.772239
25.590552
29.465388
29.487433
29.15591
29.297277
27.655953
27.640885
13.01345
27.664921
13.026735
27.630409
29.11386
29.103838
29.119289
29.087206
23.944294
24.135855
23.99363
24.061847
27.67523
13.02844
27.652481
27.589397
27.615123
27.395681
27.913023
29.150794
28.566023
29.132443
29.110938
29.017171
29.065352
23.981567
24.04035
23.895468
24.258537
29.827763
29.501612
28.632335
28.998071
27.605368
27.562527
12.961927
27.406771
27.495775
28.986619
28.949824
28.792712
28.884791
27.521528
27.489397
27.965538
27.306519
27.527316
27.632494
13.181711
27.45058
27.9758
28.914796
29.030736
28.833098
29.394469
24.145423
24.492472
24.866644
24.618076
23.157599
23.352162
6.6208428
23.396316
23.394015
24.73371
24.915307
24.909118
24.943644
25.461611
25.325906
25.050859
25.249737
23.063564
6.6280742
23.013811
23.260973
23.061422
24.66089
24.673905
24.979713
24.749649
25.16941
25.08235
25.014921
25.054328
23.643931
23.581689
23.501699
6.6484459
23.554899
25.209455
25.111871
25.019732
25.079851
25.483931
25.461128
25.352003
25.432434
23.651332
23.65907
23.689836
6.7406784
23.676231
25.228735
25.271774
25.351321
25.306006
24.036902
23.833919
23.78146
23.804986
22.349709
22.327429
6.5014251
22.289865
6.4982175
22.319101
23.81727
23.808254
23.774957
23.800819
6.488305
22.362065
22.438643
22.58996
22.472697
24.380217
24.30399
24.165384
24.267517
23.836243
23.934216
24.115363
23.973609
24.627793
24.405442
24.092049
24.327473
22.184689
22.256236
6.4965285
22.538877
22.337292
23.635364
23.697298
24.017519
23.804698
24.410449
24.427727
24.311756
24.415949
22.215391
22.409229
6.4369111
22.774799
22.506495
23.67824
23.87304
24.245148
23.97007
28.786676
28.724301
28.20088
28.867668
27.371516
26.857393
12.962328
12.366122
26.17693
26.204008
28.745936
28.212341
27.516383
27.531059
23.155595
23.654136
23.778393
23.764259
27.383652
12.953077
27.411612
12.946816
27.415754
27.431967
28.705096
28.755216
28.801663
28.766403
28.746942
28.775221
28.769059
28.784314
23.15145
23.274258
23.264871
23.272261
28.026282
27.362295
27.120985
27.006315
27.126166
27.078597
26.500683
12.57112
27.200473
28.454817
28.405535
27.793723
28.523031
28.705491
28.667542
28.674949
28.656052
27.150609
27.252583
27.332784
12.960653
27.251814
28.501711
28.589847
28.672627
28.59456
26.906632
26.880904
26.634672
26.841775
23.95837
24.418518
6.7790656
6.9071932
24.910122
24.561426
25.45066
25.961395
26.527887
26.121348
24.38929
24.169322
24.177298
24.125737
23.796387
6.6868792
23.354117
6.6020604
22.866019
23.200454
25.276923
24.791608
24.240928
24.627022
24.705032
24.898534
24.98737
24.940703
23.075855
23.162676
6.6275889
23.310446
23.203486
24.758014
24.850191
24.977054
24.887142
24.468286
24.752689
24.898569
24.820683
23.069361
23.134389
6.6605896
23.275151
23.175601
24.747891
24.794239
24.890806
24.828257
26.882648
26.745761
26.424898
26.673177
24.341856
24.246661
7.7320051
7.5365525
24.516989
24.268586
25.942077
25.935308
26.323631
26.016364
7.9658428
24.410976
24.772192
25.507985
8.1536082
24.943875
28.236857
27.820485
27.194676
27.678487
25.990751
26.274278
26.993402
26.426528
30.568002
30.262857
30.156092
30.19617
27.902068
28.139306
28.421161
8.6319776
28.185475
29.814552
30.073384
30.158958
30.09523
28.371008
28.769999
29.322959
28.932668
27.838695
27.658372
27.574802
8.4942064
27.611221
29.733402
29.526941
29.363789
29.472101
39.965178
39.323631
40.123686
39.349767
40.248902
41.523156
19.580885
20.075464
39.159291
41.569747
42.123799
43.446982
40.997617
43.433979
27.535702
29.331983
32.911703
30.152753
39.437096
19.166586
36.868655
17.125207
32.511811
35.497982
41.327887
38.595682
34.077363
37.242651
30.673938
31.049782
31.263905
31.129523
26.872119
28.394625
8.6063316
29.549744
28.852931
29.199726
30.643842
31.220745
30.869659
26.988643
25.942724
25.639147
25.735478
26.353749
24.857587
8.619267
23.79807
24.474273
28.688253
27.168576
25.765575
26.740797
35.456002
34.907749
32.093213
32.088639
37.73937
34.046436
37.67283
37.362927
35.893508
35.878528
39.174313
39.290999
39.584566
38.625152
38.120167
38.698789
35.718056
35.924172
39.677359
39.413215
30.507946
27.265822
34.697287
34.096485
32.006922
26.964765
32.046257
31.856075
35.92283
36.053076
38.442527
39.355733
38.761629
39.461711
39.452362
35.593132
35.908414
35.883542
37.525161
37.902486
39.774069
39.685068
39.76062
39.401249
35.627658
35.741552
34.433764
33.348751
34.078291
33.28554
35.538643
36.136117
37.12773
34.348234
38.032111
38.584995
39.059986
39.332328
39.097614
38.428218
34.507721
34.862201
35.155666
35.672366
33.720184
34.116317
33.47727
37.1058
32.597139
30.341754
32.430404
32.44626
33.667412
32.748169
33.815905
33.822708
35.999831
35.925834
36.042645
35.784093
36.448483
36.815174
36.411227
36.01482
36.051906
35.857753
36.341427
36.433077
34.479108
34.96491
34.475167
34.462767
35.471723
35.517404
35.502722
35.115724
35.978064
36.084549
35.272045
34.661892
34.707474
34.230234
36.207578
35.732244
35.679298
35.7855
39.079868
38.487517
34.902543
34.912487
38.968838
39.53826
36.673075
36.724716
34.181159
34.404016
27.441069
27.598984
33.535726
35.888642
29.052772
29.348458
33.93122
34.305836
39.364639
39.187428
38.35547
39.273194
38.917685
39.284183
37.33792
35.601085
35.815809
35.881603
39.068223
39.320144
39.276941
39.311269
35.758516
36.196624
38.367745
38.129107
35.102562
34.583209
15.53725
18.446352
21.560944
18.446742
18.482165
21.536627
18.48857
18.52526
21.514848
18.52929
18.485692
21.509414
18.487769
18.394831
21.71052
18.393588
18.407477
21.6632
18.406231
18.419308
21.639411
18.421495
18.409599
21.647341
18.407262
18.328006
21.855452
18.331091
18.332269
21.829664
18.338779
18.353469
21.769765
18.356111
18.337923
21.820288
18.339905
18.381986
21.713771
18.377711
18.366695
21.724964
18.367149
18.350829
21.791675
18.349779
18.369924
21.735329
18.363245
18.429903
21.589954
18.435733
18.430086
21.617305
18.436786
18.402193
21.642605
18.408417
18.440792
21.613599
18.442341
19.188845
21.235321
19.335983
18.690497
21.28735
18.688535
18.518272
21.470625
18.504217
18.659918
21.357211
18.677317
19.205332
21.241086
19.38567
18.697124
21.290663
18.660539
18.530877
21.473088
18.522437
18.641046
21.345682
18.672605
22.30951
24.002877
22.258523
22.565396
24.459807
22.547034
22.62174
24.782512
22.623822
22.512643
24.561321
22.52895
18.374419
18.446612
21.560554
18.447017
18.424638
21.590084
18.431402
18.428626
21.607162
18.419206
18.431037
21.601222
18.433718
22.571076
24.870332
22.580011
22.612948
24.845941
22.611201
22.618647
24.835117
22.623699
22.612423
24.839778
22.619555
22.586133
24.872837
22.579448
22.611555
24.926588
22.630242
22.639622
24.954954
22.650253
22.621766
24.935166
22.629867
18.375083
21.734799
18.385165
18.372742
21.741509
18.365188
18.361812
21.771869
18.35815
18.362387
21.742444
18.363084
22.680376
25.091512
22.69241
22.662561
25.018574
22.650583
22.65632
24.978195
22.651703
22.637143
25.004525
22.644219
22.693434
25.109694
22.690368
22.668041
25.113003
22.685271
22.705851
25.155401
22.70025
22.681185
25.131871
22.680617
18.324074
21.886033
18.331918
18.328049
21.880658
18.322719
18.347553
21.801747
18.347056
18.314569
21.862491
18.320718
22.763947
25.301001
22.74373
22.73827
25.260484
22.727449
22.71027
25.180704
22.701643
22.727826
25.24839
22.724229
22.753467
25.30629
22.758352
22.756477
25.294945
22.748735
22.723213
25.228717
22.72239
22.759151
25.293944
22.764674
18.384315
21.696941
18.378098
18.402311
21.676214
18.408704
18.407492
21.622429
18.397878
18.404933
21.681317
18.409454
22.664405
25.077845
22.658685
22.670968
25.108869
22.686783
22.71736
25.207433
22.717047
22.676148
25.130407
22.687974
22.649759
25.073125
22.656112
22.657593
25.034929
22.669176
22.625285
24.998915
22.617794
22.662517
25.043125
22.672998
18.438677
21.57717
18.437308
18.453044
21.567524
18.462809
18.506054
21.516831
18.50496
18.461109
21.5272
18.456797
22.62468
24.940263
22.621766
22.637182
24.957056
22.62607
22.635344
24.988357
22.609069
22.655227
24.977246
22.634612
22.62395
24.92796
22.616988
22.604154
24.871608
22.593722
22.619893
24.827207
22.608236
22.586168
24.856393
22.592955
22.249193
23.980727
22.236735
22.515409
24.466972
22.532264
22.584503
24.783903
22.592915
22.53435
24.587533
22.542814
15.558625
18.295542
36.046189
32.473918
35.577319
36.287973
34.696179
34.608892
36.417522
35.758756
34.742999
34.387404
39.014809
39.460297
35.5105
36.118602
38.109189
37.417474
36.63857
36.140951
34.702019
37.93485
27.586904
29.918349
33.680502
33.563248
29.048305
29.585666
33.834071
33.296278
39.174425
37.435582
37.643268
34.480403
38.81408
38.945168
39.636319
39.379991
35.867423
35.394675
38.99045
38.874788
37.359329
35.804177
35.69466
35.791501
38.432756
35.175012
34.780766
35.313142
37.769949
34.431624
43.028987
41.726096
34.77084
31.768814
38.529423
38.645131
34.132068
34.529711
41.554555
41.397073
38.13086
37.126566
41.608649
41.765475
35.946543
35.932012
43.077616
43.172109
38.88196
39.53313
43.574996
43.791906
37.949239
37.681791
43.756364
41.275128
37.797825
37.820246
43.094034
41.579094
36.327037
36.112796
43.157886
43.636853
35.423392
37.136784
44.386878
43.032171
27.180977
27.473685
35.7832
32.474882
34.893842
34.120867
41.31252
41.296829
37.427685
28.587893
27.096973
31.642743
31.664071
32.182616
38.36077
38.5299
53.904766
53.637465
43.498568
41.908737
42.833419
37.246798
36.111583
43.431286
39.006325
38.988262
43.534434
43.831561
60.40584
61.245949
45.310364
49.862801
60.041325
59.312283
58.114701
57.037803
43.497935
39.349209
39.249862
43.75424
35.774996
36.128358
43.484387
43.116547
57.931993
57.937735
58.372157
58.442129
57.63356
57.711168
61.007577
61.157999
43.130451
35.948867
35.944564
43.137477
39.552341
38.820582
41.405975
43.851324
58.552264
58.241882
60.292873
60.468785
58.697253
58.856627
59.19613
59.252417
44.213401
39.321596
39.517188
43.732742
36.571339
39.152286
44.596062
43.012197
56.069921
55.909496
59.165306
59.05747
56.354597
56.591336
55.737152
55.048052
42.792556
38.031437
35.501668
42.530082
33.410396
33.102329
40.53784
39.704529
59.928252
58.487811
56.663497
58.120259
60.229661
60.337488
46.484244
49.509728
53.690752
53.651552
45.059305
42.798723
32.775307
33.260137
39.435112
39.319221
35.908804
36.050449
39.287932
40.192443
35.371973
35.366561
41.056776
42.575663
37.854447
38.426803
42.653913
42.713189
36.344264
39.764317
43.453985
44.177558
37.85874
37.793463
43.41865
41.765493
36.231609
35.632081
41.501561
43.663978
38.751375
37.291331
43.263448
43.392574
34.767374
33.594822
40.748561
40.946732
36.915273
37.05703
41.132003
41.392328
29.326374
30.293304
36.890368
36.417481
33.006093
32.717187
36.938503
37.388216
31.313188
32.469048
38.244206
36.97358
32.923782
33.70524
38.717192
37.630965
42.020694
48.018499
39.298862
37.884423
36.406122
36.33161
43.223788
44.33489
36.040328
35.989262
43.110303
43.824128
57.96529
58.46733
57.965367
58.02409
54.395196
55.16959
54.1016
54.149915
35.582
36.063244
44.318208
43.599407
39.492958
37.511607
44.180205
43.730762
53.283571
54.718572
53.279734
54.166346
57.833368
57.780847
57.635598
56.272805
35.176821
35.786529
43.157439
42.602169
37.180486
36.180014
43.971599
43.406575
58.381465
59.34095
58.43003
58.72043
59.090053
59.256128
59.136754
59.358228
36.268035
35.142722
41.046119
43.265873
34.787899
34.020186
40.991873
41.537821
60.229404
60.130056
60.231642
59.106334
56.10146
56.616745
55.759859
55.310752
35.624049
35.526174
42.636381
42.952315
34.925406
35.413505
42.791335
42.457043
55.236767
54.8828
55.47636
55.464016
60.386006
61.119526
59.876267
58.781467
42.037103
48.082031
39.240953
37.144654
28.456625
29.202583
28.458784
29.211946
37.703567
36.502969
40.061612
41.475324
32.296975
31.529048
30.203048
31.357439
34.752016
34.636806
38.85466
38.497491
29.011388
29.098234
29.13739
28.919284
34.158409
34.264567
41.156514
41.263299
31.403089
31.038987
31.111395
31.168631
37.244192
36.402078
43.216084
43.430329
31.42859
31.436337
32.670597
32.831894
35.928336
35.842982
43.10027
43.027481
32.934916
33.010116
32.737301
32.890567
37.904804
37.731266
43.440065
41.748174
32.989838
33.173627
32.879581
31.403333
38.691738
34.993421
41.532491
43.344545
33.140526
31.125312
31.175283
32.680447
38.768171
39.512381
44.074849
43.906848
32.616935
31.396781
33.185919
33.077476
36.483006
36.753566
43.902102
44.032318
32.49426
32.999531
33.199531
33.227246
35.634634
35.113284
41.202697
43.362138
33.446747
32.434473
30.858253
32.636182
27.095653
27.684257
35.275226
33.725245
28.623635
24.608335
27.343847
25.889673
36.868998
35.979892
38.943571
40.623443
31.558113
31.340108
29.310296
30.623597
29.531273
24.41297
28.852531
29.09448
34.882506
32.937968
26.284344
25.482372
33.069016
34.372474
38.023036
38.41263
28.91235
28.719193
28.459192
28.618331
42.296853
41.484059
56.018969
54.411383
43.232676
41.878382
41.033651
41.599064
33.277618
31.790534
28.769112
30.517372
32.419847
32.779259
39.447842
39.343456
43.891648
43.479924
33.068426
32.898182
39.10196
39.249034
43.117462
43.766104
32.799635
32.994813
32.634483
32.965451
62.553316
62.075145
37.150053
38.233164
38.666638
38.790725
55.939985
52.347133
34.003149
34.039639
35.730049
34.357748
36.625104
35.919545
56.891083
58.513927
34.596574
35.501539
55.04936
56.188106
35.251856
34.447396
33.175028
33.898662
32.936212
32.967832
39.768608
39.764792
43.38212
44.634558
32.689219
33.707964
34.541847
34.925162
43.370321
41.472257
32.857582
32.649209
32.787327
31.080417
56.793038
57.477934
35.108466
34.921985
34.112379
34.637524
58.29953
58.936731
35.540738
35.647962
35.140326
35.723334
34.959761
34.81727
57.321315
57.632339
34.448444
34.6869
58.945986
60.49918
37.120821
37.248796
35.748715
36.881494
32.95896
32.747691
35.951212
35.934296
43.005591
43.269825
32.552153
32.770744
39.630073
39.50862
43.828444
44.304162
31.149819
33.236024
33.010333
33.426831
58.276947
58.120587
34.893884
34.688719
34.846129
34.6418
59.887283
60.394036
36.65954
36.69408
36.149912
36.594161
34.979712
34.967225
59.208387
58.969839
35.294793
34.97627
59.513389
59.356602
35.515341
35.317241
35.512208
35.293671
33.461625
33.146274
39.320245
39.294871
43.707425
43.594655
32.950381
33.003411
35.450244
36.090413
43.291936
43.03873
33.615251
32.651578
33.082355
32.852616
58.311624
56.76736
33.670843
33.763893
35.275471
34.194288
59.036967
59.034229
35.54866
35.522059
35.600798
35.531172
33.772825
33.9238
56.48658
56.441489
33.874634
33.840676
55.718037
55.59839
33.582579
33.032481
33.213768
33.187767
32.377505
32.169351
37.074691
37.307172
42.585752
41.171418
32.183033
30.951072
33.718195
34.564972
41.810142
40.809197
30.873522
29.946361
31.627416
31.084928
55.801476
57.391559
36.297266
35.238773
33.186696
34.396912
57.653818
58.225552
34.192203
35.013745
34.985275
35.172143
36.617049
37.164069
62.124327
60.982
38.014822
37.650376
54.21059
51.412365
34.012006
33.694541
34.963537
33.585948
56.524976
54.375334
42.244609
41.480591
43.714766
41.947706
40.255574
41.440901
33.776924
32.105844
28.417275
30.933701
18.471296
21.574386
18.476123
18.475883
21.539541
18.475621
18.506927
21.51244
18.501752
18.494235
21.537876
18.502767
18.410383
21.69216
18.399691
18.39995
21.689394
18.407694
18.426199
21.63712
18.419955
18.41265
21.650582
18.415553
18.333108
21.853214
18.327732
18.325049
21.865441
18.325608
18.353119
21.7857
18.348623
18.340678
21.792902
18.349077
18.388386
21.705166
18.381292
18.376414
21.717596
18.377847
18.351241
21.779858
18.352899
18.370234
21.768311
18.354784
18.421355
21.589452
18.422361
18.42057
21.605427
18.419572
18.415354
21.62984
18.419129
18.430912
21.621865
18.427358
18.92253
21.186664
18.851141
18.795523
21.245634
18.876102
18.546628
21.467297
18.561887
18.582881
21.42522
18.55831
18.966198
21.154684
18.913415
18.844229
21.229387
18.904776
18.585198
21.438595
18.595272
18.615444
21.406544
18.592654
22.330833
24.124744
22.429785
22.461555
24.31557
22.471256
22.602082
24.724421
22.571686
22.542716
24.646043
22.557443
18.43852
21.564385
18.432369
18.432871
21.583689
18.436093
18.4297
21.622084
18.432557
18.425113
21.596485
18.430982
22.626505
24.86249
22.621247
22.612321
24.86427
22.614995
22.609506
24.83313
22.613551
22.617954
24.8422
22.625667
22.598426
24.892163
22.599652
22.597842
24.905066
22.592649
22.630611
24.946338
22.639355
22.623062
24.926916
22.63694
18.370126
21.718906
18.376669
18.37732
21.737507
18.378266
18.369927
21.773268
18.363999
18.359958
21.769092
18.357392
22.666401
25.060264
22.664169
22.672388
25.045588
22.671048
22.652768
25.003198
22.648508
22.641201
25.00565
22.640208
22.67576
25.098481
22.688969
22.700712
25.116106
22.674755
22.698688
25.150419
22.696295
22.702255
25.154751
22.698599
18.328584
21.860748
18.329222
18.324299
21.86398
18.330792
18.325758
21.838899
18.331339
18.328334
21.840112
18.328769
22.736048
25.282175
22.750657
22.732679
25.267101
22.737706
22.714675
25.190303
22.713077
22.717312
25.214418
22.712219
22.746029
25.291109
22.746505
22.760835
25.300442
22.753254
22.731312
25.255232
22.741444
22.743125
25.259394
22.745994
18.384669
21.685045
18.390049
18.389979
21.698645
18.389416
18.400668
21.654029
18.398972
18.406126
21.669883
18.399989
22.671512
25.089476
22.685911
22.663831
25.103788
22.691274
22.708914
25.170352
22.702858
22.693184
25.152442
22.694218
22.648887
25.051488
22.647481
22.66556
25.048529
22.652599
22.620653
25.001369
22.639955
22.648746
25.029142
22.649579
18.449014
21.574125
18.451759
18.446092
21.573274
18.450432
18.489721
21.532449
18.479821
18.47108
21.554565
18.479032
22.606885
24.948671
22.610719
22.613013
24.93418
22.613326
22.649835
24.986722
22.640106
22.654605
24.968039
22.630566
22.635013
24.909608
22.634891
22.61979
24.895199
22.632267
22.612143
24.835909
22.585286
22.587641
24.839965
22.589529
22.39609
24.161794
22.435153
22.43028
24.316824
22.467128
22.615965
24.750742
22.624977
22.622957
24.670256
22.626555
32.77064
32.727803
39.987269
39.692026
30.002393
29.786729
30.178874
29.838977
35.864569
36.446572
39.929425
40.07654
29.779152
30.522442
30.096519
30.249872
34.304681
34.023114
41.536315
40.883078
30.903573
32.242294
31.159814
30.870796
37.030391
34.570753
43.689124
40.893269
32.166886
32.327459
32.919099
30.826965
36.429389
35.636069
41.070159
43.8201
33.008208
33.654491
31.329351
33.438119
39.01354
39.896729
43.690507
44.403461
32.823707
31.40302
32.896395
33.466218
36.086064
35.951105
43.536783
43.257157
31.160133
32.854206
32.791207
32.7051
38.046083
37.400024
41.889782
41.659276
32.575312
32.738225
31.644974
31.451088
35.644219
36.617166
43.888412
43.688557
30.772227
30.880751
33.108992
32.912862
36.754226
37.063254
42.662994
41.083834
31.039877
31.15031
32.04839
30.892026
29.806401
28.613167
35.621861
36.043445
28.120152
27.933073
27.585186
27.844172
33.233005
33.337577
37.435366
37.684043
27.733517
28.091187
27.79419
28.04437
30.987752
30.057649
35.051348
36.007229
29.235275
28.383002
26.722319
27.685498
33.048144
33.031312
37.751788
37.265246
29.148857
28.188665
28.310492
27.859892
56.23175
51.776479
30.960727
35.729634
43.06885
38.925018
39.868544
38.311308
28.865559
27.399089
27.969766
27.277085
36.641997
35.784405
43.295945
43.716947
32.512042
33.45297
32.735626
33.059581
36.348395
35.193293
41.448875
43.27717
32.589827
33.033913
31.195416
32.717207
61.754275
59.636414
36.772831
36.355551
37.952382
36.3713
56.975496
57.740326
37.179505
37.20896
36.57866
37.163148
56.010572
55.433192
32.286868
32.84177
33.999497
33.182125
54.90685
54.421041
32.089862
32.127915
32.920767
32.361766
37.269493
39.086582
43.158867
43.458811
33.414517
32.837323
32.50723
32.867084
39.582212
39.545051
43.863893
44.235413
33.429615
33.084148
33.096923
33.311073
56.348429
55.353593
31.786083
32.544216
33.804536
33.04979
57.419262
55.301301
31.85514
32.560922
34.552611
33.30374
57.085509
57.047872
34.345011
34.456042
34.345629
34.221912
57.308467
56.156333
34.219481
33.649403
34.683537
33.744457
34.680933
34.763017
43.035121
41.191795
32.654761
32.26872
32.583416
30.838582
39.088606
38.945626
43.52127
43.465904
33.205243
32.814556
32.824585
32.830127
58.508353
59.182055
34.934114
35.424519
35.034719
35.368891
59.473759
58.945727
35.004457
35.312705
35.857076
35.41375
59.321378
59.332078
35.406149
35.49858
35.446647
35.578981
59.380083
59.078987
35.414537
35.517698
35.554761
35.398676
36.268512
36.063052
43.639381
43.257004
31.344673
32.900614
32.946253
32.803201
35.604786
36.098227
43.224154
43.507299
31.309175
31.464693
32.90271
33.227219
59.0849
59.881873
36.322863
36.22029
35.602257
36.074815
59.107437
59.097006
36.329997
35.872224
35.728539
35.878206
57.106332
56.852308
33.821015
33.943085
34.082766
33.955171
55.452494
55.274761
33.607796
33.136724
33.030723
32.978388
35.609012
35.515559
42.729196
43.050433
32.253364
32.343878
32.31903
32.429969
34.956477
34.917927
42.083127
42.046909
32.140043
31.927884
31.823083
31.838735
55.232989
54.908099
33.336949
32.954755
32.998556
32.836539
56.827816
55.768712
33.579126
33.856791
34.584597
34.144352
62.194872
61.570184
37.572832
37.519981
37.725657
37.600724
55.727676
57.807955
37.053162
36.519337
35.890884
36.057658
56.745997
51.987434
30.91301
35.780318
43.532252
39.126345
39.004191
37.186944
28.629816
26.58426
27.084498
26.193667
21.703456
25.251365
32.126913
26.066676
40.236509
33.043752
36.435088
50.450446
41.431399
35.393408
47.175299
37.890919
33.605407
26.857092
34.96688
38.619925
31.486609
28.178986
31.751823
32.852963
41.866228
36.587293
37.390393
61.34669
51.727994
49.37003
51.095796
43.084103
45.419233
47.308327
13.400238
33.497053
20.996475
34.698813
38.507513
29.55639
16.6702
19.184891
31.839915
25.862476
42.679219
36.710301
36.611904
20.660804
25.272315
31.981508
26.087574
42.347052
31.882529
35.706846
50.499931
41.483346
35.340595
47.209915
37.964147
61.505116
40.60755
45.138051
49.554573
50.370246
43.189934
45.579274
46.467786
14.804418
24.740112
12.098787
20.312172
11.970581
14.728706
11.155579
24.60601
12.4643
15.75832
20.280113
11.991679
15.105338
14.793661
15.049534
15.049098
15.469135
15.122841
15.182005
14.549352
7.0858418
13.372443
13.400254
18.618866
11.644236
9.7262561
9.4619374
15.099481
15.355
15.00313
15.334858
12.353656
12.825646
13.188262
13.198763
12.24537
7.0472517
6.7691968
6.8383176
15.160063
15.257417
15.336953
14.987648
7.0187408
11.934865
6.8445047
6.9335095
7.0102839
4.696768
13.342053
6.8466697
6.6516742
14.994602
6.9364921
7.0678641
7.0760485
7.1100101
7.0776485
6.7528866
6.812554
6.8068722
6.8278649
6.7564491
6.6792876
15.103274
14.835667
14.174191
14.809897
14.784095
11.99493
6.7093718
6.8623076
6.9613053
7.0670561
7.0987217
12.070577
12.654885
12.91099
5.7512285
13.079862
11.674188
32.331081
15.944897
28.192658
36.096545
17.831848
21.025923
31.423818
46.208591
38.388765
36.626853
18.449505
21.540166
18.46272
18.484687
21.53452
18.484367
18.512958
21.500271
18.518525
18.486495
21.507989
18.489686
18.393197
21.710551
18.407962
18.407752
21.680328
18.410727
18.426002
21.636475
18.426263
18.412286
21.660521
18.416669
18.31847
21.850937
18.323671
18.331632
21.840314
18.321295
18.354752
21.792302
18.34926
18.342219
21.82265
18.33832
18.386576
21.703981
18.394023
18.366267
21.730071
18.373241
18.35444
21.793633
18.34979
18.37112
21.732229
18.368628
18.429221
21.586953
18.427228
18.429025
21.614453
18.429467
18.41137
21.635901
18.405149
18.440203
21.615812
18.435823
19.129771
21.234746
19.049461
18.715876
21.289926
18.753529
18.526899
21.472804
18.541737
18.643326
21.369115
18.632303
19.175074
21.237686
19.091707
18.7162
21.277916
18.774358
18.547865
21.475787
18.565457
28.706336
28.676996
18.650941
21.353914
18.645378
22.2699
24.011928
22.308969
22.572106
24.448084
22.526808
22.625184
24.783185
22.625291
22.506299
24.579105
22.504135
39.458556
33.207321
43.245072
19.428374
21.039409
34.321836
45.738259
43.344069
36.864229
18.44476
21.561551
18.443301
18.4279
21.595831
18.427658
18.4207
21.609296
18.428857
18.429788
21.607774
18.430732
22.572909
24.857749
22.603246
22.628181
24.859137
22.611568
22.61764
24.814336
22.613824
32.772807
32.754325
22.606264
24.831838
22.594946
22.574598
24.859601
22.57999
22.618507
24.932912
22.618673
32.771385
32.764996
22.633398
24.9514
22.616886
22.638754
24.948095
22.637285
18.372645
21.727954
18.371339
18.371148
21.750255
18.379896
18.362275
21.756191
18.364379
18.363634
21.743131
18.353425
22.674541
25.099939
22.68447
22.662512
25.015854
22.669286
22.656665
24.992778
22.65524
22.632714
25.001767
22.643009
22.686377
25.103665
22.683259
22.676516
25.117524
22.691246
22.702692
25.151655
22.70413
22.680741
25.127636
22.689075
18.323945
21.860393
18.325281
18.326427
21.868511
18.326154
18.351049
21.813813
18.332776
18.320959
21.868476
18.325
22.763276
25.281571
22.740122
22.740923
25.253722
22.731403
22.715332
25.181892
22.716216
22.724985
25.241902
22.719199
22.755527
25.301332
22.756785
22.764275
25.29898
22.76391
22.730424
25.231175
22.730214
22.761189
25.304792
22.743825
18.379838
21.709002
18.382848
18.404752
21.681061
18.400371
18.398919
21.635937
18.404307
18.401219
21.686897
18.395947
22.663217
25.07921
22.668626
22.673166
25.112758
22.669887
22.717677
25.206887
22.728785
22.686343
25.13452
22.680606
22.653703
25.064838
22.658312
22.669173
25.051838
22.656781
22.616806
25.000081
22.630033
22.666128
25.052016
22.666418
18.438981
21.580351
18.443227
18.455838
21.57309
18.448188
18.503811
21.533986
18.496527
18.460725
21.547302
18.464007
22.62201
24.941173
22.603837
22.634264
24.950495
22.628517
22.634595
24.982459
22.620291
22.651056
24.980363
22.652461
22.62906
24.926569
22.637919
22.603198
24.872419
22.619801
22.623177
24.834012
22.616916
22.586069
24.859496
22.581944
22.305674
24.014157
22.342449
22.527139
24.463765
22.529931
22.602492
24.788183
22.584402
22.540734
24.592757
22.530993
32.557328
28.219011
36.222006
17.758951
20.994665
31.284647
46.11231
38.25464
36.569302
39.211858
33.069041
43.091918
19.348975
21.02952
34.199728
45.747383
43.198017
36.843626
13.728419
13.921325
13.583183
13.589042
14.488196
14.832757
13.894249
14.333102
14.337215
16.017023
15.126078
15.349998
15.022391
15.438023
15.418135
14.403415
13.308842
13.363128
13.284435
12.862985
13.059121
13.765686
20.431581
19.563609
13.156436
15.278532
15.255026
15.163907
12.81292
12.491239
12.626662
12.608759
6.9044422
6.8031055
6.5287486
15.130393
15.176463
15.573291
6.8586099
6.802533
6.4505866
6.907506
6.8867697
6.8381954
15.213807
14.968511
15.407162
6.9688506
7.006796
6.9964084
7.0226345
7.0591659
11.677034
14.323631
15.33195
15.32954
14.334823
6.520039
4.4979139
12.218373
7.1815318
6.7931714
6.8270971
6.817078
6.8221663
6.7731019
15.02693
15.046842
15.056611
15.085019
15.021361
6.3151783
6.5662085
11.693615
13.56614
12.195135
19.715407
13.080396
11.698029
23.718094
42.885317
23.61862
11.551977
22.581735
42.111857
22.865871
20.926521
38.545424
20.952451
9.4849553
9.4296241
9.6419834
20.778534
9.5908852
38.66897
20.877278
9.5812127
10.800119
22.666616
10.685077
41.335854
22.666172
10.622611
10.457455
22.850783
41.428138
22.806689
22.634062
10.812837
41.435934
22.527259
22.665224
10.735953
41.469593
22.564069
10.771901
10.752046
11.774486
23.916282
43.203796
23.893443
11.77235
23.964257
43.175907
23.958577
23.704849
43.672797
23.690544
11.919734
11.881308
11.790343
23.799937
11.946994
44.320817
23.949253
12.025009
12.003512
23.802307
11.942589
43.699484
23.60282
11.663373
10.789947
22.459564
41.481432
22.477568
23.341132
11.709026
43.227336
23.397798
22.617703
10.858797
41.640483
22.564659
10.897982
10.840734
11.727854
23.828201
43.074338
23.910424
11.796005
24.221035
43.458053
24.194962
24.039687
44.246331
23.969413
11.92319
12.002871
11.737572
23.807202
11.719601
43.083584
23.789555
11.753544
7.3320267
16.671391
6.4674378
33.331398
15.37401
5.5291503
6.0822729
15.467692
31.942905
15.035966
22.398012
9.9922122
41.596865
22.456087
22.151132
9.9080351
41.38604
22.282625
9.9434611
9.9115939
18.008772
34.797619
15.675103
5.735849
31.300441
15.159191
5.4659143
14.790737
5.5383099
20.796
38.32503
20.734959
9.1705707
9.2099864
9.1663071
20.475864
9.154111
38.158391
20.571248
9.1322985
54.14569
53.410272
43.099368
42.123235
23.746035
42.900517
23.794572
11.737097
43.275695
23.909146
11.786868
23.926149
11.812821
11.679826
23.521203
11.805863
43.759959
23.651082
11.899874
11.873235
23.730951
43.862528
23.733467
11.903692
60.558386
61.02125
46.12375
48.962581
59.902287
59.469974
57.956679
57.299354
11.685516
23.581275
11.830462
43.989795
23.743083
11.924942
43.364928
11.960015
23.682062
11.888958
11.858772
23.636802
11.874257
23.84172
11.834416
43.512745
23.956745
23.926224
11.813849
43.329374
24.044611
11.870069
11.875348
58.110072
58.07288
58.403942
58.406734
57.637786
57.706775
61.289183
61.308587
23.949322
43.140543
23.948306
11.785124
43.208782
24.008599
11.789384
24.004401
11.823561
10.803635
22.449255
10.769393
41.495218
22.587396
10.945485
10.820155
23.860923
43.913765
23.730268
11.912863
58.493343
58.303177
60.261877
60.435191
58.735376
58.828108
59.198962
59.23587
12.053676
24.032103
12.069903
44.384204
24.062195
12.077375
43.756323
11.944523
23.848268
11.982331
12.014268
23.90693
12.018557
24.136813
12.109929
44.523882
24.083559
23.44587
11.683852
43.106371
23.512
11.81121
11.764221
55.981528
55.845055
59.147877
59.06853
56.443274
56.586966
55.50135
55.03396
23.808662
42.728634
23.69357
11.676692
42.946045
23.146793
11.695655
23.451276
11.651594
9.9944722
22.044954
9.9250541
40.450607
21.938157
9.8482565
9.8619234
21.531563
39.671198
21.597224
9.8248306
59.713151
58.838019
57.041317
57.988892
60.254283
60.256883
47.018621
48.867306
53.329417
53.462771
44.641627
43.28309
21.572276
39.455093
21.553762
9.9670968
21.657409
39.498496
21.636076
10.001373
9.9691071
10.081015
21.107553
10.085877
39.505948
21.188816
10.17372
10.114479
21.623461
40.32829
21.713799
10.180847
10.692616
22.313451
40.899996
22.38172
10.587268
23.59359
11.653998
42.597927
23.598283
23.064833
11.559206
42.657103
23.145324
23.170731
11.599951
43.028151
23.222845
11.653321
11.642091
23.565366
43.415681
23.674285
12.019551
24.310117
44.171861
24.166154
11.97224
12.009013
11.795544
23.477241
11.775924
43.106621
23.413384
11.657215
11.752371
22.635673
41.681739
22.604437
10.866793
10.575511
22.958456
41.332979
22.970514
11.88686
24.105999
11.875302
43.503149
23.989364
23.838715
11.758733
43.497504
23.949073
23.52886
11.772737
43.4774
23.68484
11.853255
11.831351
22.59366
40.965541
22.537021
10.574972
22.743685
40.531685
22.424439
10.32223
10.321798
10.460841
22.475146
10.470343
41.283933
22.408273
10.573703
10.504237
22.328293
41.391508
22.376025
10.617518
7.8418283
18.530117
36.81929
18.169618
7.2419729
18.237427
7.3303793
36.461799
18.004906
18.520884
7.9556205
37.15731
18.827802
19.175675
8.3573515
37.308149
18.888391
8.1489134
8.2636538
19.390061
38.14225
19.11227
7.4360054
18.184285
37.261055
18.457757
7.8213037
7.6888799
8.3931039
19.659292
8.4036536
38.558713
19.638846
8.4020693
8.3898884
19.349917
37.898226
19.353396
8.3900809
43.111814
46.733599
38.698166
37.950287
11.744402
23.919337
43.428952
23.978185
24.558946
44.433126
24.52022
12.034814
12.102294
23.88576
43.257313
23.965132
11.827745
11.784785
11.928803
24.264234
11.940015
43.948488
24.302376
11.962088
58.047955
58.25428
57.994787
58.039385
54.550336
55.034265
54.060747
54.098384
12.079989
24.523635
12.065741
44.069151
24.53431
11.852172
24.107392
43.820983
24.222692
24.544724
12.094951
44.088488
24.511619
23.771889
11.912012
43.961011
23.87435
11.957541
11.930605
53.53669
54.475804
53.405203
53.924468
57.87797
57.880147
57.493343
56.55492
11.839065
23.979329
43.228058
23.87806
23.663188
42.871845
23.830973
11.756349
11.740575
24.335805
44.090688
24.385326
12.003059
12.013432
11.824113
23.963166
11.83905
43.50111
24.087308
11.872931
58.481255
59.195978
58.488899
58.656541
59.108042
59.216917
59.18461
59.35367
10.456683
22.799949
10.47245
41.456429
22.893715
11.826754
23.902171
42.858072
23.796432
22.66471
10.427298
40.978697
22.679885
22.954264
10.517927
41.271623
22.797925
10.46427
10.484613
60.201968
60.164117
60.11085
59.269806
56.211002
56.526691
55.646334
55.367059
11.63295
23.650628
42.631007
23.692463
23.72563
42.929923
23.70325
11.650285
11.668005
23.558257
42.703251
23.534437
11.55086
11.587274
10.500367
23.31655
10.517828
42.212289
23.304151
10.529433
55.122733
54.900489
55.470994
55.424793
60.53658
60.978025
59.695908
59.040834
43.114004
46.727189
38.54056
37.360929
11.59326
12.706421
12.006023
12.082003
12.42441
19.122512
11.688256
12.513636
13.080392
12.102858
12.58926
10.3952
21.68257
10.425408
40.164105
21.696768
10.566432
22.420373
41.205666
22.246187
30.63383
32.183325
30.524038
14.654306
14.809032
31.608414
29.863918
29.999221
28.577904
30.195522
28.615045
14.660826
14.327976
31.137027
29.694013
29.487527
20.694597
9.8377397
38.706169
20.621254
20.658175
9.7043413
38.356737
20.637461
9.7239592
9.702539
27.626833
29.029412
27.641209
13.567112
13.589687
29.113799
27.661849
27.688491
27.668172
29.003246
27.536874
13.514371
13.432506
28.838451
27.456362
27.385755
10.464796
22.825886
41.463709
22.898069
22.907054
41.551068
22.955141
10.497152
10.495723
29.715645
31.208814
29.541456
31.076714
29.428565
29.456964
29.454373
31.096848
29.486016
31.160349
29.510645
29.541427
23.996402
43.447499
24.046035
11.839853
11.823195
11.73679
23.972003
11.851159
43.751652
24.112475
11.915971
29.718689
31.307328
29.597616
14.781858
14.517408
31.327672
29.758686
29.633034
30.925649
32.687437
30.955212
15.128306
15.362174
32.982528
31.054087
31.213314
11.582132
23.770816
11.703037
43.055413
23.76723
11.775373
23.87925
43.005897
23.770893
32.04303
32.894702
32.053248
15.081203
15.078729
33.006404
32.115816
32.11409
31.917091
32.869533
31.997751
15.029257
32.826409
32.000625
31.941132
23.566356
11.823792
43.513953
23.489935
22.630619
10.844312
41.554126
22.597935
31.172081
33.001873
31.192209
15.23512
15.515947
33.349866
31.354601
31.542901
31.089375
32.736196
30.970568
14.757082
14.699868
31.356883
29.697311
29.637786
22.985504
41.205106
22.887147
10.574454
10.501592
11.680532
23.697455
43.295583
23.793692
11.612927
11.757818
31.316018
32.875503
31.090373
31.177147
29.445579
29.505643
29.540424
31.11472
29.446689
32.641248
30.949148
30.921637
11.819886
23.828616
11.963972
44.345191
23.972549
23.732572
44.125645
23.872756
11.976773
30.851483
32.704965
30.933683
14.74375
14.702069
31.324525
29.670478
29.615718
31.369683
33.349109
31.529443
15.182912
15.53424
33.280013
31.276649
31.472374
12.001571
24.332233
43.94237
24.352248
11.998717
24.37143
12.007943
44.06465
24.393788
12.031926
12.019191
30.789046
32.572834
30.834909
15.405055
15.289099
32.905316
31.236441
31.138633
31.423336
33.225995
31.44681
15.456675
15.506383
33.258662
31.460747
31.492349
22.743747
10.411148
41.319723
22.82907
23.950095
11.789104
42.917214
23.85636
31.646857
33.306517
31.519494
15.105778
15.249413
32.560779
30.705446
30.814834
29.253854
30.948434
29.341173
15.21759
14.957993
32.485258
30.920166
30.75156
17.165648
35.289982
17.176769
6.5909496
6.5721582
6.2471599
16.290556
34.120438
16.600471
6.5194796
6.4274533
27.957729
26.400701
25.839535
24.34717
24.044323
23.810313
26.437909
27.315249
26.413386
26.195462
25.152245
25.41162
8.7843051
20.020948
8.9958824
39.340022
20.698095
21.446427
40.28873
21.49632
9.7260105
30.911758
31.543387
30.899753
8.5027617
31.325585
30.354825
30.461407
28.075259
29.943069
28.627516
30.553609
29.253803
29.109529
29.219041
27.331318
27.054723
24.273595
23.975588
23.800107
16.718537
35.132943
16.881766
6.7784269
6.7462684
6.4359088
16.108776
6.5935778
33.205157
16.331801
6.7054697
25.433914
26.38603
25.484796
24.741612
25.671694
24.873354
8.864499
19.715158
8.9154984
38.115495
19.776791
9.1337956
20.132134
38.326085
20.001339
27.582424
28.885016
27.559412
28.743358
27.41518
27.435562
27.201682
28.481364
27.232587
28.601754
27.349695
27.333505
40.842893
42.265151
40.692753
41.347193
39.254228
39.176412
55.542679
54.572015
41.011344
42.88501
40.669737
39.609744
41.962494
39.693328
41.281966
41.604418
32.33126
33.025361
32.027114
9.4483801
32.137257
30.41543
30.969255
26.578138
29.073613
26.85097
9.4109438
30.128325
28.307638
27.848913
30.69882
32.479384
30.753802
15.22021
32.721617
31.053244
30.978586
11.874369
23.746343
43.99374
23.767112
23.606145
43.592821
23.584772
11.859028
11.823623
31.317251
33.081276
31.331268
31.145717
32.914453
31.174136
23.372182
43.645404
23.568462
11.824783
11.896396
23.675783
11.88855
43.536518
23.640595
31.016511
32.975242
31.178466
32.972458
31.183839
31.166905
30.872824
32.863053
31.095498
32.934024
31.155518
31.112663
62.640125
62.316834
33.317246
37.360594
33.535547
38.009206
34.383981
34.180949
34.524816
38.833583
34.707532
38.891757
34.830169
34.880005
55.390518
53.159253
33.090406
34.079534
33.282544
6.4774457
34.081198
32.560079
32.952773
32.635322
35.413705
32.513803
13.196032
34.562987
32.156908
32.219949
32.741709
36.47297
32.578841
11.881104
36.053499
32.013271
32.146373
57.211618
58.200925
30.861235
34.797807
31.034865
31.629321
35.34336
31.494728
55.205029
55.905865
31.338802
35.116395
31.197391
34.627956
30.666487
30.804171
29.541472
33.282082
29.629326
33.723981
30.189468
30.027898
31.16251
33.11863
31.342256
32.868581
31.161448
31.05073
11.738685
23.458888
11.773071
43.61995
23.571863
24.18189
44.465709
24.152474
30.910854
32.788488
31.003767
31.852219
33.668355
31.805022
23.896983
11.81396
43.210886
23.784409
11.596451
11.74606
22.918819
41.154602
22.816064
10.546789
31.077711
32.783853
31.023999
15.299328
32.806948
30.890192
31.041153
31.044121
32.53919
30.823376
14.598966
31.069237
29.452502
29.40674
56.92471
57.330516
31.006089
35.146421
31.08663
35.01878
31.021196
31.153933
30.053201
34.214976
30.138054
34.531236
30.474291
30.375061
58.564698
58.996974
31.731098
35.595077
31.809905
35.626493
31.807356
31.855425
31.220794
35.325244
31.36741
35.701489
31.664872
31.632872
30.982172
34.937824
30.994908
34.854261
31.052914
31.060429
57.388313
57.579354
30.490114
34.48793
30.554351
30.872902
34.627623
30.803842
59.395265
60.256543
33.688663
37.209288
34.587355
11.808587
37.333159
34.935396
35.011613
32.438521
36.004649
33.462488
36.731855
34.604117
34.451635
32.05487
32.941734
32.021544
9.1310627
32.942109
31.233181
31.663831
23.925538
43.097561
23.955114
11.789523
11.793335
11.818009
24.056358
43.542124
24.057203
30.817061
32.609021
30.876972
31.044246
32.736137
31.032181
11.869358
23.719162
11.906646
43.620959
23.783116
11.947574
23.99971
44.392341
24.024387
29.458242
31.325736
29.600304
33.032362
31.408252
31.230351
31.198802
33.075471
31.244573
33.434477
31.587708
31.598668
58.213879
58.115633
30.654115
34.862742
30.608429
34.72376
30.445547
30.524434
30.626636
34.793449
30.532468
34.66846
30.387062
30.363895
60.018744
60.316938
32.536264
36.611331
32.560554
11.97925
36.671192
32.510906
32.4633
32.213273
36.293126
32.198647
11.56766
36.547098
32.60724
32.410069
30.619325
34.994106
30.627174
6.9359379
34.975225
30.719456
30.703674
59.161802
59.013572
30.903098
35.233971
30.860666
30.903362
35.025603
30.892448
59.505828
59.402212
31.349222
35.481798
31.278713
35.347219
31.117674
31.163943
31.468028
35.46297
31.418494
35.323749
31.201052
31.228568
31.601163
33.496155
31.640174
33.200069
31.297889
31.34974
11.8789
23.710585
43.488625
23.698462
11.88706
11.892263
23.735341
11.907259
43.689121
23.684654
31.159817
32.951486
31.138969
31.180882
32.958012
31.149825
24.062696
11.836346
43.207269
24.053323
23.811443
43.237721
23.863295
11.780985
11.767753
31.815264
33.525935
31.760693
9.1713142
16.040118
32.898625
31.581291
31.595452
32.177977
33.063425
32.153903
14.97419
14.998266
32.855302
31.941878
31.985649
58.047173
57.182809
29.663851
33.649928
29.748919
33.68614
29.78257
29.856455
31.605352
35.097896
31.039297
34.426675
30.176465
30.368988
59.020249
59.026039
31.435788
35.534754
31.507954
35.524304
31.568821
31.549338
31.514086
35.58565
31.363335
35.541027
31.467451
31.384167
29.828134
33.774666
30.023038
33.93977
30.03927
29.882142
56.342641
56.365424
29.796952
33.812936
29.744978
30.058347
33.813713
29.909419
55.784634
55.72667
29.769888
33.414701
29.590307
6.7101662
6.7425622
33.07956
29.31727
29.364361
29.311445
33.258597
29.636783
6.7280317
33.278919
29.46845
29.666356
30.650334
32.327408
30.60447
14.802932
15.132165
32.369796
30.455049
30.672935
11.574098
23.02216
42.444119
22.952061
10.820672
10.835881
22.245713
41.07583
22.295428
10.756086
10.698899
30.462642
32.088979
30.371351
29.30958
30.99219
29.315658
22.984914
42.03673
23.069551
10.384854
9.9145938
22.243861
10.044979
41.311057
22.585479
10.191596
30.199276
30.622623
29.961374
30.005684
29.224611
29.306118
30.010855
31.608344
29.997101
31.399421
29.822413
29.949467
56.067689
57.026545
32.363049
36.141789
32.209595
35.503221
31.360148
31.604764
29.443777
33.374471
29.605938
34.112681
30.572566
30.304607
57.83922
58.187401
30.401439
34.427603
30.55167
6.9848599
34.921935
31.065662
30.95301
31.093002
35.076477
31.124122
7.1018614
35.19353
31.288885
31.282658
32.669232
36.702772
32.796052
12.320103
37.022011
33.280694
33.140158
61.984399
61.257809
33.908146
38.044053
33.898352
33.675312
37.807446
33.78135
53.677445
51.993169
33.100191
33.997737
33.12472
12.072929
33.800711
32.603571
32.880512
32.347306
34.575225
31.936974
33.705332
31.46573
31.399831
55.963328
54.609186
40.360391
41.233892
39.156935
41.339161
39.216111
39.062678
41.468383
43.321504
41.091173
42.104035
39.67017
39.829298
40.456844
41.12609
32.711193
33.57646
32.43216
9.6668078
32.498458
30.026882
30.596592
26.165898
28.931708
26.643864
9.3857131
30.498429
28.67655
28.188572
33.754132
37.512211
47.82904
39.63343
18.469118
21.55148
18.466523
18.483086
21.534747
18.484948
18.503523
21.510462
18.515229
18.499437
21.532142
18.49291
18.402809
21.702552
18.408726
18.407846
21.691696
18.408216
18.420879
21.644727
18.423509
18.416461
21.64785
18.414881
18.324186
21.855822
18.325746
18.331676
21.852292
18.327429
18.350656
21.800038
18.345476
18.33894
21.793185
18.342088
28.472749
28.472647
18.38933
21.700403
18.391581
14.456514
18.373919
21.716001
18.373676
18.342741
21.799452
18.351212
18.372762
21.759735
18.367958
18.421909
21.587669
18.422468
18.422906
21.620918
18.427298
18.414913
21.618768
18.408422
18.430122
21.628206
18.430698
18.957549
21.174415
19.003328
18.787262
21.237625
18.75675
28.661028
28.635144
18.544616
21.46036
18.543112
15.79977
18.591398
21.42778
18.61427
18.983989
21.152158
19.071396
18.834309
21.233091
18.780345
18.572955
21.466965
18.560318
14.484194
18.624707
21.39718
18.638896
22.345243
24.106967
22.332273
22.465077
24.325538
22.494653
22.607506
24.736991
22.62442
32.649314
32.661668
22.551767
24.645682
22.520735
16.034723
41.364645
45.14113
47.141665
45.200184
18.441601
21.559043
18.442178
18.43155
21.598441
18.429912
18.424823
21.617353
18.428498
18.426358
21.597179
18.434963
22.620966
24.87086
22.609327
22.619319
24.866867
22.612208
22.612581
24.834029
22.615707
17.180481
17.149329
32.767305
32.760814
22.616852
24.835795
22.603992
17.59022
22.592946
24.897893
22.582906
22.605346
24.913441
22.609401
16.652046
22.629255
24.952051
22.617594
22.614769
24.930957
22.626455
18.373465
21.728068
18.372129
18.383014
21.743909
18.382706
18.363305
21.766257
18.373978
18.359502
21.761952
18.357121
22.662082
25.06599
22.679683
22.674276
25.06115
22.674708
22.652326
24.993609
22.65848
22.638873
25.006549
22.639024
22.692452
25.118287
22.684434
22.693676
25.112428
22.690235
22.697331
25.152842
22.71773
22.704048
25.168886
22.687319
18.326558
21.858322
18.321549
18.321747
21.872495
18.327755
18.331043
21.831907
18.33349
18.32227
21.835379
18.322653
22.744504
25.280867
22.752621
22.732345
25.26824
22.739878
22.713522
25.185644
22.717177
22.720566
25.221469
22.719608
22.760939
25.29839
22.742161
22.768123
25.301238
22.758997
22.727661
25.23363
22.721967
22.728115
25.269584
22.744522
18.379877
21.68967
18.382621
18.393267
21.69769
18.389876
18.406986
21.655228
18.408492
18.401118
21.658929
18.405835
22.670859
25.079105
22.677998
22.671808
25.108412
22.668792
22.712246
25.180385
22.721875
22.691484
25.166823
22.678462
22.651735
25.048366
22.652263
22.670316
25.062801
22.649864
22.619556
25.00858
22.618502
22.65624
25.031403
22.665271
18.45013
21.582007
18.448935
18.451645
21.576014
18.455433
18.484116
21.52971
18.496784
18.468176
21.556372
18.464401
22.606341
24.947738
22.609005
22.614659
24.948148
22.626293
22.651598
24.98459
22.638664
22.656249
24.977536
22.651455
22.642117
24.918793
22.642377
22.622852
24.895417
22.617404
22.61393
24.833816
22.616593
22.590303
24.841306
22.592277
32.43569
32.517055
22.421441
24.137572
22.359227
16.999002
22.44764
24.332591
22.492819
22.608375
24.734163
22.584211
22.621105
24.667752
22.561881
34.023956
37.647788
47.707777
39.502714
41.100861
44.96816
47.146662
45.053928
21.729223
39.848037
21.776747
10.162894
21.763246
10.004988
39.777355
21.726985
29.246649
30.027386
29.270054
8.3604851
13.412315
29.822534
28.86134
29.023253
28.573392
30.052513
28.469784
14.655803
29.835507
28.393371
28.318808
21.303307
10.128142
40.292227
21.545809
10.265749
21.558929
40.255134
21.706703
10.351268
10.357609
29.036744
29.881262
29.121202
8.5177588
30.73783
29.299737
29.672802
28.602757
30.45742
28.965688
30.475192
29.20765
29.380218
10.482274
22.931961
41.531522
22.934995
10.46787
10.484463
22.707128
41.122406
22.696528
10.410386
29.270761
30.820572
29.167583
32.251353
30.540384
30.544254
29.546727
31.167025
29.549165
30.79547
29.238374
29.203618
24.174008
43.280103
23.993179
11.847651
10.598597
22.261216
10.502713
41.016771
22.460208
30.457093
32.24618
30.525779
32.429577
30.599271
30.714786
31.163789
32.748421
30.984967
30.913069
29.174195
29.260569
10.527313
22.731556
10.427147
41.034246
22.766901
24.237272
43.305423
23.987585
11.570954
31.893077
33.16823
32.161368
15.325292
33.631444
32.742052
32.707786
30.521915
31.322966
30.502639
15.281177
33.153905
32.569104
32.264096
23.642027
11.863385
43.812588
23.72243
11.987552
11.903713
23.996842
44.469721
24.164901
12.13282
31.168581
32.686333
30.947238
14.718736
31.369145
29.694444
29.658551
31.093047
33.018912
31.206721
15.655651
33.710945
31.647313
31.857189
24.072437
43.81103
24.221096
11.838954
24.015578
43.393401
24.017544
11.839242
11.819007
29.533432
31.198035
29.528053
32.688203
31.126589
30.967891
31.054543
32.928325
31.188296
32.70621
30.960999
30.974355
11.533466
22.765798
10.900953
41.630006
22.661494
10.885214
22.626143
41.717845
22.567859
10.840206
30.865253
32.737627
31.014493
32.882717
30.970703
31.109037
29.911926
31.487539
29.759011
31.361031
29.74396
29.668958
11.986358
24.261067
43.972776
24.265437
24.185358
11.89681
44.040674
24.288434
29.141979
30.726702
29.131367
14.666694
30.533987
29.233517
28.949694
31.356653
33.048464
31.30802
15.146739
33.107241
31.181368
31.367318
23.413461
11.553153
42.321505
23.126208
10.651356
10.692973
22.219157
41.000658
22.252198
10.617291
29.390657
31.16708
29.518145
14.553856
31.228939
29.517351
29.554689
30.393026
32.021719
30.319623
14.504842
30.943951
29.25798
29.280608
17.383875
35.623354
16.98539
7.1405456
17.614435
36.044115
17.800812
6.8225195
6.9253254
27.095475
28.106647
27.082135
27.985278
26.921129
26.980456
26.652294
27.636643
26.698292
27.806669
26.84588
26.826858
8.6762709
19.31311
8.6310647
37.407477
19.259369
8.6096615
19.132832
37.599728
19.250042
8.5128862
26.684377
27.786356
26.729678
28.072864
26.943043
26.938172
26.601093
27.789512
26.584143
28.067812
26.907278
26.916521
6.5950584
16.626182
35.139725
16.713273
17.501474
7.1659837
35.746387
17.294132
28.041215
29.117579
27.945395
13.431456
28.579629
27.299384
27.485614
25.875027
26.833418
25.937313
13.228198
27.485237
26.65614
26.486001
19.462197
8.7090372
37.598316
19.346632
8.5327875
8.6221219
19.015416
37.377535
19.241614
8.4675493
27.942383
29.003555
27.802451
13.450214
28.398152
27.01435
27.198702
27.077989
28.19601
26.979691
13.180983
27.868998
26.678236
26.687852
55.907904
53.041097
29.248034
31.839095
30.086287
17.054563
34.715936
33.830978
32.883586
40.834657
42.559324
40.304722
17.564177
39.944482
36.855523
37.832628
39.505022
38.498339
27.235031
28.392507
26.792152
27.586084
25.765827
25.972105
25.923624
27.757392
25.767788
27.335448
25.52432
25.525714
11.811301
23.528269
11.783506
43.288424
23.603461
24.22704
43.623902
24.148631
30.798789
32.630519
30.909072
15.5571
33.417662
31.669845
31.641419
30.968838
32.722711
30.955503
15.443954
32.99201
31.28827
31.218157
22.508282
10.656479
41.435801
22.74752
10.77872
10.687526
23.967906
43.07685
23.851583
11.678228
30.857502
32.628707
30.907324
15.356255
33.039201
31.28377
31.288483
29.540487
31.229641
29.554592
15.039094
32.560125
30.975145
30.819019
61.45282
60.116512
34.804702
36.687581
34.740633
8.0530114
36.483748
34.167883
34.420531
33.797868
37.658967
33.513971
13.435894
36.653407
32.892594
32.845598
57.156334
57.605891
34.856224
37.295798
34.779024
37.311461
34.067289
34.402447
33.120116
36.775663
33.286876
14.530539
5.5217438
37.14388
33.893528
33.871606
55.762636
55.4985
28.612303
32.391768
28.684945
32.730186
29.107152
28.992871
30.318777
33.800024
30.133508
33.314802
29.483401
29.630594
54.891808
54.553837
28.441843
32.059158
28.372309
32.089862
28.354071
28.314632
29.271873
32.814719
29.161483
32.452838
28.611265
28.776743
23.356967
43.273368
23.390225
11.73434
11.710461
11.846228
23.707892
43.333758
23.630286
11.824251
31.6589
33.381282
31.594844
32.927788
31.092286
31.182388
30.773557
32.526691
30.793849
32.831565
31.096719
31.053461
11.893213
23.781463
11.909233
43.76972
23.863728
11.989652
23.928161
12.01589
44.084275
23.887695
31.616623
33.388729
31.571497
33.074432
31.287977
31.294571
31.30868
33.191747
31.379014
33.302171
31.500701
31.485663
56.171942
55.563212
28.100078
31.89004
28.155152
32.366448
28.823004
28.667735
29.764755
33.675274
29.666444
33.214479
29.246472
29.374937
57.085217
55.825213
28.226172
31.978552
28.215805
32.396831
28.927427
28.690827
30.671602
34.326771
30.490747
33.588024
29.625605
29.865183
57.002907
56.915445
30.326837
34.387026
30.432137
6.8766686
34.490902
30.437319
30.484128
30.280945
34.284741
30.236922
6.873672
34.200763
30.110821
30.095022
56.917492
56.270748
30.001307
34.159816
29.912154
33.741218
29.652326
29.762187
30.618113
34.405005
30.336802
33.860647
29.679928
29.803725
23.924602
42.841521
23.821469
22.677165
10.339883
41.244363
22.706982
10.463069
10.35878
30.919046
32.532463
30.833848
14.864422
32.477917
30.583576
30.775609
30.855542
32.428598
30.707741
14.498615
30.880214
29.273097
29.299947
23.554312
43.405592
23.53363
11.806181
11.801233
11.816189
23.586144
11.804604
43.623519
23.588064
31.432289
33.229364
31.456693
32.868039
31.050673
31.104168
31.048714
32.798441
31.016413
32.824338
31.058864
31.059392
58.614691
59.038167
30.934177
34.989128
30.905458
7.0379498
35.342887
31.227686
31.204322
30.834897
35.103161
30.925644
7.0368485
35.312692
31.212573
31.120612
59.340992
59.033699
31.041989
35.050682
31.112832
35.234815
31.053781
31.161169
31.719898
35.768502
31.551215
35.454371
31.369048
31.534419
59.343576
59.34676
31.288165
35.417478
31.314376
35.466888
31.4747
31.451419
31.155542
35.497479
31.213436
35.575236
31.429772
31.42565
59.286314
59.0541
31.294035
35.437623
31.302413
35.498158
31.388228
31.397244
31.500729
35.519115
31.50671
35.417636
31.394692
31.367236
11.892591
24.058665
11.891897
43.630407
24.123375
11.892852
11.833234
23.983605
43.305774
24.032544
30.505067
31.415567
30.637019
14.812265
14.917827
32.75182
31.976933
31.840127
31.166767
32.908208
31.142837
15.375403
32.815042
31.271531
31.15755
23.934413
11.772933
43.057375
23.979827
24.144898
11.876059
43.688343
24.269937
11.93403
11.940761
30.512902
31.321304
30.500795
14.394357
31.253538
30.67034
30.464347
32.043426
32.934113
32.035002
15.175004
15.250183
33.407114
32.355968
32.499365
59.294487
59.76048
32.322561
36.318059
32.220414
7.1295282
11.681297
36.258704
31.925618
31.964798
33.012648
35.768733
32.661048
7.1211889
7.1979021
36.033695
31.80556
31.777493
59.136108
59.125649
32.165577
36.238225
32.251042
11.997499
11.543862
35.922769
31.817511
31.778491
31.860849
35.818153
31.813014
12.017342
7.152333
35.898211
31.930481
31.816037
57.137525
56.935768
29.887846
33.863698
29.994048
6.8307997
33.937032
30.170181
30.1527
30.000412
34.081337
30.074893
6.8287872
33.991719
30.145624
30.085439
55.376413
55.281196
29.672726
33.52334
29.607981
6.6692368
6.7030963
33.213516
29.446649
29.505684
28.999123
32.994673
28.956067
6.6600956
6.6408369
32.960735
29.163006
29.039912
11.589581
23.262838
42.796004
23.45294
11.685138
11.639355
23.795288
42.94193
23.778073
11.71426
11.711221
30.541693
32.263457
30.548276
15.098144
32.297775
30.658181
30.613638
30.598911
32.347305
30.622591
15.104323
32.435507
30.721303
30.718473
23.185521
42.124879
23.275646
10.487315
23.256019
10.472808
42.03726
23.264846
10.498866
30.482229
32.08865
30.447431
14.884185
14.94653
31.944915
30.287544
30.302318
30.194136
31.869559
30.220431
14.894306
14.860671
31.837592
30.213251
30.206169
55.109389
54.936447
31.0142
33.289695
31.103156
33.036248
30.849367
30.922182
29.788802
32.949429
30.199711
32.818237
30.665578
30.657099
56.506589
55.897028
30.047401
33.632592
29.995876
6.904802
6.8549457
33.808814
30.291255
30.139094
30.920708
34.506425
30.75011
6.92194
6.9887227
34.233639
30.408895
30.435397
62.15826
61.744419
34.126261
37.660573
34.459254
12.108916
37.54364
35.2269
35.148465
34.289437
37.686818
34.771903
11.9957
11.965102
37.653634
35.298029
35.316209
56.182898
57.4366
33.148333
36.957062
33.016719
12.682942
12.686087
36.65176
32.727918
32.794888
33.331379
35.981623
33.392302
12.681937
13.588789
35.975935
32.639273
32.717698
56.335229
53.316452
29.196226
31.839657
30.088471
17.082113
34.77628
33.884374
32.942131
41.255288
42.962205
40.664074
17.629706
40.193435
37.037977
38.05725
38.487622
37.376628
27.001401
28.068005
26.461322
8.8510593
11.832635
26.885614
24.949682
25.267555
25.026113
26.773131
24.777989
8.8671163
9.1651288
26.22317
24.414608
24.408155
34.232632
38.373842
32.956693
38.38174
9.0916292
8.7200995
21.529756
8.7268348
9.1788138
8.8077288
21.521942
8.801318
9.2769454
8.8772453
21.511016
8.9057759
9.1743392
8.787019
21.51233
8.8029064
8.8423043
8.4700667
21.718759
8.4836779
8.912029
8.5231949
21.663551
8.5318544
8.9709876
8.5878559
21.638059
8.5611643
8.9277234
8.5488988
21.64686
8.5331801
8.6203608
8.2325585
21.854215
8.2187704
8.6730489
8.3011959
21.828246
8.271047
8.7547802
8.4158314
21.768956
8.4305058
8.6623707
8.2856404
21.821306
8.2632198
8.8448392
8.4516886
21.70117
8.4308726
8.8070154
8.4127144
21.73155
8.436476
8.6790739
8.2872202
21.832999
8.319724
8.8001409
8.4157575
21.746241
8.4122389
9.0334293
8.6043736
21.583723
8.6136642
9.0047245
8.5863737
21.601098
8.5986295
8.9366902
8.5315016
21.631415
8.5393019
9.0133485
8.6475356
21.605387
8.6330007
11.573846
11.095865
21.34786
11.182694
9.7921546
9.4182196
21.299316
9.3681792
9.2753471
8.8767897
21.477486
8.8582776
9.7244158
9.295086
21.361046
9.3241924
11.579239
11.04294
21.330648
11.182087
9.8232542
9.4242667
21.314119
9.4284839
9.2883334
8.8995974
21.495482
8.9279026
9.7672127
9.3566722
21.355726
9.4125232
18.642583
17.7715
23.985575
17.716208
19.154153
18.276426
24.502608
18.294766
19.350329
18.565247
24.795758
18.477665
19.186311
18.39315
24.550344
18.324242
9.0736164
8.7013291
21.559008
8.7510997
9.0079511
8.6006704
21.599131
8.6481931
8.9745979
8.5851242
21.631012
8.5944399
9.0248331
8.6262789
21.593546
8.6582081
19.359931
18.536788
24.854672
18.540536
19.368946
18.549599
24.844005
18.604428
19.340623
18.577846
24.801477
18.490056
19.3644
18.583684
24.844789
18.605082
19.372485
18.496834
24.863329
18.509736
19.423006
18.635555
24.938418
18.62383
19.437462
18.658712
24.948611
18.654536
19.418721
18.5139
24.932376
18.536562
8.8333669
8.4292614
21.709893
8.4562424
8.7968051
8.4527595
21.729385
8.4478404
8.762767
8.4421244
21.754309
8.4402567
8.7854897
8.4256647
21.739193
8.4235133
19.513301
18.73995
25.094083
18.722414
19.480433
18.675869
25.010678
18.61271
19.45096
18.60367
24.976638
18.627053
19.474483
18.64071
25.005551
18.605718
19.510198
18.595195
25.10512
18.642402
19.528564
18.741128
25.121982
18.722052
19.567218
18.693234
25.16655
18.69303
19.523773
18.670127
25.127157
18.680121
8.6152555
8.2503554
21.855096
8.2556261
8.6090401
8.2415744
21.854209
8.2451547
8.6810602
8.2942283
21.812193
8.3408155
8.6191332
8.2407413
21.855379
8.2211189
19.636276
18.861719
25.283102
18.761508
19.610716
18.696093
25.258107
18.80956
19.571044
18.72981
25.172622
18.685618
19.601148
18.811531
25.245335
18.82179
19.627865
18.78207
25.289699
18.71109
19.650507
18.791698
25.300722
18.757489
19.60056
18.789627
25.225255
18.714442
19.650535
18.843071
25.30899
18.815171
8.8529631
8.4597794
21.692475
8.4467529
8.8988831
8.490394
21.667953
8.489196
8.9348146
8.5436113
21.633068
8.5463295
8.9008233
8.5116695
21.670426
8.5058699
19.505421
18.59319
25.079371
18.614627
19.528729
18.656559
25.120852
18.710061
19.606222
18.750723
25.217709
18.74481
19.550411
18.698104
25.138083
18.700145
19.498989
18.655486
25.077321
18.635861
19.484937
18.58735
25.035579
18.656311
19.45245
18.594302
24.996446
18.536232
19.491667
18.68035
25.03698
18.705216
9.0376439
8.6361034
21.574619
8.6417259
9.1138908
8.7435623
21.550993
8.7501391
9.2482286
8.8288606
21.514326
8.8641096
9.1146594
8.7354898
21.548886
8.7016021
19.415092
18.531554
24.935284
18.513849
19.433639
18.623659
24.940882
18.586818
19.457041
18.622391
24.987705
18.563939
19.437474
18.518442
24.965432
18.552654
19.417347
18.541985
24.929617
18.515965
19.392913
18.595319
24.880139
18.609878
19.367627
18.566764
24.830844
18.508958
19.384487
18.542779
24.870042
18.597647
18.67861
17.787037
24.002128
17.727489
19.160829
18.248728
24.506528
18.32386
19.352663
18.567789
24.795157
18.535035
19.187605
18.274104
24.565043
18.325783
19.450754
19.784954
22.414699
22.244076
22.258527
24.539106
19.422863
19.767697
22.42533
22.221924
22.244185
24.53789
9.1146512
8.7416092
21.538483
8.7042377
9.1403923
8.7861252
21.522316
8.7251097
9.2111984
8.8236736
21.510558
8.8412942
9.2010645
8.7805499
21.527201
8.8112058
8.875384
8.4874795
21.706299
8.4607488
8.8904004
8.5259133
21.70513
8.4949579
8.9398437
8.514259
21.638707
8.5323494
8.932105
8.5391064
21.653681
8.5335071
8.6446803
8.281496
21.832277
8.2498523
8.6258583
8.2584511
21.856327
8.2466303
8.7081577
8.3525193
21.784603
8.3025532
8.7115914
8.3469176
21.789156
8.3102928
8.8384728
8.424329
21.712039
8.4184677
8.8370618
8.4245281
21.715962
8.4184612
8.7444749
8.3574806
21.776022
8.3423546
8.7432777
8.3673882
21.772957
8.355513
9.0174518
8.6613139
21.585996
8.6598134
8.9993246
8.6161657
21.611098
8.6098571
8.9604085
8.5888098
21.623668
8.5880796
8.9866551
8.6446575
21.610994
8.5926291
10.386538
9.9117931
21.167751
9.8976983
10.272141
9.853803
21.252109
9.9069244
9.4379267
9.0570141
21.445549
9.0382534
9.4550363
9.0679927
21.413497
9.0188345
10.400889
9.9062029
21.158025
9.8863735
10.261233
9.8070879
21.238134
9.8840549
9.4615156
9.0322131
21.436177
9.0425285
9.4887084
9.1219891
21.390038
9.0887415
18.934205
17.987667
24.175117
18.019232
19.02487
18.278625
24.295714
18.193165
19.294719
18.511304
24.704075
18.48311
19.270315
18.538323
24.649671
18.499675
9.0355705
8.6525187
21.5881
8.664381
9.033387
8.656533
21.581325
8.6937627
9.0089361
8.6469969
21.605144
8.6343319
9.0104636
8.6441453
21.608957
8.6556836
19.389534
18.576753
24.87039
18.51288
19.387002
18.596704
24.866911
18.518458
19.347495
18.593899
24.817602
18.572543
19.357699
18.522345
24.84242
18.55311
19.410769
18.571571
24.89791
18.508036
19.403984
18.562768
24.905304
18.491066
19.435037
18.559591
24.961364
18.574073
19.430563
18.640798
24.942056
18.649139
8.808924
8.4024666
21.742261
8.4232999
8.8072184
8.4042513
21.729991
8.4127265
8.7659994
8.3640379
21.751484
8.3353317
8.7520229
8.3751593
21.758014
8.3671037
19.508611
18.708479
25.06693
18.762865
19.521307
18.65007
25.079194
18.697324
19.456056
18.705606
25.00323
18.66854
19.457045
18.587177
25.009124
18.627364
19.548721
18.666064
25.115697
18.60238
19.530995
18.697697
25.110441
18.624025
19.555571
18.608036
25.159288
18.715597
19.550805
18.800376
25.153009
18.817556
8.6033117
8.2382075
21.880152
8.2282741
8.6212899
8.2608049
21.849701
8.2548361
8.6540985
8.2977998
21.832017
8.2615049
8.6533614
8.2690817
21.826779
8.2383845
19.621988
18.8204
25.271074
18.74153
19.62625
18.793019
25.262074
18.734487
19.590543
18.721957
25.19942
18.716417
19.59993
18.71122
25.21208
18.743582
19.656713
18.79996
25.301109
18.78632
19.645934
18.822143
25.298266
18.762286
19.604113
18.666518
25.254216
18.772728
19.62393
18.780203
25.268558
18.826877
8.8688485
8.4784402
21.684699
8.4711223
8.8723232
8.5003957
21.678064
8.4750349
8.9113336
8.5381761
21.664192
8.5511793
8.9129327
8.5499231
21.658654
8.5602823
19.516981
18.631659
25.100008
18.708946
19.52575
18.742909
25.10179
18.749875
19.579338
18.736653
25.184252
18.673064
19.569814
18.748996
25.168507
18.705895
19.493286
18.61733
25.041984
18.564461
19.49052
18.638343
25.056046
18.596353
19.468936
18.640035
25.014962
18.598734
19.478763
18.613836
25.02788
18.636136
9.051301
8.6734059
21.581817
8.6755436
9.0609703
8.6799883
21.577316
8.6836001
9.1829286
8.7720945
21.508574
8.7708327
9.1755398
8.8166552
21.524683
8.8035261
19.406531
18.598399
24.946316
18.634446
19.421171
18.612701
24.948896
18.602785
19.443138
18.555773
24.985679
18.546091
19.452166
18.629805
24.973843
18.596207
19.422295
18.543622
24.909809
18.583772
19.421297
18.57558
24.902917
18.591664
19.366533
18.459183
24.835899
18.519841
19.368346
18.581281
24.839052
18.57615
18.916909
17.988842
24.186546
18.120845
19.02137
18.126964
24.314952
18.177108
19.271728
18.531788
24.711827
18.502054
19.274673
18.427747
24.702791
18.387564
44.921362
45.325931
39.44345
51.944561
40.197633
40.668173
18.631334
35.078573
32.712257
20.152393
39.980447
45.063159
12.512729
32.440295
27.969458
39.506065
42.454714
43.872231
40.076189
56.290526
57.512315
52.804243
40.576903
47.984188
21.073505
35.192193
36.986925
20.095692
44.681318
42.840633
39.564629
42.414564
19.16027
39.720765
32.582303
44.106363
40.339928
44.323425
45.145939
39.538527
51.634417
42.394259
39.717631
18.685376
35.136135
32.807762
20.184626
40.064996
45.077029
55.99059
57.802111
56.513022
49.564198
21.008403
35.278694
36.890138
20.140198
44.757439
43.107833
9.0986347
8.7525165
21.548298
8.7403898
9.1594676
8.7928025
21.536579
8.797119
9.2465399
8.8505569
21.509644
8.8358505
9.1884059
8.8178309
21.497109
8.8100557
8.8610108
8.462555
21.695441
8.4712986
8.8954332
8.5012364
21.67757
8.5203869
8.9511435
8.5237968
21.646765
8.5569415
8.9160378
8.5158878
21.654829
8.5486184
8.6285732
8.2475358
21.858161
8.2527056
8.6484833
8.3069329
21.822046
8.280067
8.7290263
8.3577563
21.780838
8.3600972
8.664899
8.2934966
21.833688
8.3319149
8.8491531
8.4822146
21.708528
8.5308559
8.8116167
8.4595477
21.719868
8.4423608
8.7180795
8.3119317
21.788923
8.3056511
8.7738301
8.4047238
21.76402
8.4197492
9.0279069
8.6589163
21.584886
8.6690997
8.9870847
8.6187758
21.613506
8.6391852
8.9467103
8.5448465
21.625121
8.5628013
8.9839948
8.6228815
21.624055
8.5953627
10.980942
10.52739
21.177707
10.521558
9.9327981
9.4569101
21.294036
9.5180962
9.3273893
8.8944712
21.472679
8.9543461
9.5977335
9.2198087
21.37121
9.1791869
10.959983
10.431487
21.159617
10.435882
9.9701766
9.5616378
21.281048
9.5219464
9.3439584
8.9389261
21.471737
8.9769649
9.6285425
9.2435326
21.361782
9.2024855
18.770989
17.907876
24.009104
17.942077
19.104847
18.196356
24.415593
18.191447
19.329846
18.563565
24.766162
18.559934
19.22986
18.431886
24.586323
18.435814
9.0575458
8.698007
21.561413
8.7203553
9.0137722
8.6327624
21.591098
8.6299693
8.9962922
8.626666
21.605114
8.637185
9.0136767
8.6391868
21.598916
8.6030079
19.368641
18.539633
24.867286
18.518483
19.381156
18.557727
24.858696
18.538681
19.361192
18.58193
24.82646
18.615081
19.364167
18.488062
24.822413
18.523585
19.392199
18.511439
24.876374
18.515225
19.414427
18.635113
24.930291
18.629499
19.428601
18.557135
24.936562
18.52087
19.417041
18.664041
24.941213
18.638543
8.8017052
8.4223502
21.73627
8.4604687
8.7939327
8.4209777
21.730782
8.4460159
8.7584093
8.3699893
21.757935
8.3824371
8.7638837
8.3930025
21.745264
8.3727796
19.504847
18.721966
25.083593
18.693251
19.488346
18.649649
25.028779
18.648011
19.453378
18.742236
24.981728
18.671521
19.465095
18.53018
25.007353
18.544142
19.532295
18.612894
25.107285
18.616571
19.521396
18.730772
25.11216
18.739666
19.564993
18.728475
25.152035
18.740418
19.545921
18.674627
25.122619
18.700721
8.6119034
8.2338197
21.865563
8.2596382
8.6065261
8.2264851
21.871005
8.2343232
8.6683404
8.2989721
21.823821
8.2999997
8.6311032
8.2471617
21.841649
8.2549888
19.630254
18.748389
25.277231
18.774317
19.609737
18.821694
25.246551
18.773288
19.575712
18.781003
25.175958
18.70398
19.604216
18.677706
25.2305
18.664251
19.629617
18.795113
25.294968
18.811106
19.644187
18.730462
25.299596
18.775489
19.595134
18.73373
25.229027
18.741059
19.62955
18.778956
25.283531
18.774178
8.8515889
8.4671481
21.693082
8.4696131
8.8965404
8.5289377
21.672971
8.5216608
8.9359602
8.5695146
21.6345
8.5308929
8.904064
8.5165699
21.664291
8.4943068
19.522341
18.685071
25.078024
18.69766
19.528741
18.701503
25.106971
18.70409
19.58256
18.71024
25.200473
18.697494
19.550645
18.717931
25.142271
18.712682
19.497193
18.693088
25.069871
18.742533
19.478765
18.606093
25.042531
18.592539
19.449984
18.613797
24.998661
18.648323
19.478219
18.621152
25.041935
18.645024
9.0367783
8.638011
21.583258
8.6526067
9.0842109
8.7151878
21.568546
8.7388023
9.2172838
8.8096131
21.513983
8.7824487
9.1495164
8.7693133
21.52011
8.7687789
19.414516
18.557935
24.942216
18.567294
19.428977
18.635025
24.951989
18.693741
19.445822
18.575689
24.973057
18.607976
19.443942
18.645776
24.980623
18.687585
19.419796
18.532003
24.922986
18.50036
19.410589
18.565049
24.893828
18.560744
19.374702
18.599125
24.841351
18.493292
19.367438
18.585212
24.84961
18.603959
18.766264
17.88568
24.023714
17.881335
19.112163
18.232956
24.444779
18.341319
19.315546
18.514073
24.757404
18.582749
19.238438
18.338568
24.60539
18.436048
35.083826
40.795862
62.612224
60.326591
39.360295
40.268476
37.423275
42.750409
46.500844
58.289756
51.059297
54.024734
55.399803
52.178707
40.209127
44.531898
40.81724
45.013586
43.99115
44.570432
80.988079
79.526632
44.465216
40.190208
42.283598
42.251234
53.076176
58.949402
50.864017
61.733149
50.363086
47.637436
39.987583
44.297142
40.720874
44.918546
34.784314
40.70692
65.513149
63.164949
39.456887
40.341802
37.532181
42.820641
46.565303
58.366991
51.132813
54.108027
55.301815
52.072475
43.192827
44.654491
79.057742
77.578993
44.323099
40.315718
42.163274
42.445991
52.877694
58.89638
50.874025
61.483403
50.293467
47.576465
33.735483
34.070246
33.732687
34.080764
16.297319
9.0959949
8.7054774
21.557225
8.7113018
16.375973
9.1598222
8.8125912
21.530708
8.8178667
9.2309282
8.8225884
21.501644
8.8434053
16.305197
9.185274
8.7993896
21.5189
8.7905398
8.8455006
8.461001
21.727402
8.4602217
15.31839
8.8996244
8.5188583
21.67803
8.5219523
8.9375631
8.5412606
21.657744
8.565856
15.306501
15.248483
14.637399
8.9239551
8.5250662
21.654369
8.5309002
15.344504
15.342671
14.561273
8.6382914
8.258345
21.843861
8.236212
14.445687
14.54688
15.474917
15.395941
14.576375
8.6524735
8.2728429
21.826188
8.2595062
14.620773
15.298708
14.440432
8.7242351
8.3362954
21.775597
8.3351402
14.508501
15.346798
8.7034445
8.3738888
21.80223
8.3633651
15.476449
14.644166
14.613611
8.8563954
8.500727
21.702489
8.5161866
14.512659
8.8174622
8.4605367
21.723389
8.4409865
15.274468
14.614422
14.524382
8.7168208
8.330662
21.788313
8.3145001
14.659734
14.633613
15.306637
15.23504
8.7714971
8.3626466
21.750658
8.393508
15.468044
14.620608
14.640512
9.0202121
8.636907
21.602062
8.6412083
8.9820559
8.6093877
21.621953
8.6063906
14.545747
15.386105
8.9588114
8.6103714
21.640555
8.5628347
14.526351
8.9680742
8.5900386
21.630309
8.5891972
14.451004
10.721784
10.209852
21.202765
10.341188
15.150849
15.698134
15.079091
16.343652
14.756936
10.027723
9.6147548
21.240032
9.6325659
16.058596
16.238805
14.917849
9.3747021
8.9835179
21.461439
9.0205466
14.996984
15.332917
9.5382792
9.1539415
21.401497
9.2030723
15.016977
15.593047
16.006146
10.74455
10.245639
21.192156
10.414099
16.090403
16.196675
15.72699
10.037498
9.5746776
21.229153
9.5411556
14.442545
16.280824
9.3807471
8.9716061
21.45034
8.9902157
16.107865
9.5585658
9.1204678
21.396913
9.1409324
16.802759
18.866565
18.067968
24.098062
17.975009
16.532157
17.544213
19.08203
18.186811
24.348182
18.181694
19.318823
18.532514
24.742717
18.523527
17.366436
16.242968
19.248074
18.39218
24.638516
18.377145
9.0507982
8.6770278
21.572042
8.6610921
15.223143
14.586775
9.0141117
8.634244
21.591999
8.6341699
14.791221
15.54939
14.656302
15.377716
8.9904799
8.6042325
21.605503
8.6237804
14.477515
14.60889
14.557236
14.406777
9.01076
8.6418982
21.597159
8.6270082
15.439577
17.398667
19.371529
18.551365
24.862794
18.528227
19.370268
18.544639
24.858825
18.527686
15.816652
16.441499
19.35249
18.583612
24.826741
18.617606
16.554386
16.962079
19.361188
18.569289
24.820158
18.544904
17.585168
17.313697
19.386
18.54732
24.881694
18.536235
16.916305
16.358658
16.403264
15.884792
16.560509
19.405291
18.540246
24.917364
18.537209
15.921919
16.709031
16.825305
19.429357
18.52416
24.95375
18.517548
16.219701
16.675906
16.524942
15.884227
19.430358
18.529974
24.943026
18.569987
14.651992
15.365496
14.715355
8.8163661
8.4686606
21.720746
8.4862871
14.620962
14.676281
16.300825
15.633843
8.7928747
8.4142413
21.74158
8.4106182
15.706495
14.844281
15.365588
14.5808
8.7698161
8.370422
21.754125
8.3926409
14.501609
14.653744
8.7746041
8.3586746
21.748539
8.3608151
14.743148
15.380836
16.467095
16.526007
19.520406
18.72347
25.082159
18.75306
16.579904
15.817696
15.945533
19.486107
18.637694
25.045135
18.632199
15.872428
16.584796
19.46242
18.599512
25.007868
18.643462
15.868071
16.820264
15.980251
19.459494
18.53579
25.006032
18.54683
16.572264
16.058704
15.939529
19.521952
18.637119
25.105183
18.601333
15.963369
15.946307
16.526248
16.734865
19.528593
18.735389
25.108352
18.734249
16.487947
16.626121
15.93964
19.557362
18.652506
25.157888
18.697194
15.886304
15.970498
16.090952
19.545557
18.731789
25.132953
18.695214
15.322652
14.416766
8.616584
8.2273966
21.860282
8.2419646
15.338965
14.56452
15.278184
14.660787
8.6049314
8.2357946
21.87616
8.2573686
14.491671
15.274866
8.6732712
8.3034791
21.815618
8.2713392
14.598805
15.215141
15.299554
15.415646
14.549394
8.6308497
8.2428214
21.858965
8.231606
14.518545
15.233761
16.739216
16.507376
19.627676
18.787972
25.283074
18.7547
16.099083
16.597739
16.125058
19.609532
18.699301
25.257246
18.726124
15.945703
16.551721
16.01241
16.627177
19.584053
18.769403
25.18641
18.722596
15.749865
15.996744
16.004095
16.663884
19.597712
18.762345
25.221713
18.736363
16.57231
15.937497
15.929378
19.626259
18.736165
25.289862
18.769755
15.935406
15.893112
16.490975
15.816474
19.636816
18.77854
25.288625
18.754628
15.884914
16.628171
16.032457
15.782908
19.604292
18.720153
25.241176
18.737902
16.588628
16.023375
15.84001
19.64849
18.828817
25.283741
18.806086
15.955766
15.884796
14.464223
14.620693
8.8644526
8.4833289
21.699601
8.4941755
15.265216
15.336825
15.257164
8.8829866
8.5039288
21.684194
8.4994362
15.378209
14.493349
14.629328
15.394018
16.115877
8.9063877
8.5175494
21.664582
8.5099282
15.306449
14.591272
8.9072438
8.5236086
21.671391
8.503031
14.563169
15.422197
19.526733
18.710061
25.086864
18.709989
19.534346
18.728495
25.115879
18.726002
16.08387
15.785324
15.917836
16.602124
19.575581
18.717244
25.192415
18.703699
15.786633
16.643701
16.6974
19.536765
18.664189
25.140983
18.657806
16.015623
16.046046
16.081679
19.500201
18.700415
25.060737
18.753265
16.625555
15.850231
15.699602
19.488294
18.657556
25.038426
18.630967
16.522066
16.48391
16.326019
17.39002
19.454849
18.566523
24.995873
18.603801
15.836053
19.48137
18.661352
25.031427
18.640683
14.530723
14.528591
9.0454588
8.651936
21.576354
8.6543409
15.558027
14.657454
14.412958
9.0778961
8.6743276
21.578235
8.699312
14.50755
15.585149
14.558518
9.2024658
8.8021252
21.535307
8.7964013
15.191543
15.264036
15.604008
15.422918
9.1559753
8.8148938
21.542663
8.7937549
15.474354
14.46728
15.930558
15.868539
19.427622
18.569559
24.953087
18.559965
15.961708
19.428345
18.617411
24.94925
18.628124
16.853462
16.907325
15.913401
16.128224
19.450393
18.695565
24.977874
18.633624
16.471826
15.924541
19.614593
24.975974
19.619653
16.485696
19.418216
18.57124
24.918741
18.497533
19.406993
18.56954
24.891896
18.528896
16.647977
17.199922
19.388351
18.543963
24.852422
18.514787
16.012741
16.32943
19.382589
18.517058
24.862357
18.575942
16.879435
14.383877
17.489525
17.200432
16.86867
18.829859
17.973412
24.110932
17.90426
17.030873
17.493139
16.922297
19.078522
18.157628
24.362366
18.31357
17.222093
17.672528
19.323677
18.455418
24.755825
18.526253
16.648876
19.257722
18.364782
24.66556
18.402299
17.202578
35.349982
35.215173
32.1122
32.141021
37.544096
35.675708
37.338025
37.502394
35.858745
35.849528
39.165148
39.162881
39.209026
39.183785
38.74475
38.91279
36.031677
35.928364
39.599982
39.494329
28.919269
27.961906
34.656972
34.597529
30.708323
30.034349
31.958253
31.887285
35.949563
36.007476
39.091821
39.295207
39.205209
39.457195
37.173198
35.512413
35.91958
35.93364
37.249471
37.427088
39.639712
39.725205
39.753247
39.657389
35.38862
35.822752
34.101895
33.532473
32.289855
33.17695
35.702858
35.850169
37.049528
35.51839
38.411127
38.225239
38.984612
39.177802
39.054082
38.952508
34.272792
34.455624
36.012557
36.153895
33.788235
34.252624
35.03554
37.149989
31.099547
30.260848
32.434417
32.447003
33.311697
33.141869
33.867453
33.79532
35.602114
36.210899
36.083978
35.681931
36.440224
36.446062
36.339539
36.202543
35.945888
35.923334
36.406317
36.464011
34.148842
34.26668
34.517654
34.523808
35.447313
35.527651
35.670419
35.337589
35.985947
35.99074
35.081807
34.959781
34.679569
34.242403
35.662931
35.68366
35.714231
35.796918
39.04383
38.888382
34.320786
34.733757
39.362502
39.521529
36.666863
36.693498
33.99996
34.133534
27.755302
27.818429
34.780413
34.915786
29.178209
29.538882
34.059695
34.168463
39.194629
39.226318
38.85052
39.154136
39.003528
39.147405
35.599283
35.923228
35.779141
35.863287
39.17178
39.280124
39.20137
39.270138
35.779941
35.952305
38.366981
38.285131
34.997291
34.669551
15.006625
18.446174
9.0925273
8.7590376
21.546398
8.7635624
15.007844
18.446203
15.060501
18.486146
9.1656708
8.7901333
21.528453
8.7722566
15.06873
18.487871
15.127725
18.52948
9.2767685
8.9351285
21.521067
8.9351281
18.534255
15.058482
18.487023
15.063163
9.1711246
8.7885203
21.511106
8.7776756
15.062144
18.485884
14.900105
18.393458
8.8314694
8.4397876
21.732668
8.4505672
8.9061191
8.5091036
21.671097
8.5066019
14.937272
18.406546
14.960152
18.424985
8.9640355
8.5922362
21.635906
8.5450899
14.945892
18.409925
8.9306634
8.5627134
21.644925
8.5455299
18.408583
14.796549
18.332126
14.797415
8.6240167
8.2707769
21.859601
8.2426327
14.790972
18.32676
8.670315
8.3216695
21.832163
8.332456
14.816168
18.336698
14.848693
18.354069
8.7522378
8.4064931
21.767451
8.3942211
18.357316
14.814406
18.33454
14.815966
8.6609175
8.3133674
21.821538
8.3098603
14.815505
18.336595
14.904603
18.381126
8.8403144
8.4688384
21.705369
8.4598101
18.378225
8.8057089
8.3767864
21.733808
8.3971818
14.829436
18.356427
8.6948927
8.3293804
21.807228
8.3693779
14.826217
18.353659
14.874981
18.366043
8.8022429
8.4281083
21.738533
8.4448888
14.994892
18.431299
14.991409
9.0296439
8.6041411
21.589688
8.6149308
14.997317
18.433929
14.983634
18.432947
14.980234
8.9972223
8.5922099
21.609273
8.5993505
18.43284
14.933636
18.398235
14.936575
8.9292104
8.5342878
21.640168
8.554479
18.408219
14.975177
18.437558
14.975953
9.0049487
8.6403295
21.615252
8.6537588
18.439617
16.23923
19.245655
11.446646
10.988626
21.283675
10.81859
16.318265
19.303649
15.3859
18.673531
15.41123
9.8012514
9.3678418
21.299054
9.3371704
15.376133
18.671761
15.122933
18.509117
9.2811303
8.8764611
21.479824
8.8674232
15.122786
18.502056
9.705929
9.2897417
21.368019
9.309423
18.648523
11.451216
10.950011
21.281815
10.817898
19.304845
15.4134
18.689045
9.851212
9.4717141
21.297282
9.4938893
15.132629
18.529275
9.2994161
8.9054846
21.470001
8.928209
18.534335
9.7356069
9.305632
21.350179
9.2568545
18.676579
17.796645
23.998493
17.871591
22.247385
21.068988
22.559949
19.123194
18.214955
24.476374
18.226935
22.559941
21.203942
22.619328
21.203541
19.338929
18.593004
24.785861
18.561647
22.621559
21.117996
22.521238
19.203561
18.457586
24.558636
18.506207
22.519678
15.004195
18.447394
15.003285
9.0677293
8.673214
21.56693
8.6729614
18.446595
14.982715
18.424757
9.0054406
8.5996438
21.598444
8.6165471
14.986167
18.428049
14.966957
18.431555
8.9748119
8.5613237
21.628319
8.6030407
18.427922
14.985853
18.434489
9.0236895
8.6340651
21.598457
8.6409144
14.989586
18.435035
21.21414
22.575034
21.211338
19.387765
18.48049
24.874209
18.438606
22.576216
21.213155
22.606026
19.363046
18.476643
24.840786
18.438924
22.604191
21.218853
22.623489
21.21918
19.361295
18.554468
24.818671
18.528804
22.623236
21.205342
22.614522
19.357281
18.547204
24.842141
18.521642
21.220521
22.589568
19.395806
18.567823
24.875225
18.554107
21.20721
22.580897
21.248014
22.626862
19.430334
18.641727
24.938762
18.614633
21.249167
22.631155
21.263557
22.642766
19.434215
18.639678
24.943592
18.56778
22.648035
21.248454
22.614857
21.254225
19.423462
18.54391
24.931698
18.571045
21.251136
22.618023
14.895998
18.383029
8.8227048
8.4076369
21.719555
8.4199245
18.384014
14.867255
18.370211
14.866497
8.7967961
8.4700533
21.732855
8.4492599
18.365714
14.86206
18.360165
8.7532606
8.3904861
21.769626
8.348023
14.859994
18.360261
8.7835923
8.4184215
21.742774
8.412812
18.361714
19.51122
18.701579
25.088737
18.660161
21.296374
22.659214
19.479087
18.638464
25.011257
18.62159
21.294312
22.653062
21.265362
22.65535
19.439614
18.694495
24.966243
18.676586
22.654535
21.294679
22.638008
19.474136
18.598069
25.00628
18.575619
21.290304
22.63553
21.330101
22.695502
21.332525
19.519256
18.574681
25.10781
18.575647
22.687885
21.322172
22.670643
19.541239
18.738745
25.125292
18.713528
22.680389
21.368654
22.707501
21.365983
19.569565
18.662951
25.162419
18.680832
22.703998
19.532949
18.637459
25.132748
18.603827
14.792414
18.326456
14.785751
8.6087839
8.227251
21.872592
8.2246924
18.324335
14.783976
18.321382
8.5957183
8.2205182
21.877756
8.2159684
14.787683
18.321833
14.827599
18.345201
8.6864627
8.2858752
21.813351
8.3274883
18.344557
14.79565
18.318698
8.62163
8.2609458
21.853127
8.2376477
14.79575
18.3244
21.416507
22.757529
21.416171
19.657067
18.829727
25.304756
18.812777
22.745711
21.390961
22.733814
19.613392
18.674862
25.260279
18.770331
22.729716
21.367169
22.70379
21.37152
19.571637
18.766492
25.173668
18.748236
22.699387
19.601506
18.74297
25.250579
18.714083
22.722218
21.42033
22.765725
19.652697
18.802644
25.306268
18.793618
22.768141
21.421432
22.768301
21.40639
19.64948
18.815832
25.295869
18.777732
22.758835
21.377894
22.730752
19.605926
18.802325
25.231903
18.732161
21.389281
22.741162
21.407953
22.771724
21.399973
19.639754
18.79417
25.307936
18.784415
22.778172
14.904211
18.385476
8.8536398
8.4759746
21.690801
8.4792662
14.903503
18.380735
14.927175
18.410664
8.8942583
8.4822172
21.67461
8.474803
18.410739
8.9427345
8.5567631
21.628398
8.604773
14.935183
18.399248
8.8990254
8.5136718
21.678462
8.4989188
18.407453
21.318239
22.663801
19.510744
18.567053
25.081301
18.592253
21.311416
22.660637
21.32926
22.674301
19.532163
18.619699
25.115117
18.672716
22.685296
21.381771
22.730846
21.372168
19.583117
18.697695
25.205261
18.697299
21.386756
22.731285
21.326001
22.670953
19.533844
18.711602
25.123787
18.653472
21.293457
22.653168
21.287645
19.498625
18.669382
25.077477
18.688536
21.296192
22.652587
21.289734
22.653022
19.486486
18.619104
25.034715
18.720789
21.295099
22.658284
21.266297
22.636003
21.260706
19.448518
18.672683
24.992731
18.663771
22.63088
21.287524
22.655394
19.472438
18.619647
25.021081
18.578248
21.291918
22.659319
14.996411
18.436212
15.004708
9.0327961
8.615675
21.577223
8.6087654
18.437584
9.0929681
8.6902531
21.567065
8.6725873
15.03311
18.457977
9.2375569
8.8151491
21.510396
8.848221
15.107578
18.504379
15.029609
18.455731
9.1291771
8.7779956
21.535563
8.7727119
21.244039
22.620372
21.24588
19.423399
18.608623
24.9406
18.644388
21.251321
22.622574
21.267581
22.639424
19.436494
18.62627
24.945417
18.569061
22.631217
21.267891
22.630305
19.458066
18.64649
24.990412
18.630729
21.262701
22.618855
21.265861
22.649609
19.432245
18.547234
24.968914
18.594184
21.271653
22.644226
21.259251
22.632892
19.419
18.539109
24.929601
18.511438
21.257107
22.628034
21.2308
22.609617
19.399683
18.653204
24.877424
18.69534
22.601685
21.214559
22.624814
21.20827
19.360441
18.584604
24.829272
18.506368
21.224702
22.6279
21.223651
22.596617
19.389374
18.516618
24.873631
18.564707
22.594046
20.762945
22.258896
20.773992
18.689295
17.828962
23.983712
17.78036
20.758005
22.263141
19.147558
18.224521
24.483105
18.206888
19.342485
18.490178
24.78944
18.423258
22.595071
19.207933
18.276733
24.577889
18.276205
35.999643
33.899111
35.928571
36.248058
34.300413
34.262997
35.893211
36.190421
34.562626
34.162175
39.066774
39.230156
36.038835
35.984255
37.748365
37.525545
36.596285
36.59971
34.593518
36.578852
27.377048
29.182937
33.502529
33.615066
29.247761
29.395013
33.632069
33.436419
39.109969
39.328003
37.711285
35.779811
38.512631
38.599042
39.344877
39.380157
35.768729
35.635711
38.947851
38.930597
35.675258
35.908837
35.878512
35.696759
38.62679
36.664842
35.182018
34.885201
38.007446
36.22379
34.872381
33.104264
34.142996
34.576719
37.465874
37.229126
35.983647
36.003647
39.323491
39.583381
37.129848
37.115944
37.457674
37.462623
36.243697
36.174534
35.273502
35.239248
27.098276
27.248631
33.790723
34.244254
28.493868
28.035874
32.007196
31.769643
35.617322
36.112589
39.037736
39.041178
39.255586
39.190531
36.196401
36.363626
35.93589
36.030731
39.444286
39.224059
39.371392
39.524742
38.69723
38.72697
38.679309
36.979691
33.25951
32.901713
8.5795363
17.871621
39.482093
16.042627
18.156155
39.330992
12.764029
32.696046
32.698025
36.018479
36.112699
35.703033
35.78476
38.236805
38.684889
36.043001
37.669763
37.507178
37.458175
36.243738
36.26371
38.904836
39.413533
34.108538
33.674111
36.978605
37.025398
29.680173
30.004652
32.923841
32.985723
31.700714
32.05575
33.12408
33.52636
36.459046
36.957551
36.075684
36.123232
35.713051
35.95038
39.47961
39.686307
35.468982
35.550104
35.539613
35.945737
36.162023
35.688408
34.361109
34.146422
35.635101
35.557299
35.010081
34.99022
30.150179
33.133294
19.994521
23.016737
22.221213
32.420747
34.531676
22.309477
24.904992
23.617358
30.305879
33.088402
20.016824
23.024725
22.242706
32.420766
34.637133
22.328383
24.912838
23.647863
37.161918
36.850097
34.671382
34.65859
34.221059
34.264639
35.61771
36.360006
35.846638
35.963767
37.49504
37.425717
37.041911
35.33634
39.208042
39.394325
36.526323
36.587935
35.843858
35.48745
27.318673
27.585893
36.452581
36.011493
28.74569
28.979342
34.801738
34.505124
39.252352
39.269812
39.284517
39.233158
39.928769
39.881143
34.220263
34.681383
35.96349
36.041145
39.628395
39.644583
39.077111
39.109292
35.93563
36.041201
37.180869
37.207918
34.27062
34.722141
27.196688
27.196688
51.645706
43.538057
53.916952
15.02968
18.471615
15.025816
9.1051386
8.7163252
21.548499
8.6820216
18.474238
15.044933
18.478584
9.1470322
8.8140564
21.530155
8.8101428
15.087191
18.503863
9.2083409
8.7940268
21.526652
8.831151
15.080539
18.497168
15.074299
9.1861053
8.7674883
21.537307
8.7818266
15.087585
18.500013
8.8824963
8.5309653
21.707001
8.503569
18.401478
14.925192
18.406577
14.922777
8.8867508
8.5024835
21.69554
8.4678953
14.932429
18.413444
14.949192
18.424308
8.9442148
8.5422265
21.644276
8.5624668
14.945089
18.422831
14.941959
18.412909
8.9331948
8.5475041
21.648187
8.5545438
14.946454
18.418636
14.809265
18.340657
8.6471638
8.3099704
21.833972
8.2674604
18.335104
14.794327
18.328913
8.6243324
8.2490741
21.855612
8.2280659
14.800429
18.330205
14.840989
18.35312
8.7161388
8.3626124
21.77814
8.3245343
18.350463
14.832188
18.343505
14.830759
8.7092803
8.3303734
21.7921
8.3215269
14.835498
18.347053
14.901304
18.385559
8.8390739
8.4331847
21.710923
8.4470796
18.388324
14.905695
18.376323
14.904437
8.8339185
8.4341557
21.719641
8.4445798
14.855042
18.356201
8.7481579
8.38819
21.769688
8.3682586
14.852159
18.351628
14.857865
18.367068
8.7478818
8.3700113
21.775263
8.3757218
18.359034
14.971515
18.418505
14.974
9.017003
8.6395649
21.591417
8.6480652
14.971792
18.41844
14.968465
18.422638
14.962048
9.0086434
8.667771
21.579912
8.6211332
18.41994
14.955116
18.414551
14.958861
8.9498467
8.5425088
21.640614
8.5407879
18.419219
14.967664
18.430506
14.968927
8.9893887
8.6290371
21.617264
8.5928093
14.964715
18.434959
15.697931
18.88477
14.990903
10.452523
9.9649001
21.169724
10.060114
15.703053
18.853918
10.212565
9.7729686
21.245027
9.7357397
9.4158204
8.9934945
21.456696
8.9617797
15.215323
18.577867
9.4620383
9.029792
21.419436
9.0203498
18.56369
15.733977
18.928976
15.785011
10.471238
9.9733723
21.15262
10.078822
15.711372
18.908404
15.626812
18.864768
15.577594
10.207205
9.7025777
21.227532
9.664654
18.881456
15.216464
18.582016
15.21269
9.4498423
9.0345608
21.42164
9.0608644
15.232952
18.607797
9.4907623
9.0493184
21.401064
9.0582505
15.229755
18.601845
20.917531
22.362189
18.918898
18.086163
24.136327
18.089058
22.389801
19.026975
18.217743
24.301115
18.138337
21.183737
22.592216
21.195633
19.285763
18.540167
24.699267
18.457897
22.583264
19.267387
18.484117
24.64597
18.401048
22.541356
25.065107
25.065107
47.147591
40.360842
49.115362
14.990374
18.434281
14.995675
9.0450402
8.6729456
21.570933
8.6839351
18.433543
14.983755
18.432558
9.0255229
8.6391166
21.586672
8.6444822
14.986813
18.433836
14.972495
18.432355
8.9963099
8.6205257
21.607952
8.5916172
18.434746
14.980978
18.429764
14.976724
9.0036988
8.6035074
21.605366
8.5926035
18.432768
21.215428
22.621501
21.224616
19.376249
18.560947
24.862773
18.563374
22.630483
21.22743
22.624334
19.375777
18.571844
24.860834
18.545947
22.627334
21.19848
22.608171
21.20467
19.35191
18.58525
24.819404
18.657529
19.367464
18.486108
24.846626
18.489268
21.218192
22.581841
19.386242
18.571044
24.883313
18.563645
22.588744
21.237518
22.614838
21.222113
19.397894
18.542975
24.900763
18.537037
22.608523
21.23897
22.630676
19.410817
18.596775
24.942184
18.643653
22.633133
21.259883
22.634152
21.255722
19.434859
18.593295
24.942932
18.636761
22.635899
14.884076
18.372173
8.815259
8.4191605
21.729903
8.4475552
14.888779
18.378887
8.8029261
8.4218771
21.730441
8.4112415
18.376977
14.8663
18.370167
8.7684023
8.3969888
21.757292
8.3828807
14.864768
18.367849
14.857437
18.360809
8.7530174
8.3399444
21.773848
8.3997046
18.355796
21.327358
22.677535
21.305586
19.517877
18.642558
25.076689
18.741467
21.306824
22.668254
21.302075
22.669614
19.48624
18.669304
25.050575
18.674647
22.674045
21.260043
22.653826
21.258505
19.464237
18.703612
25.008512
18.689119
19.456353
18.58794
25.011033
18.603195
22.639251
21.335996
22.677012
19.53595
18.661397
25.109354
18.626105
21.3527
22.691651
21.335876
22.696473
19.536824
18.708646
25.119489
18.695725
22.67639
21.346576
22.696424
19.556943
18.618429
25.155057
18.619714
21.347053
22.696711
21.334078
22.703722
19.545263
18.773837
25.146223
18.742745
22.702813
14.784733
18.326189
14.790999
8.6053815
8.2346798
21.864195
8.2192534
14.788294
18.328285
8.6197419
8.2479863
21.856774
8.2450578
18.323243
14.810697
18.333614
8.6574872
8.2859637
21.824812
8.2588216
18.338015
14.81029
18.336124
14.803743
8.6472069
8.2743908
21.834754
8.2370818
18.336001
21.396562
22.742163
19.628901
18.818897
25.278083
18.738516
21.407176
22.755943
21.412534
22.742422
21.409397
19.632486
18.790109
25.266552
18.774246
22.741089
21.377566
22.715127
19.586036
18.746831
25.193741
18.747246
21.382716
22.716551
21.38752
22.72005
19.594721
18.699523
25.211384
18.711248
22.720887
21.408736
22.750777
19.635966
18.779799
25.290844
18.868551
22.765176
21.405585
22.748141
21.418699
19.642125
18.799022
25.297269
18.771541
22.767473
21.40368
22.746915
19.624698
18.717202
25.266601
18.769907
22.741861
19.624742
18.808297
25.263997
18.841723
21.395571
22.743527
8.8687268
8.456077
21.68108
8.4571917
14.914793
18.394285
14.919082
18.398414
14.907444
8.8757101
8.5056002
21.686421
8.516892
18.39739
8.909719
8.5170047
21.66572
8.5219072
14.932552
18.398284
14.926457
18.397762
14.936147
8.9011927
8.511279
21.672711
8.53155
14.931889
18.397709
21.328216
22.679343
19.521613
18.607575
25.095837
18.654587
22.683822
21.312499
22.664541
21.316301
19.529664
18.721088
25.103865
18.642132
22.6816
21.357941
22.705523
19.57877
18.728363
25.187757
18.729808
21.36926
22.713454
21.350614
22.710553
19.542534
18.689237
25.147943
18.656927
21.354703
22.70867
21.300826
22.644522
19.494943
18.669774
25.041767
18.670299
21.299687
22.641168
21.295074
22.663885
19.483082
18.671367
25.048466
18.678226
21.298269
22.658224
19.465956
18.619135
25.009393
18.573318
22.636892
19.474379
18.609132
25.018988
18.637572
22.638241
15.005292
18.450098
9.050646
8.6675133
21.571728
8.6561911
15.00622
18.451781
15.010586
18.448428
9.0642351
8.6764727
21.566702
8.6709312
18.450039
9.1906121
8.7881282
21.510815
8.7778403
15.070198
18.476161
15.060102
18.472708
9.1606117
8.7727948
21.548275
8.7466978
15.068197
18.47849
19.405647
18.591457
24.945546
18.682113
21.221811
22.61197
21.220332
22.611474
19.409932
18.669722
24.938392
18.655728
22.612978
21.257157
22.640304
19.440006
18.5809
24.984247
18.614012
21.270323
22.646972
21.270437
22.646572
19.449048
18.628184
24.97303
18.647472
22.640046
21.256267
22.632019
21.256297
19.418963
18.59623
24.909242
18.617325
21.258849
22.633877
21.25525
22.627872
19.417336
18.536994
24.901724
18.560468
22.633612
21.222282
22.605656
21.217789
19.366302
18.441531
24.839085
18.504349
21.214148
22.588027
21.218574
22.582389
19.388544
18.532686
24.854612
18.537372
21.216915
22.58508
20.903026
22.388312
18.91544
18.057671
24.169764
18.006943
20.926909
22.411571
19.025235
18.179088
24.304365
18.178199
21.170541
22.621227
19.29748
18.454928
24.736806
18.446224
21.159573
22.625931
21.142876
22.61682
19.265415
18.507885
24.682772
18.489803
22.626031
27.208578
27.208578
51.618105
43.553163
53.821837
25.173011
25.173011
47.330181
40.52645
49.199545
32.792455
33.308759
36.168871
36.171502
34.033962
33.988652
36.990939
35.626422
36.343394
36.242273
39.669079
39.931066
35.912462
35.945281
37.713937
37.547778
35.995956
36.639698
36.736517
36.782787
28.980255
28.213633
33.537949
33.397873
30.611719
30.369769
33.225888
33.03688
36.5293
36.387092
36.221017
36.042286
39.188337
38.918827
39.638105
39.642877
34.188971
34.281062
38.970856
38.99893
36.262311
36.104761
35.941418
36.118384
35.621057
35.606279
34.922797
34.90953
23.111353
46.527094
24.277577
49.930669
16.83031
28.227934
12.938692
26.894115
57.389445
45.815834
37.346531
35.805
45.754239
42.430843
31.335155
41.064087
35.91961
33.530274
33.787077
34.651579
38.711803
39.740391
56.535379
57.512186
57.197723
52.095762
43.938855
48.020364
31.108748
40.985558
35.75898
17.970819
34.491183
38.966726
39.754629
40.326529
38.852368
22.443803
9.1728244
46.332373
23.984308
50.050888
28.177669
14.18286
26.959786
57.455945
45.943195
37.57569
35.854946
45.778191
42.554233
55.978946
57.639907
57.229358
51.913118
44.20815
43.899007
44.170868
47.89573
20.030126
20.348282
13.430159
14.976722
19.835693
20.169893
11.456963
14.147776
19.418365
42.150241
44.762346
34.096303
42.218965
15.016664
18.454728
9.1053064
8.7562987
21.534862
8.7535321
15.011471
18.454551
15.057115
18.487846
15.061644
9.1601215
8.783705
21.53834
8.7796269
18.486376
15.103956
18.513964
9.2449278
8.8451862
21.506259
8.8653127
15.067493
18.489711
9.1830766
8.7992936
21.502948
8.7784878
14.907597
18.397146
8.8459843
8.4533914
21.713435
8.4560993
18.403852
14.932917
18.412002
8.8971764
8.4888291
21.67722
8.4930608
14.926699
18.405674
8.9569581
8.5599477
21.646616
8.5622934
18.420162
14.937529
18.413652
8.9138871
8.5198129
21.664711
8.5232591
18.410262
14.794115
18.322256
14.790713
8.6146214
8.2194064
21.868231
8.2147237
14.803863
18.329787
8.6467002
8.2655113
21.842978
8.2866729
14.800278
18.324853
8.7208019
8.3344091
21.803463
8.3562788
18.348499
14.819498
18.341982
8.6660361
8.3009296
21.830845
8.310057
14.814342
18.337467
14.89862
18.390758
14.897951
8.8453494
8.4713314
21.704947
8.4758323
18.39258
14.887849
18.368055
8.8060961
8.4377385
21.726831
8.4161857
18.371388
14.840155
18.353551
8.7178501
8.3317902
21.787442
8.3629103
18.34838
14.867051
18.368787
8.7805617
8.4173427
21.760457
8.4538114
14.867448
18.369828
14.982084
18.423313
14.992588
9.0242556
8.6289701
21.590674
8.6297146
14.972962
18.430623
14.97733
8.9848956
8.6028036
21.617353
8.6057821
18.430395
8.9492306
8.5588968
21.628672
8.5616339
18.409318
14.972466
18.442514
8.9921001
8.6293687
21.622415
8.6440414
14.969165
18.440006
16.031105
19.106812
16.088682
11.056196
10.558712
21.190305
10.750534
9.8999932
9.4346468
21.295263
9.3803026
15.461792
18.720403
15.143412
18.527297
15.143738
9.3114513
8.9144233
21.480152
8.9075018
15.297011
18.624399
9.6154251
9.2100442
21.389777
9.224418
16.027804
19.116216
11.087662
10.595364
21.178741
10.744851
15.979932
19.089487
15.454405
18.737035
15.440697
9.9402627
9.5399086
21.272859
9.4801854
9.3289244
8.9152772
21.475802
8.9129245
9.653759
9.2431304
21.362045
9.2410436
18.637316
18.750361
17.830709
24.002148
17.863233
22.262349
21.05513
22.552624
19.100216
18.242628
24.425826
18.284455
21.069398
22.544881
21.204389
22.62617
19.336118
18.561155
24.776401
18.544339
21.204822
22.626098
21.133035
22.499122
21.125566
19.224972
18.304503
24.586221
18.401552
21.121335
22.480343
21.660276
45.882842
44.559995
37.956988
42.259143
15.000356
18.444491
9.0558485
8.6527765
21.568183
8.6548667
14.999295
18.443618
14.982476
18.432445
14.981273
9.0122025
8.6387698
21.592918
8.6338919
18.432702
14.960969
18.423645
14.964328
8.9819988
8.5924484
21.619083
8.604804
18.431816
9.0218677
8.6826125
21.602764
8.6638141
18.430951
21.222205
22.592578
21.206288
19.387147
18.578466
24.874649
18.502801
22.590942
21.234959
22.63024
19.386298
18.543493
24.866046
18.48093
21.227605
22.621415
19.352618
18.585783
24.818021
18.56828
21.206225
22.614826
21.216881
22.600549
19.361406
18.475032
24.827421
18.507452
22.594155
21.223194
22.577193
19.390735
18.510508
24.868468
18.490035
21.219947
22.574882
21.246861
22.628874
19.410808
18.56848
24.930928
18.532604
21.242489
22.631816
21.264583
22.622756
21.272449
19.434223
18.588123
24.937958
18.563101
21.259281
22.616919
21.256505
22.642434
19.434716
18.619507
24.955172
18.589503
21.243271
22.635037
14.885511
18.377136
14.885544
8.8132774
8.4285075
21.714082
8.4232197
18.378207
14.870789
18.379734
8.7792882
8.3813692
21.756174
8.4051332
18.384225
14.867665
18.361119
8.756209
8.3671092
21.757163
8.3688322
14.867799
18.361752
14.862117
18.360641
8.7672288
8.3861619
21.753519
8.4034657
18.356826
19.522371
18.729643
25.094266
18.686561
21.296141
22.660142
19.481092
18.668493
25.016434
18.67004
22.663408
21.266708
22.655938
19.454852
18.728634
24.982704
18.622424
21.265064
22.656341
21.282652
22.637155
19.465937
18.552137
25.002234
18.577368
22.642616
21.332476
22.687936
19.529045
18.613035
25.108018
18.608075
21.334419
22.68711
21.327295
22.687315
19.531106
18.63907
25.11645
18.633077
21.321397
22.689955
21.362642
22.702776
21.361224
19.566183
18.72804
25.151735
18.734447
21.360261
22.702358
21.337626
22.67623
19.542595
18.636102
25.12135
18.618963
22.683443
14.794207
18.328013
8.6148486
8.25289
21.863586
8.2501673
14.788462
18.323887
14.79251
18.321845
8.6120063
8.2233799
21.852911
8.2059073
18.323304
14.819554
18.345996
8.6709839
8.3108165
21.837934
8.3506623
14.814151
18.337657
8.6256331
8.2383943
21.855129
8.2486149
18.324116
19.631725
18.713727
25.28246
18.796881
22.73935
21.396869
22.744472
19.618528
18.814902
25.250442
18.787988
21.384597
22.734732
21.369568
22.719821
21.369325
19.578948
18.77226
25.174455
18.735354
22.714667
19.601894
18.694424
25.23619
18.722753
21.381847
22.71893
21.415839
22.760605
19.639628
18.721055
25.307911
18.74463
21.41029
22.758017
21.410085
22.760635
21.417355
19.637051
18.806679
25.295573
18.851969
21.385779
22.733522
21.384343
19.609206
18.770535
25.233958
18.750503
22.729878
21.409129
22.752768
19.642222
18.825537
25.293981
18.840296
21.407168
22.748348
14.899413
18.379393
14.895844
8.8440248
8.4571904
21.699372
8.4422454
18.382835
8.8882576
8.4945353
21.685477
8.4947196
14.927779
18.397449
14.93962
18.404707
8.9319787
8.5456109
21.643812
8.5659497
14.943398
18.408405
14.938298
18.409964
14.92764
8.9060682
8.5251292
21.67414
8.5024864
18.403927
21.332277
22.666008
19.521282
18.653026
25.078048
18.622978
21.332517
22.665977
21.330489
22.680089
21.32787
19.534788
18.743471
25.107603
18.725027
21.329328
22.681007
21.370893
22.72216
21.373047
19.57498
18.714783
25.19539
18.750849
22.728709
19.543946
18.6947
25.139823
18.634014
21.341363
22.694561
21.284985
22.649949
19.495389
18.700175
25.067267
18.698567
21.286219
22.647865
21.301629
22.669424
21.302206
19.491928
18.621998
25.052043
18.698061
21.30106
22.66556
21.268826
22.632274
19.458009
18.584529
25.004062
18.61817
21.275402
22.641261
21.291717
22.665898
21.310057
19.472644
18.629672
25.035026
18.638215
15.006544
18.440405
15.006793
9.0360432
8.6373159
21.582831
8.6181786
18.441304
15.025964
18.454078
15.027904
9.0879653
8.6832392
21.578564
8.6700102
18.448262
15.096104
18.505051
9.2200285
8.823394
21.531351
8.8342136
15.093059
18.502434
9.1348572
8.7530016
21.541595
8.7437075
15.041084
18.465654
19.412141
18.556321
24.941558
18.575462
22.610928
21.249502
22.632483
19.429717
18.673281
24.946837
18.645452
21.244953
22.629775
21.270897
22.628305
21.269316
19.451515
18.548239
24.984793
18.589699
22.617736
21.256231
22.64946
19.440213
18.624545
24.97945
18.614646
21.259016
22.653394
21.262193
22.632535
21.260898
19.4225
18.493224
24.925108
18.482253
22.627549
21.237842
22.610987
21.226631
19.4092
18.514428
24.888871
18.574321
22.620324
21.236405
22.62873
19.387321
18.60305
24.846957
18.483475
22.626866
21.221818
22.594102
19.377169
18.585863
24.852825
18.570455
18.761945
17.944099
24.01679
17.875696
19.121608
18.228845
24.45656
18.20863
22.552159
21.196583
22.602941
21.208507
19.329666
18.473836
24.775601
18.445407
22.58246
19.237462
18.328943
24.599702
18.323229
21.148083
22.538818
19.360822
42.019602
44.680675
33.992914
42.154223
21.656278
45.92428
44.539327
37.954323
42.237731
33.814738
36.221115
34.745484
10.724422
18.452477
38.868795
39.422455
37.294162
40.325699
45.197663
41.00967
44.107288
43.017546
46.073385
41.681297
47.641321
42.088303
43.888008
41.660008
10.884947
21.352463
44.314529
42.921799
42.250932
45.610882
44.521089
46.392137
43.524941
48.828333
45.493628
47.281382
47.037002
33.343223
36.24003
34.71063
17.60546
10.160787
18.819623
39.050529
39.537541
37.748208
40.399054
45.267198
41.094141
44.177739
43.089357
46.14858
41.761447
47.709835
40.998436
43.270744
41.023105
10.977595
21.248949
44.330059
42.959936
42.225432
45.442935
44.629712
46.263376
43.720102
48.696293
45.645482
47.138335
47.104266
22.793203
23.201945
17.090071
15.841312
11.87207
22.826214
23.137888
16.35856
11.862242
43.589271
51.479146
59.171531
21.044013
15.023904
18.469618
15.025753
9.1061936
8.7416777
21.536626
8.7223638
15.018088
18.465744
15.054974
18.484162
9.1595181
8.8109108
21.533306
8.8091352
18.482717
15.089654
18.499779
9.2152526
8.7911636
21.509928
8.8274928
15.100041
18.50757
15.074975
18.501552
9.1860436
8.8077016
21.524582
8.8001595
18.497742
14.908175
18.397332
8.8508608
8.4616098
21.721402
8.4588339
14.90674
18.400738
8.9018492
8.5215527
21.681378
8.4937915
18.403317
14.950338
18.421695
8.937944
8.5370057
21.654852
8.5450617
18.420903
14.941974
18.410992
8.934672
8.5634863
21.640892
8.5677507
18.407111
14.79801
18.331299
8.6329176
8.2535668
21.83943
8.2296503
14.807145
18.339799
14.806615
18.334068
14.802442
8.6526091
8.2864235
21.831439
8.2709735
18.332594
14.845053
18.34966
8.7158652
8.332469
21.7908
8.31682
14.844695
18.347421
14.82233
18.337434
14.82561
8.7031355
8.3760681
21.805317
8.3576396
18.33833
14.900755
18.390666
8.8512541
8.4783791
21.701947
8.4609641
18.39199
14.897997
18.374499
14.900764
8.821123
8.4581876
21.718498
8.4550348
18.377321
14.842559
18.346139
8.7130936
8.3240597
21.791101
8.3216621
18.348933
14.872394
18.373004
8.7709351
8.3746736
21.755093
8.3953142
18.370587
14.974904
18.421544
9.0230794
8.6469204
21.589077
8.6647908
14.976662
18.422359
14.965
18.425651
14.962014
8.9912208
8.6237936
21.607468
8.587106
18.426539
14.963488
18.419614
8.9743926
8.6379961
21.621007
8.5718166
14.955981
18.419141
14.970104
18.428994
14.971062
8.9722511
8.5663893
21.633329
8.5627241
18.427528
15.783499
18.965977
14.940951
10.641187
10.154994
21.183985
10.128645
18.968894
15.53784
18.755719
10.066315
9.5945669
21.235465
9.6633247
9.3823107
8.9502952
21.465924
8.9591081
15.183927
18.553745
15.251008
18.610084
9.5036098
9.0505715
21.427884
9.048132
18.617847
15.856449
19.015627
10.65829
10.146002
21.176552
10.11807
15.883581
19.039448
15.541414
18.814506
15.556996
10.077252
9.5734817
21.23017
9.6017023
18.7894
15.182503
18.568244
9.3958056
8.9932004
21.448404
9.039301
18.564511
15.267681
18.627346
9.5431718
9.1353769
21.395956
9.1338427
18.625666
18.875402
18.119195
24.091686
18.067613
21.037018
22.468315
21.034082
19.069323
18.180376
24.336094
18.125431
21.192638
22.61283
19.298922
18.543317
24.722741
18.44382
21.199944
22.619029
21.141477
22.54502
19.249028
18.386121
24.644478
18.390632
47.109001
50.411771
58.357547
14.996059
18.438607
9.0576853
8.7187104
21.560766
8.705204
14.996095
18.439742
14.982017
18.433777
14.981668
9.0133617
8.6285298
21.597519
8.6248294
14.982685
18.433503
14.964024
18.42182
14.967389
8.9813691
8.5898102
21.612447
8.593048
18.427339
14.975833
18.428657
14.977101
9.0034946
8.6442409
21.606138
8.6232874
18.433928
21.220352
22.62233
19.375582
18.554832
24.866563
18.548945
21.208868
22.611895
21.234239
22.636227
21.219369
19.384226
18.606966
24.867274
18.621679
22.631775
19.351568
18.5694
24.825677
18.65903
22.613211
21.215962
22.612725
21.217639
19.363454
18.557322
24.828463
18.514197
22.610516
21.223262
22.592733
19.38765
18.54655
24.888623
18.533098
22.587095
21.242092
22.620488
19.411577
18.609
24.913567
18.581861
21.239043
22.618938
19.427764
18.568359
24.954197
18.624886
22.623085
21.262425
22.613376
19.435694
18.56254
24.93734
18.621364
14.879265
18.373898
8.8211853
8.4749498
21.726613
8.4569534
18.375534
14.884647
18.388632
8.7973592
8.4294797
21.735699
8.4076908
14.880493
18.383879
14.859586
18.360305
8.7587924
8.3627394
21.75638
8.3713623
18.371565
14.861692
18.360153
8.7730763
8.4049649
21.752916
8.4550913
14.865975
18.360055
21.327355
22.673085
19.526466
18.617602
25.087407
18.728419
21.313849
22.675909
21.295733
22.663258
21.309994
19.481296
18.660066
25.041942
18.663181
21.300964
22.6699
21.261342
22.659459
19.447909
18.627044
24.995878
18.676989
22.665174
21.269064
22.636252
19.457584
18.566134
25.008479
18.587897
21.273069
22.636012
19.544371
18.664819
25.122067
18.626176
22.679175
21.321431
22.677952
19.535515
18.641583
25.117228
18.629228
21.315956
22.67629
21.346602
22.698772
21.354142
19.558909
18.651878
25.155441
18.636249
22.714909
21.352698
22.705269
21.350989
19.555381
18.719369
25.149478
18.704558
22.694715
14.795105
18.327452
8.6225378
8.2503954
21.854314
8.2319728
18.326423
14.79051
18.326573
8.6028722
8.2142036
21.875853
8.2205279
18.326316
14.815671
18.337178
14.806139
8.667639
8.3083368
21.820633
8.2790341
14.804177
18.325444
14.799385
8.6355261
8.2556662
21.844325
8.2538299
14.807421
18.332945
21.404508
22.750242
19.62872
18.778206
25.28431
18.723146
21.4077
22.755812
21.408217
22.740778
21.404074
19.626671
18.755095
25.267912
18.797787
22.743741
21.374992
22.720828
19.586331
18.763596
25.185556
18.771179
22.721705
21.386065
22.721279
19.601526
18.70235
25.224399
18.691207
21.383339
22.719849
21.417884
22.763553
19.640613
18.784715
25.30132
18.882182
22.745127
21.411391
22.765505
19.641263
18.79995
25.293141
18.774207
21.413246
22.770872
21.395607
22.740118
19.610131
18.794439
25.241926
18.781064
21.378639
22.720102
21.412685
22.743736
21.388992
19.645614
18.84304
25.280781
18.83078
21.421975
22.757494
14.906949
18.385876
8.8528344
8.4525975
21.712797
8.464121
18.3912
14.917362
18.399737
8.874809
8.4765497
21.693455
8.5039032
14.92061
18.397423
14.931518
18.405706
8.915203
8.535302
21.655323
8.5443508
18.403485
14.922951
18.401401
8.901209
8.517087
21.669719
8.5249031
14.933585
18.409885
21.328524
22.675122
19.522003
18.710068
25.08275
18.708708
21.336248
22.680273
21.321187
22.67976
21.323284
19.520506
18.724955
25.107007
18.636451
21.323637
22.680213
21.360169
22.715357
19.574729
18.693536
25.18931
18.749412
22.723639
21.353461
22.700846
21.34582
19.557758
18.71407
25.156239
18.69376
21.346823
22.697168
21.300175
22.661505
19.497515
18.683331
25.051794
18.673431
22.657501
21.303624
22.661429
19.501143
18.635092
25.053697
18.632568
21.295001
22.651175
21.291689
22.635101
19.477735
18.596633
25.014483
18.60565
22.625268
19.481719
18.642929
25.030764
18.618207
15.004231
18.45093
9.0446632
8.6484438
21.576041
8.6486628
18.451222
15.019102
18.456185
9.0775474
8.698872
21.570677
8.6856965
15.018714
18.456567
9.2035
8.8218008
21.525376
8.8072174
18.493974
9.145251
8.7782368
21.556693
8.7376693
15.045406
18.468276
21.223148
22.603138
19.396429
18.588515
24.933558
18.66111
21.242609
22.61115
21.236101
22.61505
21.235021
19.425411
18.651193
24.946064
18.61569
22.620012
21.256562
22.643877
19.45113
18.703588
24.986618
18.652465
21.26077
22.644297
21.26444
22.656296
21.267301
19.453834
18.689243
24.981048
18.629939
21.256117
22.656384
21.262448
22.637273
21.266575
19.423236
18.539691
24.922142
18.529185
22.630252
21.249604
22.626202
21.248143
19.416881
18.630639
24.898693
18.637764
22.623253
21.231678
22.623614
19.380744
18.553553
24.852468
18.568044
22.623478
21.218021
22.592164
19.377751
18.520358
24.852293
18.530126
18.861427
18.06764
24.123914
17.999196
20.849921
22.372548
19.070374
18.154329
24.348922
18.181007
22.480854
19.310248
18.464124
24.746191
18.470881
21.19127
22.5882
21.157374
22.599775
19.265648
18.390286
24.676652
18.416155
43.441047
51.342622
58.999438
47.154294
50.507963
58.534607
20.402069
11.372658
12.163066
11.585708
21.736235
17.73662
18.622505
17.897298
24.145847
11.449557
12.193342
11.732306
21.749154
17.855584
18.654942
17.974925
24.163401
46.325549
46.024899
46.134902
45.964642
16.12273
16.852752
15.451463
17.110492
16.318855
18.368873
14.874949
18.662765
22.684045
21.310486
21.327437
22.726153
18.408766
21.079747
22.518304
22.541432
21.116111
50.770848
50.628576
15.195664
14.423747
25.57802
16.840596
19.165863
18.229499
26.765549
19.403407
15.20002
14.499783
25.592282
16.896453
19.169085
18.260484
26.788495
19.438528
22.611308
21.214214
22.620847
22.631458
22.25515
14.364862
17.724247
11.005405
9.3090243
22.10022
14.306979
17.618345
11.013413
9.2889899
18.490509
14.959136
18.334261
18.546616
22.672104
21.309259
22.680259
22.721597
18.39543
22.539271
25.208657
12.405736
11.786124
12.994415
25.078216
12.270583
15.98574
31.898991
33.843813
11.811522
13.084045
17.065067
32.890915
32.903256
32.924008
21.202553
22.611705
22.629155
14.818896
21.294943
15.088613
18.493381
18.463063
16.963472
16.952181
32.808001
35.905935
37.264211
35.096897
36.81057
16.624667
19.530088
16.781222
19.636015
12.464018
11.878757
22.00432
12.279405
22.22029
20.738941
22.223652
20.777197
18.632512
17.840853
24.297212
17.824732
19.552052
16.708232
19.621656
16.147597
12.457579
11.973273
22.015287
12.319845
20.74998
22.22664
20.761801
18.644833
17.857172
24.301334
17.845057
41.695817
40.483197
41.707137
40.505147
15.569238
15.564958
15.564611
15.522
15.553039
15.916257
15.952126
15.672318
15.590816
15.914782
15.949938
16.934943
17.05338
15.567137
15.566909
17.016239
17.019278
17.018451
15.530643
15.528612
15.526592
17.042872
17.046431
17.083484
16.920194
25.152956
25.152956
46.323984
25.648999
25.648999
46.25085
24.98387
24.98387
46.101728
25.584405
25.584405
46.170266
24.518993
24.931231
25.534147
24.53516
24.901161
25.549316
15.526502
15.531592
15.524372
15.542875
15.545329
15.541421
15.54425
15.715574
15.747291
15.761537
17.080229
15.553934
17.020674
15.530682
15.531438
17.052139
15.525389
17.115995
17.117865
17.111396
15.543938
17.087181
17.031079
17.032529
17.019039
17.019071
17.019871
16.975261
21.888147
14.039163
13.365175
23.950213
12.789827
20.856526
20.86555
22.376402
20.805154
18.824359
18.090122
25.529637
18.871613
22.634702
17.620974
20.291594
17.173563
14.026703
13.441903
23.957891
12.779504
20.849481
20.86533
22.393992
18.822747
17.984987
25.549601
17.975111
21.158603
22.701049
47.83414
44.112811
47.859446
44.304992
21.028397
11.400203
20.882999
11.275639
13.838012
15.277483
13.630514
14.41746
14.810306
13.032186
11.556845
15.207339
23.829367
12.450004
13.783029
15.220966
12.467286
14.177791
25.489144
23.009775
20.74979
27.663126
15.172262
14.869134
12.864162
11.381572
15.286379
49.383158
46.403808
49.256212
46.360269
13.151659
11.208401
18.063255
16.419349
8.159728
14.944943
13.583211
13.128275
11.284247
18.030458
16.389288
8.7050624
14.839141
13.487774
33.300137
35.429734
39.394738
61.985055
50.495241
56.764057
46.77
61.880409
50.377294
56.660799
46.717199
21.813645
22.38947
21.914176
22.406677
33.187629
33.693797
33.096138
16.483773
16.72088
33.262593
32.383502
17.069105
33.666937
33.05571
49.266514
57.719637
45.117964
52.542801
49.245757
57.650522
45.275435
52.598823
16.943764
25.973096
23.537766
27.757978
30.023895
14.840543
14.04775
17.657629
19.529993
23.192106
20.855596
25.579081
27.775033
15.185996
13.793505
14.279343
15.440674
17.076347
25.928209
23.551183
27.716067
30.012954
16.382183
14.769702
14.027684
17.659576
19.532737
17.736369
12.507709
12.527185
12.533766
12.680203
14.454901
15.346822
19.067713
17.740832
19.063703
19.000447
35.649279
42.775719
43.084309
35.052973
42.861954
42.778258
35.031564
57.438618
72.128397
66.143022
54.046845
73.100408
64.258189
57.007225
50.747862
45.031017
54.785111
56.678404
50.881542
45.142438
54.48209
76.757874
77.715659
74.527793
75.608098
76.74397
78.703582
75.677762
75.774874
52.923621
67.652766
53.120972
67.410493
79.512706
85.463279
79.912704
84.11637
19.720986
37.459699
31.827485
30.547472
23.184782
45.241706
44.34605
110.98678
97.380857
81.444547
82.655531
63.354178
76.221294
85.81875
81.723323
76.743589
77.408847
87.880089
110.83709
97.160528
81.078701
82.286604
84.883277
80.8956
76.033917
76.66373
76.406419
27.215553
85.321531
22.197376
15.433139
13.648018
22.109451
30.811525
30.822279
22.473022
14.322838
13.553284
21.609694
15.813421
16.409685
16.32863
15.957063
16.469075
14.530024
14.37883
14.457458
15.327661
14.405373
22.450349
15.919518
13.45995
21.603915
15.792942
14.232102
22.140853
14.664341
15.387181
14.552451
15.416469
15.326949
23.365229
15.292408
14.613634
14.488841
20.111575
20.277988
14.531317
22.733298
14.563832
22.67315
20.752655
11.672471
11.74788
15.674966
15.325376
20.35356
22.613705
22.610808
21.222257
20.886332
22.934632
14.589734
15.467492
19.657389
20.893006
29.715624
29.722458
24.121881
14.689156
22.669265
22.937322
20.015121
21.531684
14.634246
23.04794
30.213145
29.827475
20.55113
19.979561
15.325609
22.825345
22.731128
29.253401
29.645206
22.724848
15.256061
19.941286
20.113594
22.714895
22.610176
14.510857
22.674633
22.608489
21.404806
15.303523
22.690744
22.979541
15.365242
22.735501
15.30054
21.216704
21.02249
29.871638
29.880926
30.293925
29.923857
25.368716
24.809098
30.384485
30.386076
20.983934
21.321556
14.740036
14.6287
30.271292
29.866421
25.377512
30.375689
30.37839
20.600126
19.982942
13.074734
29.917481
30.045184
22.645879
15.352598
19.575752
21.213443
14.758974
15.41681
15.354777
23.251461
30.163338
30.417023
14.400567
14.400567
13.007264
20.306509
31.038097
30.988663
30.190735
30.23172
20.842278
14.532307
24.705728
13.908524
30.55242
30.619654
20.591438
12.48821
12.24419
21.208088
22.231436
15.073225
13.54483
22.132009
30.906131
30.650412
20.609544
12.824763
13.614561
21.793333
30.19135
11.544471
19.85731
12.354178
14.075012
21.139943
22.061769
21.172997
15.649719
24.209815
13.453439
14.266196
20.639945
29.981141
30.169108
13.589216
14.043938
62.022363
53.938013
53.585433
84.537954
82.679914
80.602465
80.828287
16.199025
14.029675
36.202669
26.646354
26.646577
14.026819
20.185965
30.836817
30.848515
22.511223
14.111597
13.234926
21.634262
15.72017
21.388658
14.175526
13.493134
21.433481
21.529241
13.351359
12.833745
21.220602
14.409254
14.38395
15.200081
15.252884
12.954524
12.976395
14.559066
14.449574
103.26488
98.366017
99.330908
74.563839
73.863213
75.004653
74.77217
31.26009
11.935362
11.935362
12.806316
20.634999
14.462102
14.678959
20.255613
17.024196
22.106651
15.196008
17.017419
17.410754
22.130737
14.608841
17.499805
23.413762
22.658346
15.704935
15.739673
15.785504
16.677884
11.734833
30.143528
11.641695
24.042548
24.015242
11.695723
11.765098
14.162075
11.948376
11.773379
11.80703
12.107882
11.990036
93.065953
32.54274
103.19029
30.857145
30.855883
22.278599
16.011482
15.285093
22.271855
30.840856
30.834398
30.816395
30.840395
13.86088
15.230488
20.805076
30.490587
30.429909
20.311438
21.347341
30.244481
29.898437
11.534866
11.568696
23.156336
29.946043
30.343355
19.912104
20.344632
22.606359
22.680244
22.60797
21.047112
19.644825
29.719313
29.708158
29.2626
29.658507
15.30826
11.646869
11.697598
21.01829
17.677079
16.87955
20.697835
11.852996
11.930624
17.82427
15.132118
21.978654
17.552879
17.201781
21.931525
14.76253
17.614583
17.611785
17.221838
23.892321
22.596778
11.781135
14.982753
15.357284
20.619894
15.333404
20.593557
20.569683
14.477333
14.499233
20.621323
11.66596
29.924897
19.335805
17.171766
11.934252
11.885561
11.58173
11.907773
9.9107996
24.667987
22.237344
22.640992
23.029075
16.611932
11.187831
13.085155
16.7933
22.390929
22.476689
16.627714
23.016972
15.837335
20.129461
21.66814
29.312095
29.702439
22.882809
23.002943
30.189798
29.810471
24.624433
13.37894
20.053953
30.485134
30.449177
12.966575
14.19015
19.832441
19.925064
20.40687
22.687116
15.372023
22.726809
21.586826
30.401252
30.422139
21.699418
22.480121
22.511794
15.98872
22.446533
22.576204
22.573512
22.298348
22.428324
22.425811
15.775793
15.884788
16.6074
22.666896
16.556495
22.64308
22.648088
22.700013
22.534773
22.42535
22.298666
15.972193
16.648816
22.63991
22.357228
11.542877
11.813369
22.431441
21.735547
22.788655
16.634742
22.664152
15.894328
22.494204
22.65715
11.797004
29.878852
11.785226
15.870615
22.583041
22.607275
16.590809
20.023155
20.484058
22.612646
22.610956
19.897329
20.534774
22.691454
29.245654
29.646432
14.497855
22.625058
22.729643
20.193516
21.349499
14.45789
22.70263
22.822855
20.070493
20.360527
24.036787
29.696569
29.690402
22.643383
23.28257
21.870981
29.58418
11.827935
22.536186
29.868308
29.847275
22.846173
11.653523
15.937873
22.170183
11.766884
29.945519
11.719894
22.530046
16.586452
22.529594
22.422385
22.710642
21.684642
11.766743
11.563386
11.75393
15.775416
22.266279
11.778945
11.90671
29.841367
29.850273
22.561857
11.648404
22.459184
22.517886
22.200072
24.484078
11.770573
12.005452
22.506053
11.82313
29.954552
22.649661
11.804441
22.464497
22.280438
16.58568
22.557523
20.341856
20.157978
29.696886
29.702267
22.608867
22.611539
20.051046
20.313408
14.44717
22.609346
20.24379
20.046333
13.190266
13.050601
30.164372
30.172479
22.635151
22.746706
19.99464
21.642293
15.255382
14.633784
22.838855
22.698842
22.887692
16.491495
22.848194
15.994993
15.755147
16.511303
22.437023
22.585724
16.758527
22.789722
15.8868
29.723353
29.753815
22.487164
22.437748
22.576929
22.461464
22.445761
23.170928
24.142369
16.66897
16.043163
22.799264
16.545886
16.053798
22.275951
22.618795
11.547074
29.823902
22.394047
22.508778
22.266353
22.633036
22.549076
15.873594
22.384283
24.16278
23.982889
11.836335
12.117964
16.997089
14.698345
11.151456
11.721907
11.784278
11.800305
29.951636
12.01381
11.774495
11.591746
22.165008
16.662519
15.786124
16.679047
20.844719
21.274327
15.343448
27.271497
22.827744
21.362497
20.708955
27.250898
20.167524
14.591582
24.845859
29.840527
29.978553
20.609511
21.578305
22.710125
27.226426
22.7233
27.204731
24.021787
24.070143
29.952295
11.676891
11.76306
11.70944
11.616197
11.748079
11.917415
11.669032
11.557284
24.052087
22.558574
11.717001
12.018784
16.61225
11.556154
29.7548
22.99758
11.613948
11.899172
11.911965
22.521045
22.412703
11.800663
22.462473
29.896573
11.858293
22.455623
22.398878
16.619051
16.027922
15.587584
22.550541
15.825111
15.71024
16.576272
16.583381
23.110458
22.044508
16.14821
11.605163
13.170443
17.958691
11.839861
11.538085
15.786029
22.337627
22.996343
16.08638
20.583605
15.415967
13.30621
20.089872
11.667568
12.170055
16.570564
16.777237
10.218922
30.004427
11.720644
30.033901
29.945003
11.021397
22.665508
15.112947
17.144424
62.364763
55.128739
54.753492
84.18154
82.307962
80.19438
80.418731
16.169848
36.01108
20.079263
13.265324
13.265324
14.658945
20.730292
21.090952
15.469536
15.386269
21.043021
20.448617
15.191887
14.499938
20.783422
11.762858
12.081523
17.083698
22.145152
14.678591
15.273421
22.16205
17.531835
25.972546
20.411646
17.234527
12.745202
19.426012
11.567608
11.576891
16.776356
16.712919
12.476225
16.661934
11.779224
11.893823
14.949672
30.183245
30.031377
23.530719
17.006474
20.604285
16.844414
12.487715
20.126815
11.551039
11.92902
96.582247
74.145031
73.342879
74.466984
74.246987
30.146706
49.479343
79.149655
87.845009
91.201301
101.41207
18.411378
14.968485
18.430157
14.812137
19.248694
15.407124
19.832411
18.361458
14.9454
18.408944
18.506221
15.027371
15.044681
18.410861
18.382115
18.813462
15.645653
18.551494
15.203572
18.556385
18.587088
22.451584
21.145494
14.884215
18.374658
22.642057
14.797701
18.32705
14.914124
18.399318
21.287281
22.441542
20.900455
30.733017
33.627289
35.164894
34.638965
48.643605
43.055566
36.52456
39.557117
14.746982
29.377157
36.939776
34.477858
18.642772
34.265801
43.266866
40.60007
39.477357
39.184965
20.546689
59.16278
51.585146
44.095277
44.469852
45.554282
47.604306
9.4307211
28.411934
37.10269
33.793091
32.39198
33.272486
18.361221
11.877223
33.079532
43.643773
41.751352
31.795502
32.734702
36.916507
33.863881
17.778597
17.020678
48.604044
43.317404
36.600718
39.878021
39.958016
41.604019
45.528283
42.775402
58.575719
51.27251
44.671636
47.306738
16.769458
18.18082
36.105382
26.514456
17.103827
18.657562
35.828685
32.852224
37.480727
40.332404
15.113517
18.523512
14.838576
14.982865
16.017642
19.087574
15.432383
18.531542
15.4686
18.75299
15.683141
30.619615
15.332647
22.242951
20.421889
39.514627
35.657405
41.80912
43.728294
18.431764
22.617761
17.076598
33.056807
33.057227
17.077051
17.071411
33.054881
32.959483
32.961391
14.799254
18.317825
21.416676
22.695339
21.234639
22.612733
21.205018
20.792037
18.611556
35.666514
32.76497
37.328992
40.238081
20.384771
39.394554
35.61157
41.680724
43.632798
30.962589
30.851232
30.942533
30.983721
51.023443
17.938361
43.205548
41.675991
30.464407
30.464145
15.517691
18.747036
15.641879
15.644786
30.660818
15.191026
22.345042
20.874512
22.318842
22.483573
32.948026
12.972761
11.577708
11.738096
12.965746
30.168671
11.6641
58.143082
49.496698
45.379003
33.065584
33.063713
22.61497
21.339746
22.684825
21.295627
32.826804
30.421621
11.652155
22.475418
22.593787
50.829213
43.061536
41.562607
57.97958
20.322312
49.351546
45.301799
29.689
31.802764
30.621632
24.443814
38.38192
38.590039
31.121998
36.816987
15.60853
15.606491
15.608476
15.602599
15.554652
15.550163
15.552499
15.556305
15.565448
15.569977
15.568228
15.556253
15.526601
15.532525
15.529969
15.537516
15.538491
15.545167
15.54743
15.531681
15.542849
15.543397
15.548804
15.548587
15.557445
15.560033
15.562389
15.54021
15.574634
15.572295
15.569594
15.912892
15.686669
15.687481
15.67194
15.69665
15.680159
15.707078
15.695502
15.699498
15.704812
15.625304
15.694794
15.700944
17.071483
17.06482
17.118259
17.117506
17.068024
21.746029
15.557163
15.557104
15.557172
15.558355
15.561548
17.102104
17.100679
17.017902
17.055112
17.063937
17.066245
17.051994
17.059186
15.526399
15.538338
15.549017
15.554514
15.533226
15.536329
17.095433
17.094481
17.098606
17.066288
17.060963
17.075395
17.074242
17.072659
17.043694
17.103051
17.103021
17.103884
17.0707
17.095005
17.081825
17.0872
15.530442
15.521526
15.527281
15.539523
15.534889
15.530382
15.526013
15.523618
17.14844
17.14744
17.115842
17.101162
17.106565
17.101594
17.112732
17.132557
17.14133
17.143225
17.142688
17.144936
17.154092
17.113595
17.119973
17.13562
17.149674
15.545815
15.541131
15.558101
15.547496
15.5605
15.556857
17.093307
17.087269
17.12219
17.084215
17.051378
17.052861
17.083307
17.075925
17.08843
17.089556
15.55802
15.568475
15.572634
15.567747
15.599988
15.571287
15.577612
15.576274
17.036653
17.05537
17.061234
17.066272
17.069685
17.065631
17.043854
17.069191
17.060118
17.065552
17.094078
17.113346
17.096693
17.052449
17.052718
16.901322
17.054732
17.063135
17.067042
17.06588
18.066058
20.71017
30.369939
30.724912
13.435545
13.280036
30.797949
30.777796
15.597607
15.59722
15.601918
15.602976
15.594309
15.595846
15.593217
15.592922
15.605012
15.60416
15.603444
15.554559
15.557908
15.555645
15.556996
15.551492
15.529018
15.527559
15.534641
29.714323
29.704057
13.260731
29.249017
29.64608
29.739946
29.73259
13.351453
13.259946
29.646187
29.243333
15.528431
15.530309
15.529779
15.534206
30.211704
29.818519
29.270875
29.68303
13.290275
13.281895
15.542902
15.543409
29.799965
30.181289
29.800265
30.181687
15.545601
15.545668
29.800008
29.764267
13.294679
29.279511
29.691226
30.356702
30.372539
30.383956
30.380967
30.344596
30.356936
30.376141
30.365249
29.749175
29.293279
15.564328
15.560243
15.563201
31.043506
30.615021
30.329406
30.746211
30.480066
30.827954
29.675937
30.32841
13.403472
30.147264
30.295989
13.436305
30.491914
30.927368
13.434133
13.401217
30.924274
30.939803
30.383517
30.713
13.4792
13.334342
30.241764
30.67632
15.619161
15.634348
15.647138
15.615814
15.612535
29.840158
29.354126
30.039971
30.450187
15.695574
15.73727
15.759091
15.649742
15.649977
15.652686
15.651731
15.6455
29.816412
30.206583
12.949122
16.979068
16.951079
17.109049
17.092702
17.088663
17.096218
11.613429
30.046273
11.571925
30.195303
13.103362
11.811078
12.084771
30.854255
30.854235
30.850532
30.854075
13.285122
30.787018
30.727921
30.563843
30.660519
30.231281
29.829601
29.284988
29.689669
13.295906
29.837487
29.84789
13.268667
29.904836
29.881941
13.233318
13.292142
15.563777
29.659492
29.255271
15.564102
13.290018
13.047743
12.186776
12.374462
13.062963
11.859502
11.668606
12.910214
17.084841
17.084371
17.083541
17.081052
17.089786
12.961985
11.970462
11.910216
11.651851
11.600042
17.031122
17.033128
13.021724
11.860574
12.116218
11.573051
11.531699
13.084151
12.953485
17.039519
17.046466
29.458163
11.870397
29.773922
29.770744
13.101456
12.976373
17.072162
17.077694
17.078541
29.305681
29.68114
13.293034
29.712097
29.710327
13.345828
13.26003
15.542399
30.188581
29.793701
13.246327
13.239284
29.273528
29.672345
29.866543
30.197999
30.491926
30.211714
15.56153
15.552505
15.540935
15.54315
15.542019
29.866692
30.278385
13.348044
13.225414
30.377755
30.352432
29.816926
30.19763
13.346407
29.803726
30.193053
17.085985
17.104718
17.088313
17.082982
17.078236
11.544257
11.894903
11.543245
29.725617
17.045948
17.050015
11.756969
12.055456
13.008643
29.713546
29.698422
17.09981
11.762086
11.537761
17.097806
17.098885
17.107782
17.109931
11.99708
11.854509
13.11494
17.116614
17.111875
17.118428
17.119186
15.536559
15.534364
15.53738
15.518698
29.694458
29.688984
13.349701
13.249368
29.24032
29.636968
29.635997
29.237407
13.253056
13.339839
17.130152
17.132934
17.124118
12.009429
11.859946
12.042922
11.7693
12.908547
29.58443
11.656061
13.075388
29.854665
29.85307
17.100635
11.770697
29.576965
17.114115
13.087837
17.13228
17.124641
17.131982
11.89797
11.724493
17.147146
17.13761
13.083123
17.122984
11.675241
29.962809
11.715956
12.027613
17.137873
17.137196
17.1401
17.133603
29.626614
29.221409
15.550699
15.549082
15.551016
15.550559
29.296157
29.766265
30.055032
29.917479
15.553048
15.549505
29.238221
29.633087
12.973763
12.006049
11.835736
11.531589
29.803764
13.119667
17.090873
17.097132
29.810427
11.554203
12.980697
29.776386
29.811393
12.0792
12.016204
12.976398
12.990165
17.07713
17.076649
17.076761
17.078194
17.079141
13.044217
11.780295
11.711346
11.719144
11.719659
11.787452
11.829755
17.09292
17.086601
17.075997
15.561538
15.560621
15.563516
15.581299
15.564952
29.726005
29.301276
15.590091
15.58937
15.584214
15.580586
11.974535
11.66571
11.750867
11.773204
11.674674
11.665566
12.962487
12.902672
13.03122
17.029174
11.81332
11.928582
13.000531
29.897645
11.598063
12.004261
11.823862
12.884219
13.097595
17.068532
17.067198
17.071338
17.077395
17.068506
17.075005
17.067102
12.136755
11.796807
12.924324
13.17854
17.045254
17.040478
17.036755
17.030639
12.095872
11.932987
30.134895
30.170181
11.704094
12.03857
13.100671
30.779707
30.448407
17.108326
17.05416
17.073017
13.248912
11.610857
11.694932
11.866348
12.035184
13.117242
11.666476
11.598552
13.07846
17.116481
17.117133
17.11156
12.160583
11.975327
32.31541
32.605566
16.982455
16.919856
32.629565
65.68924
27.20779
60.219085
24.89964
65.506684
27.228108
60.294775
24.879243
19.980111
11.260445
16.077395
7.4197654
20.028533
11.042393
15.721888
6.5324156
22.56864
12.312197
12.282366
14.472934
23.92089
12.366428
12.030808
12.994671
9.8517948
15.292778
29.653786
30.179157
11.819767
13.134048
23.055104
12.335714
14.244782
10.860318
13.065255
15.460859
31.019717
30.544402
12.969523
11.857681
13.165218
11.825329
13.429671
11.738127
13.622268
30.649492
30.554828
13.428019
30.369831
30.785025
11.669585
29.892811
12.999765
12.955899
29.705897
29.703281
13.260342
11.858264
29.82524
12.937915
13.205134
11.78259
11.95668
13.08318
13.067675
13.195261
16.310408
16.215846
11.542282
13.445731
31.14479
31.379537
32.38898
31.794875
13.97583
14.249604
30.530068
31.020699
12.993481
32.327438
31.744778
13.874119
13.090287
30.169195
29.640794
12.859685
31.376337
31.129082
13.578026
18.385677
34.720592
17.873325
33.996042
15.530972
15.285933
67.08663
67.345966
30.124349
37.647437
38.971889
42.206817
45.056774
31.296312
30.24622
31.619054
30.519293
40.910306
39.555423
41.398235
40.417805
36.874052
37.818405
40.953161
44.205285
72.072558
71.266748
77.467557
81.004901
30.698143
29.969745
30.359109
41.077747
39.733389
40.602392
40.088142
72.535229
71.599758
78.062998
81.859212
60.819331
51.683732
47.014046
77.220561
38.163326
36.529038
33.118788
34.121085
53.057634
47.455889
38.885342
39.341896
59.287078
21.502736
50.296938
46.185123
76.968217
104.02843
35.481149
90.55622
82.743322
32.275293
94.101947
38.403817
36.781038
32.952516
34.358188
60.82097
55.027241
41.576651
42.074654
104.67404
91.325326
84.014386
31.832076
93.007663
29.860177
26.367825
24.271747
24.272958
10.374046
38.171743
31.48973
28.089477
47.764367
41.025886
19.476935
21.537195
18.244956
16.944855
17.966004
16.997903
16.563996
17.208558
17.619586
16.417229
17.24536
17.822903
17.753694
17.254599
17.74548
17.734572
17.869574
16.436424
16.441628
17.690723
16.724343
16.282031
18.01521
18.707335
16.440292
18.879025
17.872398
17.691783
17.879953
18.433648
18.606843
18.704774
17.704295
16.995038
17.688375
16.565337
18.468815
21.434287
19.944725
17.666595
23.707174
21.157613
19.897785
20.692756
19.168548
18.390795
21.415589
18.541473
19.0748
21.330405
18.097011
17.785774
20.164791
22.5712
20.740681
20.423657
23.17243
19.957064
19.714231
20.702231
18.861789
17.761844
22.287796
22.113012
20.196618
22.649232
20.328388
16.554901
17.80457
16.823105
17.015649
17.246832
17.701765
20.767506
23.570931
22.449935
18.521678
20.34731
19.156561
19.511547
27.032091
24.80891
18.764541
24.184572
23.721433
18.174779
23.791907
23.1675
22.701381
23.800184
22.329157
17.019866
17.94504
16.968378
18.700942
18.263131
18.815524
16.935492
17.65095
16.536135
19.379386
19.610668
17.926709
18.663267
19.042487
19.166462
17.945374
19.770624
18.523418
17.890763
19.650375
17.89799
17.056038
17.876569
16.933828
17.917336
17.359454
17.853839
17.772771
17.128371
17.619902
16.958835
18.990792
17.988183
20.1939
19.767905
18.069319
18.075006
19.690463
18.463897
19.181239
19.098673
19.259603
18.656667
19.72774
18.554657
21.31423
19.121255
19.048907
18.582406
19.687477
18.533723
20.000475
20.74181
20.685106
17.828577
17.252137
17.724071
17.859709
18.028984
17.075258
17.858536
17.18401
17.642587
17.0045
17.906882
16.954103
18.037762
19.080433
19.154984
19.242094
19.149824
19.261376
19.316231
19.768067
18.585266
19.298807
19.205421
19.292117
19.08211
20.414286
20.551552
19.877214
21.165125
19.784318
21.187991
18.2584
16.439168
16.90168
18.027583
17.046926
16.694576
17.177679
17.588938
20.67232
20.27305
20.512335
20.57828
20.30355
20.547994
17.85153
19.129623
19.196709
19.202592
19.883676
18.662276
18.487323
19.750112
18.126749
19.706565
24.919098
22.093061
20.022463
25.042259
21.984016
23.119474
25.979551
22.725342
18.053147
29.799727
29.799832
29.831635
29.842108
29.857382
29.849066
22.580382
13.570417
13.64534
29.831254
29.826891
29.854635
29.860609
22.596944
13.710197
14.501125
22.594122
20.35625
29.128037
29.146359
29.107168
29.114523
23.439894
22.817148
29.157562
29.231454
29.763344
29.777244
29.805151
29.807276
29.776555
29.783243
12.469862
29.514183
29.396405
19.945522
20.392034
29.123043
29.121675
29.12658
29.119428
22.79795
22.801696
29.13006
29.129404
20.541777
29.075794
29.069716
29.140048
29.191872
29.08734
29.095026
29.12691
29.13361
17.104095
17.632844
16.477206
29.088601
29.097265
29.073107
29.081452
29.041147
29.040797
29.109884
29.088734
29.328364
29.280927
29.076228
29.076463
29.037221
29.04245
16.869979
19.080353
17.440634
29.029578
29.037893
29.044027
29.045133
29.043344
29.044087
29.072326
29.096185
29.117575
29.101935
29.122212
29.134105
16.993643
17.871234
16.928669
17.254414
18.176118
18.698295
29.056853
29.050146
29.666575
29.269598
29.087376
29.091214
29.707697
29.295207
29.092561
29.086941
29.12797
29.113209
16.5232
17.850028
16.955994
16.971275
17.988111
17.005433
29.087925
29.089038
29.077715
29.079744
29.063393
29.067085
29.048164
29.042181
29.067561
29.07134
29.0448
29.042979
29.135031
29.111195
29.050469
29.065158
29.055086
29.067651
29.062641
29.066765
29.07503
29.084872
29.150765
29.131358
18.53819
18.686902
17.66477
17.011161
17.988325
18.470965
29.130019
29.112048
29.732255
29.328091
23.26324
29.15632
29.167313
16.437124
17.867717
16.345567
29.060661
29.058219
29.056614
29.053329
29.069837
29.068865
29.224857
29.164338
23.427542
29.228695
29.180524
29.126664
29.153732
29.073063
29.063683
20.147722
22.27485
19.562453
18.074519
21.73174
20.365037
21.433984
18.448381
16.366084
29.840762
29.845245
30.193897
29.874574
29.371137
29.427803
18.831148
21.155712
18.383285
17.954983
20.350975
19.08396
30.038582
29.994229
29.99068
30.075683
29.905772
29.935586
29.890847
29.969873
19.798464
20.300858
29.151872
29.163028
22.792069
22.803477
29.136748
29.119772
29.160983
29.142673
22.805816
19.938831
29.144458
29.108082
29.619735
29.779509
29.157038
29.13321
22.827214
29.171041
29.158009
29.865108
11.613424
11.794201
11.824407
15.206244
22.247542
11.814572
11.835151
14.591798
22.229663
18.959294
20.251717
20.615448
20.468283
20.257161
20.527401
11.592873
11.680928
11.637408
29.448731
11.67553
11.667213
29.949761
30.077105
18.647656
17.225029
17.567028
16.988575
18.971502
17.956457
29.133788
29.105821
17.066341
17.798966
16.396852
29.031758
29.038527
29.057762
29.076744
29.03919
29.038176
29.066752
29.078215
29.083318
29.091948
29.077325
29.088522
12.07752
11.624321
14.727789
11.610124
11.537394
11.798674
11.965644
15.354196
11.544082
11.546786
30.071425
11.55601
21.99759
15.457489
14.709128
11.853501
11.893478
21.31023
23.585478
20.287397
21.023036
22.948113
21.030641
11.622304
11.689029
29.360484
29.410771
29.301383
29.290217
11.748473
11.942062
11.857827
11.904104
29.935477
11.625172
11.559166
11.534172
19.142472
20.777391
21.156937
18.606233
19.663582
18.537002
11.633777
11.754244
29.210405
29.21429
11.605716
11.724352
29.239826
29.287224
29.295156
29.310644
11.906039
11.848287
29.326632
29.284083
29.240024
29.250108
11.605738
11.758052
11.712962
11.56826
17.658505
20.759291
20.554461
18.66449
20.846653
20.077253
29.772876
29.779485
29.724992
29.75051
29.210815
29.135867
17.568988
18.152038
18.928414
16.949155
18.080688
18.933258
29.06062
29.062518
29.046071
29.044678
29.067284
29.07258
29.094281
29.113329
18.575314
19.181336
19.33887
18.643186
19.726115
18.548137
29.296189
29.309698
29.30641
29.316391
11.777191
11.595621
29.281598
29.273465
11.532324
11.70561
11.643169
11.743333
11.62326
11.708354
29.241919
29.256739
17.769022
20.791991
21.156929
19.228472
19.162676
19.502289
21.813977
11.669403
11.71968
11.72942
11.798044
29.337283
29.343506
11.635438
11.734615
29.284151
29.277586
19.440417
19.235391
19.393715
18.523395
19.849061
18.648635
11.773436
11.690362
29.33482
29.358189
11.696637
11.745762
11.667704
11.754432
29.305223
29.29067
29.294413
29.285034
29.269764
29.270739
29.351551
29.350049
11.644791
11.822883
11.740178
11.703468
11.684206
11.694187
11.63698
11.749289
11.667131
11.636865
29.324484
29.338499
17.742059
17.633658
16.524875
29.036303
29.035141
29.034946
29.032441
29.041796
29.035383
29.041177
29.045994
29.065214
29.076327
29.074785
29.067817
29.060358
29.050507
16.931814
17.934519
16.989714
17.785051
17.245469
17.753663
29.093964
29.107412
29.075201
29.074754
29.097987
29.069998
29.054476
29.058026
29.036218
29.039676
29.057819
29.053707
18.029317
21.460369
20.120287
18.583409
19.625502
18.774975
29.366548
29.361802
11.751996
11.731185
29.398258
29.401509
11.710291
11.706044
18.742196
19.574401
17.907325
29.282574
11.560059
11.538666
29.300503
29.281436
11.703639
11.625453
11.779112
11.729243
11.799803
29.338997
29.340179
11.627441
11.672654
19.523723
19.070134
19.2166
18.665533
19.717579
18.551719
11.621744
11.709032
11.618518
11.746378
11.664287
11.626615
11.623949
11.764116
29.361178
29.367232
19.328379
19.071704
19.245927
18.675516
19.758218
18.574439
29.326874
11.699181
29.425999
29.411108
11.579081
11.736463
29.427225
29.414685
11.637585
11.699547
11.63459
11.683218
16.955154
17.923732
16.97567
17.937386
17.230234
17.684096
29.050311
29.042038
29.025474
29.030559
29.029001
29.040414
29.054705
29.05909
29.110538
29.121002
29.043169
29.055712
29.04627
29.051382
17.004831
17.831283
16.918629
16.424955
18.241872
18.858579
29.147181
29.097252
29.057246
29.062018
29.040201
29.047846
29.140395
29.125031
29.128592
29.11748
29.097369
29.067034
17.734461
19.052922
19.108825
19.85353
19.239917
18.993655
22.007206
29.393366
29.39222
11.950441
11.748597
11.679902
11.588988
29.294072
29.309337
11.813451
29.521514
11.709062
11.735579
11.656456
11.557784
17.895697
21.222582
20.109924
11.64893
11.66805
29.292822
11.551114
29.277321
11.680821
29.309751
29.340717
29.412475
29.401957
29.384454
29.387232
18.512643
19.720954
18.55444
19.318057
19.193883
19.361366
29.25978
29.266184
11.644596
11.609776
11.577286
11.560564
11.68589
11.762941
29.235227
29.242812
29.219044
29.212994
22.648634
11.621522
11.695978
11.60294
11.793206
11.797607
29.592897
20.387841
18.238369
16.957276
17.804364
17.499652
17.73309
29.065164
29.078993
29.067553
29.074526
29.074093
29.086497
29.216183
29.263903
29.045751
29.028194
29.052252
29.066947
29.041607
29.039111
29.207502
29.248839
17.736577
17.43192
17.664728
20.522369
18.427208
17.112686
29.103068
29.129158
29.070689
29.098195
29.04511
29.040737
29.216324
29.266763
29.231483
29.26086
29.062208
29.062922
18.520358
21.29859
20.007374
20.04966
19.154772
19.159812
11.642957
11.694451
29.357817
29.378691
11.660656
11.754631
29.214587
29.212085
11.686877
11.697402
22.135592
29.433741
29.387638
11.625233
11.715656
29.357524
29.38072
23.142097
11.698798
11.682199
18.558541
19.826607
17.841156
21.85982
22.605647
11.598454
11.627414
29.267865
29.257001
29.371365
29.353314
22.679969
29.361515
29.359835
11.858206
11.767771
29.332144
11.571814
11.721134
11.609632
16.944406
23.752131
23.098735
23.110506
24.720499
21.511674
11.850515
11.847126
29.421574
29.564161
11.71668
28.882861
11.887135
11.608237
29.682345
29.670323
30.1337
30.181797
11.854312
11.892808
22.542666
23.894219
20.381965
29.653418
29.628786
29.485767
29.581887
11.928921
34.367722
34.994286
16.42929
19.197714
34.665039
20.076474
33.266046
57.443431
58.782721
8.9758814
22.499113
36.309897
37.924818
53.5665
51.734392
8.2372844
18.808284
15.006823
15.618423
19.478536
11.060467
14.936527
22.557798
32.975738
35.699098
35.033636
30.632385
26.669757
38.98051
42.600608
41.643097
33.052338
22.618305
33.021321
35.846799
35.10892
26.551373
38.835565
42.435577
41.506903
20.975358
23.834845
11.766896
11.582975
12.783475
23.390386
25.455763
48.913351
37.075037
41.147432
29.074292
29.07295
30.642834
13.49103
13.468988
24.148711
19.234412
24.134621
19.216746
57.987976
20.393007
44.377983
49.386046
11.568758
11.636522
13.268188
29.921597
11.66038
13.27828
11.784616
11.720587
13.138871
11.684477
11.776877
49.028385
37.248733
41.280992
57.791845
20.329136
44.173511
49.220232
28.552802
16.49733
14.736084
25.900784
41.002886
47.670753
18.642716
43.786112
33.913411
53.247694
45.84694
31.375806
21.253762
27.994084
16.179496
15.158158
26.552742
42.274689
46.62858
34.106806
19.684828
18.296569
32.01807
51.720239
57.322922
44.667599
39.327063
34.805979
38.316348
32.612883
34.144646
30.80539
29.657953
54.34351
48.433143
44.852613
47.862109
39.61694
38.109553
41.68665
39.555629
44.063839
38.869611
35.446466
38.947149
31.99334
33.563086
31.499259
30.297471
53.759548
47.891782
43.846082
46.895356
39.010332
41.148728
38.446159
37.013365
26.041184
21.977933
21.959603
26.05797
29.790114
29.804436
29.775154
29.766229
13.464188
29.072961
29.082452
29.065292
29.056635
29.041967
29.054392
29.125703
29.176923
13.373815
29.049923
29.052175
13.341542
13.345768
29.042991
29.049114
13.345268
29.034035
29.035487
29.052879
29.0575
13.356895
29.05636
29.051738
13.362395
13.346352
24.145428
19.629993
19.627052
24.153076
29.077871
29.100182
13.348052
13.340353
29.084954
29.092747
13.375639
13.361218
29.099106
29.102291
24.696811
19.852841
24.308656
20.130893
29.126044
29.110597
13.357866
29.056231
29.063092
13.33566
13.337229
29.041861
29.043595
29.046434
29.043023
13.354364
13.358971
29.056841
29.067191
29.045574
29.044027
13.340903
13.327496
29.057251
29.048509
24.82404
20.024508
24.471108
20.296388
24.963048
20.500136
20.49592
24.96705
24.774034
19.901257
24.338979
20.221197
24.951932
20.498889
24.958418
20.492284
13.347542
24.695634
20.804242
20.285931
24.937526
29.052246
29.055382
13.344377
29.067572
29.081119
25.949254
21.223573
21.523425
25.855457
14.26578
26.053399
21.626047
25.853643
21.862775
13.431281
13.458788
24.743999
20.687607
24.930892
20.341865
30.025152
29.934554
29.858559
29.840761
29.824881
29.863587
13.536969
29.282274
29.752009
14.257443
29.912273
29.823124
13.577918
13.536061
29.387884
29.525592
13.253536
11.711265
11.700536
13.269735
18.755117
23.508228
23.906777
18.852758
19.221887
24.134055
24.08762
19.201891
13.354214
26.099061
22.002419
22.020036
26.094574
26.083395
22.002552
26.074568
22.006265
26.036156
21.99882
26.069433
21.932705
25.169039
20.671758
21.024642
25.047189
24.743305
19.965138
20.190628
24.436905
13.35564
24.542003
20.477342
24.925494
20.13791
29.039467
29.040528
29.049759
29.046433
29.040481
29.051771
13.339542
13.34401
29.057217
29.047333
13.353033
13.34383
24.115091
19.566629
19.554666
24.109502
29.096915
29.116119
29.128912
29.11846
13.35757
24.310862
19.380461
19.53451
24.191525
24.913687
20.038928
20.009183
24.91817
13.170095
13.186156
11.606546
11.720101
13.241566
13.171621
11.704284
11.593294
11.702034
11.794051
11.779009
11.785433
23.364754
18.690867
18.892643
23.227622
24.864677
20.055041
24.902778
19.936077
29.236305
29.231824
29.221017
11.687194
13.133242
13.139846
29.533899
11.636323
13.171474
11.812629
11.883481
13.150766
11.635199
11.662673
13.129765
11.649714
11.688561
13.133088
13.129823
24.665797
19.827045
24.278275
20.111771
13.344111
25.129465
20.709661
20.948393
25.064731
29.675249
29.588524
13.462702
13.426326
29.348274
29.470463
13.349979
13.406623
29.056134
29.048718
29.04157
29.045774
29.076275
29.074419
13.351999
13.35916
24.989559
20.633534
25.019928
20.553099
11.628157
11.532267
13.155597
11.544972
11.62939
13.169949
11.657462
29.306846
13.146666
29.254857
29.253186
29.265002
29.262552
13.117304
13.12716
13.125197
29.249595
29.249034
29.248463
29.252657
13.10791
29.257946
29.274812
13.139718
13.157751
11.641022
11.733239
23.013643
18.438837
18.36513
23.560512
11.566022
11.80205
29.268268
29.264032
13.147104
13.129644
11.670719
11.731844
11.661433
11.708004
29.343182
29.348208
23.009085
18.426337
23.55359
18.335756
29.028562
29.034321
29.041768
29.038348
29.037695
29.037699
29.044484
29.04624
13.347
13.345269
29.075292
29.06772
13.356984
13.350638
29.105777
29.086985
13.352086
29.06386
29.059084
13.339
24.133445
19.600503
24.132277
19.607213
29.04546
29.050075
13.336441
13.348416
29.045014
29.041707
11.71508
11.680352
11.679397
11.671958
22.906059
18.099834
22.894279
18.09142
13.206981
11.657611
11.675139
13.186278
23.081173
18.506106
18.414358
23.630081
13.196196
11.609702
11.664616
29.282129
29.279383
13.126724
29.295512
29.281014
13.157553
13.128859
29.369692
29.393333
23.090943
18.504217
23.639235
18.445588
11.558483
11.662764
13.190852
11.726543
11.582616
13.174668
29.382505
11.635046
13.177489
13.174489
22.897693
18.102976
22.896831
18.116535
29.391324
29.406763
13.194008
13.175657
13.17494
29.360216
11.57812
13.173412
29.375646
29.376352
13.192614
13.179922
29.353266
29.351171
29.369755
29.365079
13.184421
13.182323
29.3939
29.387698
11.564706
11.704523
13.182105
23.649869
18.465195
23.092895
18.545169
29.378156
11.552272
13.185576
13.183983
11.575836
11.691345
13.187943
29.065475
29.076613
13.32653
13.320693
24.112943
19.571431
24.117877
19.569291
29.027803
29.044581
13.325623
13.33817
29.062876
29.088365
13.349905
13.362552
29.044435
29.051311
29.03749
29.04983
13.341157
29.056914
29.040502
13.32482
13.342621
22.776215
17.956092
22.80175
18.003977
29.276068
29.273354
13.133614
13.10578
13.136692
29.302106
29.313556
11.616487
11.73505
13.16744
13.161078
29.287198
29.28276
11.620177
11.565496
13.188415
13.144215
23.053862
18.136316
22.938857
18.256598
11.60565
11.701315
13.119284
11.6267
11.682034
13.109261
13.111694
29.242691
29.254917
29.232212
11.545578
11.569619
11.707988
13.111918
13.122574
11.533435
11.728775
13.167765
23.524538
18.746415
19.146068
23.920512
23.771325
18.760814
23.199484
18.743967
23.773941
18.561923
18.711852
23.194278
29.290312
29.296273
13.156486
13.156091
29.067058
29.055044
13.346931
29.061473
29.064083
13.348172
29.145605
29.101029
29.037336
29.042402
29.05046
29.060269
13.352953
13.345119
29.121812
29.078011
24.392127
20.259852
24.573688
20.005499
29.077585
29.044445
29.029717
29.038293
13.340861
13.327535
29.142172
29.081357
29.061407
29.084768
13.365299
13.358099
29.140318
29.104733
29.073891
29.081721
13.347237
13.35843
23.160429
18.670784
18.520559
23.773704
29.31885
29.337885
13.150184
13.150932
23.954034
18.871284
23.886435
18.975236
23.85884
18.763666
18.824242
23.363961
29.319684
29.318629
22.981941
18.128098
22.862973
18.150173
13.117527
29.260388
29.277245
23.119189
18.971261
23.738625
18.550481
13.120257
11.631643
11.775265
13.132844
29.228634
29.216334
29.271724
29.294457
11.68155
11.660077
13.178338
11.732052
11.843515
29.280139
11.565538
13.158685
23.30262
18.897634
23.807308
18.975714
23.398976
18.65416
23.305182
18.854244
29.068804
11.869068
13.900868
13.109345
11.705405
11.67372
13.360519
11.729863
11.846683
13.351668
24.360024
19.591629
24.292706
19.504922
24.804735
20.044505
19.757024
24.903975
11.611964
11.686294
24.440672
19.943892
24.935439
19.753918
6.6267079
6.1484359
5.1903006
11.668266
11.838557
13.727194
13.257758
14.805076
12.277517
13.955798
13.225241
20.925042
25.083493
25.165216
20.752741
20.897896
25.367475
21.039038
25.352064
18.883419
23.828209
23.338447
19.062408
18.888009
23.536521
23.446479
18.638697
20.831725
21.159628
25.207448
25.077385
11.870526
14.247465
14.247465
35.266952
21.759311
18.111033
33.795557
29.151623
28.519869
12.826706
26.0768
17.355831
20.13396
18.994754
20.023007
18.808138
14.780819
29.55704
19.390067
19.080857
18.899945
19.105162
27.050468
18.562012
18.529913
18.005382
18.112921
14.951145
29.572371
20.685827
19.089147
19.334125
9.2947299
26.994753
17.52892
17.971952
45.224476
29.8008
29.824629
13.468934
13.468131
13.458783
29.852255
29.849037
13.480901
13.484836
29.847321
29.836678
29.859289
29.848846
13.486376
13.488532
13.482033
13.486402
29.846556
29.856652
13.470273
13.475278
29.113194
29.135657
13.355298
13.354989
29.131577
29.126754
13.346952
13.343063
29.11886
29.109663
29.125986
29.120937
13.369504
13.356297
13.354533
13.352252
29.784837
29.787206
13.469378
13.468203
29.771308
29.761739
13.442119
29.648494
29.711759
13.389794
29.124386
29.120479
13.373518
13.374225
13.373229
13.374779
29.109257
29.121397
13.368211
29.129045
29.128391
13.369376
13.37362
13.367893
13.374111
13.382117
13.374057
29.10268
29.112207
29.126061
29.12177
13.378346
13.375313
13.377279
13.375511
29.100118
29.112256
13.366468
29.103612
29.110555
29.274343
29.322634
13.39492
13.392562
29.054385
29.071747
13.354766
13.356833
13.347137
29.667819
29.275123
13.300689
13.354976
29.11551
29.130247
13.288529
29.123932
29.14673
13.305738
13.362921
13.373078
13.370003
29.095202
29.091543
13.355568
13.357619
13.359442
29.070677
29.066839
13.344052
13.346571
29.069077
29.072305
29.078486
29.090091
13.361312
13.359813
29.096038
29.103111
13.344601
13.349521
13.356713
29.112534
29.108826
13.361521
13.361311
29.183512
29.164319
29.150238
29.149176
13.386189
13.385378
29.060378
29.068089
13.35216
13.350837
13.34957
29.309834
29.361613
13.408097
13.400361
29.317853
29.358218
29.089273
29.111237
13.377529
13.373279
13.36137
13.366636
29.726599
29.737992
13.412406
13.47106
29.166575
28.712957
13.33839
13.302313
12.096732
14.498995
32.541616
30.9143
12.554307
34.55028
37.583511
18.672753
18.007701
17.865389
29.969781
29.905718
13.562756
29.162995
29.137666
29.126462
29.143887
13.340627
13.348278
29.154712
29.166667
13.358564
13.366171
13.36402
29.176798
29.144744
13.375917
29.150874
29.147125
29.154436
29.178424
13.378089
13.379704
15.793193
49.633982
48.104912
18.492962
52.375013
55.841018
17.182477
17.480047
30.252251
11.620737
13.509988
13.449226
11.745001
11.790069
13.416763
13.377404
30.120764
11.537012
13.30155
13.371915
13.3447
13.269062
29.520814
29.505427
13.277125
11.616086
11.640529
13.246788
13.270938
13.239802
11.836164
29.69481
13.226047
54.564621
29.106837
29.098915
13.352196
13.355314
13.360926
11.893321
11.954581
13.27569
30.084543
11.560198
13.290866
13.28997
13.306882
13.305313
30.062463
11.614816
11.879974
11.817247
13.28216
13.293392
13.302893
11.823731
11.90744
13.29329
11.558045
11.623995
13.296833
29.258394
29.278015
13.169018
13.160917
11.797596
11.698877
13.169942
29.309879
29.316724
13.162117
13.168224
13.163755
29.079568
29.079826
13.36801
13.158764
29.306739
11.64735
13.17906
29.345795
29.345453
29.349477
29.349145
13.174465
13.179314
13.180333
13.172064
11.568033
11.650992
13.169281
11.645918
11.700264
13.13246
13.146513
13.160563
13.187556
29.373615
29.380998
11.633091
11.692
13.186438
13.190357
13.187605
13.197131
29.320078
29.336626
13.187805
29.316706
29.333711
13.165456
11.701257
11.556825
29.348873
29.350748
13.17342
13.16313
13.166722
29.071219
29.075094
13.353024
29.067823
29.077616
13.360049
13.346043
29.497401
29.490262
13.209715
13.225352
13.21532
29.29324
29.299667
13.163823
13.15905
11.673311
11.683805
13.180158
29.409663
29.417932
29.09921
29.103626
13.369111
29.118642
29.129423
13.357502
13.368138
13.360291
29.124773
29.125979
13.374554
13.192889
11.709605
11.709644
11.699085
11.766532
13.150741
29.376786
29.365117
13.183259
13.188418
11.716652
11.734483
13.156688
13.057121
11.775545
11.646778
29.371996
29.376091
13.145135
13.161554
13.180747
12.070834
11.81113
13.058833
13.144781
12.090049
11.77067
13.197375
13.178975
29.268101
29.283959
13.15727
13.141365
13.180265
11.666691
11.668591
13.159384
13.172528
13.20127
13.167422
29.103406
29.088102
13.357113
13.357401
29.160738
29.136523
13.385818
11.695659
11.572487
13.187981
13.157098
13.193401
11.732508
11.704768
13.204591
13.201016
29.494381
29.536102
13.192883
13.202363
13.181331
29.357627
11.707836
13.181426
29.323424
29.339723
13.185359
11.70942
11.634794
13.165
13.175613
13.189909
13.197529
11.633781
11.6614
13.204081
11.672872
11.670136
13.197076
13.218723
13.229005
11.722988
11.853831
29.308223
29.315938
13.194971
13.188462
13.176774
13.183547
13.283809
30.032452
29.919066
13.251527
11.632297
11.667232
13.175011
13.066118
13.155185
11.562592
11.591982
12.202773
8.3669481
32.858308
31.013323
12.582938
34.707197
37.78335
16.621216
18.523383
18.652128
13.349304
13.34659
13.31283
13.23786
11.808867
11.661112
11.7679
11.726439
13.323485
15.495498
49.037185
47.394656
52.016901
55.326702
14.496358
17.412266
17.145374
17.60309
17.451525
45.75606
53.518453
11.449495
19.004446
19.386765
23.403695
20.24165
8.0038075
7.5490669
17.144543
17.853173
22.590423
18.594271
19.360887
11.644444
10.946825
18.973544
19.356399
23.419274
20.936577
21.559301
18.252168
17.406687
22.796552
34.797196
39.055072
39.663531
33.301453
16.884669
37.381966
37.315525
66.314623
74.050833
75.040216
31.444433
66.209518
74.106087
75.005462
58.218772
49.44906
41.950687
55.772794
20.312971
47.440139
39.480852
105.21366
36.829249
90.068059
78.991651
105.80588
90.78299
79.143505
29.493361
29.043911
38.095237
13.209874
15.513903
43.452901
35.882995
35.028114
12.172187
50.827587
18.418762
51.67089
50.930787
51.830897
18.443002
30.834269
33.591802
27.315008
17.052527
37.231891
40.426
32.897657
20.215798
31.074267
33.848122
27.538739
36.972441
40.195114
32.657146
20.078932
37.190524
34.969548
15.928767
44.384816
45.53767
42.237513
53.483542
37.436663
35.268938
15.96655
44.680368
45.188397
41.977293
53.041975
29.696239
29.62768
11.795526
11.791332
13.32545
40.406202
37.254031
18.073431
32.489712
38.134376
35.460812
30.825362
69.493277
56.225018
48.316718
68.847153
55.416388
47.588536
52.998985
19.552317
19.62094
53.15519
53.009897
53.346952
19.620971
55.287466
20.302029
19.272485
52.510187
53.44852
53.811187
57.028821
20.9071
58.126974
56.880053
52.792019
19.433765
52.916545
19.455267
52.561613
52.591745
53.133545
19.589946
54.564281
54.447425
56.62529
56.946665
56.467193
56.326343
53.788967
57.256448
21.113476
54.145434
20.237429
54.855395
54.099234
54.166722
19.967862
56.599612
19.894064
53.665932
54.118277
53.931178
19.979959
57.334502
21.103737
20.971158
57.001
54.301364
57.321286
21.129669
54.571306
20.140517
21.133102
57.281433
57.910344
56.971789
57.183931
21.075478
57.10952
56.965509
56.803047
20.945452
58.002126
21.34859
56.983596
58.254263
54.642662
20.168917
54.107192
56.846273
57.151378
57.225436
56.669758
56.594208
54.467315
54.925516
20.273939
54.27804
21.236655
57.563032
56.869127
54.506613
20.130173
57.403858
20.087481
54.085532
56.956316
56.74071
20.926344
56.537548
20.792934
21.654142
59.05816
57.201802
54.471603
20.06962
54.746508
20.294118
20.309134
55.136542
53.812369
56.521455
57.820451
21.294133
57.082033
58.269845
58.083451
21.38249
54.032763
20.098683
54.002979
57.296499
58.186863
21.426834
57.398968
57.874508
56.675028
56.900928
54.863851
55.734507
55.744779
53.756764
19.813965
42.787367
48.402372
57.052921
20.9631
56.292475
56.441069
56.162303
20.656772
57.379044
53.583341
53.448063
53.15196
19.695041
53.206523
53.676209
57.347998
53.563895
53.710909
40.350757
46.067331
54.314984
19.965579
56.685897
20.762296
20.921063
56.846653
55.585567
55.351768
82.787475
18.282011
20.673571
82.666371
80.247274
71.981679
16.904414
23.279606
71.331303
76.12616
68.195275
70.801935
73.816694
77.159967
93.528967
26.01462
74.436988
75.467717
27.067237
75.511714
86.223919
57.111123
56.530467
56.934957
20.979966
56.57202
57.687966
56.867017
57.265368
54.213816
58.076364
58.041033
58.453369
21.532293
58.738635
58.616083
56.573382
58.078229
57.347994
74.159737
80.79258
73.46499
20.877826
77.423098
22.652751
84.987667
88.126533
22.226562
83.917902
79.581563
99.506931
97.282607
99.500027
96.979264
25.030158
90.912126
88.861813
24.209258
91.84669
95.695289
76.937775
78.386474
76.850545
77.959271
20.435053
78.910953
80.659488
20.418828
78.658437
78.202115
91.482261
95.833789
90.315389
87.975369
84.565133
81.584167
21.999652
85.521081
87.421856
56.855461
57.196359
54.495605
57.588896
57.740984
58.364873
57.903621
21.329079
57.70887
57.184588
57.449637
58.491284
56.645017
57.478955
59.3065
57.548573
21.189839
57.351644
80.947434
79.119984
81.651711
84.169584
82.215779
78.098137
21.325772
83.299454
84.552084
80.272696
80.03448
80.217385
20.893885
78.922479
74.954139
76.580357
75.40521
77.810488
19.988744
82.075426
83.871844
81.640251
20.919379
81.28478
81.256389
79.938291
21.397939
81.466619
81.340301
80.906369
80.047816
80.9031
20.674656
80.189
20.831114
79.674259
79.777653
20.887353
79.730988
80.014831
57.67688
54.164562
57.927967
21.317548
56.970281
57.085968
57.780815
57.171478
57.177198
57.189784
57.153637
57.307526
21.127577
57.033684
56.516042
57.228956
54.438091
57.355485
84.526932
84.219443
83.956721
21.844931
82.957691
21.030998
82.40961
81.557587
21.126471
82.63868
82.748294
81.18602
81.339367
81.553268
80.990445
21.477589
80.876868
81.462471
20.693032
80.674782
81.632482
81.13284
80.942655
81.312546
81.107642
21.550554
81.619651
81.025384
21.492033
81.278549
81.044236
81.89108
81.586163
82.217994
81.874704
81.686574
81.703699
21.63333
81.832771
81.958475
56.405744
59.48018
56.742892
57.072936
54.625427
54.341132
57.161526
21.081821
57.04029
57.081333
57.880298
57.216096
57.049623
57.376903
53.963159
57.181084
21.063219
57.060962
81.511614
81.023095
81.907509
82.579124
82.845888
83.968086
21.255908
82.806526
82.578234
80.869878
79.970959
80.900953
21.132067
80.140848
82.148866
83.782668
81.409834
80.081916
20.7613
79.187256
80.85651
78.761577
20.304278
78.881401
79.962127
78.268144
20.461616
80.184784
79.217006
78.783446
79.571956
78.924808
20.257857
79.471818
20.034891
78.368965
77.782485
20.303872
78.734176
79.373322
54.493828
56.306291
56.401157
20.757697
56.563536
57.787295
56.636798
57.729997
56.544097
56.604133
56.706382
53.904095
20.009994
57.435587
56.906065
56.929781
56.707771
57.49366
81.776144
81.338874
81.370217
20.786024
78.181894
20.586201
78.690654
81.36737
20.332666
77.646022
77.291219
93.385031
96.200275
91.974685
87.287388
22.611095
82.068595
81.632665
21.316954
82.559251
85.771535
80.279854
78.703736
80.23655
79.948981
22.357434
86.373114
89.850604
21.971897
84.742763
80.379636
95.922136
96.437958
95.697791
95.323382
93.950083
90.937516
24.919162
94.678866
95.329916
79.820915
78.426796
79.220383
16.300321
74.345293
19.080567
61.980172
59.949887
18.249044
64.43098
73.575727
73.323627
76.349245
92.525625
34.66009
69.093717
22.454108
61.906119
71.339178
84.998274
32.151826
30.077275
30.443287
14.843257
26.5747
30.122453
30.650541
26.591489
35.930084
37.750472
17.695647
31.562703
35.651957
37.472393
31.306307
38.040262
13.765129
13.90309
38.375576
37.713414
37.381733
13.507577
35.775563
12.939088
12.823702
35.353484
36.413611
37.383158
35.258056
12.781954
12.725553
35.093526
35.152203
35.108797
12.730777
35.338073
12.788065
12.863604
35.529305
35.262707
35.130821
35.156369
35.152604
35.09314
34.948555
34.699702
35.063836
34.679387
34.753341
12.479989
35.394429
34.910136
35.990689
35.891582
36.044221
35.584539
35.764437
35.596489
12.903125
36.419671
13.22008
13.522897
37.296703
36.52921
36.502872
13.241864
36.624196
13.269076
13.273838
36.597542
36.671737
36.600047
36.456418
13.240522
13.246772
36.565514
37.670105
37.756609
13.698366
36.570497
13.265585
13.29019
36.679979
36.274518
36.704737
36.390555
37.087617
36.424875
37.171057
38.479625
38.458529
38.769613
38.032645
13.809573
38.162526
37.460317
38.247918
37.625101
37.962961
38.755612
36.631253
36.470904
13.238424
38.550308
38.560653
38.597957
38.577094
38.617661
37.990091
38.450079
38.514536
13.956122
38.698763
38.454821
39.027342
39.176914
37.025678
36.922949
38.237658
39.267921
14.239467
38.766056
14.054526
13.999633
38.59112
39.139092
38.333644
13.904761
37.964871
13.741341
13.973098
38.61412
36.892669
36.972791
37.858644
13.755107
13.988201
38.584046
36.837298
37.066754
13.454599
38.79855
14.065046
13.915212
38.390582
39.464965
38.63471
38.036258
39.004514
36.868831
36.774731
36.870429
36.939418
38.08988
38.140131
13.813915
36.920874
36.926144
38.08949
38.806628
38.805797
38.102346
38.559794
38.538368
13.960106
38.118047
13.801771
13.727955
37.852562
36.864279
36.935488
13.409861
39.188713
14.17791
13.924579
38.357507
39.162483
38.238653
38.709962
14.017123
13.756569
37.973075
38.730332
37.966135
13.785594
36.57238
13.275207
13.563178
37.326234
36.607084
37.094389
38.490298
38.260083
38.678675
39.009059
39.188979
39.120734
39.259683
39.145239
14.170271
36.074554
36.290506
35.808027
36.86486
39.007786
39.062958
39.20991
38.260779
13.863238
38.987824
14.122387
14.302051
39.509976
38.527271
38.184128
13.822054
36.75867
13.332894
13.282276
36.593187
37.817905
38.564839
36.882369
13.34328
13.218454
36.519555
36.873819
36.602715
13.246161
37.512551
13.585388
13.648818
37.628083
36.629965
36.257491
37.878674
31.707021
36.18512
43.302732
35.480271
12.296979
35.175273
36.374759
36.528705
35.741736
12.669962
35.389354
12.432788
36.433324
36.169473
36.430629
13.006236
36.401716
36.561185
36.618432
36.452358
13.014203
36.416612
13.023583
38.020857
13.773562
37.798798
37.876545
13.740034
37.541757
13.554471
37.494267
13.508831
36.162594
37.292267
13.465826
37.367518
35.4693
12.657017
35.812706
35.457081
12.659885
35.47064
12.662127
34.81103
12.437643
35.149979
35.523965
12.666558
35.594042
31.9516
36.27999
31.370635
29.752039
26.046552
28.708646
29.320776
26.172643
34.467539
12.22827
34.90384
33.965507
12.059583
28.847392
25.972829
34.471537
36.89559
36.98875
36.819033
36.404213
35.65648
35.660949
35.674026
12.704279
36.158109
35.177609
35.186778
35.196789
12.66816
35.127969
35.160661
35.129151
35.126146
35.148892
36.439331
36.917929
35.907448
12.845727
35.160996
34.992242
35.184898
34.811023
34.925636
51.042242
39.737882
44.36877
18.541125
52.09181
51.1319
18.199252
51.840238
55.954852
19.723646
55.200511
55.396909
52.466564
41.071094
13.583286
12.303889
38.953187
41.93641
14.112424
45.223976
51.281579
54.283817
49.801251
46.269755
41.124296
9.2554882
11.917119
42.074504
40.871964
9.2279077
40.670698
42.251164
9.1798869
42.75721
41.838142
40.844951
38.735792
11.563203
12.060726
38.626434
38.927252
8.8649209
39.958507
41.706867
9.2944706
42.760705
41.372632
40.270446
38.485246
13.949637
13.892021
38.398921
38.574765
13.982041
38.752665
39.050019
14.160594
14.101113
38.854177
38.942008
38.786684
38.560947
13.990523
38.198698
39.155634
39.313773
38.463882
13.950584
13.997435
38.553903
38.67307
14.027436
39.00472
38.676544
14.038834
13.78963
37.994445
38.557977
13.995954
38.531843
38.711234
14.028335
13.740853
37.920698
38.50982
38.511567
38.55177
13.96506
13.862504
38.257085
38.844688
14.071545
38.853937
36.90345
13.375023
13.365657
36.866905
37.907908
38.701232
38.572663
7.3327005
7.2263311
38.501634
38.503448
38.010875
36.782625
7.5468742
36.285278
37.020574
37.770242
38.080624
8.0976668
8.2798115
38.885461
37.815257
37.173995
36.280474
7.5678702
36.203608
36.432329
36.99686
43.276367
12.461629
12.083907
42.391433
43.505157
12.517804
43.755287
43.094492
11.753898
42.216416
43.345622
43.732614
39.744837
8.5102697
8.335533
39.11206
39.968959
8.572219
40.503378
41.397945
11.71526
41.969439
41.236305
40.69592
37.852157
7.0555819
7.1849812
38.393162
37.62299
7.0117045
36.859058
35.710909
6.5862682
35.192759
35.91751
36.611944
33.331557
6.2746409
6.2473701
32.988312
33.462235
6.2873589
33.837025
34.574626
35.029664
34.428862
33.975169
33.171883
6.5247298
6.5566247
33.735913
33.009472
6.5127592
32.650995
32.475747
6.3449194
32.372388
32.510061
32.591121
32.574106
6.2222523
6.2397654
32.88154
32.491489
6.2186603
32.313615
32.276368
6.3275664
32.325842
32.262425
32.293012
38.978109
14.118151
13.892141
38.348669
38.502509
13.966068
38.746073
38.584088
14.008476
13.856639
38.220215
39.252619
39.371416
39.32717
14.236032
39.473111
38.939939
38.556444
38.273345
13.890709
13.851657
38.226528
38.540322
13.944634
38.646998
38.565939
13.974039
13.991298
38.606976
38.722666
14.042719
38.032865
37.835354
13.739573
14.063942
38.843447
36.784242
36.86238
39.081989
14.178578
14.253603
39.347749
38.908577
14.108949
38.865289
39.030201
14.14156
14.079838
38.815171
39.053715
39.066798
33.866674
6.4340522
6.4244477
33.971492
33.802753
6.4310316
33.65174
33.035229
6.3349694
32.539663
33.228329
33.573982
32.49149
6.1172122
6.0808013
32.93448
32.375412
6.1337935
32.104748
32.108846
6.320919
32.382832
32.108696
32.056659
34.442723
6.5711679
6.5652548
33.920871
34.5903
6.5673135
34.89093
35.0221
6.3649338
34.965274
35.033736
34.979606
33.596935
6.0749913
6.0751907
33.097787
33.751548
6.0826251
34.203797
34.800577
6.3373861
34.943978
34.724034
34.349075
34.115488
6.4083504
6.4209277
33.959795
34.11583
6.3986353
34.137587
33.668915
6.3174563
33.265742
33.789238
34.076319
32.508324
6.3047133
6.2937576
32.351276
32.552357
6.3072092
32.683794
32.924588
33.15188
32.857924
32.727126
34.923166
6.5833596
6.6342856
35.262422
34.869425
6.5708613
34.695671
34.320849
6.4030357
34.327641
34.360096
34.675295
32.501037
6.2752414
6.2851065
32.335989
32.661775
6.273283
33.299006
34.12133
6.3957549
34.357248
34.008056
33.506469
38.584874
13.976294
13.975347
38.583923
38.547336
13.9761
38.585032
38.553063
13.959462
13.93063
38.514281
38.62228
38.656019
38.446621
13.917529
38.638098
38.540462
37.757758
37.867824
13.74693
13.995274
38.60356
36.813756
13.345396
36.748358
36.93009
13.398606
13.276018
36.659463
38.063329
13.844171
39.054702
38.763416
14.057631
13.981869
38.600865
39.037916
39.110896
39.044038
14.164137
14.133721
39.016555
38.771877
14.051915
38.560406
38.511768
13.948171
13.967195
38.539218
38.5438
38.585689
34.776173
6.4338137
6.4487719
34.808207
34.771889
6.4305849
34.851217
35.018311
6.4366896
34.895253
35.023246
34.915543
33.812539
6.4273156
6.4131601
33.73864
33.876654
6.4341748
34.070358
34.525381
6.4392557
34.817145
34.401016
34.14107
35.206826
6.6666463
6.654786
35.20169
35.169908
6.6625236
34.94139
34.478304
6.5236052
34.435974
34.52885
34.829402
33.962621
6.4114912
6.4118182
33.761773
34.064626
6.4144986
34.351674
34.544019
6.509041
34.471244
34.553896
34.433981
34.799998
6.4579729
6.4521982
34.813469
34.766838
6.4602288
34.678525
34.762648
6.5047612
34.94666
34.725917
34.673142
35.485327
6.5087899
6.5008677
35.704598
35.381887
6.5119664
35.202433
35.150442
35.021048
35.165317
35.180064
34.255305
6.4309657
6.4295785
34.288469
34.213972
6.4323754
34.059281
34.144037
6.471524
34.427536
34.074851
34.032517
35.65066
6.4962068
6.4989693
35.732932
35.570938
6.4951093
35.252141
34.758946
6.4750017
34.535177
34.838686
35.124465
39.119958
14.176062
14.172875
39.074946
38.876997
14.087334
38.698131
38.626439
13.990516
13.99967
38.62187
38.605713
38.645434
37.10898
13.459579
13.242451
36.434217
37.956178
38.672954
14.019583
38.634609
13.993213
14.006832
38.662633
38.576391
13.972864
38.511368
39.217055
14.203896
14.353087
39.598328
38.575843
38.052826
13.81988
38.48491
13.961554
13.982034
38.53504
38.411818
13.921174
38.299191
36.59416
13.27328
13.279989
36.615015
36.353109
37.251022
13.512353
38.606854
13.988235
13.939054
38.455168
39.078673
14.156453
38.340725
33.453497
6.2437941
6.2416707
32.922587
33.641934
33.977321
6.2895067
34.056815
6.393057
33.774191
6.3651257
34.096508
34.041699
34.570298
6.6119915
6.6125084
34.744092
34.471602
34.171746
6.5883399
33.706511
6.408959
33.692355
6.5169239
33.822186
34.065629
34.137132
6.4308096
6.4292892
34.264734
34.067995
34.012836
6.4406058
34.162907
6.4771959
34.317621
6.4544299
34.113543
34.020855
34.732866
6.5918809
6.6109046
34.770275
34.709
34.642841
6.5616438
34.497897
6.4860757
34.349771
6.528142
34.541346
34.628112
32.482298
6.2477632
6.2414601
32.766067
32.434998
32.44113
6.2646684
32.407758
6.2912444
32.439818
6.2766763
32.392734
32.418032
33.267787
6.3049963
6.2831134
33.378178
33.211745
33.043117
6.314763
32.608824
6.2954852
32.446388
6.3092185
32.676659
32.947654
33.199846
6.3276619
6.3835473
33.533079
33.099171
32.774357
6.2737071
32.187223
6.20542
32.15726
6.2198551
32.374514
32.672821
33.431973
6.2484074
6.274354
33.432903
33.396841
33.170301
6.2196136
32.478299
6.2103883
32.231097
6.2145107
32.626262
33.055637
38.174561
13.81496
13.838
38.25479
38.3173
37.46873
13.590612
37.553036
13.595469
13.82546
38.215538
36.669346
13.286205
36.616209
38.209063
13.824555
13.813
38.11114
38.226429
13.830364
38.273678
38.244202
13.843423
13.833925
38.187993
38.220439
38.207008
13.858694
36.392205
13.197782
13.518038
37.262838
35.951524
36.031558
13.068885
37.715547
13.66537
13.686883
37.772367
37.845512
13.705837
36.916666
38.09006
13.78456
13.800823
38.139876
38.06955
38.071236
13.78831
37.958712
13.754468
13.701638
37.861945
37.985653
13.741966
38.072439
36.627238
6.7853191
6.8871353
36.690322
36.569146
6.7504752
36.246714
35.301632
6.3688342
34.597461
35.522522
36.09424
6.6075117
32.800044
6.2220355
6.2757595
33.136204
32.749868
6.2116643
32.785298
33.667199
6.3375826
34.361963
33.4078
32.870997
6.1994795
33.96627
6.4613323
6.4026134
33.656599
34.04285
6.4790148
34.129857
34.039875
6.5296865
33.917521
34.067205
34.132752
6.5300018
33.790706
6.3876295
6.295516
33.266889
33.918518
6.4093502
34.095106
33.987537
6.5251138
33.908326
34.042569
34.093226
6.4669554
36.505308
7.0122422
6.9196183
36.669682
36.409199
7.0412177
36.056488
35.224879
7.2260605
35.012562
35.406531
35.905703
7.1400672
37.115713
7.9100261
8.1106693
37.635941
36.930922
36.254272
7.6277654
35.241899
7.2548004
35.041353
7.3825663
35.379208
35.998991
40.319732
11.892565
11.736976
40.091503
40.440306
40.735683
11.791698
40.591197
8.90673
40.094281
9.0296197
40.681672
40.767498
38.240619
8.2901056
8.1661117
37.79174
38.437841
39.168973
8.54613
39.666293
8.8718183
39.955208
8.7535117
39.602478
39.368219
39.457234
44.042462
43.424421
39.353526
39.788924
44.202407
43.495694
39.511735
56.456329
19.848276
55.523397
19.798824
55.991285
44.924785
41.778258
52.640237
18.709064
40.540237
12.129216
38.44772
41.525917
44.836491
15.543708
51.320625
19.493866
54.563685
49.851158
45.955192
16.027994
40.091576
11.674485
40.065787
40.13464
40.436713
9.0662488
41.322762
8.8380398
41.508957
41.107706
40.573052
9.0368272
36.823785
11.805571
37.840403
36.694548
37.102722
8.555442
39.706745
8.8792834
41.312014
39.110109
37.401049
8.6219945
40.090132
45.133041
44.953192
40.047644
39.770227
44.940493
44.688829
39.809086
39.764075
44.210289
46.565255
41.270725
45.707547
40.756288
45.39631
40.198275
43.550344
49.067974
48.008119
43.098788
40.126943
44.447604
47.924347
41.79547
44.569151
39.599914
44.531517
39.622287
44.782405
39.764975
44.554124
39.617691
40.484071
46.171958
46.270444
40.573669
42.931338
48.28
47.876908
43.109974
43.104611
47.818054
47.694268
42.998553
48.521087
42.511808
45.668612
40.614511
40.372545
46.284182
45.656121
40.650221
40.620791
45.661806
45.621101
40.559284
45.545759
40.340657
47.977768
42.584632
45.736447
40.617254
45.90349
40.292615
42.985611
48.300669
48.459979
43.64873
42.633866
48.567822
46.041156
40.80124
42.654988
48.573407
45.979393
40.647219
48.145387
43.121845
49.054222
44.251863
43.074503
48.437406
48.425138
43.063216
43.200048
48.040564
48.350837
42.953614
48.179412
43.065948
49.13568
43.538231
46.070964
41.148686
49.353201
43.211025
42.799219
48.034077
45.914974
40.641754
43.751213
48.414827
48.455365
43.840901
43.229802
48.007646
47.92121
43.205545
46.324845
40.517846
46.220229
40.563267
42.637993
48.817145
45.733399
40.707694
40.864878
45.937062
48.253595
42.927497
45.912147
40.82134
48.67221
42.708536
47.991131
43.198817
48.298764
42.901728
43.978545
50.016662
47.803277
42.866205
40.852401
45.834065
48.499777
42.640608
41.70083
46.459491
46.517834
41.649418
47.976926
42.564376
45.364551
40.595488
43.152675
48.300876
49.053573
43.358371
43.812699
49.247159
49.39736
44.01677
45.52008
40.149642
45.904966
39.90483
49.351376
43.826288
48.484827
43.99904
43.975153
48.92916
48.73681
43.648787
43.362222
48.048059
48.115166
42.678969
41.487253
46.991839
46.613249
41.342521
45.646614
40.280717
47.351798
41.819432
37.331787
40.652726
17.924914
32.501906
47.963296
42.928309
47.814003
42.641463
48.504434
43.056633
47.699917
42.556551
40.032514
45.032674
45.073691
40.126324
40.042628
45.173605
45.044669
40.042355
42.679464
48.418504
45.581216
41.265072
40.237614
45.252594
45.119389
39.967237
36.185142
39.758833
31.473956
48.223726
42.819375
47.84567
42.785178
47.027133
42.08158
47.171494
41.682382
57.930818
66.740154
64.425795
56.142753
40.829187
48.899585
60.59774
43.937566
43.119472
56.005681
48.850512
41.086606
35.912356
46.839819
46.531825
35.869347
51.790434
52.427561
44.780342
56.275986
46.526592
58.292867
47.680841
70.701444
56.59822
60.011346
52.978253
43.146276
47.899313
48.403624
42.991943
43.202333
48.029643
48.274328
42.867504
42.934103
48.060792
48.921202
43.488929
40.883056
46.057993
48.59537
42.5088
43.683266
49.000604
49.325182
43.724117
44.458112
49.668651
49.629098
44.287268
47.957501
42.960678
49.597629
43.892684
48.638449
42.949057
49.105233
43.400781
57.333839
65.940984
61.560024
56.246653
55.626273
63.4449
60.845272
54.994525
62.31164
71.490984
68.92245
61.571421
65.160144
59.621233
68.177735
60.445417
71.839821
79.501833
81.419774
72.369424
71.746583
79.387333
81.461228
72.337629
72.157284
64.049106
73.993488
64.699177
78.308368
68.627878
74.860079
67.543917
55.928542
63.785834
62.56732
55.4832
55.87401
63.317332
62.480086
55.516823
57.569797
65.571748
64.073766
57.106383
56.458509
63.476933
63.86788
56.51009
68.469149
78.294592
74.583358
67.28323
63.98121
71.598353
73.584746
64.609874
66.35753
59.66997
68.800116
60.40994
71.130393
62.856605
69.556159
62.445685
42.979496
48.387385
48.066974
43.261074
42.593728
48.742802
45.920952
40.806195
43.664958
49.410379
48.862411
43.524379
43.636582
48.87927
49.034584
43.634894
43.715929
48.597693
48.389584
42.832314
42.84992
48.018422
49.551215
43.946824
50.160793
44.623206
48.706354
43.671609
48.396606
43.185508
48.751806
43.234398
57.565944
64.368988
65.832196
57.994852
59.987669
68.252779
66.395371
59.474748
57.526057
63.441456
66.675901
58.529226
68.482387
60.973649
67.527438
60.761588
57.434265
64.813036
65.016478
57.520152
57.218355
63.942884
64.957758
57.406384
62.165613
54.340708
60.763266
53.817056
63.067586
54.954943
61.059231
54.352705
59.900491
68.15779
66.765845
59.445094
58.13426
65.918668
66.392972
58.324699
57.488469
64.824465
65.775302
57.884026
58.532054
65.894462
65.931919
58.525353
57.599713
64.878151
65.584385
57.909181
57.841772
64.94674
65.537953
58.052569
64.741686
57.102799
64.579395
57.020117
64.812896
57.272503
64.606083
57.19396
40.691764
45.610877
48.856777
42.65912
43.070529
48.250802
49.054885
43.614335
43.512616
48.981291
48.411567
43.135532
42.957324
48.313029
48.354345
42.948632
43.032501
48.379974
48.530853
43.066848
43.043194
48.395331
48.617119
43.168324
48.456169
42.912011
47.967636
43.187783
48.660597
42.656862
45.893036
40.825937
60.763711
68.400955
68.564693
60.837021
59.57028
67.21283
68.077591
59.834475
58.699006
65.99365
66.694059
58.928614
67.025227
59.088013
66.870335
59.163194
58.274481
65.921766
65.688214
58.263235
58.029801
65.541059
65.979065
58.528186
65.91329
58.326768
65.531069
58.083505
66.040784
58.412112
65.398474
57.90033
58.000831
65.469659
65.538485
58.010363
58.182502
65.546266
65.707693
58.313644
58.117501
65.535116
65.915813
58.534836
57.976146
65.506537
65.667088
58.075792
58.552756
66.12841
66.229118
58.517736
58.644753
66.169383
66.474452
58.918219
65.995076
58.80493
66.015178
58.700133
66.240394
58.710919
66.154765
58.757169
44.466413
50.440679
47.688053
42.89167
42.887066
48.3165
48.162692
42.873992
40.716158
45.82905
46.094689
40.27337
43.03878
48.265193
48.490599
43.676419
43.647695
49.072132
48.336612
43.119096
43.017658
48.405468
48.430295
43.077165
45.506329
41.019377
48.57147
42.582715
48.406046
43.000539
48.390947
43.03053
58.111876
65.510571
65.939578
58.229789
59.24448
66.883718
66.288846
59.038237
60.320137
68.191139
67.253107
59.851226
66.92861
59.381705
67.20176
59.556011
57.663205
64.784663
65.457745
58.015037
57.82273
65.111452
65.527489
58.052533
68.129436
60.23207
66.903274
59.884462
65.100247
57.750643
66.29497
58.191936
57.762264
65.517025
64.18437
57.32468
56.371819
63.935836
63.836484
56.341567
56.60466
63.418728
64.831652
57.105221
57.090148
64.184462
64.938456
57.4804
56.715675
64.505262
63.915327
56.55437
57.10822
64.508379
64.022652
56.917525
63.038436
55.650266
63.548745
55.801252
64.386006
56.969536
63.828181
56.824298
41.47932
47.515833
45.957259
40.69517
42.677296
48.023438
47.69195
42.934964
42.862751
48.067436
48.848991
43.265985
42.903882
47.999325
49.052836
43.496358
42.730883
48.135438
47.871314
43.112499
42.711176
48.787498
45.795966
40.727229
48.185098
42.873236
48.29751
42.916386
48.833468
43.366139
48.121559
42.899286
58.787848
65.912644
66.272365
58.882913
57.026899
63.378465
65.938676
57.739897
58.061805
66.000801
63.940969
57.383166
62.722138
55.069959
63.074802
55.127105
69.426856
78.462538
76.037753
68.564249
64.169944
70.983289
74.855832
65.349439
66.190703
58.700678
66.591318
58.793569
69.732847
60.862468
67.025856
60.031365
58.401408
64.503842
66.074093
59.106749
58.147506
65.001615
65.906734
58.640542
63.83793
72.945381
70.052916
62.993497
58.562478
65.227908
68.703459
59.66571
70.403256
78.737052
78.577305
70.42682
69.709142
77.949709
78.430551
69.872089
73.857016
66.029421
76.425242
66.903086
77.861776
69.148444
77.10102
68.777385
53.553828
63.353671
59.971429
50.741663
38.215565
48.026668
56.850785
40.896094
33.709653
42.587628
41.001865
32.857942
46.227672
33.035107
41.704906
32.659549
50.442698
50.17224
43.461382
44.787819
39.304062
53.768516
42.298769
69.573384
54.271196
56.436142
50.237099
23.361297
26.286769
28.307687
23.4822
26.429004
28.57636
25.044471
23.987392
24.589768
25.213668
30.83412
35.228112
37.66657
30.621676
34.984903
37.390425
37.817957
35.887684
35.013816
37.530829
28.897746
32.093758
31.7678
28.772921
28.219694
31.182635
31.533026
28.31867
26.615761
29.490912
29.803204
26.610701
31.241451
28.00678
30.410116
27.72951
26.488083
29.249429
29.399051
26.496345
26.370637
29.282726
29.307475
26.378623
29.600987
26.676167
29.460625
26.569744
29.287444
26.386959
29.384803
26.383863
26.492578
29.333184
29.331775
26.517117
26.338329
29.113268
29.266812
26.385824
26.233229
29.243094
28.88758
26.115178
28.933976
26.037381
28.884006
26.029612
26.199227
29.074886
29.490432
26.305549
27.209906
29.976949
30.045198
27.262778
29.656454
26.986577
30.102982
27.102391
29.674121
26.694221
29.851702
26.803904
27.62497
31.157139
30.455193
27.475671
27.413005
30.513308
30.55355
27.455627
27.51093
30.595098
30.590285
27.476796
30.558372
27.528499
30.61331
27.550713
27.128929
30.492943
30.482669
27.073947
28.67077
31.582139
31.51846
28.656304
30.633308
27.535222
30.574419
27.595269
30.684881
27.229359
30.266359
27.219334
27.584893
30.998667
30.47064
27.528613
27.663189
31.036601
30.50381
27.531986
28.968339
32.199053
32.238054
28.996553
31.877814
29.027286
32.453074
29.154162
28.493427
31.277271
31.853564
28.586339
28.720417
31.480431
32.022016
28.764265
32.456569
29.196383
31.718925
28.969896
30.504565
27.126255
30.615924
27.222406
29.05145
32.261536
32.276484
29.048111
29.099861
32.311946
32.316053
29.100165
28.926667
31.797125
32.303154
29.074894
32.230083
28.986663
32.162411
28.897898
28.957061
32.214587
32.421988
29.081371
29.531642
32.845052
32.669901
29.467793
30.878511
27.475489
30.961104
27.552723
32.925179
29.494542
32.013162
29.249102
29.086956
32.289265
32.417717
29.050025
29.333095
32.057579
32.753398
29.510813
29.055316
32.321837
31.741293
28.925856
30.981009
27.499891
30.82938
27.46544
28.992871
32.315896
31.705925
28.866319
27.491739
31.05684
30.784929
27.439848
32.181622
28.991491
32.534475
29.038538
32.351605
29.619438
33.110661
29.827964
29.242913
32.684033
31.781377
29.074189
27.333164
30.720203
30.769577
27.352523
27.457658
30.898514
30.77452
27.390999
31.878249
29.071679
31.892114
29.024475
27.50822
30.825965
30.888009
27.519967
29.186918
32.473171
31.827178
29.023256
31.929614
29.081711
32.517081
29.267867
32.260777
28.974126
32.267935
29.019977
28.886467
31.70667
31.869509
29.014012
27.45999
30.937023
30.801954
27.446016
29.333489
32.153437
32.830916
29.491823
31.965204
29.270385
32.838665
29.428284
28.976193
31.72945
32.392549
29.068128
28.970723
31.810682
32.410413
29.080658
31.258892
27.726995
30.608662
27.652715
31.050723
27.664169
30.5662
27.602161
28.896692
32.041694
32.261157
28.955626
29.255257
32.643271
32.393125
29.1828
29.534549
32.760747
32.815889
29.547224
32.760751
29.535783
32.871065
29.573569
27.175207
30.347241
30.109979
27.182454
27.248032
30.812559
29.870721
26.945962
32.73929
29.472245
32.688168
29.394502
31.960285
29.278002
32.830301
29.50935
29.615639
33.057181
32.61928
29.561393
28.659477
31.917633
32.197297
28.806844
27.214166
30.606527
30.714254
27.334928
32.239547
28.986185
31.646368
28.868949
27.538698
30.484288
30.764468
27.632321
27.5903
30.534874
30.747324
27.634107
31.481879
28.534481
31.331027
28.517058
30.294078
27.202773
30.565524
27.19748
31.137884
29.455035
26.583622
29.474866
29.736202
26.598109
27.580403
30.408655
30.085859
27.551411
29.707929
26.83654
29.550722
26.642615
27.460663
30.113848
30.328489
27.532388
27.518848
30.308604
30.329989
27.510467
30.501037
27.635167
30.438127
27.604881
30.324996
27.50304
30.360656
27.507054
28.632813
31.502811
31.706626
28.667666
28.458268
31.342056
31.62828
28.477379
27.85749
30.184995
31.267911
28.166083
31.188726
28.078187
31.09978
28.079425
26.812052
29.772958
29.522565
26.788145
26.738486
29.548064
29.511242
26.738034
29.185684
26.082326
29.000663
25.998935
29.622532
26.901919
29.513602
26.838437
23.789806
24.849156
23.121496
24.45457
26.304922
29.272115
28.676553
26.145056
28.268966
25.560342
27.866397
30.848082
30.780747
27.851269
27.659219
30.338907
30.698585
27.743914
29.439427
26.924451
29.919988
26.88012
27.088722
30.113609
29.899901
26.991813
26.475502
29.362246
29.326256
26.494235
26.46622
29.269221
29.334433
26.473457
26.462154
29.267589
29.292882
26.485156
29.303565
26.411395
29.261873
26.406606
27.725292
30.770801
30.334504
27.592875
26.62498
29.283285
29.900059
26.765788
29.320234
26.468797
29.134284
26.462749
29.081641
26.197679
28.990669
26.201619
43.648346
39.65279
39.868296
44.160295
43.69227
39.785942
42.427703
46.368968
47.344469
42.914537
44.706071
41.35599
47.025633
42.232759
28.68105
31.710031
33.547856
29.296142
32.423122
37.245751
34.319716
31.398518
45.487897
40.518271
42.686255
39.45418
35.169468
38.209615
41.336256
36.358809
32.025245
35.202544
34.639487
31.879954
31.370557
34.326435
34.498854
31.500313
29.996547
33.942772
34.507776
30.254785
34.351462
30.990963
34.489113
30.925695
27.794032
31.410817
31.240896
27.65856
27.828663
31.871805
31.315623
27.742886
33.626325
29.346234
32.997859
29.147244
32.068233
28.343484
32.79454
28.518267
28.876936
32.057927
32.218267
28.975847
29.159992
32.439711
32.297339
29.079671
29.387076
32.518063
32.683629
29.418291
32.478363
29.290057
32.598599
29.317608
28.819048
32.001835
32.343482
28.901438
29.697065
32.933172
32.807275
29.669072
32.281665
29.005505
32.199416
28.997228
29.340806
32.662197
32.380065
29.246104
28.971354
31.762778
32.399824
29.140963
29.125126
32.285015
32.293347
29.105172
28.854711
31.684402
32.366227
29.048797
32.261317
29.000094
32.231507
28.960449
28.948488
32.076864
32.247967
28.930278
29.380205
32.567019
32.512759
29.380541
30.785461
27.406362
30.816247
27.430201
32.426156
29.056173
31.666932
28.885104
28.269401
31.598897
31.653045
28.28036
27.972443
31.189758
31.590019
28.102433
26.83876
29.906292
30.198806
26.921124
30.988898
27.490969
30.377567
27.315446
29.061399
32.428399
31.793217
28.876523
28.042698
30.930777
31.552416
28.255638
29.891838
26.830992
30.09061
26.914864
30.760932
27.52932
30.246012
27.361565
32.388378
35.395178
35.88754
32.501085
32.582856
36.133402
36.013691
32.601321
31.490525
34.90491
35.575332
31.704966
36.093825
32.383109
35.767794
32.25769
29.519422
32.613424
33.098248
29.651256
30.091658
33.619621
33.254707
29.994587
34.690944
30.885728
34.18784
30.728266
33.725453
30.357986
34.053153
30.443042
28.050007
31.506504
31.070131
27.91156
27.238455
30.285642
30.896193
27.412734
25.92614
28.888114
29.327846
26.060045
30.086195
26.706933
29.503439
26.532978
24.288956
27.082333
27.335696
24.357624
24.6937
27.751374
27.44859
24.599585
28.752981
25.566487
28.374893
25.457922
25.042398
27.886289
28.262426
25.15053
24.465065
27.613681
27.1706
24.331553
23.931047
26.770776
27.049134
24.018589
23.769804
26.573825
26.646592
23.783044
26.736068
23.850357
26.669799
23.832089
24.065923
27.002793
26.744134
23.985966
23.72685
26.526122
26.66404
23.770768
26.540055
23.703692
26.476842
23.678602
26.504935
23.655382
26.47126
23.639255
29.212614
32.033873
32.595185
29.374683
28.980666
32.421543
32.227332
28.897789
28.791831
31.938318
32.304767
28.906941
32.919634
29.741243
32.84313
29.761361
29.818266
33.04477
32.887133
29.78422
29.122495
32.326706
32.602334
29.251705
31.921187
28.836927
32.057589
28.789911
29.137488
32.341662
32.207376
29.048384
29.014151
32.270212
32.235437
29.011203
28.986008
31.749556
32.405797
29.137509
29.10603
32.466202
31.644063
28.887064
30.791025
27.369988
30.725732
27.348919
29.620811
32.97834
32.753437
29.515943
29.211629
32.55585
32.583931
29.265253
32.50186
29.246789
32.661811
29.361343
32.676825
29.437913
32.705073
29.433083
24.818335
27.855111
27.796539
24.805706
24.739082
27.634805
27.753362
24.765669
24.001439
26.755449
27.137358
24.116375
27.573276
24.541124
27.283213
24.445615
23.994217
26.972968
26.620988
23.881463
23.575544
26.330665
26.527257
23.637601
26.632314
23.718988
26.382565
23.643109
26.29755
23.505325
26.359836
23.519658
24.84275
27.751957
28.169251
24.968253
25.333846
28.513
28.281113
25.260012
25.48531
28.591321
28.625832
25.483878
28.573677
25.470525
28.631732
25.497108
24.337095
27.106689
27.496704
24.446688
24.872349
27.986713
27.621838
24.765986
28.580173
25.447329
28.463569
25.424594
28.103654
25.174697
28.403509
25.259256
24.883519
27.853215
27.978061
24.928923
25.008735
27.991357
27.983746
25.001931
24.483008
27.316794
27.615619
24.576658
27.933026
24.889503
27.707608
24.805728
23.764772
26.585765
26.702277
23.790729
23.96564
26.859449
26.739725
23.903245
27.231374
24.273347
27.056092
24.219507
24.061595
26.89359
27.007567
24.101625
25.667282
28.896282
28.661988
25.613374
25.465945
28.489006
28.617345
25.499561
25.12255
28.13535
28.159458
25.157499
28.455256
25.31976
28.193122
25.247713
23.774581
26.570371
26.71055
23.831514
24.315164
27.336286
26.84376
24.157197
28.148592
25.130327
27.985723
25.091863
27.501642
24.743061
27.900241
24.860814
29.021556
32.27558
32.279961
29.064268
29.059042
32.2976
32.277049
29.055225
28.941586
32.166152
32.256838
28.945345
32.358178
29.091407
32.343656
29.083947
28.998878
32.337102
32.106502
28.922396
28.753592
31.525781
32.272957
28.990127
32.334502
29.048065
31.69373
28.84623
27.284877
30.636015
30.730247
27.354778
27.335157
30.635878
30.863562
27.392615
29.279729
32.678159
31.923748
29.104813
29.071316
32.304963
32.490118
29.101015
32.709201
29.486998
32.68045
29.450443
29.469905
32.626761
32.699983
29.484697
29.066915
32.276904
32.443511
29.105777
32.274365
29.071169
32.22651
29.05415
32.283725
29.033025
32.25514
29.019974
25.538947
28.578999
28.534678
25.522693
25.509248
28.592562
28.529173
25.490454
25.621484
28.64077
28.732125
25.652175
28.643385
25.612405
28.735607
25.646648
24.83894
27.765479
27.820118
24.852389
24.998225
28.007791
27.868019
24.959253
28.582593
25.480448
28.357671
25.405869
28.062031
25.125605
28.261866
25.186868
25.812441
28.877215
28.885674
25.819275
25.707998
28.698218
28.86582
25.756703
25.301165
28.307496
28.343449
25.302078
28.614508
25.490254
28.386931
25.423775
24.899608
27.786586
27.939933
24.945833
25.22924
28.262981
28.014028
25.146659
28.340363
25.357369
28.403322
25.387134
28.32592
25.383493
28.413874
25.405114
25.569171
28.587173
28.571185
25.549188
25.499681
28.491253
28.547041
25.505633
25.632934
28.693703
28.557007
25.589096
28.488989
25.493093
28.528189
25.505527
26.134752
29.295878
29.140391
26.082892
25.883198
28.922966
29.062761
25.923685
28.749683
25.766048
28.851496
25.794621
25.8393
28.899589
28.869715
25.832085
25.207652
28.186787
28.175637
25.20904
25.104649
28.041878
28.147676
25.139883
25.262125
28.326779
28.112852
25.196003
28.022799
25.052585
28.057585
25.061906
26.177624
29.314377
29.250041
26.157657
25.933753
28.9501
29.18923
26.010013
28.406633
25.448646
28.574213
25.498529
28.851181
25.709026
28.63275
25.645089
29.484057
32.762845
32.761893
29.558498
29.187664
32.388053
32.557545
29.225387
29.12267
32.34931
32.325832
29.115576
32.363973
29.083861
32.31106
29.105515
27.476211
30.468985
30.977237
27.555512
29.099375
32.375401
31.707954
28.913927
32.370969
29.146516
32.332299
29.13532
28.983245
32.254648
32.282389
29.015666
29.791718
33.182688
32.796828
29.70086
28.621069
31.855379
32.216278
28.710447
28.979759
32.270036
32.212265
28.953511
31.997044
28.815732
32.115059
28.867986
27.557845
30.561386
30.536704
27.558735
27.50219
31.08181
30.383437
27.376128
32.1629
28.882344
32.28102
28.928264
32.099976
29.209436
32.68665
29.419293
24.241302
26.995717
27.404842
24.372218
24.796221
27.828455
27.551186
24.706128
24.81091
27.672513
27.885669
24.880652
27.877551
24.93864
27.91759
24.941296
25.427683
28.521477
28.376408
25.379822
25.108355
28.063968
28.294173
25.178469
27.607372
24.619274
27.638203
24.615628
27.981766
24.899163
27.733512
24.829606
25.144943
28.160904
28.062059
25.113427
25.01678
27.968875
28.0145
25.031154
25.178569
28.199732
28.085649
25.150069
27.977066
25.034324
28.048164
25.05481
25.484467
28.545049
28.510438
25.478693
25.366242
28.412078
28.475383
25.393538
28.222522
25.243593
28.306917
25.246866
28.40402
25.347541
28.344578
25.342352
23.95964
26.874524
26.651875
23.880072
23.777146
26.61118
26.616724
23.782542
23.820217
26.636913
26.612037
23.831118
26.599822
23.783415
26.601686
23.80624
24.362607
27.300867
27.217314
24.334372
24.203792
27.054905
27.175718
24.237978
26.647696
23.878615
26.759959
23.899827
24.065727
26.991626
26.80738
24.016683
24.565872
27.541383
27.274819
24.489568
24.171206
26.921785
27.187926
24.255842
23.607121
26.440226
26.481848
23.618381
26.841878
23.946041
26.610679
23.878264
24.424688
27.336717
27.343294
24.434345
24.361889
27.186143
27.325689
24.394541
26.493676
23.721209
26.691229
23.790596
27.106
24.157585
26.800389
24.057394
28.700556
31.958671
31.896553
28.697491
28.573926
31.354189
32.08211
28.826351
28.652713
31.889687
31.333304
28.485197
30.548273
27.222811
30.59739
27.267611
28.70172
31.886187
31.915171
28.745255
28.766363
31.98932
31.923883
28.789321
31.915104
28.767594
31.951571
28.75291
28.804488
31.999777
32.0111
28.756887
27.766815
31.067786
30.326444
27.568678
26.934656
30.079157
29.930003
26.856259
28.413845
31.576342
31.502289
28.399167
30.739945
28.178671
31.619465
28.438139
28.648123
31.860249
31.808228
28.633481
28.651832
31.810316
31.790577
28.641953
31.602155
28.547929
31.743904
28.523274
31.797044
28.672697
31.706908
28.645982
26.908999
30.122902
30.080557
26.902699
26.720433
29.78544
30.03342
26.78858
25.623459
28.43526
29.012256
25.796209
29.660787
26.405475
29.193713
26.267768
24.304883
27.242846
26.985341
24.217136
24.131457
26.996342
26.952816
24.128284
28.239562
25.116398
27.697095
24.955589
27.071708
24.34488
27.504844
24.468525
24.784188
27.637974
27.870435
24.845532
24.982836
27.981092
27.924028
24.965984
24.778102
27.750575
27.853153
24.805359
27.975141
24.94483
27.889711
24.917306
24.560964
27.340177
27.69635
24.65759
24.887236
27.885138
27.7797
24.865333
27.741086
24.747133
27.793959
24.772506
27.882064
24.873787
27.832813
24.850785
26.84938
30.101956
29.95873
26.799173
26.511183
29.592972
29.878512
26.600148
25.911586
28.917145
28.978657
25.909615
29.473812
26.226021
29.098069
26.115534
28.106621
31.340554
30.885829
27.963932
27.378122
30.182698
30.723244
27.540789
28.965551
26.056104
29.220832
26.149757
26.795057
29.961475
29.368612
26.602616
30.444515
33.522984
33.439219
30.353879
30.15562
33.556444
33.449133
30.160278
29.913962
33.233316
33.538128
30.011465
33.58357
30.143309
33.569203
30.117239
28.49173
31.483624
31.915359
28.61955
29.229646
32.617522
32.099271
29.089807
33.135777
29.657002
32.903486
29.586284
32.706685
29.380575
32.846908
29.426255
37.009532
39.956994
39.426995
40.907674
42.710226
46.624561
47.79208
43.271178
47.577432
42.720326
28.047107
31.044389
33.010842
28.724962
31.977739
36.858917
33.847022
30.90309
45.669761
40.633608
42.731333
39.534527
37.908755
34.929857
41.359293
36.226996
30.819276
33.578646
33.865887
30.927445
31.255936
34.284183
33.973648
31.221303
29.836668
33.39735
34.215669
30.283753
34.328505
31.137108
34.309106
31.023964
26.588797
30.544136
29.492666
26.205695
25.582484
29.429601
29.344357
25.596277
32.884675
28.150183
31.117773
27.680144
29.598162
26.029775
30.671519
26.325606
34.497151
37.749853
34.466534
37.738726
37.580966
34.582877
34.387512
37.578179
37.826909
41.172176
36.977531
40.748602
37.831203
34.027988
36.868806
39.472
35.374476
38.234701
35.412335
38.277571
40.521793
36.979873
36.625924
40.686423
35.429277
38.046772
34.926707
38.279751
38.287413
34.926007
34.879182
38.255908
36.97549
40.609738
37.167375
41.223974
40.270812
37.216241
35.276793
38.500547
37.080123
40.59838
37.059296
40.607423
40.740358
36.785698
36.991705
40.479443
36.82327
40.400911
35.154124
38.360091
41.303023
37.087292
37.147599
41.367933
37.345022
40.199331
35.038219
38.408878
38.551468
35.207465
36.91169
40.502718
38.403601
41.459383
36.594271
40.398203
38.592208
35.187101
37.137819
40.24591
37.012673
40.670017
37.559537
40.889243
41.325201
37.733739
37.850148
41.505055
37.647352
41.514204
37.405775
41.161753
40.87193
36.932954
36.889143
40.219244
34.494373
37.793196
34.631047
37.858538
34.615396
37.840594
34.584922
37.81904
46.011193
50.60182
38.373351
48.140916
26.317285
33.541019
34.89938
36.954034
36.695256
40.732653
37.110675
40.620363
36.73244
40.712612
36.968095
40.425703
37.71489
41.248536
37.847143
41.26052
41.993963
38.189209
38.143828
41.790548
46.801942
52.605635
48.174613
52.416279
53.013359
50.843872
48.785671
52.341579
60.566513
66.890952
62.504605
67.507141
66.979999
60.787292
62.603873
67.564269
47.98189
51.676063
47.069321
51.241779
48.763379
52.043731
47.262889
51.585177
59.480507
63.596266
56.63664
62.484204
59.588963
54.796053
56.010285
60.169372
37.052266
40.554046
36.836633
40.821908
37.335095
40.188603
35.211334
38.473567
37.250664
41.258513
37.07589
40.422376
40.438389
36.777093
37.991186
41.504599
48.598858
53.46563
49.89977
53.893694
55.91945
52.531076
50.398232
55.380693
49.345145
53.415024
49.586677
53.521619
53.192981
48.70979
49.502422
53.390782
51.679432
55.574439
50.27922
55.154281
50.162297
54.047066
49.979249
54.15355
49.369195
53.563551
50.203835
53.925792
53.93581
49.994913
50.281199
54.11168
34.966118
38.373404
37.400668
40.268782
36.933563
40.650814
37.584475
41.175785
37.037178
40.55346
37.12619
40.60539
40.594404
37.032619
37.196294
40.708965
51.933299
56.471838
52.331905
56.545892
55.32642
51.168097
51.928746
55.567777
50.575375
54.397125
50.92621
54.372931
54.209672
50.369826
51.159208
54.731737
50.317621
53.956719
50.555646
53.946135
50.302563
54.161384
50.626904
54.29882
50.681703
54.627277
50.873086
54.571522
54.580846
50.909645
51.180925
54.875102
38.770251
41.960687
36.49935
40.449355
36.981743
40.446237
36.864681
40.409614
37.562913
41.16204
36.977855
40.670155
40.564938
37.024632
37.087367
40.603978
50.300664
54.124406
50.370707
54.317109
55.36333
51.039267
50.675919
55.190086
49.572084
53.797259
50.657058
54.249726
53.853457
49.357606
50.688064
54.191808
50.423563
53.887163
49.184011
53.459339
48.854842
52.43004
48.816726
52.424961
49.219582
52.697456
48.645269
52.540339
53.112907
49.312478
48.773999
52.905448
36.484334
39.121953
35.253462
38.342751
36.776702
40.222457
36.569026
40.466556
36.86436
40.3041
36.700773
40.664715
40.251279
37.460508
35.018461
38.398876
50.797132
54.872861
51.048963
54.953523
52.988804
47.86864
50.650423
53.708823
60.407159
64.774946
58.291185
63.937122
59.785776
54.418847
57.368132
60.892341
47.569772
54.703305
51.985023
55.702214
50.456489
54.654322
51.613019
55.193541
60.683786
65.82423
60.545522
65.870943
64.969943
59.122177
60.325918
65.228303
44.153388
46.403002
35.532554
43.505063
32.372498
29.555039
33.33783
34.431959
37.48531
33.888474
35.834849
38.958398
35.053639
38.469447
34.798833
37.940521
34.110181
37.405565
34.214663
37.442813
34.288799
37.508852
34.143477
37.39182
40.686797
36.75573
36.549496
40.563176
37.122054
40.093512
34.989164
38.310033
34.893587
38.096165
36.76625
40.189276
34.934699
38.306703
35.191729
38.013262
40.239803
37.258372
35.226301
38.318008
36.902357
40.693795
37.590466
41.773426
36.966597
40.641865
37.619034
41.087974
35.315222
38.814784
37.786876
40.765871
40.802485
36.741277
36.697717
40.751926
35.478514
38.231624
35.366378
38.24178
35.122523
38.522372
37.237259
40.300917
36.715963
40.711347
36.969993
40.468928
39.314327
35.683412
35.654846
39.263837
36.779432
40.121301
34.70846
38.264394
34.842471
37.81256
35.14687
37.621974
37.833559
41.342087
37.147465
41.498774
39.140963
36.156939
35.783139
38.996877
35.019628
37.951429
36.412322
39.45323
36.883919
40.518529
36.67359
40.238027
31.845291
36.585508
40.170507
40.346898
37.411083
34.930985
38.992474
34.676702
37.894694
34.594814
37.673806
37.13993
40.477011
36.750372
40.415447
31.539199
36.180446
39.347483
39.843833
39.746071
30.77567
37.298466
25.824696
29.393882
27.868531
29.8474
40.738434
43.137598
43.079911
44.295788
39.434479
44.852236
49.233594
40.535592
36.835776
37.453756
41.051504
35.244413
38.569936
37.185503
40.106489
36.753345
40.557052
38.051336
41.459301
37.276727
40.568867
37.705924
41.014921
57.409412
53.219719
52.423423
56.90099
51.833547
56.379903
52.316294
56.959113
53.675112
59.164046
55.443337
59.832952
59.748499
63.83836
56.362762
62.75554
53.687538
50.508719
49.33839
53.249823
48.937515
52.709639
49.239169
52.745635
51.078338
55.61786
53.007312
56.323168
54.53099
58.580712
53.597556
58.239697
41.192428
37.868286
37.448941
41.08143
37.428129
41.126917
37.558089
41.136988
38.578019
42.146651
37.380881
41.269907
37.204785
40.820308
37.408236
40.857204
54.331094
48.913882
51.635115
55.299507
52.875393
57.144193
52.828589
56.902466
47.903001
51.103966
46.515569
50.348448
47.9078
50.962614
46.613655
50.41082
53.344017
49.119577
50.207186
53.875756
50.407906
54.875797
50.419606
54.859754
49.006294
52.877775
49.045289
52.823624
49.787641
53.282518
49.245805
53.118048
41.054841
37.468982
37.086594
40.709786
37.038704
40.588064
37.055635
40.573736
37.090933
40.439683
36.715507
40.703095
37.232596
40.204321
35.166718
38.469091
54.805201
50.66274
51.452894
54.999697
50.953324
54.946414
51.447652
55.128429
50.492012
54.290234
49.615388
53.982975
50.929583
54.30651
49.556746
53.71622
54.27812
50.607463
51.007253
54.752093
50.138794
54.083187
50.649985
54.252861
51.092181
55.094923
51.126559
55.020287
50.96184
54.792079
51.107154
54.93339
38.347227
35.065402
35.280334
37.926463
36.969724
40.565894
37.105453
41.191696
34.812595
38.646162
37.204722
40.135619
37.026667
40.556311
37.086921
40.600696
56.072119
51.93183
51.142323
55.613998
51.017801
55.283555
51.175273
55.3854
51.803789
55.936737
50.573685
55.56971
49.064888
53.444167
49.984679
53.854
52.887622
48.746044
50.022731
53.410655
49.101424
53.15348
50.068523
53.606365
48.323793
51.865008
48.796463
51.998722
49.328057
53.04887
49.089895
52.969161
40.394799
36.767267
37.54051
40.829099
36.726535
40.480606
37.695302
41.065296
36.902859
40.426673
36.966863
40.466856
37.502622
40.909786
36.79665
40.420711
54.065339
50.392432
48.567627
53.425027
47.275649
51.071273
47.787024
51.171076
50.539323
54.621843
50.933183
54.706594
53.472792
56.691719
51.290774
55.903531
59.127305
54.955472
53.366922
58.424144
50.469445
54.548526
52.563964
55.4672
55.471254
60.997824
57.106697
61.827157
58.804371
64.095356
57.724764
63.663992
31.847855
31.74252
30.574162
31.059805
29.546031
30.352997
30.4295
30.435927
33.084766
36.70118
39.562334
39.334861
36.602719
41.805942
46.598485
25.886937
27.440467
25.662673
27.389176
26.830342
25.196514
25.469193
26.92264
23.668982
25.186429
23.749997
25.223406
25.110212
23.660359
23.669486
25.12471
23.843201
25.253188
23.842877
25.243719
25.112387
23.661198
23.794862
25.163308
23.515152
24.945052
23.852697
25.051339
25.903706
24.355953
24.3143
25.928047
25.084679
26.269472
24.481234
26.119163
26.116718
24.559425
24.58161
26.155829
24.583907
25.86234
24.57099
25.813234
27.336191
25.475756
25.414392
27.322643
24.983
26.279828
24.535432
26.169607
26.306121
25.018539
24.563453
26.229068
25.222147
27.104584
25.702079
27.185072
27.263924
25.307184
25.792574
27.374092
25.914836
27.581841
25.920346
27.578321
27.625626
25.931313
25.945459
27.625625
25.808921
27.551457
25.977405
27.617591
28.039485
26.314176
26.173718
28.034775
25.961231
27.667742
26.070131
27.685711
27.868343
25.784233
26.341426
28.042994
25.933992
27.609202
25.481043
27.495946
26.17478
24.957059
24.745894
26.123563
26.195821
27.822308
25.498799
27.610587
25.963359
24.684393
24.7112
26.030463
24.794044
26.137948
24.809947
26.148234
27.785889
26.067197
25.563028
27.629145
25.52746
27.511903
25.642863
27.576741
26.146314
24.861575
24.769729
26.078444
25.514465
27.535483
26.034478
27.679017
27.525835
25.52676
26.031273
27.685477
25.778803
27.467059
25.939608
27.524164
27.867532
26.244947
26.034078
27.793192
24.448135
25.868845
24.244635
25.869661
25.862271
24.780293
24.046558
25.633514
26.603424
28.210442
26.225018
28.099085
27.274646
25.6618
25.888683
27.363875
24.617064
26.24366
24.847969
26.332739
26.297716
24.64549
24.831752
26.335602
21.975577
12.514851
25.553227
24.519674
24.829111
25.596739
24.731278
26.188405
24.936474
26.254756
26.250706
24.866399
24.904382
26.240572
25.600526
27.282165
25.811428
27.332219
27.127738
25.507166
25.72883
27.179466
24.456063
25.626661
24.21342
25.576548
25.492095
24.239615
24.193052
25.526904
21.758827
12.330388
12.199542
21.214183
25.174693
26.579228
25.102374
26.570306
24.789287
26.345747
25.050619
26.418677
23.848404
25.267473
23.858109
25.260639
25.262366
23.847246
23.880601
25.278122
25.154746
26.484622
24.821155
26.394865
25.377681
23.866156
24.446686
25.545126
30.933372
37.975196
35.924189
35.30079
37.864894
25.564198
27.21937
26.944846
27.844623
30.167974
30.851029
27.739352
29.845146
29.321023
30.825797
28.720808
30.641689
29.848944
27.670029
28.477266
30.042938
25.212628
26.338665
24.80337
26.185852
26.076726
24.374358
24.649076
26.107196
25.873942
27.498979
25.975877
27.545164
27.737795
26.157269
26.02571
27.710533
25.730445
27.448152
25.999754
27.528184
26.490123
28.277074
26.365044
28.254606
25.573164
27.535464
26.072916
27.697707
27.68717
25.976181
25.984292
27.665373
25.786794
27.516671
25.924011
27.557965
27.896056
26.112633
26.097637
27.898642
24.277522
26.386239
24.208868
26.3865
26.046537
23.761311
24.127334
26.174339
25.652688
27.4483
25.320718
27.292094
26.515922
24.557107
25.160373
26.729707
29.477532
31.187436
29.6988
31.269787
31.072755
29.259643
29.677747
31.196759
25.743394
27.822374
25.865495
27.92145
28.195967
25.914365
25.880107
28.145128
24.251547
26.237439
24.033056
26.121614
25.531563
23.512729
23.926047
25.69506
21.220275
22.844113
21.4323
22.914181
21.711188
23.214028
21.497889
23.125803
20.937984
22.761532
20.65115
22.643508
22.314797
20.5056
20.580047
22.368884
21.139593
22.621779
20.906066
22.544986
22.288493
20.683966
20.840225
22.336402
25.801855
27.791843
26.248921
27.947277
27.625909
26.082911
25.923181
27.542927
26.5513
28.340727
26.496362
28.311976
25.998903
27.742622
26.245544
27.806126
25.965276
27.654205
25.959982
27.598842
27.575982
25.593546
26.098092
27.720121
26.44528
28.105791
26.29175
28.06787
27.839545
26.167006
26.201052
27.840048
21.464513
23.22504
21.462527
23.220206
23.177278
21.405262
21.461255
23.18574
21.269557
22.626033
20.916047
22.510038
22.187532
20.579919
20.806398
22.256177
21.031937
23.095924
21.321535
23.208
23.556499
21.608979
21.409376
23.485456
21.398356
22.958846
21.696662
23.064211
23.431897
21.999053
21.791376
23.344155
21.485538
23.280217
21.604506
23.322982
23.42316
21.696269
21.643618
23.410983
20.689399
22.32178
20.753663
22.342092
20.903699
22.49291
20.787145
22.452564
22.086532
23.959345
21.937572
23.908225
23.761381
21.810889
21.897661
23.791163
20.69624
22.356586
20.891246
22.412086
22.900969
21.459732
21.025835
22.740937
25.91933
27.604163
25.921156
27.5913
27.601007
25.958421
25.914699
27.590399
26.016884
27.587757
25.875039
27.515397
25.447535
27.416362
26.007154
27.586802
24.678263
25.979188
24.805983
26.081983
27.886271
26.287407
25.61882
27.70513
26.239721
28.030289
26.281907
28.046108
27.627727
25.929421
26.094015
27.677799
22.387997
24.027196
22.337925
24.008463
24.017345
22.396158
22.330992
23.999693
21.672212
23.334396
21.696837
23.350481
23.46741
21.822094
21.725258
23.435319
22.120035
24.084115
22.169736
24.097849
24.003102
22.051743
22.162868
24.044843
21.692569
23.391761
21.853575
23.439467
23.693137
22.11871
21.934547
23.622037
22.396894
24.058616
22.376464
24.072065
24.010002
22.316123
22.352783
24.031605
22.878386
24.561686
22.730695
24.510422
22.537672
24.301924
22.660038
24.338724
21.99369
23.698171
22.018215
23.703741
23.622398
21.923002
22.000026
23.651222
22.893319
24.598012
22.83823
24.577459
24.370243
22.584119
22.786628
24.44198
26.238247
28.043026
26.237448
28.057008
27.694281
25.94553
26.073085
27.733144
24.483099
26.077651
24.909726
26.206841
25.984139
27.628304
25.480561
27.453545
26.700702
28.393823
26.396918
28.309824
27.275399
25.618427
25.937592
27.360272
24.598812
26.178576
24.600959
26.192971
26.198961
25.003116
24.431183
26.024513
21.049299
22.775037
21.417788
22.902948
23.305738
21.764133
21.541644
23.222235
21.826722
23.711635
21.668804
23.660153
23.388592
21.376387
21.598056
23.463185
21.966173
23.633086
21.87765
23.600562
23.498235
21.813533
21.849534
23.513314
21.862023
23.780724
21.876589
23.781169
23.703657
21.839359
21.866737
23.726399
20.923482
22.475869
20.686222
22.404983
22.275854
20.613787
20.64044
22.285549
21.195134
22.827093
21.070456
22.793942
20.934714
22.665524
21.030938
22.698269
21.401388
23.032808
21.248898
22.968747
22.686189
20.991032
21.187795
22.761932
21.244649
22.907314
21.326769
22.925265
22.884054
21.259809
21.333142
22.909023
25.724877
27.327426
25.689214
27.271199
27.225897
25.284103
25.846527
27.409647
25.715215
27.366623
25.750661
27.356463
25.787326
27.426459
25.761127
27.394818
25.241583
26.461829
24.614339
26.307533
25.65261
24.430738
24.295701
25.64062
25.694177
27.314639
25.709681
27.303143
27.341648
25.775763
25.722732
27.33015
23.21212
25.168625
23.306575
25.176614
25.061948
23.228875
23.309508
25.113474
21.442165
22.874982
21.285729
22.814527
22.761839
21.297477
21.250057
22.736445
21.445506
23.217532
21.533778
23.261433
23.336794
21.515028
21.542358
23.332677
21.494646
23.098192
21.618827
23.16148
23.29798
21.599322
21.637465
23.29465
23.148217
25.066038
22.924204
25.00412
24.695504
22.579169
22.832108
24.786013
24.863335
26.539613
24.518616
26.405432
23.9837
25.861431
24.398897
26.013985
27.791878
29.224252
27.400098
29.082378
28.586908
26.825782
27.257727
28.672984
24.983693
26.906619
25.291909
27.037297
27.50509
25.451134
25.372005
27.422178
30.676114
17.661714
31.597346
24.776887
26.591334
26.444723
27.290685
30.40565
29.684558
27.278353
29.34932
27.888019
29.600189
27.986253
29.664749
29.727113
27.650693
27.948942
29.751194
24.15532
25.152565
23.045908
24.707339
23.786414
22.057609
22.68021
23.932496
25.325814
23.82709
24.15189
25.382756
25.248662
26.653904
24.630491
26.448424
23.937002
25.411021
23.812716
25.340951
23.67863
25.127508
23.738195
25.150769
24.948046
23.701912
23.442851
24.902189
23.519733
24.816274
23.438263
24.809846
24.045183
25.672876
24.355512
25.832113
24.088045
25.465726
24.142549
25.545087
26.156284
24.617845
24.607818
26.172419
24.593525
26.171604
24.629714
26.193082
24.634183
26.232652
24.606768
26.244242
24.749892
25.962466
24.385147
25.891949
27.52769
25.873307
25.910753
27.55468
25.60616
27.5697
26.066847
27.75085
26.054905
27.736805
25.456356
27.573416
24.527477
25.810614
24.606086
25.857456
27.508013
25.537616
25.969731
27.595209
25.879562
27.519362
25.844472
27.487172
24.809717
26.135976
24.903406
26.159027
26.40016
28.064173
25.724144
27.830432
27.678008
26.015177
25.557009
27.553179
24.915717
26.191278
24.824821
26.158658
25.854902
27.548527
26.112751
27.648457
26.00201
28.204107
26.581628
28.40414
26.131898
24.804037
24.746024
26.071159
25.611519
27.614768
25.622916
27.624365
25.586672
27.675987
26.06186
27.800823
25.884677
27.579905
25.875562
27.567432
27.872759
25.80711
26.37142
28.022711
25.706418
27.814695
26.384301
28.02539
25.116633
26.399912
24.553483
26.263987
24.944361
26.285149
24.548297
26.222476
28.062762
26.314242
26.308824
28.069747
26.321117
28.084058
26.360659
28.130526
26.295734
28.025768
26.239858
27.9879
25.685457
27.803425
26.367837
28.026698
25.924456
24.654897
24.738155
25.982825
25.937162
27.596852
25.469882
27.434711
25.386582
27.198458
25.294941
27.127181
24.393366
25.859799
24.64378
25.906833
26.295861
25.036072
24.77889
26.26407
24.58216
25.733665
24.334842
25.55917
25.101813
26.471879
25.003361
26.437393
24.863943
26.238278
24.908727
26.236845
26.593286
24.773851
25.500837
26.888893
25.377585
26.794871
25.304973
26.744078
23.941183
24.951555
23.710393
24.860507
24.360371
25.692538
24.211077
25.696445
20.567344
25.041776
23.896523
23.492781
25.026594
20.261442
20.956355
24.188704
25.637324
24.41489
25.752497
24.590813
25.891585
24.374448
25.808563
25.207838
23.827172
23.809037
25.204205
23.842333
25.197652
23.790886
25.188548
23.877324
25.277269
23.785443
25.248035
23.709322
24.994177
23.638328
24.957363
40.515823
38.09034
39.065896
41.039234
36.852192
39.615223
39.08203
40.512263
37.369754
38.694214
35.030603
37.582881
31.323783
33.557783
33.792204
34.722908
27.717797
25.119383
26.020692
27.964031
27.35828
29.162856
26.346285
28.842111
24.838411
26.970324
24.312082
26.756687
24.291635
26.169048
24.238472
26.259085
28.028559
26.251268
26.400985
28.055816
26.206554
27.877907
26.325584
27.903557
26.034934
27.585446
25.948553
27.573895
26.297057
27.899508
26.093702
27.868027
27.491666
25.518609
26.051874
27.681216
25.943081
27.631508
25.924623
27.598424
24.807662
26.101997
24.781923
26.111213
26.032377
27.584928
25.445638
27.413485
25.149249
23.283134
23.260444
25.183734
23.624927
25.608032
23.31008
25.465478
23.35507
25.232877
23.729063
25.342274
24.363505
25.946259
23.866361
25.776826
29.41309
27.084383
27.940912
29.656402
29.016787
30.611495
28.258083
30.399662
26.845222
28.806468
26.2792
28.65286
25.94922
28.344458
26.156576
28.403597
24.314231
22.45362
22.766767
24.439464
23.354213
25.025865
22.89435
24.869156
22.363869
23.986526
22.105145
23.891765
21.785095
23.511905
22.019905
23.610963
22.257221
20.60109
20.563745
22.254879
20.507494
22.270689
20.543032
22.267101
20.614972
22.231888
20.628304
22.225253
20.650685
22.202446
20.626579
22.184129
27.435797
25.754578
25.984781
27.487497
26.480068
28.339603
26.407999
28.296599
25.787226
27.433426
25.861736
27.451742
26.015386
27.682238
25.957436
27.655849
27.691116
26.147446
25.488678
27.483528
24.827687
26.095496
24.768474
26.071574
26.14069
27.877726
26.266142
27.932935
26.264547
27.998272
26.284154
27.995016
22.506679
20.715304
21.021037
22.615409
21.360374
22.994458
21.128206
22.909035
20.617635
22.222439
20.466425
22.158013
20.522433
22.095406
20.454973
22.090526
23.789579
22.009929
21.874455
23.769922
21.668663
23.703167
21.81969
23.736222
22.062408
23.80297
22.142497
23.798631
22.051898
23.665373
22.144602
23.715303
22.984648
21.247905
21.463048
23.068308
21.683337
23.340573
21.541442
23.280298
21.177625
22.780652
21.057465
22.728585
20.944699
22.571278
21.024577
22.608206
23.565585
21.874479
21.77398
23.556056
21.802079
23.64058
21.750243
23.594906
21.926684
23.607153
21.955032
23.60789
21.611867
23.302155
21.919502
23.431631
27.531909
25.913493
25.947589
27.583428
26.005899
27.700846
26.001021
27.699126
26.038244
27.635966
25.52012
27.496881
24.73084
26.016275
24.783186
26.024138
27.652875
25.905887
26.074451
27.700319
26.311397
28.047415
26.255382
28.064531
25.886675
27.612217
25.86215
27.597179
25.927157
27.607396
25.884823
27.59898
24.086251
22.416674
22.530357
24.124513
22.448079
24.118474
22.537314
24.132102
22.354557
23.93321
22.124141
23.855007
21.861078
23.577742
22.031429
23.632876
23.691555
21.941883
21.861527
23.675485
21.99491
23.810311
21.86622
23.755318
22.003703
23.784557
22.153115
23.830293
22.160015
23.860821
22.187012
23.876642
24.136236
22.456842
22.362317
24.097055
22.313107
24.002453
22.34032
24.015531
22.494935
24.2392
22.545746
24.26229
22.530129
24.277769
22.5442
24.276118
23.751683
22.093753
21.947385
23.692198
21.906447
23.579428
21.91732
23.58682
22.149847
23.911697
22.27509
23.955298
22.496852
24.142143
22.320413
24.080584
27.639517
25.928792
25.921991
27.632942
25.940717
27.655894
25.915491
27.624392
25.945396
27.664073
25.928743
27.654367
25.878459
27.570956
25.899301
27.600528
27.612259
25.920214
25.883644
27.587288
25.760549
27.46378
25.834635
27.457685
25.857864
27.524712
25.964378
27.513841
25.784023
27.831315
26.280166
27.977843
23.228901
21.387907
21.634461
23.308628
21.77867
23.413504
21.705539
23.403027
21.279619
23.023702
21.147004
22.993972
21.312023
23.185752
21.166069
23.134076
23.621327
21.916958
21.883024
23.603368
21.817133
23.508172
21.861592
23.525972
21.908479
23.65828
21.875612
23.65344
21.840691
23.698368
21.863723
23.70332
22.351567
20.702741
20.678706
22.340669
20.62332
22.301237
20.66751
22.316483
20.712987
22.390304
20.769661
22.409651
20.893603
22.549144
20.799135
22.508813
22.181181
20.588112
20.657145
22.198916
20.917062
22.470408
20.720327
22.402647
20.609993
22.254168
20.809177
22.325808
21.197521
22.693372
20.915081
22.596325
27.274603
25.796695
25.295519
27.168899
24.643958
25.941043
24.662169
25.932945
25.794477
27.383502
25.800239
27.424124
25.763538
27.405579
25.789227
27.411328
27.087325
25.535987
25.500054
27.041778
25.015145
26.864707
25.625422
27.100239
25.559487
27.17666
25.657138
27.204603
25.77151
27.307093
25.687042
27.291345
24.11357
22.337274
22.753688
24.271808
23.165968
24.808177
22.876708
24.688133
22.190789
23.645751
21.774662
23.495885
21.34822
22.944612
21.651197
23.073338
23.092324
21.23101
21.311128
23.122655
21.480136
23.275367
21.356171
23.241611
21.229107
23.075294
21.336492
23.106826
21.556041
23.245914
21.39322
23.207173
24.285485
22.55094
22.359464
24.252666
22.492257
24.430296
22.352572
24.331416
22.651012
24.496852
23.085532
24.62005
23.82294
25.316838
23.271917
25.125951
27.978259
25.812988
26.23715
28.072748
26.704873
28.345873
26.348037
28.254532
25.702538
27.783428
25.538045
27.719259
25.482015
27.583141
25.513543
27.596822
34.660914
19.897468
40.700465
38.267424
39.3263
41.307828
19.848343
34.767775
32.697206
37.5559
38.87003
35.10338
37.66414
30.929147
33.306804
33.769111
34.585704
27.375505
24.419941
25.955314
27.889685
27.429675
29.392261
26.394045
29.175913
23.906236
25.816774
22.607228
25.335632
21.991743
23.920659
22.317586
24.138479
16.574875
29.944611
30.019928
29.844219
30.003859
17.928376
32.160598
18.087198
32.877206
32.088017
29.575681
30.787559
16.676624
30.710655
31.88154
32.208132
16.762247
30.392691
30.8385
30.342763
16.7053
30.362309
18.019095
32.30696
32.142017
30.627141
32.367499
17.809058
32.292657
17.81527
32.314632
32.234282
32.047151
30.553135
17.686732
32.040657
32.332612
32.269452
16.811027
30.457568
32.532501
32.142031
17.752344
30.629126
17.738916
31.874809
33.484509
32.346128
30.591903
17.948109
32.739082
17.861967
32.249027
32.992826
32.892673
32.602219
18.323733
32.804607
32.149318
32.191113
30.070405
16.537012
29.980625
30.05356
30.109345
14.180466
31.093406
38.257174
28.532358
24.925827
32.272803
17.825773
31.900123
17.70846
32.157855
32.01058
32.975012
18.165864
32.816502
33.242413
18.442561
33.264061
18.43861
41.798722
39.42058
42.234552
43.704753
25.775204
53.816359
25.512115
52.225367
53.994735
52.571217
40.783403
19.52819
41.374631
19.614507
40.926393
42.108347
49.076467
24.458021
51.336307
48.532883
23.304853
47.543718
17.91473
32.089206
32.225353
30.629317
32.544461
17.726037
32.272684
32.459811
33.078891
31.978549
43.133841
20.269716
41.975198
43.617801
21.051877
45.390715
20.348881
42.773307
42.620936
42.691935
42.198529
20.994997
43.694146
44.722992
43.487403
43.99712
20.567888
43.402218
42.67494
43.410104
42.489909
32.551133
16.79432
30.377467
18.026221
32.707666
32.121358
32.359266
17.787732
32.273476
32.423707
17.863138
32.273288
21.544821
45.040599
44.921246
44.561059
43.532946
20.974151
44.564917
20.64259
44.659844
44.818116
44.097751
43.139225
20.856268
43.300783
21.052035
44.065058
44.372196
44.5774
20.849688
44.755987
44.948142
21.376359
44.25625
17.762683
31.792556
33.81729
32.123055
32.223345
17.816223
32.211007
32.727072
32.307271
32.271332
44.510126
20.533198
43.554972
44.78917
20.514491
44.895106
20.326792
43.186624
42.76113
43.205953
42.518167
20.233606
42.438611
43.43621
42.108953
42.225987
20.000465
42.125736
42.497242
42.241994
42.626923
30.680354
17.191404
31.771583
17.779638
31.857439
32.045431
31.976765
17.694919
32.124158
30.483859
16.845308
32.651519
20.762026
44.061093
43.694764
43.799842
41.469806
24.585153
50.424763
25.020756
52.267857
49.61866
47.116824
44.284191
19.282441
39.828853
20.766385
44.501562
43.783929
52.426218
25.414059
52.428307
52.234528
25.031491
51.023697
29.856084
14.023967
36.409217
28.938743
28.242177
31.179947
17.164819
29.460648
30.242995
30.433859
16.364938
29.676595
29.644112
16.367591
29.642802
29.811866
31.823038
17.918327
31.969597
30.436237
32.348372
17.612816
31.958107
16.649886
30.310387
30.548342
30.370495
30.640461
16.775609
32.378944
32.755035
32.093511
17.996689
32.767089
32.108346
17.894069
32.927259
30.72444
31.946355
17.880811
31.988113
30.760235
30.835516
17.657539
32.438061
16.852431
30.542403
32.210097
31.994102
31.03761
17.265983
31.044381
30.201673
32.039993
16.48307
30.600527
30.312376
18.23688
32.378026
32.979785
31.165905
17.24542
31.481809
31.724715
30.494095
17.719891
31.934674
17.8585
32.122288
30.374395
17.101945
32.513506
30.09936
16.633068
30.153179
17.805378
32.023103
32.287498
25.989933
16.292556
36.971542
24.364334
25.007298
21.769468
37.942523
37.831808
32.61696
18.001052
32.029256
32.37768
16.909222
30.677419
18.142089
33.097563
31.943036
32.79197
17.775527
32.442391
44.388724
45.560761
19.939286
44.943357
44.019157
47.813465
46.066468
24.005211
48.694749
24.439011
51.681698
42.714159
20.430352
43.776684
42.61304
20.118834
42.368852
21.762193
45.974323
44.279394
46.505982
22.673446
47.344137
32.616314
32.972157
18.058628
32.727928
32.622881
32.492093
33.578622
17.89705
32.516312
32.333607
44.663338
19.521409
42.574657
44.454559
21.34284
45.571071
40.0121
41.80897
19.363328
39.855105
41.488975
44.132794
42.671002
20.103858
44.331734
44.253312
42.128809
42.595196
20.33963
42.186895
42.296451
32.278224
17.864765
32.658202
32.225957
17.747832
32.196562
17.863295
31.993204
32.320187
30.599324
17.648777
32.449747
43.673913
44.165941
21.065264
43.727129
43.345143
43.777757
44.302069
20.767983
43.558615
21.030696
44.326016
44.562058
20.967254
43.131227
44.50112
20.472377
44.302595
20.689031
44.654043
44.014399
44.743423
20.891116
44.310836
30.714752
30.518826
18.0858
32.348133
32.210339
32.419226
30.294507
17.824736
32.310378
32.278544
44.250767
21.193542
44.985432
44.289261
20.897168
44.765486
43.836502
44.910709
20.442321
43.301106
42.374535
43.082678
42.168498
20.264955
43.168864
42.405109
42.327312
41.878561
20.170045
42.528435
42.634065
32.692966
17.965944
32.047416
32.830343
17.767532
31.998326
17.771744
32.223197
32.158761
32.074086
18.014613
32.690781
41.765062
43.382421
19.412835
41.155848
40.974883
44.032134
43.542791
21.388522
44.3756
21.820663
46.27357
46.147588
22.189248
47.314686
45.575353
21.146713
43.878838
23.106338
49.075502
47.7475
49.633374
24.159684
50.677521
30.037343
29.798232
18.233933
29.79126
29.202453
18.555259
34.668321
30.763701
22.478209
13.005406
22.67451
22.298774
22.059181
20.740703
11.89476
20.687734
20.690933
20.709915
20.872561
11.975335
20.858437
20.826957
20.708434
20.85201
11.798523
20.556921
21.290465
21.341238
21.402254
12.390893
21.933679
21.491343
12.350766
21.482221
21.486434
12.201607
21.484105
22.227628
12.903269
22.279408
21.434217
12.38964
21.828533
21.463214
21.856678
22.494216
12.82226
22.061514
22.571517
22.136827
22.678832
13.01552
22.674745
22.698811
22.69051
22.714834
12.954701
22.572231
22.884435
23.020809
22.790877
13.016534
22.69052
23.036854
22.525158
22.249114
13.011719
22.687828
21.591962
21.764814
22.282432
13.0834
22.90943
21.594792
12.260403
21.591548
21.653376
12.289898
21.625416
22.310764
12.975843
22.765411
22.364713
12.927391
22.266123
21.59358
21.677615
22.724917
12.957036
22.265111
22.720437
22.278015
22.689734
12.967052
22.547128
22.770139
22.962817
21.204608
12.23032
21.396104
21.033493
21.674548
22.940494
13.303891
23.277699
22.640878
22.448844
21.750444
12.42767
21.55066
21.732695
21.566149
12.466541
21.722026
21.885779
21.694319
21.848185
12.528579
12.533154
21.811273
22.598907
12.963265
22.41803
22.52708
12.900409
12.879296
22.332996
21.238919
21.451738
21.219746
12.178065
12.166529
21.261794
21.999619
12.677776
22.086322
21.963524
21.757551
20.885028
20.874595
20.89824
11.998884
11.99938
20.88589
21.757778
22.073362
21.434719
12.169729
12.088467
20.931822
17.921943
31.62151
23.874278
22.807306
14.45853
24.676796
26.690406
24.935625
25.628439
24.635812
9.0177798
23.656465
21.968621
22.400646
21.711826
12.474674
21.172436
22.743155
22.662492
22.773775
13.09259
22.883418
22.708346
22.458041
13.278306
23.029172
23.162388
22.794944
22.338109
22.712247
13.027591
22.704141
22.64268
22.502743
22.812153
13.128893
22.837642
21.051358
21.12766
20.97699
7.6097379
20.65769
22.074422
22.318278
21.944052
8.5334013
21.500812
26.053299
25.80127
26.038065
12.607867
25.679306
22.409767
22.379251
22.400323
8.3631853
22.401719
20.963289
21.122287
20.869489
7.3312358
20.540636
18.734908
18.548701
6.5848341
18.793791
6.6672135
18.982631
17.879762
18.127944
17.851433
6.6906407
17.79757
18.265565
18.474836
18.199889
6.4857688
18.038243
22.956991
22.562193
22.664945
12.994229
22.791956
23.113375
23.225161
13.091567
22.907842
13.066514
22.705537
22.693082
22.693027
22.818913
13.076571
22.371517
23.006111
23.133145
22.919855
13.122417
22.88674
18.686007
18.673443
18.695042
6.5940687
6.6074913
18.653125
18.249439
18.568372
18.149575
6.3625982
6.3631644
17.940507
18.445707
18.207726
18.520331
6.6926315
18.734167
18.966121
18.68705
19.035907
6.2831189
19.217558
18.794974
18.687776
18.834166
6.5406311
18.889889
18.091192
18.014302
6.546964
18.128601
18.248525
19.023363
19.187259
18.985577
6.7960351
18.915169
18.208375
18.02086
18.337348
6.5205361
18.735077
22.678491
22.670372
22.674442
13.013373
22.703503
22.618604
22.743386
13.03344
22.743967
22.252976
21.656947
21.523319
22.386607
13.11735
22.980112
22.980423
22.935881
22.820389
13.028393
22.685388
19.482868
19.519529
19.480122
6.6304208
19.541248
18.960197
18.9408
18.981919
6.6719186
19.057939
19.275037
19.224069
19.275467
6.8262048
19.184787
19.090822
18.968752
19.144847
6.6487959
19.290064
19.519203
19.528796
19.500649
6.6942066
19.454402
19.81463
19.949215
6.6977898
19.749937
6.700656
19.634531
19.193119
19.16961
19.179352
6.6774767
19.117783
19.920384
19.965475
19.879671
6.6473428
19.696397
22.948313
22.954634
22.806704
13.023753
22.690146
21.774886
21.414041
12.944806
22.276791
13.016812
22.726822
23.093505
23.373817
22.679042
12.898019
22.393475
21.509769
21.507336
21.353437
12.271179
21.845795
18.686905
18.344176
18.799745
6.4465485
6.4467018
18.988724
18.826935
18.965932
18.761618
6.7653773
6.7542298
18.550451
19.067391
19.145007
19.048147
6.6441075
19.023389
19.016879
18.997774
19.010096
6.749001
19.008528
17.995996
18.227476
17.955283
6.4868107
17.92941
18.325438
18.451843
6.4783043
18.293411
18.209534
18.524181
18.633725
18.464473
6.5600982
18.296058
18.594464
18.49941
18.605061
6.4132515
18.550754
22.472264
22.495196
22.616218
12.96202
22.125169
22.517699
22.482332
12.936104
22.524418
22.55173
21.542061
22.096621
21.253112
12.162271
21.392043
22.486793
22.460693
22.501985
12.963322
22.569675
20.347858
20.235725
20.358881
7.1062965
20.292591
18.602867
18.741899
18.586663
6.573957
18.61623
18.733352
18.67776
18.736313
6.6267432
18.691394
18.873459
18.789759
18.881806
6.6704748
18.81902
19.940638
20.166485
19.849002
7.3388885
19.62122
21.43372
21.702355
8.4047676
21.332404
8.2316637
20.982711
23.965627
24.22248
23.855358
8.6749672
23.431738
22.016289
21.786199
22.056463
8.4999481
22.101528
23.434039
22.029991
24.263142
14.168631
26.20837
24.139185
24.247204
24.012286
8.7716565
23.458676
20.325756
21.344243
19.766621
8.0547373
18.986736
21.125788
20.827913
12.529666
21.563528
22.093726
20.822725
20.928831
11.903162
20.761995
20.728761
20.496105
20.772061
11.768713
20.500718
20.58298
21.303822
21.063388
12.071322
21.113908
21.081406
21.507813
21.527928
12.353865
21.521466
12.360485
21.503045
21.497064
21.536571
12.227318
21.313627
12.26049
21.648896
22.608703
22.55266
22.749519
12.981463
22.38564
22.23937
22.719809
21.514818
12.193489
21.464504
22.725419
22.335166
12.965282
22.612266
22.644953
21.781069
21.699442
13.109312
22.496614
23.100855
22.32283
22.71947
12.317804
21.679157
21.760642
22.788756
22.579721
13.31954
23.203273
22.68335
21.634983
21.675443
13.020221
22.408066
13.019051
22.39814
22.783883
22.370119
12.957106
22.611009
12.962247
22.612477
23.015315
22.524054
23.02827
13.053909
22.410738
21.423848
21.913066
21.405777
12.365044
21.769571
22.994836
22.952586
13.245929
23.055418
23.037261
22.94649
22.957463
13.205646
23.066152
22.467831
21.640421
21.575439
12.96372
22.274692
22.694188
22.129811
22.219673
12.224788
21.552147
21.338321
21.71925
21.974574
12.236794
21.345937
12.383173
21.633609
21.940845
22.03079
12.507066
21.84753
12.512722
21.809227
22.348356
21.721466
22.159868
12.708446
22.209931
20.781007
20.98639
21.223942
12.299544
21.383312
20.952843
21.422542
12.256607
21.185195
12.290602
21.372791
21.581499
20.864647
11.96984
11.963912
20.834747
11.977716
20.841998
20.881579
20.792615
11.995964
20.876611
11.8644
20.689956
20.78864
34.491676
19.802641
33.760896
19.701914
34.521648
32.583919
31.098472
18.902667
33.122085
16.987111
29.927418
27.835094
21.776521
8.588582
8.7812213
20.762233
22.181419
23.256938
20.272705
8.743246
20.514618
20.357013
20.902074
23.108004
13.26164
22.948102
23.037174
22.938733
22.686716
13.004812
22.755898
13.119259
22.812041
22.98961
22.768104
13.043379
12.965796
22.319187
12.980419
22.65767
22.672423
21.666233
12.32499
21.693866
12.932299
22.25265
22.774624
20.247513
7.8242948
7.9885343
20.315801
7.8376759
20.30439
20.544373
20.74596
8.0149539
20.392379
8.1821443
20.870249
21.335017
24.264964
11.574128
8.4684704
23.492675
24.544073
25.403768
22.710385
8.4997232
23.256763
22.590221
22.410491
19.889526
7.0275044
19.580705
20.010037
20.403009
19.312416
6.9016027
19.508885
19.243695
6.6729764
19.047293
17.891403
6.574759
6.6072685
17.937857
6.6483978
17.866056
17.807417
17.983865
6.533395
17.954293
6.502651
17.988907
18.003276
22.705231
12.936946
22.513373
13.312695
23.08362
23.144874
22.620825
12.960534
22.535605
22.700416
13.061361
22.736915
22.280517
12.964052
13.059213
22.860194
21.648929
21.694214
22.969
13.134349
22.863349
22.984722
22.962798
18.310635
6.5598893
6.563255
18.032552
18.411638
6.5858138
18.61474
17.818765
6.5111657
17.944594
17.811745
6.4484047
17.879675
19.030713
6.5892785
6.546457
19.180771
6.632697
18.972223
18.811153
19.332874
6.4808388
19.245649
6.3666928
19.327749
19.261516
18.726334
6.5310662
18.552891
6.5160914
18.784505
18.885253
18.393237
6.5404031
18.499978
6.5494387
18.365962
18.289089
18.939479
6.6642288
6.6495964
19.052592
18.909663
18.916995
19.173259
6.5786199
19.115559
19.150483
18.879664
22.696245
13.008342
22.654585
22.743459
22.744928
22.313418
13.044659
22.771475
12.290977
21.669388
21.622421
22.800159
13.024347
12.996181
22.626266
13.194483
22.955422
22.996065
22.610123
12.983848
22.606734
12.999092
22.637296
22.677914
19.651496
6.6147213
6.6098394
19.565529
6.6071583
19.658936
19.590823
19.311052
6.6370733
19.511902
6.6636018
19.222623
19.086548
19.036964
6.749139
6.7453105
19.130087
19.035367
19.133967
19.334199
6.697522
19.194213
19.366642
19.332579
19.489643
6.7254631
19.568192
19.472305
19.454208
19.64899
6.7269777
19.606306
19.649261
6.7216655
19.628686
19.130369
6.6840688
6.6954819
19.248589
6.6915334
19.103499
19.0966
19.418226
6.6780026
19.306161
6.6629511
19.455815
19.615424
22.675592
13.012392
22.676782
13.014788
22.670445
22.696609
22.676957
13.027455
22.69869
22.653241
12.992051
22.641168
22.63261
12.992481
13.003532
22.67177
22.590817
22.527061
22.70888
12.975761
22.615176
22.988359
22.539837
18.838094
6.5783197
6.5874612
18.58675
18.910458
6.4918623
18.997073
18.327964
6.6581798
18.482202
18.330287
6.7238456
18.486845
19.082274
6.6767989
6.6697759
19.103781
6.6541538
19.065586
19.025258
19.051123
6.696439
19.088266
6.7282992
19.038134
19.015355
18.006077
6.5013025
18.01773
6.5082437
17.992686
17.941278
18.072537
6.4969041
18.026211
6.4781497
18.089691
18.178053
18.001191
6.4842627
6.45175
17.941116
18.054059
18.231067
18.148368
6.4686862
17.97055
18.24949
18.498943
22.12312
12.865448
22.579857
21.566897
21.5468
22.571039
12.967383
22.568314
12.924704
22.555632
22.53171
22.311633
12.790312
12.808182
22.33015
12.84541
22.416928
21.895459
22.450361
12.846315
22.345899
12.938071
22.487558
22.571277
19.897072
6.8410164
6.7426566
19.534654
6.8693419
20.008648
20.257537
19.036401
6.7243051
19.400559
6.6450248
18.920861
18.670596
18.488459
6.6206827
6.6614069
18.419196
18.534251
18.656504
18.526987
6.6095636
18.418229
18.585794
18.754168
19.48463
7.6282223
19.695964
19.462156
19.544774
20.214056
7.8478017
19.801516
20.38115
8.2419348
20.84702
22.795801
8.6457099
8.4427571
22.373135
8.5749641
22.919642
23.296035
22.159736
8.5315359
22.287146
8.4888054
22.137838
22.10446
33.916637
31.152915
18.94507
33.26448
16.852698
29.883664
27.43425
21.473149
8.4655098
20.004947
21.940189
23.142035
8.6027991
18.600464
19.533752
18.489718
18.694244
36.914732
35.907578
78.833092
69.893422
78.705933
16.566189
16.574739
69.869033
32.972618
33.198774
85.132913
76.741736
75.589738
18.174062
86.61414
36.205919
35.363652
79.894457
16.973892
16.717997
70.77007
79.81442
70.870329
36.271785
36.277504
16.747862
79.478166
70.705888
70.54542
79.680839
16.640079
37.106128
37.164963
84.963506
74.67754
83.999135
17.701556
17.742233
75.399217
37.573668
37.364639
84.174485
74.812339
74.724785
17.809676
84.161273
38.008389
35.989969
79.745174
16.854122
16.770594
74.39508
83.636028
70.661937
36.729229
36.22316
16.809752
79.635549
74.575263
70.634936
84.057332
17.620335
36.95157
37.661657
83.498767
77.381875
87.208742
18.483952
18.237789
74.219405
38.263649
37.013808
85.02855
74.904994
75.676453
17.782875
84.361691
32.936491
27.346491
85.735062
18.011637
18.148526
77.089544
86.92365
76.457284
35.422723
35.060792
28.863741
28.648943
61.396644
65.644384
65.786822
61.201288
69.254867
21.134973
67.331287
13.171629
11.362702
73.601495
49.39831
33.922463
31.423087
33.817379
31.574611
77.867429
97.458107
90.809301
86.637196
155.34956
98.189912
167.40789
32.459594
84.25077
36.283244
34.972589
36.628767
34.530124
34.317203
27.201009
78.81983
16.584013
16.571083
69.801471
78.669673
70.035854
32.948968
32.507151
47.890336
47.338614
162.6633
119.02909
122.84666
152.03725
17.113486
15.475571
37.551713
35.935818
37.147742
35.428186
38.042367
34.767884
61.232308
65.628431
65.669909
61.254658
33.946454
31.466541
33.779777
31.568757
66.260818
72.207097
70.92701
67.425149
37.805899
35.338726
37.878835
35.427751
65.660872
70.118593
70.285368
65.348781
67.432088
72.121905
67.315453
72.269623
36.382995
33.875767
36.312823
33.95071
40.581554
40.710342
42.605367
38.981982
87.608899
99.655438
88.614715
99.985358
39.563941
37.860715
39.633598
37.909736
128.26769
141.87837
126.47004
142.14127
41.754613
41.262654
43.044808
39.988175
114.52036
124.22027
121.43634
118.87399
124.68719
141.1885
125.67832
139.95058
39.409276
34.988815
36.563503
37.526007
36.929884
37.396768
84.216731
17.779636
17.780664
74.557886
84.004669
74.872342
86.602863
18.155358
76.657504
18.146532
86.44415
76.803981
37.03852
37.639211
47.161617
48.48
152.41155
116.86887
150.05304
17.837254
18.245957
117.77602
37.688679
40.980002
214.56239
164.75686
165.97287
25.237328
211.75913
47.035135
46.060362
174.79216
19.374786
19.471492
139.89553
135.7534
178.13216
207.01185
24.002432
163.70637
162.38582
209.31881
45.39118
44.171537
34.034009
31.550935
33.946023
31.708835
62.001747
66.396582
66.48447
61.86866
34.035658
31.762367
34.153317
31.792277
61.760282
66.31932
66.197794
61.798104
36.204313
34.500795
37.05002
33.71538
65.429694
70.17683
70.203922
65.535884
65.345295
71.230581
66.445126
70.098202
36.311698
33.875411
36.326608
33.842815
39.77761
37.962077
39.697835
37.973784
125.94094
128.55895
122.92373
132.23999
36.436771
34.986977
36.59333
34.858845
105.30423
117.68406
104.89841
118.41833
36.917372
35.022665
37.023783
34.894099
123.73459
128.29923
131.43547
117.46029
110.13202
120.72063
107.73951
123.58388
36.797028
38.166413
40.01207
35.076378
37.112851
37.86335
84.191547
74.845269
84.197768
17.755234
17.778256
74.751949
84.048904
75.745863
85.306583
18.129094
74.628485
37.547051
36.762855
45.106806
45.108162
186.9509
20.626004
20.431504
145.06803
182.59525
148.59197
45.483096
45.672231
20.307851
177.8355
139.50431
140.17745
177.40977
20.306163
45.020043
44.965079
188.80768
147.10825
148.96153
189.65737
21.370598
21.175704
181.53842
140.22292
142.46584
20.317678
178.96464
20.42936
47.316081
47.532305
36.253682
33.852185
36.223271
33.806861
66.109229
70.053011
70.892676
65.32216
36.763561
33.719228
36.215793
34.317466
65.428456
70.195171
70.20445
65.504718
36.28593
33.666037
36.209786
33.887045
65.47659
66.039546
70.144171
61.534946
65.575472
70.132162
65.346951
70.256087
36.224212
31.495885
33.886024
33.830446
40.145669
37.90056
39.874064
38.217514
113.97724
129.0518
118.16149
127.75926
39.72541
35.202647
37.178545
37.963957
91.133572
105.79238
92.289539
104.43917
39.882558
37.812592
39.762389
38.034062
94.393674
108.83976
107.43655
95.820172
92.017472
106.16708
92.695875
105.27672
39.857273
37.752013
39.754385
37.920962
37.16743
37.232586
84.048062
17.948635
17.621074
70.490366
79.571809
74.692313
84.239093
17.813642
74.654173
17.783833
84.087489
74.873982
35.846583
38.060752
45.767848
45.431069
187.90651
147.22167
188.84888
21.441693
21.524839
147.53264
47.12114
47.182273
162.0099
126.58777
125.163
20.702911
163.96755
45.805588
45.962041
165.80521
20.90103
20.859414
129.46808
127.37148
167.19889
164.35891
20.872867
126.75545
125.06967
165.35266
46.241438
46.213076
34.005338
33.829611
36.208613
31.635668
61.789271
69.853768
66.248127
65.20876
34.009786
33.802101
36.179646
31.662971
61.680543
70.090203
66.167249
65.373543
36.209934
34.503431
37.021663
33.699257
64.872876
73.809626
69.526515
69.211929
65.367169
71.351761
66.504673
70.149893
35.883103
36.537211
39.070801
33.531838
36.601349
35.157655
37.037955
34.806038
99.326453
109.80916
96.957454
111.96639
40.014595
37.843841
39.89833
37.963203
112.14927
120.14048
106.63534
122.12746
41.319563
38.997487
40.894879
39.277109
105.73455
117.57392
117.87131
105.33665
105.69113
117.45235
104.59396
118.12291
41.288037
42.299039
44.24874
39.496663
38.150453
37.767607
83.457399
78.64259
88.107915
18.679987
18.49482
74.098782
84.079003
75.846545
85.454687
18.050056
74.643801
38.359251
36.923493
43.648168
43.673224
169.3078
20.366428
20.398137
130.96974
167.532
133.63917
46.229854
46.102008
20.409254
176.69496
138.90559
139.2327
175.38723
20.182156
43.705565
43.942376
175.39737
139.01466
138.6904
175.403
20.424473
20.373834
177.17618
139.13353
139.69597
20.078389
176.01358
19.988308
43.549688
42.851168
36.706716
33.868423
36.408237
34.291954
64.990631
72.890216
69.640417
68.051429
35.920832
35.547979
38.164896
33.493708
66.293322
70.337951
71.000702
65.533502
36.285322
33.777766
36.16509
33.804477
62.143169
68.616323
66.622687
63.917283
65.284433
69.877629
65.250177
70.069959
33.979552
33.524249
35.936546
31.649534
40.909552
37.921932
39.796229
38.913451
109.9973
119.87113
107.16504
123.4504
39.631508
38.923127
40.946889
37.787155
121.58133
140.71638
125.39518
136.03214
36.705755
37.827896
39.675049
34.82126
108.27381
123.57495
121.2238
106.4344
134.36019
144.97032
129.30857
147.62347
38.112073
37.933945
39.762986
36.29988
36.907079
36.177935
80.148155
16.93905
16.848896
73.086812
82.359804
71.056478
84.043128
17.859905
74.513108
17.712169
83.80852
74.616199
35.198851
33.877879
46.848035
45.190856
180.23178
140.61611
177.06162
20.592592
20.661072
143.26785
43.809348
45.314147
204.21054
165.61132
160.34138
25.175404
211.11507
46.934098
47.444358
177.8024
20.587017
19.938629
141.31055
142.51822
174.35068
219.80972
25.512636
169.41236
171.08527
217.06013
38.501936
40.660619
29.959581
29.563919
67.081651
72.647129
71.746684
67.844842
37.35107
36.049672
38.497784
34.880102
71.782006
64.609522
13.638471
76.240354
15.673192
47.351651
79.706147
113.20197
97.558633
89.698483
42.612615
39.426349
41.31426
40.832423
156.07942
105.95972
22.942615
17.490064
167.89675
32.092534
85.105158
47.954112
47.355272
164.37622
14.001118
13.516951
134.5964
169.22644
117.48821
38.301907
36.297899
33.680661
33.816002
82.193706
17.233458
69.329197
78.003487
16.249493
16.487609
72.836531
33.646348
34.408476
78.415388
69.215212
78.201591
16.342967
16.346076
69.393137
35.613881
36.274616
83.781677
17.536768
17.808974
75.861572
84.674549
74.463446
36.306361
36.455031
83.809393
17.612066
70.264433
79.209132
16.704589
74.312545
37.508203
37.921773
79.711297
16.903702
74.565666
83.987746
17.84983
17.632847
70.694719
37.362697
36.2694
85.362501
74.573228
84.040643
17.692177
17.7819
75.758261
35.793599
37.476239
83.846852
17.625176
17.859403
74.645484
84.083021
74.720336
36.641342
37.025977
84.061175
17.88531
70.785049
79.869123
16.852315
74.625517
35.097881
35.920509
82.17864
17.129904
72.890431
82.320436
17.143675
17.290162
72.783995
35.206185
35.466585
79.06545
70.114099
78.871531
16.702695
16.546505
70.185402
31.230394
30.723669
82.075484
17.221709
17.175914
73.397316
82.314319
72.750355
31.203469
31.573227
84.10525
17.653565
75.617611
84.774967
17.774909
74.737867
37.624153
41.957016
36.407014
34.166268
33.9869
36.769095
45.910671
49.420578
48.95844
46.397048
62.610688
71.128915
66.404674
67.09338
50.062058
47.001541
47.156645
49.925292
51.211045
51.529181
54.601523
48.350878
52.292807
31.185449
45.341546
65.653699
70.79087
66.218096
70.486145
53.585924
50.914693
50.415996
54.07042
35.172251
35.18311
32.973762
37.707213
42.948038
45.596556
45.724285
42.797611
44.14584
50.067959
47.129335
46.896111
36.191989
34.731238
34.371652
36.537863
44.445666
46.312914
45.977479
44.924259
57.486211
47.308337
52.731848
56.696608
46.622532
48.680043
46.896762
48.71598
55.540605
52.923742
53.831556
54.087937
74.908514
64.845013
55.17635
42.731919
43.612066
39.266773
48.202458
47.878337
47.33518
46.918159
48.112265
40.944056
39.19345
38.997394
40.988042
44.849495
47.323176
46.159037
46.080702
50.715081
51.537709
50.14203
52.524248
32.651667
31.092838
80.476923
75.610812
71.471855
85.1139
17.981211
17.739742
84.396526
17.689785
75.554466
74.899841
84.526384
17.794221
32.629965
31.606543
34.714542
42.11202
91.035041
15.844925
77.638198
66.129427
107.23862
18.842864
123.09295
21.651159
100.28158
91.849875
129.65584
21.720983
33.90902
31.842476
34.06829
31.561227
31.797393
33.907736
46.793579
50.748912
49.71369
47.669667
42.990726
45.562197
42.766625
45.722133
50.026449
47.048598
49.907254
47.089671
64.014855
65.079812
68.581643
60.895538
52.57378
46.977863
49.642485
49.803381
36.0647
31.671985
33.744226
33.969246
42.903796
45.562494
42.847369
45.726805
45.327053
45.558798
42.843173
48.17494
54.317229
52.24575
51.270844
55.3798
61.071748
65.202979
65.330112
60.909698
49.992758
46.910575
47.162586
49.849417
47.660279
50.615448
47.526399
50.624677
37.500751
33.644016
35.089524
36.021346
47.269317
48.4794
50.291693
45.575499
66.428315
69.842158
65.16394
71.131343
53.492006
50.278436
50.445551
53.354222
54.224575
49.965275
53.116506
51.086765
55.268978
52.084313
55.219867
52.164953
67.252629
69.761091
65.08949
72.073542
54.952758
49.98125
51.837216
53.02947
36.936447
33.538763
34.446003
36.089631
45.991094
48.756326
48.90899
45.850148
46.59667
48.540439
45.533876
49.555219
36.440409
34.846036
34.719511
36.564448
46.143988
51.110636
47.316889
50.37915
45.202173
63.447206
47.111327
65.365349
51.623296
51.714725
52.396479
51.561172
135.28113
144.02557
141.01774
142.70737
54.947961
62.850335
45.702573
80.211507
40.037042
37.840273
38.117491
39.394045
48.967834
50.426412
48.988945
50.166844
45.997806
50.169588
41.162962
44.337502
57.138256
50.734754
47.739328
51.93666
142.13813
147.36831
141.59735
149.30321
91.314671
75.89225
78.09737
89.337439
50.83784
52.348635
51.831767
51.476357
39.864261
37.85001
37.87567
39.836981
48.469194
49.655641
49.75101
48.436757
107.33541
120.43814
107.76612
120.48969
64.295843
49.224788
45.911645
70.495012
46.032778
49.121052
47.215232
46.566544
46.825924
51.676698
49.238466
50.79223
111.48296
122.31756
109.60352
124.41918
47.694991
49.537942
49.656867
47.573779
39.524577
38.05536
37.71141
39.937218
45.620522
38.464122
45.586951
41.245216
46.857245
49.291777
48.388075
46.665696
36.997122
38.014158
85.10861
74.422448
75.754371
83.771938
17.657285
17.751908
86.338601
18.241379
74.350725
76.612401
83.733386
17.736265
37.052403
37.607821
46.235407
46.298234
20.83928
181.2729
21.006911
155.94243
151.95323
191.34587
21.218543
46.335254
46.502768
22.988615
206.56109
22.559879
161.05682
166.88197
21.900187
199.86067
22.250023
42.034209
42.844844
177.89883
142.1594
140.80601
179.58454
20.846952
20.678643
185.85699
21.957125
144.2652
146.8442
182.57459
21.379291
41.955888
42.010437
36.281689
31.588133
33.926223
33.920691
43.151604
45.921744
45.904826
43.032625
45.808325
45.776056
42.999683
48.692598
50.463048
47.453802
50.449046
47.511198
65.342544
71.184179
70.014224
66.695381
53.348673
51.785829
50.212865
54.837702
36.286828
35.303972
33.763238
37.752021
43.220816
46.06604
43.191841
46.041144
45.762177
50.29013
47.360583
48.779085
50.270699
47.314647
47.389165
50.296632
65.202756
65.941965
69.934891
61.547641
53.269261
47.215768
50.229275
50.128867
45.725118
49.682696
46.64464
48.715385
37.251776
36.178174
34.766661
38.712165
46.875597
51.672333
49.912026
48.605639
66.270545
71.619045
66.770994
71.014236
53.412054
50.374888
50.269261
53.419512
54.059117
51.402865
54.521845
50.949326
53.296087
51.134849
54.298645
50.165524
66.640888
73.639074
68.758222
71.458054
54.555442
53.238387
51.407345
56.391414
36.767847
34.704411
34.389799
37.151844
45.814579
48.815239
48.80467
45.920618
46.447565
49.86662
46.857536
49.437644
39.823259
37.776089
37.738875
39.839525
48.316243
48.158636
49.027042
47.960475
48.476212
50.211223
48.738272
49.972493
70.882007
55.851946
71.65062
58.288623
103.59047
107.16048
96.224777
114.8777
49.818535
52.209929
50.246499
51.816978
40.229343
39.261715
38.218287
41.283874
40.6424
40.116053
41.027637
42.887106
48.822209
51.536486
50.184191
50.100449
45.090689
47.738935
48.664328
44.545486
95.197157
104.79722
93.971846
106.21144
49.188909
50.505369
50.041526
49.820193
43.532749
42.147209
43.685533
41.731844
39.778469
39.277625
37.690397
41.40526
48.475291
51.857562
49.960157
50.319894
101.41817
114.93267
102.44622
114.08621
58.714464
44.114593
43.699949
56.567462
48.411482
51.600057
51.194994
47.551296
42.637008
39.958138
44.18816
37.924135
104.40538
116.39839
104.21298
116.60111
48.836167
52.18974
49.985181
51.445239
39.658337
39.337814
37.921676
41.317407
42.204588
47.22254
39.143232
47.329337
47.294524
51.159992
49.973124
47.325166
38.065205
37.431787
85.172889
17.99764
18.01508
76.11216
75.649122
85.751128
18.047284
85.634635
17.916636
18.084563
78.220271
75.98476
88.166274
18.524448
38.117547
37.809868
41.373217
42.770508
20.017948
166.19428
126.89301
135.31749
18.801698
157.90412
18.973797
41.376576
42.403144
19.007055
161.85144
18.731231
123.70018
125.5586
157.01119
18.557029
44.905217
44.793432
172.47975
20.150109
20.090188
136.75696
136.87391
174.19002
20.053252
176.19557
20.231781
20.187362
137.84405
137.80154
176.38214
20.15028
44.851228
43.655357
36.987223
33.77936
34.496782
36.189419
45.771332
48.759142
48.769156
45.851195
46.58686
48.675334
45.758494
49.6224
53.965201
50.17049
53.290553
50.786989
61.717768
70.024714
66.231577
65.311271
50.279378
50.182584
47.296117
53.235131
33.95382
33.761874
31.564536
36.186427
46.301978
48.69549
45.722174
49.316771
43.03042
48.641042
45.724048
45.874882
53.381196
50.297029
50.237815
53.374592
66.462475
70.090388
71.294659
65.368738
54.284779
50.210149
51.109742
53.276525
45.881212
48.707166
45.682406
48.842902
36.124706
33.747247
33.716638
36.275635
45.663033
48.767498
48.583507
45.770057
65.556582
71.004606
66.278478
70.258503
53.318657
47.172493
50.270369
50.16426
53.407614
50.888877
54.037566
50.330273
53.44033
50.147433
53.311128
50.344264
65.256286
70.155311
65.39028
69.926695
53.171318
50.215968
50.085645
53.362563
36.282635
34.340614
33.836633
36.809923
45.766452
45.779165
48.692976
42.906255
45.868047
49.377562
46.389463
48.784547
39.872435
39.44599
37.892182
41.303705
49.267859
50.303401
50.661481
48.882178
48.905922
51.962247
50.67212
50.387253
46.404776
39.897928
49.707809
46.446608
100.3765
107.68133
95.321543
112.60916
49.362247
52.347942
49.954962
52.217636
39.930142
39.190392
38.01678
41.173158
47.488912
43.001545
44.250261
47.406631
48.603645
51.495902
50.233697
49.885883
50.984226
50.901036
51.349651
50.452838
97.154109
107.23267
94.726211
110.10443
50.329384
53.030176
50.893274
52.868378
49.099901
50.240428
48.834178
50.42565
40.001178
37.943697
38.057147
39.786547
48.955179
49.492658
50.313213
48.528294
92.082924
110.7061
96.995939
105.66438
50.841261
50.595481
51.109809
50.088261
49.191017
39.814308
40.785178
49.8682
51.312182
50.921129
50.542575
51.367429
91.248995
107.26229
93.567531
104.56662
50.452759
49.471232
50.838996
48.603729
39.805985
35.211315
37.937987
36.925806
48.948227
50.101662
50.321086
48.666412
48.66334
44.490978
44.898713
49.723916
37.317432
36.286085
84.247343
75.635101
74.856998
84.883506
17.991895
18.011387
83.875464
17.637237
74.687839
74.52624
84.119445
17.744863
37.675228
37.413131
45.527305
46.341322
21.050861
169.65742
20.950383
128.27917
134.18729
164.56879
20.731955
45.551691
45.882088
20.400004
170.04114
20.48188
127.63946
131.03074
20.52571
164.80023
20.552682
46.221469
46.414948
163.9798
132.19383
127.41301
168.91194
20.638906
20.678365
161.18417
20.737671
128.9701
125.65635
165.33421
20.747802
46.232676
46.343841
36.338781
31.71817
33.897767
34.0235
43.072922
48.659166
45.910086
45.76253
45.786718
45.962914
43.195819
48.801726
50.307128
50.140518
53.174607
47.381436
65.479139
70.165842
70.158414
65.355993
53.470971
50.233396
50.315335
53.383524
36.391143
33.795996
33.883275
36.306939
43.114613
48.581387
45.698313
45.93165
45.847341
48.797477
45.763618
48.87586
50.292574
50.208142
47.317869
53.268503
65.41662
66.342603
70.186069
61.863023
53.401799
47.440137
50.2368
50.346054
45.680376
49.686832
46.61545
48.711585
36.206119
31.673903
33.712368
33.982219
45.676934
45.918335
48.69035
43.140895
61.640257
66.343254
61.831471
66.040492
52.870866
53.613944
49.856076
56.758166
50.164924
47.396022
50.399161
47.229294
53.327251
51.164873
54.358769
50.1546
65.275313
66.287054
61.854234
70.031368
53.286541
47.394745
50.140992
50.331105
33.892122
31.718122
31.611668
34.108805
45.416545
52.00965
48.306775
48.979071
42.992191
46.010982
43.137643
45.781032
37.079269
35.135642
35.159411
36.871475
42.507725
41.469374
39.551681
43.10699
43.159153
38.849469
42.294492
40.300971
49.56209
50.585027
50.034312
50.277716
115.37953
127.49285
116.12161
126.77554
47.59884
46.329332
41.696573
52.319471
37.371306
39.21544
35.434622
41.029551
48.721385
50.181186
48.736266
50.190867
44.979473
48.437274
48.410743
44.049827
49.693837
42.964563
39.81267
47.622729
119.80074
130.47664
122.86875
127.67103
58.631954
42.302154
43.338839
54.421425
49.937509
48.933807
48.43195
51.234132
39.630064
35.299907
37.890073
37.258203
47.693061
41.051932
47.717629
43.623574
109.32383
118.53978
106.87186
120.33089
45.23366
53.452768
50.005549
50.405928
46.593018
45.445209
46.516754
41.182679
48.800022
49.540231
48.194483
51.115717
108.64334
120.66205
109.13252
121.87446
45.289895
39.634256
47.37893
45.696087
36.780177
38.047796
34.959859
39.745331
50.077565
53.842933
50.66313
53.080617
42.618107
47.711662
47.71664
40.679066
35.302853
37.255639
79.35389
16.925132
16.598457
70.671443
70.411515
79.617693
16.794154
83.955607
17.866873
17.613376
70.664553
74.518591
79.634844
16.943286
35.261576
36.094031
46.946161
46.722514
21.063458
185.43102
146.61044
144.66692
21.408115
188.63381
21.379498
46.953552
46.066813
20.955208
186.21226
21.195888
147.15052
145.50288
188.10256
21.347244
43.637341
44.093511
175.55634
20.337735
20.18851
137.06056
136.87483
176.5563
20.013654
179.96641
20.05826
19.881
137.47875
141.57007
176.36811
19.818119
43.551582
42.991251
33.856699
31.463378
31.474904
33.77967
46.410968
48.916392
49.369849
45.89835
42.843966
45.626893
42.87913
45.658761
52.94049
52.513199
55.763466
49.897185
64.00719
68.669602
68.531572
64.166618
52.492112
49.689417
49.544016
52.666476
35.907212
33.669173
33.535809
36.017236
45.454828
51.023795
47.93254
48.356458
45.219166
48.21011
45.37444
48.041831
54.010369
50.364122
50.92155
53.503824
61.301105
65.780455
65.744306
61.416598
49.99903
47.085469
47.040432
49.991786
45.756177
48.631415
45.739721
48.758881
36.354949
33.781879
33.829235
36.168318
45.834871
48.664726
48.826612
45.758496
66.648097
69.884549
65.274193
71.474719
50.540075
49.376971
47.585186
52.371695
54.657105
50.068183
53.226172
51.61634
53.330925
50.164364
53.200689
50.188851
65.412539
70.026871
65.363763
70.201078
53.425678
50.195525
50.284023
53.276089
37.500344
33.650211
35.090098
36.186541
43.242501
47.93697
46.082436
45.059182
47.139418
48.638046
45.626689
50.071598
39.268545
34.881155
37.455985
36.509438
49.764539
49.125953
51.084722
48.229396
44.9957
36.490356
41.246521
44.797168
46.467347
50.669981
48.911407
48.880487
120.24279
123.12984
116.38453
125.85573
63.924434
48.842407
55.626779
58.430889
38.922855
37.261975
37.249983
38.913043
48.1713
50.718893
49.436754
49.111082
41.656859
44.509606
40.42878
49.989364
51.231674
49.022586
51.563234
47.515863
104.65795
120.98425
108.25618
117.76395
47.858989
45.080893
45.29388
50.532382
42.878083
47.008755
47.078955
40.830103
39.110925
39.528863
37.203631
41.525499
45.118046
48.091641
43.241952
48.539115
113.82801
130.11818
115.88407
126.23003
44.945951
45.050609
38.143297
42.633238
43.626087
51.140931
48.892169
41.657358
54.255953
46.476982
47.819282
42.032179
131.22273
138.10647
126.97007
139.49964
59.386037
45.930834
42.077029
49.11362
39.201014
40.203464
37.21403
42.091812
44.426276
47.312254
43.209395
47.600066
45.82256
51.321858
50.582876
44.65511
36.697815
36.861032
85.655131
74.432165
75.992291
83.731554
17.663995
17.742805
84.151739
17.762126
74.632274
74.698195
83.927308
17.751204
36.645309
36.214051
43.124166
42.581617
19.846043
175.10003
20.082867
138.16771
139.90896
174.00544
20.385664
43.232646
43.480187
20.922426
177.81841
20.845128
140.22856
140.48662
20.654148
177.29175
20.699832
47.646729
48.085141
190.4234
151.10211
147.76972
192.03695
22.491101
22.305493
202.21431
23.399458
158.05014
157.6556
198.94553
22.889561
47.546773
46.526602
36.002141
35.113806
33.655533
37.502036
39.33021
43.486169
45.757506
49.973405
47.030345
48.711486
54.829768
52.74718
55.815018
51.721714
63.951992
68.871565
68.497155
64.385222
52.311233
49.786703
49.327632
52.747809
35.438967
33.855951
33.040434
36.215156
47.150603
51.17339
48.225707
50.130165
44.928664
48.305469
45.450476
47.812634
54.624631
31.360987
47.361686
65.522678
70.968107
70.166562
66.338666
53.376668
51.456801
50.252243
54.517191
39.223166
38.687723
37.413365
40.601467
39.590563
44.271127
48.288028
51.836226
50.095064
49.88844
54.25101
50.499943
48.489556
54.175474
52.765543
54.337953
55.868718
52.577014
51.829344
54.414875
50.777144
55.4286
38.539909
40.165924
36.806767
41.931289
51.868785
50.798836
49.869762
53.069716
47.742814
52.942914
51.407198
49.289497
82.171515
63.761253
56.64688
52.831599
54.302294
56.063022
52.679962
52.609377
53.334161
51.358754
54.668621
34.70801
42.277468
100.0679
17.442869
68.958686
70.760221
17.242108
95.930679
17.523514
33.868014
30.970926
96.207125
68.458198
70.278568
17.78458
94.203758
17.802943
34.453024
35.916826
33.787164
32.857683
31.527734
32.866117
78.389977
16.473479
16.48828
69.828164
69.614378
78.786291
16.476736
33.338837
33.122862
30.227708
30.364333
30.616998
30.317362
83.463643
17.726428
17.382967
69.547416
74.177496
78.392034
16.616436
35.509273
35.440402
33.265908
32.506176
32.462775
32.5671
83.585772
17.575414
17.808286
74.712555
74.486284
84.154296
17.757635
37.264175
37.122371
33.183324
33.294671
34.242969
33.984581
79.281846
70.51137
70.378139
79.329749
16.727988
36.642188
37.130522
34.167068
34.224836
33.634893
34.085659
80.031755
16.87895
16.825862
74.566955
70.93844
84.011087
17.615424
37.576664
36.317839
34.498438
34.29649
34.399488
33.219839
84.069887
17.764959
17.757329
74.633365
74.60621
84.071811
17.871822
36.007538
36.978822
34.791764
33.015727
33.059371
33.961207
85.02328
17.845337
18.134823
75.566814
75.697518
84.776015
18.094679
37.451799
37.231005
33.733627
33.244346
34.380866
34.186328
83.882638
71.011666
74.628991
80.063518
16.890577
37.815869
37.806667
33.963088
34.613532
34.656319
34.650034
84.049886
17.834622
17.644113
71.1326
74.5804
80.182893
16.909545
35.477751
37.223764
35.03477
33.902516
32.612602
34.113286
86.182318
18.197767
18.234693
76.215356
76.524505
85.812622
18.147102
29.919415
27.996385
30.59344
24.866818
27.433604
25.525617
84.223911
17.7478
17.702191
75.676739
74.71904
84.891838
18.022632
32.185007
34.840333
32.655342
32.221701
29.439692
32.087722
91.802918
18.071295
77.751177
80.971849
15.936667
87.208285
33.464502
29.438494
29.926322
33.05378
31.172132
31.847299
33.47346
33.46978
30.96887
61.195782
65.711161
65.647526
61.286416
59.441898
55.999394
59.334751
56.196677
64.621747
41.557719
46.004786
62.213967
65.481618
68.430477
69.398561
63.924745
33.72859
31.498623
31.346821
33.836197
35.129833
37.530109
34.950059
37.611981
34.213891
36.617134
37.548788
36.533043
35.985779
38.254263
39.850154
44.515172
40.828744
64.827383
66.27164
80.182751
53.477818
73.483338
56.773835
77.950667
56.718293
139.854
80.144143
82.56678
127.16051
108.77948
85.932641
132.0766
70.073688
36.470873
39.413745
34.687316
41.099088
38.072345
40.46419
38.708003
39.890988
31.664232
24.61776
28.586018
27.809352
26.433781
25.284196
78.647888
16.570818
16.588575
69.893282
69.833284
78.81671
16.601614
16.604028
85.754442
19.298783
73.343294
75.856073
82.104796
16.920046
32.118974
32.488062
30.205705
29.89394
29.544262
29.87638
44.529168
43.846816
48.97445
47.469841
45.243176
43.940272
163.2446
14.937552
15.794295
100.06317
118.36512
127.87342
16.444582
18.431739
190.7233
39.173493
34.135109
36.137731
117.22949
158.58224
30.267115
139.41477
30.530324
33.705722
35.771427
34.603387
32.882053
30.2416
32.613864
36.335032
31.572328
33.969586
33.872862
38.480562
42.065156
39.285983
41.129079
59.369245
56.06333
59.345148
56.060003
60.97426
65.60455
65.29723
61.25673
33.753011
31.487417
31.477362
33.800444
35.098387
37.509364
34.986407
37.650247
64.162447
61.870408
65.405078
60.768278
65.083555
65.330403
69.654238
61.090352
39.15812
41.909877
39.097688
41.873027
38.461769
36.190386
35.964919
38.680122
65.307346
70.054661
70.046728
65.301474
63.532751
59.79604
63.413108
60.080766
65.464962
61.727908
65.310687
61.843611
68.250755
73.200258
73.122524
68.499358
36.220704
33.730288
33.693854
36.233381
37.667571
40.221921
37.582055
40.321269
36.581721
34.735138
35.151672
36.297216
42.315393
46.301168
44.484487
43.741567
76.735886
54.395186
78.479975
54.372558
87.13646
104.02088
99.669136
93.293547
39.544907
39.402536
37.691986
41.302722
41.669436
43.493324
41.656498
43.374142
115.59557
103.66392
114.16647
105.55708
131.93428
146.10906
143.2582
134.79156
43.852777
46.907531
45.160765
45.678114
41.342016
41.932155
39.718988
43.76117
113.38383
120.86681
120.21151
113.42779
105.74894
102.18645
113.4317
96.629492
112.868
102.48486
113.65928
101.10523
123.98697
135.89429
138.99182
121.83187
42.709452
39.459829
40.794001
41.361614
41.049859
39.903879
38.426179
42.852491
33.785879
34.359942
37.60944
37.458582
34.54386
34.311193
83.908465
74.544747
74.530707
84.001294
17.650895
17.851864
87.564446
78.046786
77.738874
87.558226
18.530388
36.695144
37.637656
33.994156
34.550521
33.616901
34.549725
49.052297
48.72355
40.358513
41.805989
42.049554
42.02039
18.981483
154.46763
19.714282
127.53684
121.82864
159.45459
19.941874
45.352034
41.576724
34.78457
36.082671
39.265428
36.434297
216.5735
25.95836
170.37046
166.95467
218.37784
25.818039
40.204288
39.27716
44.129993
45.85583
37.721897
39.121747
173.32266
135.48753
134.73558
173.69268
19.958382
19.846554
204.62688
158.91262
161.20716
201.52815
23.041609
42.772741
43.944984
38.74556
37.632515
36.405859
37.436061
34.006354
31.73522
31.59916
34.039095
35.260366
37.706452
35.123032
37.759115
60.031881
56.576274
59.987838
56.686822
65.273772
70.249749
69.935164
65.458525
36.129979
33.84489
33.787246
36.408292
35.296601
37.913917
35.305665
37.850058
59.762144
56.500048
59.875877
56.51971
61.674677
66.200257
66.1539
61.807207
37.431329
41.026047
38.267909
40.146721
37.542106
33.577716
35.053987
36.091976
61.932156
70.164827
66.386253
65.357828
63.439454
59.994241
63.429629
59.896621
63.329583
60.82792
64.410671
59.771664
67.309875
69.809264
72.029312
65.046113
34.108495
33.778547
31.810329
36.27223
37.524667
40.257394
37.64709
40.234969
36.957211
37.871771
35.049265
39.615801
41.706224
43.399483
41.684335
43.532942
120.34306
106.83244
118.16598
108.73953
128.48209
135.92821
135.13045
128.1752
36.425481
34.985025
34.818997
36.624718
38.300385
39.909472
38.437732
39.751446
94.54859
84.319714
94.48407
84.272902
105.33598
114.47357
117.70023
101.88053
38.423294
40.539419
38.550763
40.442109
39.814441
37.919348
38.059556
39.854649
121.35155
122.01033
128.66098
110.44293
112.92003
97.282016
106.75099
101.58817
98.872149
86.444371
97.031689
87.708626
107.48457
115.5302
120.30785
102.91607
36.856943
38.14037
35.147118
40.115334
38.559221
43.592367
41.826115
40.227734
33.996869
34.653904
37.234104
38.34008
34.081912
35.111653
79.956093
16.888458
16.885228
74.689407
70.917016
84.148275
17.939701
17.655665
86.078903
18.232501
18.214084
74.327073
76.735591
83.757116
17.716306
37.555863
35.807549
34.381199
33.70348
34.407653
32.91429
44.180407
44.979647
38.423118
38.303758
37.448649
38.169964
20.787445
190.50676
150.01182
150.88248
190.43035
21.167666
45.131497
45.78893
38.841922
39.028807
38.411509
39.08425
20.294849
175.78025
20.300221
136.82081
138.60487
19.993363
173.69925
20.272451
38.371834
38.27602
44.589971
44.923393
37.860654
38.218978
184.72706
20.628012
20.47163
139.79526
145.67473
179.90179
20.262255
20.321007
179.40343
20.55477
20.612219
137.99911
141.57229
173.39393
20.551766
45.517932
47.367951
40.408904
40.883295
38.823393
40.748423
36.197473
33.807703
33.820531
36.223213
37.468576
40.177663
37.53882
40.177541
64.104988
59.773145
63.329746
60.473671
61.92913
70.049083
66.463055
65.246021
34.132662
33.771356
31.768641
36.150648
37.971166
40.149366
37.439244
40.680224
63.441632
59.951176
63.41117
59.884115
65.383602
70.109882
70.082123
65.314925
37.58032
40.136087
37.407462
40.238469
36.441873
33.845794
33.978614
36.354384
66.52264
70.055229
71.353898
65.273975
63.382909
56.279461
59.623213
59.90673
63.483401
59.79441
63.369445
60.008721
65.695247
70.257279
70.478719
65.500853
37.02089
33.673724
34.529155
36.12664
37.48591
37.624357
35.03022
40.110837
41.155912
35.386079
39.323588
36.971125
42.03585
43.734992
41.723542
44.019564
103.25154
96.312689
106.34006
93.307157
109.71878
119.30545
123.7276
106.14258
39.851072
37.941232
38.065629
39.86894
41.600454
40.809425
38.818153
43.340339
79.308637
64.111724
79.663947
64.197942
91.660719
108.81241
104.88314
95.052831
41.838999
43.632444
41.633202
43.753105
41.228339
38.161704
39.4572
40.031554
91.10071
104.10081
103.34785
91.166556
83.005403
68.823213
83.657368
62.847162
80.506604
62.899262
80.114136
60.339629
89.890047
105.51844
102.60643
92.277864
42.228114
38.137644
40.399249
39.917151
41.749509
43.611241
41.560536
43.735517
34.124621
34.140935
37.077705
37.281611
33.966504
34.186326
85.438427
74.524226
75.814431
83.984427
17.698462
17.778236
84.49149
74.778502
75.010596
84.237175
17.815252
37.575625
38.145017
32.784804
34.840719
34.494598
34.917142
45.611085
45.399212
38.649045
38.354679
38.563262
38.331735
21.358968
183.16169
21.289776
141.79583
144.51593
180.17082
21.193931
46.590292
47.170417
40.204583
40.218628
39.630557
40.213652
162.11816
20.885476
129.87018
125.49768
166.88086
20.396602
38.673472
38.770523
46.294136
45.984401
39.094874
38.791806
159.53692
123.19064
121.79945
161.66101
20.625044
20.989048
159.891
125.34889
121.53538
164.35263
21.240411
46.443499
46.230467
39.169056
39.040815
39.288392
39.054016
36.335009
31.892363
33.928126
34.216769
35.169234
40.10238
37.501559
37.743123
59.823264
59.693723
63.139423
56.518519
66.355562
70.959787
71.090244
66.264206
36.975632
34.404892
34.456635
36.816388
35.223781
40.052339
37.450924
37.7522
59.743583
59.85076
63.304911
56.437441
65.422743
66.55463
70.090478
62.071152
37.410614
41.005022
38.241397
40.134906
36.370303
33.8022
33.847654
36.209953
65.166533
70.019579
69.93424
65.395065
62.769694
63.494884
67.062072
59.382328
63.387157
60.909243
64.547995
59.798757
65.510027
70.169564
70.287321
65.388552
36.162649
33.763068
33.643145
36.196607
37.187912
43.129375
40.411732
39.81176
36.509049
35.020466
34.770167
36.705168
38.262565
40.454824
38.618078
40.022306
87.954763
73.317226
85.097019
77.653387
103.02731
121.06999
115.75552
107.74216
39.946353
37.9839
38.09031
39.588103
41.759396
43.743148
41.660709
43.858856
100.39264
87.308794
96.50893
90.505361
115.14254
124.79115
121.96396
118.60642
43.113213
44.494968
42.670604
45.17129
40.037747
37.799771
38.092682
39.763879
105.174
115.84394
117.38756
103.4074
96.241538
86.29297
95.881861
86.387508
96.348708
85.555226
95.104382
86.775181
105.85484
117.38354
118.11617
104.92203
41.841964
39.720141
39.650863
41.588131
43.329681
48.177751
46.300634
45.117033
34.917829
34.66018
37.570872
37.737575
34.496757
34.535131
83.87158
17.704981
17.740769
74.643033
74.483062
83.881874
17.755387
17.741881
84.231325
17.812953
17.813931
74.675747
74.855503
84.137391
17.78743
37.257202
37.061203
35.121599
33.956601
34.302938
33.994103
45.603829
43.891888
37.057714
37.151546
38.947732
37.328738
20.440628
173.67186
142.541
138.24737
179.9483
20.624754
46.058757
46.081574
39.169628
39.127677
39.163171
39.10665
20.408206
176.13259
20.395558
140.4444
136.94168
20.244439
178.4197
20.350726
37.098188
37.322015
44.065558
43.904277
37.353869
37.287906
176.14201
20.002007
19.955846
137.9021
138.71236
174.6652
20.034325
19.951608
176.78667
20.065662
20.133915
139.0922
139.35887
175.76791
20.174823
43.179022
43.006501
37.061534
36.349538
36.507321
36.445982
37.417976
34.657352
34.889984
37.213698
38.010896
40.318558
37.610671
40.680581
62.895574
62.381493
66.043642
59.488336
65.350361
66.679366
70.095383
62.213757
36.327789
31.963248
33.836161
34.304822
37.196416
42.208142
39.411102
39.822023
64.148817
59.960639
63.522925
60.670525
67.089801
71.657539
71.953508
66.813045
37.49794
40.093914
37.471275
40.222614
33.923853
34.816578
31.533895
37.257961
65.10879
69.894022
69.760704
65.1498
60.13199
58.588558
61.973364
56.816481
63.318042
59.714736
63.161071
59.753244
61.810409
70.900471
66.343541
66.12587
36.027273
33.720084
33.658055
36.219378
35.218982
39.709626
37.080751
37.796067
41.985168
40.041296
40.120295
41.947217
42.761905
43.56509
41.677139
44.785062
100.13728
88.046869
97.531625
90.773541
113.215
128.79737
126.55855
119.65066
39.735534
37.856908
37.936938
39.69087
41.530906
44.74321
42.733429
43.386656
109.61409
100.89202
113.52829
98.097971
117.22528
126.09536
130.74769
113.19224
38.287856
43.259016
41.469794
40.157479
36.678841
34.815375
34.835611
36.55227
107.76087
123.5797
119.63067
110.97761
97.258903
81.789559
93.544975
86.64132
121.19373
104.6663
117.22715
109.63096
137.18008
148.831
148.35647
138.3543
36.294602
37.596156
34.565048
39.439514
39.696742
43.402132
41.561969
41.473495
33.920012
33.244775
36.740203
35.504179
33.754677
32.602867
83.625828
74.356936
74.352492
83.785264
17.680007
17.670118
79.782726
75.410122
70.75429
84.991016
17.723846
36.033139
34.479285
32.356787
31.184154
33.092907
31.694272
43.036897
44.871103
39.946222
38.433488
36.448064
38.135179
20.70109
184.24882
20.408756
146.59083
145.75938
186.10743
20.189714
44.830943
45.355695
37.300963
38.547689
38.255566
38.603377
196.6338
23.501744
148.74654
154.10998
190.06783
22.950751
40.037565
40.724367
48.70899
47.646807
41.729484
40.904259
179.3401
145.49128
140.90497
184.16722
20.800392
20.766737
220.39825
171.2306
171.20946
218.7154
24.873884
43.995101
41.090019
35.15405
35.743272
38.228537
35.978323
33.023731
29.81655
35.503638
33.885538
34.35624
36.259599
31.076255
33.218147
30.982896
64.984924
62.375517
65.86689
61.472524
65.600353
70.997522
70.298013
66.389715
36.561811
34.92227
34.047519
37.37502
38.642196
42.501853
39.789748
41.35034
67.145551
40.765911
45.525909
64.749095
69.947639
72.546739
74.127736
67.813699
38.501365
37.614278
36.900759
39.378824
33.967581
36.511048
8.2620036
48.045105
40.118797
46.683105
41.583147
69.998426
68.249605
84.264702
51.118471
59.43268
48.107106
66.356111
43.935436
36.674252
41.399698
34.815261
43.191545
44.660809
45.088338
43.187634
46.494113
143.37969
79.148585
82.399722
129.97348
111.85001
84.919208
132.49839
71.005895
49.530766
47.500224
44.604445
43.872307
45.760557
43.986596
16.593311
147.42725
16.739096
86.380248
106.08934
123.00974
18.643217
33.193981
35.98206
35.127861
33.325863
29.72362
32.978678
189.74384
34.013606
35.842981
115.25275
158.40611
136.4414
30.19075
34.44971
33.833693
30.970072
31.109804
31.635822
31.11949
79.577108
16.603639
71.321912
80.601667
16.785121
16.837344
70.458025
33.716116
34.330201
30.965517
31.647771
30.985465
31.562183
78.201479
69.710133
78.216129
16.44462
16.426897
69.243483
35.549172
35.565279
32.590429
33.359917
32.510842
32.496063
79.648674
16.798418
74.368068
83.82069
17.576941
70.587734
37.548794
35.513076
33.345972
33.38417
34.408986
32.504607
79.527066
16.837506
16.601931
70.513017
79.340424
16.717252
70.517397
35.763228
37.868116
34.393685
34.917201
32.936716
34.880035
86.064543
18.313895
74.725089
84.077909
17.696559
17.816691
76.33112
37.533811
37.509414
34.323463
33.285513
34.352628
34.46228
85.187251
71.389956
80.532897
16.951643
17.021092
75.690169
36.978344
37.319791
32.908793
34.345133
33.983376
34.194369
79.799751
16.715114
70.787695
79.773699
16.691083
70.78231
36.583028
36.261534
33.7001
33.984293
33.467496
33.277571
84.057044
17.757229
17.751805
74.548882
83.746882
17.85197
74.648194
37.768737
37.074205
32.254332
33.00487
34.611762
33.955532
79.177525
16.76604
74.352673
83.785156
17.68549
17.645924
70.385474
36.244363
35.282065
32.358052
32.455785
33.331288
32.393568
85.278989
76.415472
86.075828
18.192368
18.166649
75.985549
29.995514
30.692603
28.695338
28.189159
27.522183
28.17204
83.452341
17.424977
70.691322
79.662364
16.7125
73.948319
31.509903
31.566962
28.620207
29.049363
28.969828
29.039396
83.989096
17.59401
17.673561
76.494108
85.689667
74.527989
36.056104
42.455692
38.427925
42.66246
45.936297
42.787893
44.670841
34.583295
36.808668
35.091363
33.304881
35.69486
32.771016
37.64518
40.734353
40.325543
37.987452
44.622178
47.9659
44.961467
47.559213
44.485908
42.068411
41.64598
44.959708
61.280689
65.838083
61.553703
65.666231
60.611872
60.950712
57.381593
64.479465
51.554799
54.444755
54.588793
51.381825
49.891472
47.080135
49.976854
46.931582
52.739191
59.330369
55.729682
56.152917
49.944452
47.244413
50.145805
47.003125
56.526755
39.47338
58.664553
33.909696
46.143682
50.009021
47.556766
47.87356
50.916218
64.193997
69.589469
64.789686
68.885356
63.672412
60.571577
64.231246
60.099637
52.128451
49.388116
49.027446
52.598619
55.148479
58.960518
55.654543
58.45372
33.792917
31.584434
33.974153
31.401644
36.427592
41.61745
38.902247
38.863793
41.564904
38.7575
38.91481
41.452928
42.712877
45.63781
45.560921
42.867298
42.770336
42.893896
45.734489
40.162257
42.779148
45.786815
45.60512
43.013369
39.443136
38.547204
46.780825
49.137528
47.412593
48.089106
84.01692
59.896076
46.520893
55.873496
35.938212
34.139014
35.904263
34.171852
37.810241
40.057323
39.694241
38.229758
44.295154
46.213928
44.638828
45.787018
43.045516
41.718495
41.263783
43.432422
58.508765
51.463026
50.442559
58.576682
58.133608
54.311565
57.959578
53.464396
44.978512
46.164694
41.688031
48.114212
46.528671
52.717077
52.721338
46.982318
56.628485
54.682659
57.520233
54.592936
56.241817
53.802099
54.956539
54.75097
94.265268
78.776142
110.00129
69.492112
50.514785
50.555895
49.096799
51.802364
95.114735
45.186559
63.287106
50.158975
55.011722
44.989511
45.808703
43.495338
46.382301
47.819732
47.310287
46.801656
48.315602
47.995903
47.63509
48.048693
47.489459
41.505289
38.821625
40.631145
39.544913
42.909384
44.806614
42.97505
44.940194
43.342885
42.51972
41.647267
44.173446
44.985654
51.422202
46.335227
50.285172
48.898345
46.705889
48.406064
46.905694
51.324414
52.165087
53.172081
50.547838
28.801659
30.829552
30.11441
28.569699
26.566529
28.323929
78.749536
16.621637
16.548898
70.190219
78.934664
69.892615
82.491702
17.330037
74.125131
83.408347
17.417614
17.529551
73.294497
32.060562
31.489124
30.069487
29.079575
29.494027
28.955978
48.918616
43.263154
31.624341
38.548793
45.162379
39.603195
89.49125
15.812257
16.746351
68.502374
97.768524
16.175221
66.534442
121.2003
22.533668
22.728755
99.435808
125.55934
23.787508
92.131971
33.400995
31.919126
30.867338
28.782736
29.961638
28.774043
33.924184
31.79623
34.07785
31.622851
35.262362
37.553011
37.716681
35.015869
45.34641
43.379327
42.537499
46.287734
45.86395
45.61653
42.811778
48.710522
41.649697
38.775235
39.026474
41.467525
42.774027
45.772439
42.996881
45.5924
51.470661
54.442101
54.537597
51.437595
49.785035
47.121353
50.010482
46.907858
61.945699
67.326401
62.928962
66.325472
62.124696
55.820274
58.759077
58.985585
50.593673
48.688737
51.596179
47.668708
54.122078
54.220016
57.189059
51.303095
34.223516
33.008127
35.310017
31.915128
37.308678
37.618132
35.083846
39.881566
41.599538
38.816859
38.910619
41.451613
42.749909
45.66442
45.503869
42.909062
43.910509
38.848588
41.47434
41.232337
43.380879
47.19795
46.188025
44.420879
55.901337
60.242796
59.09618
56.941627
53.258901
46.979169
50.24293
49.911098
60.917863
65.448928
61.188297
65.196308
59.232509
55.808327
59.07122
55.997254
49.850161
47.17686
46.958567
50.027283
51.468923
54.295873
51.243503
54.463732
46.128641
43.212218
43.301702
46.128962
48.314839
51.523105
48.510015
51.332954
36.98853
34.039285
36.524732
34.482153
38.826395
39.933227
41.503419
37.313438
46.617831
49.027593
46.068626
49.66824
45.793746
41.331751
42.903245
44.097795
65.136675
66.609054
62.097813
69.936305
64.342008
59.599349
60.81671
63.101001
55.118822
58.190089
58.350672
54.937987
53.288184
50.15851
53.293581
50.152808
55.836934
57.893061
59.062716
54.692393
53.206684
47.645035
50.637323
50.058921
56.938478
60.090003
60.172362
56.809868
56.024144
53.068474
52.861227
56.237131
66.464622
70.427078
65.731159
71.284288
65.249292
59.552631
63.018275
61.584611
54.326591
50.554297
51.157264
53.651824
56.584478
57.826742
54.66995
59.913836
36.199414
31.862158
34.232463
33.714004
38.223948
40.013259
37.277474
40.914765
44.494896
41.592837
41.725156
44.386831
45.69868
48.71038
48.707001
45.690665
45.129609
41.293828
44.15815
42.292165
45.615746
46.233831
48.611696
43.357447
36.335008
34.731557
36.489769
34.549691
37.949565
39.669067
39.49436
38.107142
45.840215
47.932194
45.022895
49.324667
40.034628
42.152552
38.376225
40.706839
39.311422
40.584523
40.375283
39.443427
47.192728
49.379798
38.950071
62.468681
50.993152
50.177848
47.688118
52.18941
51.625129
51.875626
51.79611
51.67344
122.7678
118.65729
105.95457
134.56386
127.25353
125.81784
112.5843
135.00402
44.943173
49.860558
49.596413
47.487605
74.917265
110.43442
99.316522
96.069537
39.87305
38.056765
39.876172
38.147985
41.746601
42.374107
41.068358
43.648566
47.088129
45.459198
45.488524
47.228522
49.168699
51.031485
50.473608
49.851668
46.424423
43.531722
43.17415
45.076357
48.27558
49.733036
48.177921
48.541592
83.552235
92.441366
93.998083
78.724992
66.40368
55.66673
49.230409
78.185329
140.87474
148.7772
137.73065
151.78134
137.0686
129.66689
138.13708
130.47743
90.880196
68.923246
77.887306
86.241784
104.3903
116.82811
102.53502
118.40779
49.24945
48.862406
47.687104
50.279296
50.13735
53.206555
52.527664
50.248196
39.763811
38.848892
40.882632
37.735223
41.64933
43.630438
43.655615
41.649513
48.362153
51.390165
49.952386
49.772207
47.170051
45.328175
45.327962
47.140428
110.39868
122.94776
115.28865
122.91044
97.766722
88.063223
87.780787
98.037284
79.485439
92.399113
87.277283
81.563895
57.305824
46.052436
54.369917
46.55655
60.468048
78.654933
79.681712
55.127132
48.149972
40.700779
53.255965
39.367822
67.555689
91.538628
89.712295
73.793839
44.761898
52.858762
49.203756
50.640657
113.78659
130.3727
117.19241
126.73756
100.66827
89.116443
99.318546
90.270345
48.20173
51.961588
49.764767
51.548645
50.084237
77.692003
52.191643
77.134488
36.825556
34.612763
36.567922
34.945517
41.298336
43.714859
41.814346
43.093219
45.456336
41.498201
44.157371
42.101997
50.01768
49.102938
49.693973
49.329201
46.017036
45.456088
47.098276
44.654767
42.819681
41.077875
39.913609
42.91978
37.445539
37.756642
34.001392
34.939006
34.288697
34.698528
83.848874
17.860833
17.582259
71.073609
80.211937
74.43716
85.488421
17.980807
75.08282
84.507984
17.891213
75.883337
35.821689
37.449315
34.05265
34.46298
32.909467
34.316249
48.814716
46.536644
40.130985
39.939292
41.811244
40.032364
20.416263
181.54091
137.41855
166.66236
20.025611
150.88429
45.66268
46.46333
40.178454
40.161577
39.54207
40.15404
23.406409
213.26425
172.85884
25.022143
217.73455
170.88578
43.88407
42.92691
35.572899
36.332897
37.503619
36.433675
177.17887
20.219895
20.197545
137.68434
175.68078
140.00439
189.60433
22.446497
153.66783
195.14584
22.743201
149.65496
42.736214
42.094306
35.497258
35.536357
36.348154
35.61174
34.081399
31.667455
34.060899
31.823139
37.567872
37.65279
40.194436
35.125133
41.72316
38.969068
39.088222
41.708053
43.039207
45.937857
43.169022
45.888458
44.331962
38.959298
41.587798
41.619931
43.204012
45.962124
43.086507
45.968754
51.984562
55.033264
55.037612
51.913999
53.212231
50.344037
53.480054
50.117987
61.612935
70.011077
65.255019
66.080327
63.30907
61.275936
59.784075
64.69604
50.233212
50.136145
53.264302
47.294748
54.885918
59.594872
58.16294
56.440975
33.99517
33.80673
36.264269
31.636914
37.495489
41.741722
39.062084
40.230664
41.829521
39.14987
39.164836
41.878982
45.647711
48.895939
48.588446
45.875299
44.401308
43.107766
45.914971
41.513316
43.047422
48.694398
45.879852
45.682711
51.802778
54.930834
54.869154
51.78671
50.270414
47.426414
47.284671
50.330517
61.753308
66.195608
61.799989
66.192404
63.24575
56.291945
59.581055
59.692125
50.361615
47.360761
47.426962
50.353172
54.881118
54.684181
51.66505
58.046325
44.321563
42.338551
41.465712
45.237546
47.250996
48.515353
45.525751
50.263568
37.061553
34.504829
36.941144
34.683896
38.491743
42.79386
41.243408
40.023872
46.742216
49.488987
46.566875
49.689524
45.473575
44.202365
42.578568
47.119146
66.542336
71.160337
66.446827
71.242792
64.1732
61.111322
60.635505
64.80139
54.942829
58.231814
58.214321
55.031608
50.452219
50.216698
53.36422
47.522605
55.691109
59.453474
58.90577
56.153432
54.27456
51.137554
54.238979
51.138032
54.867732
59.184475
58.136283
55.876863
54.932712
49.95599
51.799353
53.081145
66.451802
70.831296
66.148477
71.128819
64.680813
63.040862
66.733741
61.064843
54.330806
51.038224
51.243596
54.094353
56.105095
61.374489
58.024926
59.434881
36.956785
34.506146
36.943128
34.532839
38.094557
41.136411
38.439483
40.755106
44.419432
41.65978
41.556745
44.439437
43.267672
48.77112
46.069298
45.759298
44.990479
42.523711
45.384405
42.144132
46.647846
49.583097
49.610357
46.639356
39.927493
37.879011
39.916718
37.825699
41.52295
43.721349
43.659674
41.623895
46.937481
45.253041
45.35642
46.625633
44.075048
48.495625
48.033336
43.036392
47.245661
45.424734
45.274254
47.368504
48.529961
49.820747
48.491862
50.011215
84.650176
95.926364
96.908203
84.06682
66.233403
43.844747
52.337756
51.777363
111.91614
132.52755
122.29438
124.47413
94.761947
79.60346
86.230063
87.581126
48.662343
46.472818
46.293211
49.734866
46.86933
58.05017
66.355178
48.648205
40.260393
38.896747
40.855785
38.246083
42.019496
45.151599
43.145746
44.037449
41.966188
41.486087
41.351936
42.128593
40.946081
37.863195
41.039137
41.748806
47.543747
46.912743
48.732992
45.717967
48.74301
47.086513
49.785749
47.329796
52.247993
74.415581
72.205412
57.323628
41.658766
48.288969
39.351852
47.155683
98.407471
112.80283
100.74199
109.87155
84.990628
76.682193
84.278729
76.71084
49.263965
49.838874
50.10682
48.875461
44.672794
57.994942
45.419668
60.294131
43.435165
41.836094
41.707464
43.510701
47.910329
49.505015
48.423183
47.823813
39.876824
38.040578
40.102516
37.827953
41.502862
45.32122
43.643727
43.183325
48.488694
50.029219
48.677028
49.898461
47.241779
47.00598
45.257931
48.982622
105.95425
122.07683
109.83197
119.39582
91.375722
82.630618
81.387272
92.066416
75.390931
87.044876
90.11343
76.199685
57.964979
44.290494
49.144756
46.030059
50.686411
69.906358
69.885798
49.241098
44.507072
39.741726
45.259315
37.959812
52.101127
73.224169
71.832207
57.297789
45.271464
49.404037
47.553043
48.244139
102.45441
113.94895
101.49643
114.77995
93.863741
84.4232
93.759937
83.69279
48.763298
50.020532
49.89106
48.879449
46.432719
70.817535
48.922216
69.504682
36.836934
35.045876
36.86006
34.861621
41.538692
45.151482
43.182932
43.212631
42.791702
45.182433
41.731745
46.527492
42.062978
47.181239
38.461586
47.32602
46.164466
46.905395
48.649247
44.911002
43.257172
43.587957
41.997109
44.039081
37.092512
37.473348
34.987854
34.288523
34.048682
34.322884
85.309895
18.05084
75.8263
85.223351
18.05783
75.877036
85.111068
17.927317
75.509527
84.983822
17.9115
75.771797
37.679765
37.934899
34.928582
34.616409
34.51177
34.835735
44.060017
42.948703
35.034798
36.153855
37.331414
36.319068
179.02005
21.091181
150.69046
21.274431
190.65057
144.73875
44.892523
42.709262
35.053247
36.060208
38.188995
36.327931
167.75112
134.21894
19.74425
171.14456
19.489629
130.22855
44.537011
44.596259
37.907253
37.893436
37.80846
37.748821
174.51426
20.088035
139.88138
177.15047
20.162047
139.04992
173.53425
20.268992
135.84922
171.85625
20.379558
136.2537
45.063031
43.652275
37.857138
36.974223
38.385228
36.99835
36.922982
32.018302
34.45005
34.459483
38.205833
40.113937
40.93534
37.482098
44.369756
41.579638
41.506793
44.357903
45.778075
48.709299
45.760377
48.704048
45.166417
41.496888
42.276211
44.286989
46.46812
46.47473
43.566893
49.509868
55.515344
58.132822
58.838451
54.838356
50.480659
50.168037
53.239593
47.49642
67.075079
70.170931
65.494398
71.890433
59.790498
59.753907
56.443177
63.227233
54.7956
50.306968
53.452007
51.647504
51.74659
58.025318
54.850502
54.843731
37.463775
33.827339
36.331506
35.026096
35.12512
40.096646
37.45448
37.704038
44.901404
41.458375
42.013636
44.311946
43.234738
48.622029
46.07533
45.712491
41.689279
41.469003
44.263859
38.972176
47.070091
48.842202
50.084792
45.835933
54.912395
58.159447
58.179408
54.987914
53.306954
50.220974
50.22019
53.301489
66.313005
66.871363
62.330974
71.145352
64.497995
59.834966
63.308637
60.839449
54.164923
47.85913
50.992245
50.862112
55.857404
58.071683
54.904452
59.172609
44.432271
41.428015
41.602346
44.303251
46.024156
48.870769
45.876837
48.980185
34.04566
33.782052
36.15203
31.753251
37.382263
40.199229
40.039745
37.494381
43.229062
48.630187
45.724813
46.003928
44.201202
41.521176
41.42115
44.376725
65.369121
70.107703
65.270678
70.079989
63.445148
60.668044
59.99731
64.215926
54.93076
54.708115
58.141451
51.607077
54.371847
50.149227
53.223047
51.162488
55.018803
58.909031
58.232259
55.629387
53.287851
50.161477
53.291542
50.186675
55.037595
58.128223
58.254627
54.841341
53.582263
50.326486
50.507038
53.47415
61.88998
69.990674
65.334287
66.331101
63.154663
59.853685
63.391525
59.706239
50.397401
50.16198
47.457012
53.237275
54.754754
58.177835
54.911597
57.971887
36.19144
33.711031
36.202001
33.753582
37.56359
40.715063
38.06574
40.203124
44.293813
38.872017
41.503135
41.60066
46.629987
48.586831
49.68654
45.671154
44.382599
42.101401
44.939175
41.60651
45.742959
48.686908
48.666489
45.69856
39.954927
39.157195
40.997033
37.876385
41.7108
45.239517
43.774128
43.333427
47.714253
45.512271
45.85857
47.387539
50.13959
45.295336
45.358536
51.215161
47.445272
47.222538
45.543953
48.950661
48.773093
51.518852
50.320123
50.28915
66.554053
84.814699
82.757175
71.20488
45.998655
49.44181
47.126223
48.76739
105.60652
120.38849
107.26925
118.35474
89.198127
72.101334
77.32767
84.850418
44.259488
40.742471
40.636473
47.522543
47.964593
49.524726
51.656117
50.762787
39.666925
35.26405
37.105462
38.105904
41.798034
45.054205
43.059826
43.775369
46.37036
42.239876
45.039599
43.924667
48.365017
49.557505
49.069479
48.429382
47.319091
46.886054
48.679105
45.516127
48.128784
44.557595
48.225827
45.094357
48.588383
44.303373
44.683261
47.562168
51.499078
43.420146
51.804588
43.769525
97.957689
106.98817
93.698167
111.28061
85.17983
71.635038
83.869885
73.128027
49.726543
52.447471
50.512912
52.191452
46.386165
49.342601
51.19441
52.127714
47.441588
45.444793
45.665626
47.303299
50.913484
50.56496
49.24361
52.181041
40.049773
37.964367
39.884076
38.128783
41.842636
43.586387
43.860442
41.708617
49.12927
50.34767
48.977755
50.476217
47.505587
45.429813
45.654823
47.093707
92.230618
106.11491
93.066855
105.59882
79.633889
58.515346
65.7842
82.463072
49.2289
47.446923
46.349991
46.624431
54.878575
51.777818
51.753905
54.447731
45.832744
43.121848
48.229759
40.056178
50.308463
50.840591
50.482857
50.751484
49.348539
43.77944
45.316118
48.317016
53.72904
51.50437
53.519188
51.220173
91.62763
105.90865
92.665223
104.94229
79.265155
63.117955
81.131684
64.948282
50.899718
51.129684
51.219706
50.811371
48.101714
45.219532
45.336066
46.164888
39.9713
37.815498
39.770154
37.992756
41.721178
40.508194
38.785601
43.635272
47.397115
45.359663
45.567943
47.244096
51.812097
50.601736
53.153391
49.368402
47.213444
42.265836
43.697073
45.475174
48.887172
50.1617
50.261208
48.79191
37.174885
35.445488
34.303628
33.207003
34.03738
32.464428
84.028348
17.758098
17.73803
74.636335
84.098776
74.661838
79.938288
16.876101
74.611299
83.904217
17.882453
70.853914
37.483333
37.434751
34.536125
34.268778
34.411789
34.28052
45.676394
46.309211
38.547202
39.170967
38.630288
39.15163
21.115353
178.54642
142.20062
180.42103
20.999073
140.54249
46.485708
45.921244
38.57036
38.885989
39.516874
38.940406
20.457095
171.17997
127.59993
20.868491
165.05745
132.50446
46.340762
46.443538
39.109828
39.277095
39.151583
39.299699
163.8844
20.592579
20.633267
126.25857
164.63026
126.98061
163.12824
20.846098
126.34122
164.90607
20.989089
125.87521
46.429026
46.240152
39.115794
39.204022
39.294609
39.140499
36.349601
33.786565
36.24716
33.878093
37.539176
37.774341
40.233458
35.282157
41.729633
41.494321
39.011825
44.271029
45.812553
46.190643
43.376942
48.753615
44.404499
39.119318
41.536345
41.766026
45.840428
48.660265
45.657882
48.835202
51.846819
57.931542
54.885112
54.792835
54.195862
50.961154
54.072182
51.009801
61.931997
66.413517
61.854325
66.417359
63.4506
59.836323
59.953643
63.385484
50.417772
47.362765
50.357164
47.51628
54.993972
58.185326
58.243422
54.904562
34.09815
31.623187
33.999501
31.828232
37.57094
40.221161
37.500796
40.302295
41.745005
41.454759
39.057185
44.228926
46.500691
49.425381
49.554788
46.455855
44.485823
41.522494
44.392206
41.591263
43.238927
45.957909
46.03924
43.083213
51.750653
58.069503
54.840637
54.889664
53.361478
47.650347
50.277056
50.601649
65.422794
69.992628
65.317913
70.182928
63.444997
56.604489
59.879113
59.869044
53.432786
50.119638
50.303936
53.269305
54.937538
54.941779
51.912089
58.207973
44.318139
42.311867
41.421093
45.237294
45.855376
48.715937
45.797912
48.886484
36.376467
33.739679
36.24609
33.992898
37.406094
37.733917
40.132514
35.224339
45.997922
48.749241
45.724074
48.926203
44.308564
39.064732
41.422538
41.729011
66.313727
70.198264
65.43689
70.928863
59.655955
56.555065
56.374283
59.909509
54.454548
61.664241
57.637169
58.398775
53.200372
50.232794
53.289361
50.073362
51.666369
54.970306
54.720936
51.846785
54.086845
50.292616
53.409164
50.997017
54.847231
59.247178
58.146199
55.894306
53.489432
50.259457
50.324229
53.333403
65.637288
70.159016
65.386314
70.312283
63.285568
56.584001
59.861992
59.752299
53.527539
50.199281
50.452298
53.341126
54.798822
54.891461
51.857939
58.067187
36.884081
33.804687
36.319307
34.478264
35.136785
37.84265
35.249889
37.620219
43.947971
44.584025
41.190361
47.474348
45.612624
48.689336
48.615872
45.762491
41.60219
39.082551
41.819804
38.946579
46.495125
48.826901
49.451362
45.826905
41.245238
37.808043
39.727791
39.398627
38.692023
40.298022
40.559628
38.627478
42.66538
41.746535
41.391769
43.141613
42.022629
38.483516
41.817774
38.144512
43.313767
41.811197
41.897355
42.858165
49.348544
46.623547
46.71203
49.659668
45.652854
50.679318
56.745871
46.330136
48.365248
46.978404
44.010162
49.508863
111.02471
124.07151
110.14814
124.47495
104.34029
96.565806
94.705604
105.77042
45.670604
41.987787
42.918416
48.587326
69.233142
86.493407
83.71979
75.64605
41.042555
35.718593
37.50648
39.245069
39.126716
44.615428
42.873029
41.08717
47.463529
45.44204
45.511578
47.363709
48.614046
47.82719
49.641011
47.836325
44.337117
46.23464
47.532887
42.661127
48.939267
45.593641
49.278275
45.924662
66.116419
76.527718
78.451425
62.194384
54.0705
44.451189
42.808999
56.601864
114.05904
124.98154
117.12799
124.58383
108.15291
100.65938
111.49115
98.228497
55.249196
44.68427
48.540669
59.222234
76.185909
89.514945
74.898472
87.877095
48.692978
46.069299
46.849489
47.475084
48.746789
49.545342
48.373918
49.866345
40.041189
37.8704
39.844244
38.156617
41.579387
40.783591
43.280236
38.846857
48.562678
49.669593
48.464588
49.573878
46.431338
42.139623
45.093206
43.730527
107.25772
117.13955
104.16529
120.95676
98.384267
87.714471
88.31154
97.080251
56.391131
76.302124
75.872544
53.284344
50.796718
51.013104
50.350609
52.372074
59.309447
76.575952
74.582746
62.137849
47.420981
42.457526
46.554202
37.372646
56.806702
77.659493
78.256877
59.74444
47.035549
49.386065
49.648232
47.069273
106.5128
117.39238
104.73294
119.55531
98.419649
89.299412
98.96328
88.77831
47.308526
49.543878
49.413825
47.378221
58.195213
77.339431
61.266646
78.035645
36.831883
34.967164
36.949468
34.900971
38.43594
43.370826
41.727373
40.204877
48.558963
50.063861
47.051791
51.645539
50.653342
50.198205
52.293295
49.63834
42.883513
45.201168
46.441072
41.605161
43.071377
41.89803
40.870591
43.400479
37.578243
37.363353
32.370081
34.275842
34.507107
34.292174
84.80138
17.828515
74.734084
84.188809
17.810879
75.553724
84.268305
17.810417
74.653167
84.120271
17.792318
74.927585
37.138001
37.031911
32.494301
33.083706
34.205165
34.100566
45.760475
46.655498
39.920013
39.686898
39.192078
39.632277
184.58183
21.024149
143.8249
20.744654
182.26465
144.83726
46.084451
46.0982
39.930202
39.288157
39.220857
39.324173
185.23075
141.42276
20.204507
181.78612
20.267383
143.30793
44.241823
44.134915
37.113803
37.410062
37.47184
37.42022
176.60715
20.384498
138.10529
174.1139
20.169104
139.24654
177.35764
20.09297
139.11829
175.38443
20.145805
140.44886
43.107316
42.955581
37.038835
36.456372
36.443837
36.396586
37.162296
34.77125
37.350428
34.764693
34.992845
37.489354
37.56414
35.010697
44.92674
41.625194
42.094039
44.515117
47.089327
49.900529
46.866076
50.162147
41.511008
38.837789
38.830886
41.46947
46.835656
50.065216
47.024618
49.770155
54.527608
60.675203
57.71368
57.305105
53.378685
47.789486
50.716253
50.217147
61.607082
69.868605
65.104088
66.056835
62.107318
58.943197
58.743048
62.263976
50.238366
50.128946
53.22978
47.235608
54.018955
57.261568
57.095183
54.188538
33.968723
33.809315
36.273332
31.569266
37.161294
39.873649
37.29738
39.740529
43.977286
43.551433
41.21005
46.511809
45.781436
46.304585
48.78509
43.516223
43.787007
41.23996
43.955154
41.100196
42.991217
48.678211
45.856331
45.718994
55.665425
58.357535
58.923066
55.045028
54.839292
51.397517
51.623159
54.582378
66.643013
71.836102
66.965899
71.343584
59.384939
56.209654
59.454684
56.097914
54.423421
51.563829
51.329978
54.766767
51.453508
54.526313
51.5259
54.506809
44.387762
41.485717
41.516465
44.258081
43.0493
49.700243
46.787055
45.931983
36.061131
34.940498
37.529027
33.695481
37.552878
40.109779
40.272233
37.471937
45.671055
50.169505
47.142575
48.583016
44.453138
41.503054
41.586844
44.283476
67.12788
70.015854
65.239752
71.97894
64.674074
59.703215
61.159462
63.180778
52.070663
57.014524
55.181923
53.857152
53.06525
50.126398
53.212738
50.047414
56.281505
57.990024
59.497776
54.794235
55.095916
50.128218
53.188071
51.972343
54.869891
57.99491
58.130065
54.835866
50.341302
51.197434
47.313228
54.259569
65.250759
71.614332
66.792614
70.028915
63.43515
59.803464
63.267292
59.882734
53.208614
51.631836
50.110534
54.795703
54.970936
58.044842
54.889757
58.21516
37.78226
33.591685
35.985093
35.282213
38.821727
40.113147
37.379852
41.479539
41.860972
40.993703
39.145229
43.748761
45.569456
48.637105
48.485657
45.65588
45.667738
41.395405
44.258161
42.881378
47.426441
48.539314
50.456991
45.60417
41.031081
39.275467
41.169624
39.11873
40.893259
40.013263
42.584815
38.46153
48.368517
45.32517
46.537157
46.941993
51.437024
52.626967
51.297995
52.736701
45.028191
41.800954
43.837244
42.526039
49.234789
51.326567
50.164125
50.062745
58.107786
78.409437
81.519341
53.750545
46.477669
46.031956
48.498517
48.347761
122.69165
129.82935
123.06444
128.83652
116.1867
96.543258
105.53734
108.59877
62.922434
45.233486
55.203432
51.074144
76.772748
83.999419
91.953257
71.996418
36.055903
35.017016
36.605018
34.5287
40.699433
42.174927
40.728074
42.182517
46.828736
46.403143
45.175936
48.219397
48.083786
46.663772
48.725361
46.549031
43.085214
43.588361
43.306203
43.516798
39.976368
39.523725
42.032809
41.633605
50.835489
87.197564
78.975175
54.95286
53.638262
53.687661
53.840138
53.45205
106.68069
122.52095
109.91297
119.45187
94.667749
87.952529
97.658868
83.983525
50.648493
52.229338
50.789367
51.988379
56.205522
77.97738
64.289953
76.242402
42.938889
44.844995
41.484483
46.191471
42.695507
40.509971
42.027777
40.342021
39.268792
34.860519
36.385279
37.350285
40.729152
45.12301
42.562972
43.20999
45.534688
42.092262
40.042137
44.167464
45.206858
46.552984
43.892806
48.013455
115.46693
128.14942
114.684
129.1711
103.92902
95.15683
94.148654
104.99708
62.069417
67.535799
74.373303
54.16077
44.177173
48.913644
46.497442
43.373081
65.627083
86.541834
83.831863
64.67183
45.229069
49.262943
45.807461
48.793518
81.339187
94.019442
96.602861
66.175693
67.101363
56.497149
46.088551
74.744179
135.16108
148.17983
139.38124
143.92104
119.45669
103.4836
113.86311
108.2406
71.420721
57.355681
46.397458
74.031514
83.296782
91.859416
76.691449
96.121132
43.307138
38.165534
39.993626
41.433224
40.848904
45.908096
44.031605
42.831002
44.144607
45.072908
42.802019
46.574803
44.111861
49.056288
44.007363
48.032565
45.790494
47.702138
49.269242
44.191965
50.656789
49.814761
50.431011
49.18961
36.788481
36.888818
33.633809
33.883895
33.795337
33.904889
86.255691
18.156846
18.080557
74.471644
83.913735
76.5199
83.892267
17.747829
76.134113
85.809207
18.055858
74.477556
36.096691
36.26336
33.6907
33.292768
33.163446
33.25188
42.888159
42.555917
36.908793
36.383498
36.317392
36.339812
19.561894
177.90683
143.86346
182.34563
19.371769
142.4051
44.624028
43.571432
36.922947
37.211876
38.108905
37.289193
21.201443
180.79312
144.71693
22.105004
184.99991
141.5828
48.694602
48.16313
40.743326
41.323077
41.737606
41.417961
192.92256
21.848081
21.4061
150.00762
190.50714
150.90848
209.72691
23.939136
168.95502
214.34007
24.398434
163.08785
44.357449
46.317392
40.651052
39.99286
38.494082
39.852903
36.273817
34.920834
37.213404
33.992914
37.348376
41.438348
40.036727
38.786995
37.540767
34.914627
41.353676
37.810608
45.720832
49.061973
45.808844
47.797442
34.145997
36.398459
44.267987
42.775676
41.418438
45.622324
45.707144
49.717676
46.698268
48.677814
56.467329
60.663304
59.734346
57.432326
53.652294
51.30624
54.403454
50.495041
64.959996
66.248746
61.721022
69.590044
62.086194
59.055718
58.614468
62.382307
53.492208
47.01796
50.091287
50.54496
53.843999
57.361093
56.991785
54.284584
37.15389
30.729809
33.208957
34.791478
36.759166
39.975153
37.478496
39.31793
45.653606
43.925997
42.787214
46.781492
46.035263
49.823934
49.037705
46.856825
43.480898
41.315077
44.060527
40.724369
46.264093
45.595287
49.105037
42.633113
58.888455
39.552056
61.191632
33.155078
44.771824
53.569865
50.783233
51.309228
54.333994
65.476153
71.722841
66.943526
70.134457
63.473568
60.987458
64.350283
60.019675
53.325136
51.326551
50.219765
54.534669
54.993274
59.239019
56.072906
58.22803
36.219254
34.174093
35.979413
34.448313
41.041378
44.470745
42.899836
42.4949
39.902702
38.31703
47.844624
50.612554
48.792643
49.402896
83.449515
67.745583
48.615803
63.477153
46.574445
46.389268
44.775041
48.30932
44.82964
47.068198
45.200736
46.443054
52.920763
54.061435
49.952554
43.725944
51.651381
53.285853
53.195736
50.29939
53.961099
52.071769
52.762703
52.935258
52.615117
56.626043
53.083649
56.076039
52.564461
54.824336
56.094828
51.093949
52.753606
56.607081
53.044591
56.329664
38.24414
39.788702
41.843162
36.352803
40.473121
45.836706
43.94918
42.325412
50.17153
46.882895
48.518376
48.519313
46.798124
52.617846
48.761153
51.52468
45.98014
47.811612
49.583898
44.198448
47.643311
53.501491
49.480985
51.688177
99.781121
77.667256
115.79239
68.001492
52.287166
52.21914
50.85043
53.629956
94.158143
31.753253
50.805652
62.187042
54.212447
54.842812
53.912313
56.453958
56.17781
54.15942
49.011768
48.561643
47.766151
50.105091
53.584595
56.338268
55.636241
54.162274
49.463913
43.491454
31.543556
38.678838
45.676045
39.804893
17.716553
100.1915
70.936551
18.345784
101.49757
17.589221
70.318681
32.730278
30.89396
30.73952
27.88473
29.254068
27.770453
20.642743
107.07035
21.355185
90.8997
24.463033
115.71556
22.427873
79.976204
36.850721
49.902964
34.528457
33.667512
32.331092
32.982742
30.418346
30.59208
28.702028
28.554252
30.578368
30.648999
28.874323
28.834676
30.830491
30.74007
28.989105
29.08156
32.738783
32.797407
31.071924
31.226662
32.720511
33.333393
31.531708
30.969047
32.768282
30.664503
28.950163
31.097473
32.759702
30.653174
29.00555
31.036117
32.921129
33.195195
31.535174
31.189435
34.588777
32.437449
30.937357
32.844164
16.019584
31.583461
32.56584
19.169735
34.933539
33.780765
32.353789
33.45557
57.875248
48.455945
15.841086
30.482761
31.209554
19.177104
30.451285
30.517668
28.761666
28.557116
104.67027
84.070371
41.871352
8.3351482
34.827819
35.473889
21.72265
33.099319
32.915655
31.632529
31.975179
48.430921
48.033327
34.385707
34.347882
33.020192
32.802265
32.835722
32.864931
31.315987
31.08942
39.064035
37.325947
36.460756
38.020853
36.07314
36.011058
35.004328
34.918682
39.424739
38.12052
37.077875
38.541604
33.227888
35.974896
34.571255
32.099906
33.533861
32.737247
30.927616
31.628967
32.805635
32.865727
31.092286
31.261229
36.141291
36.206271
34.883165
34.94069
33.215664
33.075592
31.82778
32.005794
33.656606
33.551107
32.017483
32.163354
36.493692
33.440647
32.195358
35.187033
32.734625
32.808776
31.291621
30.988942
30.570586
32.785856
31.066756
28.837202
36.335138
36.535757
35.167648
35.026592
33.72735
36.275602
35.120056
32.315515
36.215741
36.298707
35.037943
34.8874
36.198799
36.266552
35.139033
34.859758
33.502906
32.767436
31.002627
31.707763
35.442046
32.448084
30.974465
34.013857
33.671904
33.239972
31.803113
32.219276
36.345184
36.43953
34.979832
34.943249
37.357407
37.678143
36.269537
36.048507
40.520455
37.649372
36.539337
39.43587
32.667715
32.824748
31.064075
31.144595
32.597615
30.602467
29.033348
30.94474
36.23495
37.295947
35.946478
34.898178
37.369701
36.105422
34.891971
36.068947
36.174449
33.345216
31.8899
34.882629
36.337792
34.871249
33.677018
35.154674
55.449001
48.281715
35.004753
35.46955
20.343671
37.767148
38.981769
37.928185
36.557567
85.582235
11.586386
12.117081
42.300989
35.886128
49.589018
48.770007
48.401941
64.740388
12.963232
55.871805
55.647598
65.018008
59.721802
11.897243
51.254485
11.871747
59.593414
51.360373
44.780328
47.125075
47.056103
44.788765
44.471804
46.287277
46.724261
43.992498
60.082966
11.976988
51.71431
51.722159
11.973634
60.121452
59.751592
11.845098
50.907553
11.79167
59.146817
51.511464
48.134443
50.88496
50.639196
48.317415
44.347494
46.599462
46.640319
44.289114
61.203471
12.311385
53.584113
52.573631
61.930677
60.839954
12.178537
52.53718
12.327222
61.171898
52.679032
45.503313
48.360123
47.806284
46.054307
47.795426
49.579501
50.213465
47.263988
61.034911
12.344518
53.415285
52.776868
12.527817
61.75936
64.295942
12.860759
54.792501
12.664084
63.398557
55.249729
45.327474
48.390067
47.672301
46.098304
45.369256
47.768094
47.606637
45.35298
64.353498
13.007359
55.676792
55.55328
64.355128
64.383803
12.99168
55.493449
12.964494
64.135496
55.70968
47.983463
50.36749
50.470279
47.880239
47.526699
50.519083
49.987033
48.043228
64.313744
13.01955
55.43528
55.561952
13.009509
64.239246
63.831294
12.945568
55.82776
13.033182
64.55139
55.254165
47.943875
50.335771
50.395803
47.936602
47.924814
50.195471
50.39233
47.735983
63.754651
12.998651
56.011442
55.259469
64.835365
61.536649
12.295798
53.026932
12.419231
61.555832
53.031105
47.681608
50.115439
50.153578
47.556641
48.091127
49.98484
50.621794
47.558963
64.024662
12.96197
55.145655
55.421034
12.78119
63.865381
64.544724
13.010001
55.260043
12.785893
63.761425
55.757722
47.546304
50.827053
49.951816
48.292352
45.719525
48.142121
48.128686
45.705522
64.433465
12.996736
55.309647
55.658221
64.209919
60.565365
12.226917
52.682221
12.285616
60.990698
52.374764
48.781782
51.772374
51.207661
49.245002
46.359392
48.330293
48.709572
46.073573
65.371793
13.263153
56.963404
56.56713
13.354026
66.004575
62.45667
12.463727
53.459045
12.378283
61.970175
53.627266
47.989277
50.261248
50.361049
47.811727
45.064629
47.573786
47.305767
45.35385
69.561184
13.789635
66.747511
60.644884
76.227304
63.400683
12.554546
54.190249
12.457956
63.131711
12.521191
54.428028
48.488802
50.464626
50.794914
48.156571
45.981105
48.60714
48.26965
46.293618
64.734531
12.993074
55.650305
55.972533
12.874297
64.485675
61.599022
12.211271
53.323211
12.311545
62.08414
12.245774
52.935501
53.270227
61.34067
55.634548
58.339051
47.321638
49.412341
49.668059
47.071313
69.846746
13.899668
66.757136
60.912159
15.369018
76.303885
14.886824
63.27776
12.675315
54.838076
54.809526
63.471778
44.759193
46.987369
44.767603
46.978106
47.127376
49.853992
47.560954
49.36423
53.430607
61.292854
55.858595
58.238218
47.330445
49.724947
49.695135
47.404354
60.061163
11.988898
51.816872
11.978256
59.965655
11.989744
51.813819
62.967456
12.607913
54.931464
12.682443
63.550984
12.657546
54.422745
87.641338
17.629926
78.153734
76.959639
18.125547
88.264596
80.898559
13.785957
67.716138
67.545152
13.370925
81.47209
13.235276
61.487727
67.71776
66.418903
62.918411
56.714921
60.121009
56.667955
60.407758
69.261469
72.755507
72.138601
69.44543
56.850314
60.007025
60.109041
56.691355
91.291393
11.997926
75.290024
73.75181
12.304079
93.134271
12.040425
84.903653
12.481207
68.116028
12.832122
82.740562
13.047143
68.97574
64.964853
13.043325
55.921522
13.009104
65.034655
13.023744
55.951175
64.199365
12.939091
55.222076
55.611405
63.811381
12.89983
48.128653
50.056858
47.561841
50.548953
47.806694
50.093881
47.638288
50.347448
48.356828
50.772924
48.28677
50.825678
47.882172
49.983282
50.346566
47.53949
64.493885
13.040898
55.023126
12.81909
63.737118
12.956969
55.789399
64.200755
12.943759
55.36463
12.908735
63.979384
12.928815
55.457765
95.284754
7.6412029
79.227315
79.329645
7.5765973
95.295198
7.5099457
95.657853
8.4393558
79.022254
8.4386428
95.23406
8.5960199
79.470376
65.06842
68.977822
64.0827
70.143268
64.344441
70.114416
69.202521
65.007371
95.913337
12.456697
76.742681
12.295202
94.676245
12.518293
78.017291
94.215004
8.5713943
78.432454
8.5864746
94.764731
8.4199572
77.682955
67.72582
71.753687
71.971403
67.481541
66.057236
70.865869
71.426421
65.59519
94.522495
7.3624902
78.966898
7.4427238
95.076807
7.4998731
78.464248
84.49483
6.6045198
68.906126
69.644655
6.5800743
83.94762
6.5330776
56.078357
60.613391
60.210261
56.432829
57.298479
61.310077
57.852861
60.62244
66.420194
71.317439
67.024036
70.735178
58.860645
61.788947
62.274394
58.333917
80.840131
6.7328632
67.478236
67.022266
6.7505923
81.409334
6.712839
82.488187
6.4964052
68.311423
6.5123789
83.356034
6.5593474
68.120019
65.180204
13.181608
55.840126
12.950559
64.492206
13.121184
56.274994
66.070752
13.32721
57.286277
57.167026
66.194994
13.356921
47.975779
50.422843
47.950046
50.337358
48.526516
51.430496
48.800798
51.111017
48.574225
50.483146
48.090537
51.065231
49.305114
51.89856
51.816798
49.370444
64.358741
13.004145
55.472626
13.014089
64.33273
13.014726
55.588086
65.131899
13.209848
56.640001
13.275422
65.507355
13.229476
56.329575
83.55133
6.6025472
68.385123
69.179784
6.5958817
84.230986
6.5857763
81.358958
6.279189
66.757129
6.249281
82.52935
6.2848312
66.420308
57.227165
61.053351
56.832783
61.492069
58.188207
60.441491
61.056262
57.569932
82.788508
6.722642
67.997732
6.7235826
82.091092
6.7523788
68.526502
84.277725
6.2528946
67.538017
6.2618225
83.411886
6.2342038
68.228932
57.615154
61.417119
61.224177
57.604413
56.154895
59.775941
59.152679
56.842151
84.939668
6.5688454
67.965073
6.5787598
84.69469
6.5873072
68.130047
82.28925
6.5585749
68.203343
68.312274
6.5518846
82.213347
6.5489693
59.777283
64.352228
64.045201
60.090481
57.377906
60.650453
57.084287
61.129086
57.814889
61.300863
57.641151
61.416276
57.028824
60.615841
60.542099
57.002415
86.05886
6.8198397
71.677176
71.35227
6.8285196
86.471556
6.8236792
83.26261
6.5363624
68.271597
6.5433309
82.305408
6.542108
67.791999
64.386368
13.011233
55.55646
13.006519
64.351955
13.002651
55.691481
64.237947
12.978938
55.540152
55.474623
64.390535
12.999316
45.622591
47.841286
45.494526
47.986444
48.486567
50.958829
48.458789
50.968012
47.916791
50.411199
47.897415
50.359522
47.829519
50.4487
50.198
47.976666
61.360755
12.265458
52.910093
12.355562
61.218884
12.223477
53.08361
64.965737
13.191311
56.123497
13.14925
64.960279
13.185205
56.160384
87.413296
6.6454963
70.180409
70.031621
6.6565267
87.576557
6.6531803
85.145162
6.6750862
69.245835
6.6710452
86.305656
6.6687384
70.375193
60.441039
64.559025
60.298176
64.654174
59.310281
62.52095
62.686052
58.948263
86.972166
6.8367258
71.92093
6.8341531
86.776599
6.8333939
72.172595
85.700008
6.6563082
70.575768
6.6636845
85.395684
6.6638044
70.791621
59.334495
63.164541
63.108607
59.780738
58.68136
62.523808
62.347734
58.770787
87.836629
6.6771797
70.311171
6.6645561
87.742225
6.6692227
70.396045
88.304514
6.6711911
71.411133
71.092632
6.6582681
88.400887
6.6645382
58.924938
62.60374
62.743457
59.059824
59.863078
63.652671
60.274716
63.665659
59.971305
63.298493
59.9196
63.359801
59.990715
63.85568
63.860107
60.07667
86.816392
6.6600077
69.48128
69.578246
6.6533451
86.694554
6.6482327
88.21586
6.6437661
71.537344
6.6508392
88.320633
6.6509838
71.39898
65.057425
13.191464
56.350611
13.171355
65.024849
13.183067
56.359594
61.794633
12.367793
52.757031
53.383581
61.049227
12.321204
49.200226
52.018085
49.582311
51.686288
45.640502
48.066023
45.65147
47.977505
48.510507
50.959681
48.508485
50.967342
45.953442
47.630019
48.233551
45.421394
65.880429
13.357973
57.411553
13.411429
66.365341
13.405396
56.870638
61.565343
12.367868
52.899843
12.35117
61.565827
12.355968
52.884223
83.577864
6.4404159
67.361599
68.889812
6.4472419
83.96623
6.4456724
85.419722
6.7746693
71.049772
6.774953
85.869706
6.7824266
70.710456
58.726216
62.556948
58.792418
62.508894
59.72391
64.012868
63.993239
59.753583
86.384287
6.6406921
69.343588
6.6425803
86.524911
6.6495869
69.242908
86.238061
6.7723301
71.235227
6.7806841
86.127218
6.7686902
71.149444
57.800757
60.888722
61.249058
57.392457
59.346682
63.858084
63.573573
59.61327
82.37946
6.4634806
67.177882
6.4533453
83.126134
6.4547681
67.130021
82.646818
6.4349392
66.465637
66.284772
6.4252883
82.847535
6.4574269
57.971451
61.853835
61.603109
58.20671
56.98908
60.137709
56.648843
60.402992
56.769715
60.607266
57.114279
60.454987
56.230686
59.882472
59.705198
56.373363
84.382416
6.5589364
68.568605
68.262918
6.5807305
84.673806
6.607761
83.410403
6.4412681
66.766525
6.4486741
83.147894
6.4170363
67.059134
63.899703
12.879885
55.099173
12.912215
63.972329
12.897628
55.047853
64.012534
12.917158
55.144182
55.174046
64.011621
12.916613
46.249356
49.267302
47.046879
48.528493
47.673879
49.991627
47.545877
50.021406
47.591834
50.07228
47.633501
50.004925
47.692715
50.100684
50.115002
47.652765
62.109185
12.478557
54.461233
12.695547
63.028786
12.559487
53.508877
64.007009
12.892079
55.037187
12.892062
63.863882
12.889251
55.263283
92.622162
7.1211379
76.856963
76.878382
7.1794815
92.499868
7.231536
84.556465
6.6399289
68.420171
6.6549653
84.764733
6.5972337
68.550349
58.409718
62.029122
58.341607
62.160016
58.259412
61.67031
61.567162
58.40343
85.033234
6.6477951
68.824226
6.6293246
84.909271
6.6003463
68.906571
84.459167
6.6178993
68.306286
6.6117256
84.805475
6.6660252
68.722829
65.441876
69.537522
69.461074
65.510653
58.38075
61.681738
61.80584
58.366234
91.530272
7.3467107
76.59867
7.2905932
92.103416
7.2344928
76.222664
95.825017
8.3346614
79.529749
79.865566
8.3640226
95.609477
8.501631
60.082015
63.257062
64.193096
59.158995
64.351952
70.819399
65.263527
69.959971
65.254422
69.437571
65.437594
69.243581
66.891032
71.616256
72.250015
66.135905
87.044621
8.7496625
69.843792
71.023098
8.7852246
85.49006
11.588762
94.623904
8.5191629
78.996906
8.5174143
95.199669
8.3660627
78.349363
86.908223
17.487605
77.334463
76.331667
17.960795
87.447756
17.531328
78.577859
13.470317
63.650384
12.890729
77.699169
12.834209
64.918363
57.020056
62.290036
58.128748
61.465809
49.100121
54.115594
53.010233
50.422997
82.519054
8.98907
68.680663
11.556782
83.986962
8.8014729
67.840305
76.411517
11.570555
62.377914
12.220948
76.76769
12.293405
61.510452
68.606413
72.022325
71.576874
68.659115
53.65611
55.661948
57.142578
52.099681
14.938918
14.02721
14.115705
13.575376
13.596905
13.651128
13.471134
14.478853
14.495142
14.500294
14.765547
14.506721
15.235642
15.26078
26.634767
26.641196
26.300126
26.626973
15.316325
15.386738
15.311694
15.071442
15.093541
14.696957
14.611776
15.010139
15.121041
15.266203
15.539026
15.215249
15.454896
15.488332
15.607488
15.426253
14.505437
14.578874
12.686929
13.075209
12.891844
25.75384
25.665368
13.512359
14.26096
25.448613
13.556874
12.752533
12.434324
13.578332
13.532674
33.521758
25.752382
20.466418
19.983488
26.175835
24.910137
15.176808
15.368201
15.408662
15.098454
12.68578
12.915749
13.139559
26.490448
26.866647
11.962725
6.9398445
7.0472872
7.0811069
15.418463
15.157464
15.34464
15.29665
7.0374138
6.8717668
6.9128404
11.623154
11.585081
6.9102136
6.9227657
26.192263
12.609665
24.41112
26.637085
26.297538
15.170931
15.229725
14.579349
14.75148
15.309721
15.414242
6.919242
6.9069791
6.9559202
6.9089424
12.691326
12.321331
11.781602
11.968873
6.9229904
6.9310671
7.0054319
6.9695782
7.0625883
7.0406387
11.666779
11.586617
15.516083
15.540703
15.325324
15.315695
15.650438
15.906685
26.687555
26.651507
6.7487323
6.7565811
15.173547
6.7906874
14.5814
15.083277
15.031397
25.470454
24.846665
11.723286
6.7200491
12.253508
12.73089
26.520544
26.949492
23.792669
31.060455
19.542853
20.692513
20.160893
26.183868
22.93352
9.4090563
9.343089
30.69128
30.816123
29.292651
29.112454
30.730951
32.722909
31.193915
29.185676
30.575434
32.824722
31.041987
28.902456
34.176866
32.821411
30.960444
32.53562
32.704484
33.489001
31.70761
31.010405
32.712662
30.617207
28.940737
31.001652
30.651477
32.9178
31.122749
29.100619
32.819175
32.905848
31.009482
30.979304
30.404345
30.539074
28.723914
28.682881
32.569027
32.487507
30.660334
30.748172
34.135656
32.557901
31.125448
32.531964
32.913061
31.999117
30.470696
31.625405
33.228274
32.986016
31.347862
31.523387
34.274669
31.96262
30.388535
32.583258
56.824404
33.243462
32.956101
31.74968
32.132953
37.447946
37.336852
36.195449
36.446499
32.535833
33.986933
32.332783
31.034451
32.606319
33.39401
31.828703
30.859606
33.386583
33.262875
32.128527
32.285293
36.248523
36.582286
35.362048
35.37768
36.283692
36.327934
35.023284
34.903399
36.418399
36.086112
34.756678
35.13829
35.068789
33.772954
32.14728
33.489572
33.620687
33.274826
31.77252
32.115057
36.257322
36.28562
34.882937
34.820438
37.667113
36.672534
35.422072
36.36692
37.776683
36.248501
34.807183
36.456875
37.650822
36.178243
35.026364
36.25094
32.798208
32.683019
30.977643
31.025696
33.296572
32.776836
31.246203
31.728011
37.633231
36.324452
35.007249
36.399277
37.561955
36.353563
35.006305
36.314327
36.240454
36.454112
35.197219
35.056116
33.533454
36.262965
35.037087
32.429402
30.599601
32.753602
30.885489
28.925747
30.768227
30.532474
28.877427
28.92103
33.489539
33.677354
32.264504
32.233056
37.497924
33.861677
32.463571
36.220614
33.848688
36.094167
35.007207
32.44576
36.205856
33.413356
32.009016
35.046028
32.691516
32.912345
31.17365
31.198119
32.732153
33.982082
32.554737
31.015943
33.06378
35.920949
34.690408
31.946563
35.479873
35.481486
34.165351
34.277683
38.00987
35.697017
34.449041
36.874077
38.497286
35.720406
34.418714
37.283816
30.066124
37.009225
35.763517
34.745999
35.888505
38.374132
35.13352
34.092738
37.320088
55.446408
24.24979
24.349137
14.066856
60.103327
11.985419
51.325314
11.94817
59.758725
11.960248
51.97172
59.882076
11.976973
51.691059
12.012001
59.877608
12.017471
51.493332
44.230375
46.657206
44.520054
46.443593
45.454396
47.588614
45.260218
47.670607
24.185102
24.200216
13.848616
14.936069
11.758209
59.466011
11.792587
51.548541
51.219518
11.924841
59.73777
11.83736
12.231571
60.999736
12.239551
52.325504
52.724176
12.091247
60.892125
12.175398
44.869824
46.651615
47.06753
44.371772
44.523901
46.807593
46.754511
44.668047
14.511493
14.484815
14.517052
61.214596
12.348108
52.861756
12.356275
61.504404
12.349485
52.972638
61.342533
12.377199
53.086213
12.369003
61.343149
12.370949
53.014153
47.813344
50.336246
47.779626
50.277546
47.420961
50.607192
48.021473
49.962442
15.072459
15.339683
15.069563
12.971723
64.14472
12.944293
55.387699
55.527479
12.937165
64.152122
12.925625
12.771045
63.642514
12.949595
55.726405
55.036958
13.030722
64.474885
13.017758
45.522695
48.069883
47.890475
45.549527
45.582619
47.955418
47.928847
45.644247
20.306467
26.747452
25.663206
25.650485
64.612269
13.029052
55.193113
12.827003
64.00753
12.97049
55.843669
61.93415
12.351203
53.307009
12.465686
61.620569
12.341253
53.315629
47.585851
50.630029
48.069587
50.092674
48.024728
50.192522
47.731473
50.518484
15.092521
15.275438
15.44635
12.812015
63.810248
12.959835
55.707938
55.123667
13.034361
64.506425
13.019961
13.069093
64.429576
12.979742
55.457066
55.814609
12.952148
64.035008
12.946571
48.08027
50.084658
50.487064
47.602604
46.005279
48.121295
48.393282
45.888174
14.640692
14.676676
61.629766
12.288017
53.096658
12.455379
61.611492
12.307257
53.01947
64.565814
13.069571
55.367545
12.850746
63.880648
13.016167
55.827914
48.59593
50.432412
47.954395
51.170208
45.463685
48.623167
46.134613
47.888415
15.308309
14.886181
14.565896
13.194815
65.140306
13.150136
55.745372
56.356206
12.918489
64.269147
13.086929
12.296604
61.376892
12.338331
53.559777
52.75818
12.579686
62.054976
12.403024
45.747932
48.194968
48.139614
45.76966
48.128846
50.052504
50.652902
47.622378
14.351747
14.254384
65.226829
13.179085
56.451235
13.166503
65.11917
13.164404
56.508413
65.176789
13.162643
56.495705
13.175082
65.218851
13.182111
56.325284
45.732947
47.892263
45.609284
48.073039
47.329388
49.79446
47.446645
49.671959
14.538643
14.853894
14.789001
12.407404
61.638547
12.279628
52.996903
52.969595
12.394958
61.254119
12.251457
12.710529
63.551663
12.843032
55.06944
54.923921
12.761985
63.744453
12.869162
48.649792
51.099335
51.151031
48.620196
48.624429
51.142122
51.143409
48.680976
13.29492
13.450525
63.078824
12.578348
54.793141
12.618745
63.51511
12.589947
54.533094
63.50823
12.633604
54.951786
12.653828
63.701881
12.652535
54.62541
47.919868
49.668232
47.296577
50.324618
44.760204
47.348731
45.072253
46.945714
13.249163
13.083723
13.126157
12.824803
64.209809
12.799412
54.415063
55.190357
12.480361
63.068688
12.665424
11.931866
59.928693
11.844419
51.951218
51.6836
12.039688
60.443966
11.909267
47.153681
49.693908
49.425576
47.40304
47.414806
49.861572
49.760251
47.573238
11.808872
59.990458
11.898901
52.424624
60.630528
11.934063
51.737423
13.90819
13.805815
12.323201
62.114486
12.295565
53.336909
61.989427
53.717717
44.75299
47.188034
44.813859
47.074311
44.935186
47.206307
44.947946
47.162494
44.807597
47.589029
47.046762
45.414413
46.556566
48.629575
48.806019
46.305493
13.694286
13.375561
13.208423
11.978448
60.196359
51.795167
51.744679
11.963607
60.213704
11.935236
60.061354
11.982687
52.048013
51.987418
11.979501
60.140672
19.864274
101.29949
86.870337
100.70434
19.569113
87.68965
13.51173
15.134142
94.373535
18.216609
84.450838
19.091485
98.608244
80.441277
53.132383
59.228278
52.750595
59.634478
53.060222
59.174986
52.652382
59.310875
77.876319
79.852307
81.241902
76.421782
68.807129
76.730065
72.546282
73.050393
12.404213
9.7438029
9.3512318
8.8564562
86.024764
69.217328
69.046009
8.586784
87.729339
8.8305475
88.789349
9.0326051
69.266766
69.540753
8.8726083
88.698393
13.267307
65.922476
56.514473
65.603091
13.238707
56.756145
15.138073
15.307609
13.013443
64.293729
12.988967
55.636215
64.603935
55.426131
48.127077
49.924592
47.567308
50.511419
45.797852
48.040336
45.834802
48.049253
49.185332
51.436472
51.652037
48.940086
47.928976
50.59905
50.377943
48.123423
15.249702
14.634856
14.681546
13.062494
64.572089
55.181122
55.802716
12.814476
63.801092
12.440232
61.505395
12.325196
53.219225
53.177565
12.457989
61.533903
26.707224
26.462103
7.9037861
93.219238
78.386063
93.268293
78.266328
8.1019809
94.174471
8.1902975
78.731692
93.633472
79.138335
61.807934
66.094202
61.064879
66.918371
61.043015
65.686735
60.898922
65.717249
26.804427
26.818277
13.187649
13.611368
11.625002
93.729836
75.257261
76.060016
8.5852052
93.053771
8.4569672
92.109294
8.3026595
74.996627
75.113615
8.362476
92.515171
67.568974
71.594966
71.455689
67.672508
67.71523
71.852804
72.089702
67.738668
6.9814818
89.92805
73.837741
89.097784
6.9154982
74.549675
6.5339781
6.5726796
87.778144
6.794708
73.191357
6.8579654
88.388894
72.597856
55.785612
59.571342
55.911127
59.547563
56.064551
59.589039
56.001145
59.490149
62.888232
66.434886
67.078661
62.333015
61.361494
65.828159
65.271775
61.815672
6.5235749
6.7463354
6.6662669
6.6282328
80.81056
66.202126
66.115308
6.5534844
80.973075
6.5160003
80.793463
6.5694761
66.83972
67.017782
6.5874871
80.781413
13.018366
64.122454
55.230046
63.859347
12.920998
55.367867
15.584687
15.515738
12.995246
64.249737
12.97187
55.39377
64.287191
55.675006
47.534887
50.722386
48.231168
49.957631
48.473012
50.737964
48.330745
50.903457
47.859063
50.038386
50.343661
47.639471
48.04404
50.416994
50.44589
47.910947
15.507301
15.371073
15.470952
12.783815
63.774433
55.877579
55.029913
13.114627
64.799455
13.174502
65.093848
13.161348
56.118086
56.306784
13.116379
64.8665
6.4549142
6.5141453
6.5816033
82.311882
66.631253
82.291145
68.178737
6.4815395
80.827864
6.5141211
66.00762
81.495898
65.874868
59.018117
63.261688
59.451368
63.071167
60.008625
63.237381
59.731867
63.336104
6.4575368
6.8102303
6.7085266
6.5937523
86.2853
70.340352
70.246228
6.5372877
87.014471
6.4227171
87.551231
6.4349278
71.400708
70.37552
6.4925
86.703827
57.031424
60.136042
60.512987
56.463057
55.629493
59.549819
59.167103
55.963899
6.5129395
84.026192
69.089745
83.550424
6.5168317
69.334899
6.854542
6.8825432
83.840215
6.5266867
68.833989
6.5218986
83.234057
67.911022
58.704742
62.478174
58.893858
62.609437
59.109822
62.577707
59.157946
62.717725
58.026322
61.215894
61.498828
57.894725
57.670959
60.975538
61.086424
57.7256
6.7888837
11.705933
6.8555792
6.6947999
85.856264
69.2071
69.492339
6.6198728
86.302296
6.5436542
86.531846
6.5650598
69.295581
69.473618
6.6064119
86.473386
13.020087
64.350399
55.474226
64.339878
12.992429
55.533358
15.27708
15.171326
12.812765
63.865382
12.972928
55.741813
64.640772
55.223511
47.994739
50.422948
47.838597
50.475653
47.861704
50.464341
47.878286
50.390529
47.941429
50.36122
50.396464
47.881434
47.594914
50.616169
49.953711
48.130419
15.462745
15.285104
15.261899
13.072443
64.356088
55.508458
55.764518
12.97828
64.211361
12.980684
64.255142
12.978375
55.546835
55.493145
12.973043
64.338634
6.9935191
7.0075053
6.6055252
86.981879
70.931241
86.692732
71.028367
6.6518629
85.914215
6.6342266
70.859008
86.375047
70.673001
59.517532
63.297095
59.606801
63.413589
59.864154
63.273741
59.690974
63.363207
11.551922
11.559328
11.789809
6.7696499
86.048009
71.506951
71.535337
6.7231567
86.142952
6.675147
86.520295
6.6946251
71.516787
71.610715
6.719774
86.334962
59.386799
62.977986
63.136861
59.275109
58.993293
62.868614
62.649055
59.213285
6.7285416
88.122251
70.623149
88.210662
6.7320241
70.55823
11.6769
11.615224
88.327971
6.7316155
70.720729
6.7331338
88.315439
70.767163
59.007332
62.942062
59.050353
62.824494
59.145327
62.904081
59.084862
63.007616
59.832637
63.751606
63.750313
59.85795
59.928496
63.805812
63.846072
59.906105
11.639706
11.702704
11.699195
6.6942118
85.830563
69.881275
70.840401
6.6829477
86.938581
6.6714747
86.288603
6.6872646
70.977468
71.021202
6.6925306
86.165531
13.012279
64.312922
55.563017
64.357394
13.012901
55.548216
25.317726
25.703561
13.017658
64.371279
13.02285
55.692706
64.324109
55.689281
47.835601
50.255075
47.877285
50.213318
47.92343
50.178765
47.810376
50.369782
47.910009
50.406877
50.38527
47.906042
47.931587
50.336061
50.33636
47.930761
25.369363
25.346964
26.615524
26.687279
12.981691
64.230514
55.557545
55.505491
13.004349
64.239306
13.024395
64.32803
12.972225
55.471097
55.480315
12.972936
64.183883
11.644398
11.892633
22.718159
6.5430301
85.14539
68.633538
84.363323
68.418429
6.688087
83.284116
6.6636066
68.821744
83.50267
68.827353
59.342438
63.161134
59.397479
63.110906
59.448323
63.209905
59.423607
63.276788
11.735612
11.748272
11.735438
6.6611101
86.992701
69.874444
69.793562
6.6867007
87.102159
6.710704
86.722024
6.6899662
70.016511
70.243942
6.6784468
86.966472
58.154304
61.755103
61.66063
57.882251
57.762278
61.837033
61.861786
57.79175
6.5165194
82.410553
67.227457
82.443125
6.5201138
67.257428
82.386228
6.5138051
67.119803
6.5192602
82.420125
66.997908
56.618217
60.220581
56.601401
60.201863
56.875807
60.270965
56.64117
60.349092
56.946786
60.603264
60.646705
56.985367
56.70825
60.499452
60.381979
56.878737
6.7187775
6.6522612
6.6366589
6.4603836
82.244289
66.759747
66.803635
6.4746143
82.223748
6.4629777
82.852242
6.4420821
66.722048
66.653856
6.4464884
82.377357
12.705001
63.686849
55.566324
64.689821
12.920012
55.015344
12.96552
64.330984
12.980628
55.582948
64.585327
55.679011
47.412062
49.848533
47.424707
49.812583
47.644502
49.883564
47.45175
50.05044
47.466925
50.493218
49.788809
48.066867
48.065724
50.545062
50.406923
48.100294
14.965416
14.839489
14.891686
12.802111
63.764883
54.838313
54.807195
12.823293
63.719511
12.887587
63.941107
12.856249
54.891566
55.070386
12.830335
63.753317
14.288902
22.615841
6.7632839
22.425834
6.8044913
89.754706
73.160115
88.597039
74.095678
6.6785881
86.340451
6.6392963
72.0723
87.484919
71.236572
56.800262
60.303928
56.325127
60.806806
56.131986
60.089077
56.150068
60.018881
6.906906
6.8342376
7.0554391
7.0100874
6.6675883
83.032109
67.182825
67.682121
6.6132907
82.514423
6.6098787
82.418741
6.6571771
66.935439
66.769997
6.6569395
82.396808
62.767702
65.644308
66.575061
61.883124
60.165081
64.738559
63.831797
61.009519
7.6849143
90.878386
77.30155
91.639953
7.787392
76.58306
17.75429
26.37587
13.068702
24.658603
93.561375
8.0282282
78.105755
7.9032725
92.583302
78.871359
61.032202
64.673568
60.53212
64.93179
60.3102
64.798864
60.252206
65.104056
66.13978
70.612411
69.942184
66.755482
67.879178
71.332307
71.991185
67.388134
12.677669
25.486685
17.551938
8.5022933
90.360678
73.452745
73.181533
8.5827806
90.584333
8.4991834
91.078254
8.3437737
73.790435
74.420262
8.3853592
90.916568
13.466096
15.131758
20.642406
19.951918
101.73768
87.268058
101.07563
19.664941
88.275002
17.957298
94.119227
18.232654
84.384749
98.549382
79.955302
50.667138
57.39867
49.382978
58.581594
47.878125
56.228485
48.499156
54.66691
12.114767
9.4714935
9.3676063
8.7491537
84.745745
68.513233
68.77671
8.3536409
86.0261
8.6132182
8.4168004
84.706101
67.01578
65.017212
8.5525132
86.456557
8.3536448
78.435314
80.181132
81.936854
76.661031
68.016925
76.490946
71.825942
72.763907
31.685119
36.432173
31.387418
31.964932
36.168456
31.288931
25.657763
33.092636
26.564226
28.668729
33.116318
26.962676
30.939597
35.492256
31.250458
30.832141
35.482965
31.159323
30.989568
35.642864
30.870135
30.928163
35.693149
30.814052
31.777938
37.135751
31.673946
31.530291
37.153069
31.629861
31.961306
37.751835
32.000214
32.27882
38.020162
32.107781
30.494838
36.977848
30.230772
30.112979
35.969053
30.143997
32.006635
37.082365
31.955117
31.9553
36.146441
31.932185
31.811805
37.173546
31.521118
30.900512
37.389072
31.376429
30.181674
37.746996
31.10648
31.101545
37.352869
31.271625
28.964418
26.54649
28.510665
29.078326
26.182927
28.721136
26.497521
35.397367
25.531829
24.240189
35.253306
25.16051
29.024666
27.452943
29.010517
26.450799
29.86353
29.217988
25.297908
32.761928
23.985966
22.459715
32.622678
23.596012
47.613566
47.019702
36.758653
36.548803
31.697741
37.033386
31.618476
37.190111
31.790352
31.586485
31.000336
37.72583
30.916736
30.528246
37.629437
30.844771
47.613204
47.795711
38.733902
39.199594
46.648427
46.508398
44.980143
44.79505
30.890758
37.785887
31.108602
37.583089
31.35421
31.199302
32.239603
37.350765
32.654179
32.251432
37.455349
32.602961
45.433934
45.413984
45.599983
45.597727
44.979869
44.989867
47.85037
47.857635
31.817088
37.126019
31.867672
37.155386
31.856348
31.877695
32.025389
36.329143
32.20211
32.493061
37.284359
32.293269
45.629996
45.574469
47.015864
47.07707
45.88737
45.905022
46.219006
46.207527
30.556951
38.213657
30.692575
38.014456
30.628461
30.70282
30.012735
37.970268
29.660865
29.622551
37.406581
29.552079
43.490946
43.473445
46.17114
46.147882
43.889144
43.932403
42.97809
42.850422
31.833767
36.837556
31.491153
36.9406
31.696623
31.296696
26.750852
34.345396
27.434934
28.247163
33.995392
27.635672
46.329357
46.07492
44.704212
44.956264
47.051223
47.0949
39.165301
39.469127
46.779191
46.938526
37.653445
37.343072
34.089609
46.61467
33.25594
38.0626
41.328631
38.518679
30.642275
32.916121
31.484507
29.128364
32.739306
22.696764
33.860261
20.90027
21.610165
22.547117
21.521206
30.439791
30.435284
28.630983
28.670216
28.627157
29.806097
28.346406
29.71863
30.623888
30.64004
28.718743
28.834048
28.724175
29.096811
30.062542
32.902053
32.695451
30.962518
31.086821
29.195626
29.420072
32.750693
32.719719
31.177456
31.052152
31.410526
17.318604
31.197444
17.971694
32.686536
30.798461
29.115286
31.035855
31.494011
17.962007
31.299716
19.112637
30.858143
32.903472
31.167325
29.226389
29.618345
17.237495
30.960238
33.280659
33.493891
31.597325
31.534522
29.590011
18.043145
30.687883
33.667477
33.89214
32.100533
31.879979
31.641273
18.08257
31.512584
17.789533
30.920805
32.868116
31.076191
29.290576
30.988231
23.059386
33.485942
17.29586
33.07633
33.288952
33.059878
31.689974
33.17404
23.165107
11.15338
6.6262284
18.994635
22.044548
33.90267
33.112898
31.37753
32.420313
32.722626
21.109081
33.734277
20.841484
12.941727
21.423697
36.032436
6.2724038
31.457236
25.476872
22.533882
36.380407
13.894429
13.678531
33.090362
25.73806
28.798054
38.51644
77.401314
17.354425
70.016632
37.244251
28.857186
32.784324
23.846414
25.135034
38.139028
69.773801
69.75213
40.581535
47.343581
53.230657
45.38108
39.442901
52.834411
45.898304
29.61848
90.361299
19.640462
19.212836
49.894147
44.446939
87.233745
89.403613
19.472621
43.702312
39.67918
30.419076
31.111111
30.791155
28.952119
31.63634
20.604966
12.474919
18.710438
21.109751
30.469477
30.390416
28.478459
28.63731
28.597948
29.486908
28.454816
29.618125
12.119556
52.199065
46.662289
30.050935
23.300228
69.485936
11.994528
50.687183
9.3767147
31.110963
35.009729
36.18957
81.085224
9.314337
15.682747
71.346359
34.905081
41.432151
41.238349
26.43398
39.062075
35.933798
68.303891
70.239329
34.896884
80.786434
81.660823
38.160735
35.729514
54.251286
52.986951
27.503645
82.249735
51.265735
52.058135
79.305201
17.667843
17.338945
81.366451
47.580037
49.619564
35.244974
35.136396
34.58333
34.327923
36.431261
24.772679
10.196487
21.772286
23.273073
20.867852
18.875614
37.531265
33.115358
31.805617
36.437893
31.111394
32.880817
31.521089
32.658079
45.081478
44.423676
31.024182
36.615648
39.908752
37.11649
35.070109
34.896911
33.315368
33.480523
33.467601
22.550003
22.275835
33.639927
21.793993
22.231427
21.99018
32.789268
32.74629
30.936536
30.974429
31.274918
17.635363
30.956235
17.411567
33.143996
33.464004
32.672174
32.174759
36.74349
25.706803
38.629775
25.410043
22.005219
22.009496
21.87882
37.833764
35.925485
34.808808
36.716726
34.531368
19.290981
34.142678
19.160595
40.113963
37.782104
36.966741
39.037458
37.689543
25.135042
20.658486
38.992615
21.86285
37.748043
39.128517
37.852049
36.485214
34.782255
32.996739
31.875579
20.622337
32.654508
34.017485
32.458104
30.933572
31.139604
17.901723
31.634911
17.877187
32.801824
30.756818
29.195889
31.032001
31.047778
17.342723
31.23066
17.657569
36.107937
33.588509
32.230768
35.020841
34.799217
19.446275
34.527193
19.418429
33.279845
33.0748
31.829842
32.076606
31.13489
33.346488
31.310967
32.884533
36.280704
36.262283
35.041281
34.952135
32.174009
32.354547
36.542525
33.480433
32.231373
35.027038
32.045409
19.861223
34.406208
32.849582
32.936276
31.394019
31.088469
31.259671
17.976443
31.328481
17.377823
32.628395
33.530037
31.75223
31.096483
30.938479
29.364102
29.549818
17.222176
33.54498
37.526264
36.32094
32.593273
35.714448
19.13133
34.879486
19.916891
36.316125
36.318269
35.099821
34.972133
34.669774
32.841733
32.730747
19.202505
36.465003
37.530337
36.552679
35.324149
35.549233
19.889875
34.892962
19.8012
36.278335
38.525983
37.369517
35.107932
35.031778
19.048916
34.79085
19.117472
32.700779
32.889972
31.121691
31.200171
31.348541
19.089694
32.018785
18.01838
32.695669
32.722326
30.98327
31.180284
31.098079
21.266078
18.494849
34.192046
17.463538
33.352039
33.142379
31.776936
32.132477
31.3585
32.161586
32.960506
36.087744
36.366321
35.218914
35.146322
35.443999
19.871471
34.930936
19.906067
36.223298
36.448638
35.32708
34.92522
36.25025
21.027233
35.799386
19.758986
38.002156
38.187505
36.615682
36.741841
37.345556
26.886154
11.627855
39.978588
20.406688
33.774054
30.564194
28.861471
32.261344
31.036389
17.271488
31.0916
18.006304
11.158087
32.751641
32.601867
30.931406
31.008518
29.636999
19.249654
31.104264
29.650612
38.297018
38.318867
37.114072
37.073405
36.009359
19.794518
35.429158
21.292486
36.218511
36.203226
34.985144
34.948122
35.147873
21.524266
36.217341
19.801513
33.175674
33.315204
31.82475
31.807163
31.911054
19.063061
34.511854
32.941115
35.93652
32.939775
31.819952
34.704974
34.368313
23.765098
20.744632
35.706592
36.820203
10.1605
7.4153072
33.515997
14.685613
25.583886
22.393944
36.335842
13.616749
13.636686
34.495517
25.790563
28.620576
38.437885
76.907145
9.3535559
17.326514
69.612382
37.226214
28.784953
32.632789
23.724657
25.15368
38.062221
69.346067
69.366217
40.499821
47.123928
52.003843
45.269845
39.284536
52.589561
45.898134
29.63322
90.452828
19.633299
49.672382
44.480902
87.21392
19.067466
89.40802
43.407407
39.563053
36.316548
36.189434
35.454276
35.280131
36.543761
23.747434
18.660351
20.182344
22.815698
20.586845
39.748036
33.05791
31.961115
38.716681
38.516932
25.529736
21.040466
37.384043
24.65189
11.973305
58.154918
11.019339
11.716384
31.017033
23.320834
70.879299
65.133835
11.725562
31.964478
34.772826
35.723432
80.454499
15.701637
70.706388
34.730074
41.616815
40.807766
27.199522
39.40933
35.384974
67.679018
69.576152
34.646835
79.454318
81.26588
38.439174
35.533767
54.079215
52.833038
27.496863
82.262745
18.505442
51.121012
51.888138
79.249688
17.633557
17.30265
81.376737
47.529662
49.46726
33.370283
46.418954
33.254716
38.070951
41.389141
38.509138
45.362198
44.723199
31.014498
36.63035
39.964031
37.114734
30.644496
33.800455
30.561097
31.276481
33.715933
30.716711
12.817582
63.90397
12.756515
54.821827
55.264797
63.772102
12.707587
11.870146
59.646051
11.878279
51.384749
51.303031
59.556325
11.87968
41.286022
35.587984
41.307292
35.56976
44.676483
46.70795
46.901032
44.498219
41.186978
35.463392
35.538349
41.058747
45.920924
48.328096
48.255665
45.979129
40.963906
34.94536
40.528983
35.316492
42.375272
36.722713
42.49347
36.568815
30.989955
34.161031
31.181008
31.347914
34.518304
31.23741
59.889462
11.943082
51.55468
51.686775
11.8885
59.709524
11.916518
61.635796
12.309808
53.079454
53.011431
12.252943
61.771781
12.302425
44.474904
38.647576
44.653657
38.466988
47.710446
49.871223
50.129584
47.385736
44.050598
37.813506
38.099782
43.736578
44.245906
46.440534
46.526788
44.23378
40.880201
35.21826
40.808317
35.308163
40.834474
35.297824
40.819199
35.29401
28.805229
35.536198
29.277687
29.681293
36.406767
29.462194
12.339677
61.204743
52.783574
52.928007
61.441002
12.325407
12.767287
63.705889
54.952824
55.037877
63.813004
12.906929
41.853286
36.556812
42.396629
36.130281
45.543448
48.521236
47.913365
46.066922
41.909929
36.638111
36.188292
42.414144
47.843187
49.791797
50.231735
47.29743
44.149532
37.667582
43.639993
38.12791
44.113118
37.682654
43.606992
38.122286
28.824515
36.890299
29.01505
29.27134
36.986303
29.061832
61.3219
12.34959
53.388212
52.743671
12.548561
61.870642
12.398811
64.278343
12.93863
54.836881
55.522401
12.715055
63.59641
12.875096
41.78776
36.703005
42.50563
36.074782
45.542812
47.842903
47.802902
45.491448
41.976822
36.276961
36.276244
41.971316
47.484228
49.969814
49.829143
47.528415
41.778443
36.098555
41.830151
36.046394
43.737156
37.799475
43.806024
37.758069
31.517029
37.666364
31.80335
32.308028
37.929253
32.14823
13.020279
64.379251
13.02353
55.692894
55.590673
64.358943
13.028443
13.122759
64.901429
13.169232
56.450819
56.142128
65.123061
13.182411
44.173775
38.030361
44.092428
38.118996
48.617686
50.576771
51.095911
48.026512
44.72035
38.208663
38.64955
44.200895
45.575797
48.204498
47.925383
45.839248
43.783824
38.305566
44.285098
37.892765
41.975552
36.52191
42.238661
36.311828
31.56139
36.984927
31.694876
31.879143
36.217036
31.723193
65.12866
13.204389
55.630795
56.413443
12.930335
64.337821
13.114513
61.217498
12.27117
53.31935
53.040092
12.490928
61.614826
12.292204
44.220954
38.214879
44.205554
38.227011
47.971569
50.347582
50.4285
47.952882
44.233714
38.207491
38.232072
44.205657
48.402742
51.065176
50.951748
48.573561
44.144476
38.048203
43.986193
38.203636
44.600374
38.709171
44.749804
38.584134
31.873571
35.9582
31.735633
31.709016
36.846632
31.732613
12.390744
61.482592
53.002933
52.87152
61.218083
12.238573
12.809518
63.861207
55.85322
55.192208
64.648922
13.050228
43.915939
37.942822
43.844033
38.014325
45.579363
48.074079
47.92368
45.723642
41.975792
36.422758
36.308674
42.145478
48.044441
49.926247
50.576236
47.490969
44.328953
37.913592
43.841224
38.34198
44.276462
37.854199
43.764032
38.299046
31.95452
37.410831
31.857541
31.362771
37.524438
31.639617
61.174196
12.24804
53.180833
53.038981
12.436678
61.492923
12.277609
64.45697
12.998371
55.192325
55.712521
12.793159
63.688238
12.935763
43.810889
38.497334
44.521778
37.901305
45.604462
47.827767
47.982773
45.604477
42.070285
36.345233
36.341827
42.037643
47.59002
50.702284
50.092165
48.148447
42.156441
36.426371
42.157616
36.429514
43.862769
38.379972
44.37767
37.936593
29.727156
34.9368
29.449341
29.426738
34.776895
29.394863
13.059935
64.648182
13.096865
56.144787
55.839088
65.003404
13.130443
12.067418
60.389004
12.100954
52.97487
51.943036
61.431512
12.225935
44.954262
39.225289
45.427044
38.818898
47.749051
49.77524
50.134441
47.401862
43.979746
37.703324
37.967051
43.664214
46.34216
48.333612
48.648157
46.118493
42.847644
36.785197
42.56663
37.028694
42.816764
36.791942
42.580148
37.007344
29.872317
35.584524
29.902919
29.772038
35.596815
29.783318
64.105848
12.909939
55.061229
55.431511
12.888438
63.715931
12.867146
62.327056
12.470423
53.4927
53.687374
12.386002
61.914074
12.460776
44.243589
38.115384
44.104957
38.25751
48.195653
50.94625
50.665795
48.417619
44.448314
38.595642
38.420193
44.648264
44.778497
48.071315
47.071986
45.671793
41.537234
36.151036
41.825104
35.902886
41.312169
36.427662
42.168017
35.680791
20.222745
31.094864
22.658411
25.965642
31.032394
23.483917
12.635785
64.789116
55.578719
56.074084
64.338885
12.535698
63.13827
54.139674
54.240358
63.037216
44.791661
38.438911
44.49114
38.707505
48.184783
50.316985
50.497243
47.90015
44.48955
38.181116
38.427217
44.242977
45.852298
48.158281
48.141125
45.928299
42.493644
36.921824
42.8022
36.635844
42.369201
36.609951
42.448274
36.527773
19.456219
31.034285
17.691219
16.539664
31.130232
17.30082
64.502367
55.236942
55.642422
12.827124
64.223711
61.429052
52.996129
52.795642
12.21872
61.330942
49.810714
46.965415
54.174935
43.284656
49.038007
50.753788
51.209006
48.622852
45.833544
39.352219
39.729234
45.430066
47.117168
49.431827
49.458718
47.021995
43.761455
37.569952
43.543065
37.746242
43.540954
37.490578
43.444806
37.559113
63.853531
54.172094
55.244712
12.201274
62.87892
20.276235
32.20931
23.054879
26.528462
31.940221
23.952964
12.615883
63.444348
12.587096
54.369951
54.62455
12.503439
63.195424
12.566094
41.260852
35.603721
41.265224
35.640333
44.778674
46.956537
46.991799
44.745274
41.321508
35.738204
35.718418
41.338116
43.572633
38.060614
44.011317
37.675261
45.852716
47.436776
48.143322
45.126193
42.384327
36.005859
36.610407
41.68805
49.901345
46.847178
54.020656
43.36347
48.342135
49.740196
50.534023
47.499537
45.130993
38.344297
39.115512
44.301752
47.278353
49.480118
49.737916
47.025926
43.687962
37.860095
43.816617
37.766354
43.642555
37.540771
43.396194
37.723254
19.496694
32.393051
17.976322
17.07156
32.216448
17.674518
60.13108
51.898372
51.884343
11.991817
60.12772
61.471124
52.161651
52.920529
12.013681
60.723345
87.173691
17.777059
79.069428
77.958668
18.19778
90.168356
37.650529
38.684957
14.355187
81.831505
70.051668
68.612416
83.272616
15.073298
55.21131
46.782658
56.883596
45.407216
59.705947
63.1089
64.748381
57.697419
53.264435
42.037759
43.723661
51.24972
53.240398
46.17853
53.310543
46.119153
56.481516
60.392737
60.448708
56.001102
52.785846
44.833917
45.655373
51.941677
64.979938
56.671557
64.766689
57.044601
69.943365
75.011751
72.663294
72.390487
65.914003
61.31575
58.031186
69.244385
57.988188
62.643767
61.287572
59.20693
53.363335
45.958615
53.298602
45.834121
54.393294
47.594286
55.432867
46.66515
32.422674
32.102197
88.733108
70.186057
71.867792
8.9387856
86.170887
9.1808028
86.352678
69.919995
69.466001
11.906304
87.589244
11.651131
65.014943
56.153091
56.015646
13.140315
65.208332
13.111301
29.249022
37.420639
29.498329
29.780582
37.906913
29.597212
13.199089
65.301953
56.739626
56.561602
13.281669
65.576678
13.30017
44.282864
37.767194
43.786492
38.216532
47.966064
50.440636
50.438815
47.959616
44.172417
38.123132
38.106954
44.182705
44.058427
37.966058
43.886172
38.117884
48.332007
50.80925
50.821425
48.349857
44.515025
38.521887
38.522376
44.557088
44.662331
38.604155
44.621786
38.608153
48.437934
51.069822
50.895976
48.593389
44.71522
38.761185
38.635522
44.870148
48.837568
51.598365
51.407061
49.002876
44.048378
37.848447
43.777345
38.087896
44.919577
38.979594
45.083396
38.826835
29.20066
37.301518
29.173795
29.308844
37.519201
29.194033
64.292219
13.017225
55.492011
55.492122
13.018112
64.351993
64.874443
13.13212
56.165847
56.160644
13.112981
64.855781
46.116751
46.094765
7.6934036
94.941
78.879541
79.185641
94.412127
7.7356621
8.410904
95.828477
79.818638
79.75664
95.746734
8.3539903
58.798564
47.667147
58.062521
48.064936
65.071299
70.077671
70.365453
64.779422
58.703605
47.555026
47.867172
58.316685
63.569199
67.482926
68.266639
62.848088
59.51844
50.623732
60.060651
50.240306
58.883144
49.087446
58.215887
49.715856
46.523421
46.53775
96.541892
78.493743
78.600381
12.495489
96.347075
12.459976
93.555441
75.982669
76.791358
8.3252098
92.941728
8.5083204
62.900421
53.360503
62.62974
53.564287
67.83884
71.839664
72.033384
67.73412
62.979935
53.692895
53.717003
62.976962
66.490793
72.23706
71.914493
66.900763
60.658213
50.951554
60.408718
51.15987
60.929767
51.587555
61.214188
51.36192
93.708669
76.966243
77.760634
7.2534285
92.798247
7.202972
42.379825
42.51437
85.21184
70.775876
70.101165
6.6242186
85.842817
51.375619
43.765139
51.713226
43.682521
55.808804
59.712323
59.899038
55.675906
51.223246
43.347975
43.356054
51.160322
53.041005
45.640488
53.622835
45.196871
56.89314
60.165449
60.416665
56.618331
52.739453
44.172012
44.56193
52.484766
61.516215
52.871428
62.137963
52.264384
65.702895
69.293909
70.049973
64.918608
60.794862
50.95908
51.612195
60.030579
59.378658
63.495452
62.903276
59.896563
54.754537
45.937139
54.201169
46.134095
55.225484
47.20781
55.701818
46.682299
41.858402
41.870846
80.432743
6.6671527
66.483812
66.695183
6.6418545
80.255164
82.135302
6.537571
66.892679
67.472693
6.535423
81.974042
64.175146
12.961481
55.545152
55.361647
13.06604
64.410481
31.228141
37.9305
31.25349
31.143714
37.646525
31.282262
13.141352
64.99316
55.91502
56.141208
13.035958
64.574606
44.170565
38.097957
44.165741
38.125788
48.249777
50.045101
50.625217
47.692105
44.43556
37.943735
38.374297
43.947668
44.694054
38.915349
44.966483
38.664475
48.35201
50.768645
50.893674
48.32038
44.57782
38.535376
38.553738
44.554002
44.798516
38.3165
44.351225
38.706764
47.761314
50.443797
50.23288
47.93125
44.018041
38.138869
38.022082
44.156415
48.498758
50.654214
51.047355
48.195391
45.463717
39.424545
45.547421
39.359787
44.693129
38.349405
44.376708
38.646627
31.244889
37.999879
31.148825
30.342163
37.775865
30.991277
64.727503
55.310137
55.91299
12.84236
63.92787
13.012954
64.941887
56.138084
56.079322
13.126224
64.87852
13.119637
41.90422
42.152886
83.609909
69.21027
69.245564
6.5914005
83.579442
80.569779
65.875498
66.047686
6.407437
80.109556
52.516514
44.082352
52.116301
44.369629
57.605992
62.280199
61.907498
57.955151
52.891
44.972452
44.678435
53.254557
58.762871
62.370279
61.713158
58.975306
53.548537
45.427161
52.827547
46.026618
54.210578
45.803231
55.35648
46.42074
41.660443
41.804347
83.440373
6.727661
69.422763
69.039385
6.702868
84.140443
85.145513
6.2507362
69.206992
68.792844
6.2820883
85.989263
53.426565
44.787344
53.375169
44.840675
57.729104
61.285911
61.299733
57.823555
53.514221
45.785148
45.232712
53.271401
55.658725
58.423808
58.699084
55.323208
51.484904
44.791492
52.11092
44.201935
50.939721
43.605738
50.619266
43.798772
85.222981
6.5629049
68.459938
68.320289
6.5485443
85.408204
45.02934
45.046491
6.5601881
82.432367
68.50907
68.407632
82.623485
6.557447
54.805106
47.006505
55.138412
46.693128
59.42712
63.310893
63.690813
59.127653
54.469671
46.051881
46.314649
54.167361
53.358495
44.400689
52.995745
44.591688
57.77408
61.894202
61.447359
58.304597
53.910455
45.445507
44.987484
54.539357
53.382347
45.394608
53.224046
45.438881
58.056942
61.73735
61.596501
58.253878
53.602171
46.118326
45.819686
53.731944
57.110984
60.653322
60.58958
57.202724
52.736046
44.263857
52.92324
44.892252
52.808178
44.560627
53.14769
45.035885
44.482816
44.235552
85.645891
70.750801
70.997195
6.7723367
85.31736
6.7887684
84.306473
68.323274
67.95512
6.5133822
85.25575
6.5191582
64.432219
55.638951
55.719264
13.026861
64.466399
13.013808
32.017502
37.043473
31.820897
31.692701
37.106802
31.79871
13.058751
64.601782
55.10342
55.782731
12.775181
63.677316
12.953379
42.012328
36.246115
41.929946
36.332404
47.635218
50.942445
50.184186
48.353861
43.860038
38.521919
37.935636
44.533487
44.663861
38.555985
44.642702
38.578796
48.098923
50.33669
50.495998
47.948678
44.306258
38.151687
38.280893
44.188773
44.141441
38.182883
44.161624
38.181914
47.948666
50.497266
50.390873
47.983136
44.170072
38.226338
38.195914
44.240277
48.104719
49.865486
50.484554
47.524562
44.05545
38.178694
44.216878
38.054177
44.318194
37.829163
43.818248
38.285225
32.113814
37.823297
32.354309
32.408367
37.59482
32.408151
63.898407
13.030774
56.063871
55.26103
13.176931
64.86144
64.589097
13.04885
55.664457
55.835814
13.016441
64.358649
45.769744
45.979814
6.633536
87.328386
70.102025
69.973369
87.403376
6.6224299
6.6784789
85.126366
70.346622
70.381463
85.188088
6.6785327
55.607872
47.191276
55.403048
47.375494
60.471185
64.513152
64.633839
60.345434
55.714017
47.159622
47.393107
55.682983
59.603986
63.240143
63.024214
59.807491
54.490665
45.708286
54.894085
46.996611
54.726082
47.370121
54.942835
47.160871
45.692708
45.740321
87.004489
72.042764
72.254772
6.8135267
86.831719
6.8253581
87.109541
70.089613
69.912671
6.64849
87.434791
6.6436878
55.294102
47.152133
54.741753
45.731633
59.261647
63.136909
63.064689
59.377066
55.272658
45.769818
45.681027
55.427632
58.731475
62.168021
62.202096
58.596668
54.637157
45.59661
54.783826
45.488225
54.080851
45.509135
54.433817
46.545099
87.868033
70.367049
70.379538
6.7063037
87.914001
6.7024924
46.277373
46.30711
88.105987
70.605239
70.736288
6.7115951
88.01555
54.882674
46.673987
54.387649
45.572143
58.934774
62.70707
62.792215
58.95406
54.867042
45.531568
45.577153
54.842011
55.781677
47.564298
55.236291
46.074339
59.796555
63.468635
63.633034
59.646231
55.762357
45.969785
46.080426
55.591573
54.842269
47.24255
54.810333
47.24498
59.96769
63.560112
63.409501
59.747814
54.860207
45.971911
47.237745
55.582373
59.823616
63.668188
63.717422
59.784142
55.937735
46.252204
56.030031
46.197578
55.739076
45.978776
55.675757
46.034102
46.336565
46.374951
86.823796
6.6662654
70.775126
69.66448
6.6749496
85.854656
87.752454
6.654664
71.415143
71.542444
6.6620121
87.300798
64.495327
13.042926
55.560751
55.843636
13.018543
64.320688
29.960027
35.777651
30.158749
30.428686
36.510462
30.23265
12.797146
63.721611
55.702105
55.155346
13.048381
64.552737
45.394919
39.509025
45.74511
39.209623
47.807535
49.791169
50.244259
47.340018
44.081078
37.684439
38.063337
43.640267
42.082696
36.370872
42.100153
36.332213
45.244111
48.324732
47.557551
45.930943
41.701082
36.564048
35.99489
42.351357
44.688909
38.659406
44.707096
38.662921
48.043531
50.398404
50.478049
47.885485
44.251022
38.157934
38.274983
44.137391
47.495806
50.549032
49.864584
48.053994
42.360444
36.154681
41.851906
36.607496
43.776859
38.309709
44.319145
37.852115
29.906029
35.306279
29.778452
29.756087
35.234835
29.750935
64.169607
54.832551
55.331815
12.850911
63.691894
12.853503
61.028128
53.243688
52.459833
12.536776
61.787167
12.347997
46.862262
46.837012
84.123374
69.494546
69.259907
6.4627821
84.482984
84.866508
69.724502
70.249019
6.7465912
84.265788
54.711635
45.531346
54.777346
45.587413
58.732624
62.567854
62.504977
58.818454
54.731376
45.729702
45.655283
54.860069
59.522581
63.338704
63.79546
59.301954
55.184804
46.473487
55.188399
46.526058
55.01358
46.227376
54.885353
46.29621
46.630215
46.398712
86.32733
6.6514624
69.232876
69.200202
6.6555465
86.372939
86.200924
6.7442184
71.380099
70.943011
6.7330347
85.935581
53.853079
44.737099
53.386705
45.100146
58.126926
61.782414
61.611002
58.307241
54.272087
45.49779
45.376756
54.470255
58.994711
62.756983
63.195216
58.591552
54.734573
46.282184
55.017692
46.032534
54.357412
45.508528
53.886034
45.731463
81.642387
6.4712728
67.022739
67.694696
6.4807507
81.938981
43.873377
43.93491
6.4461529
82.695338
66.470098
66.261522
82.610761
6.4574974
53.741574
45.243456
53.972735
45.048928
57.651915
60.913461
61.269067
57.319588
53.430435
45.021971
44.924492
52.949984
53.073178
43.989009
52.682052
44.249833
57.292219
60.775388
60.660597
57.598137
53.30633
45.686535
44.69197
53.084038
52.397748
44.950788
52.640728
44.442917
56.527093
60.377029
60.136921
56.611644
52.308858
44.285895
44.063161
52.209959
56.255351
59.869758
59.720541
56.340597
51.876384
43.661178
52.299667
44.105123
51.78604
44.161718
51.9452
44.164538
43.268223
43.18044
83.983008
67.539234
67.905438
6.5366066
83.503035
6.5126568
83.651888
67.292135
67.246415
6.4202568
83.819135
6.4416651
64.344647
54.880493
55.437598
12.704362
63.45401
12.874858
32.370377
36.751941
32.541789
32.744737
36.765439
32.59106
12.929061
64.070976
55.369497
55.223579
12.946006
64.087329
12.949229
42.686105
37.514064
43.415978
36.866349
45.369146
47.924278
47.589256
45.57317
41.870176
36.360358
36.155626
42.092059
43.943972
37.865987
43.83976
37.975358
47.986978
50.488346
50.321223
48.155349
44.274868
38.417242
38.264192
44.471896
43.9003
37.971861
43.942627
37.938395
47.942614
49.687243
50.367734
47.371373
44.235716
37.780823
38.232392
43.716138
47.735036
50.10818
50.159792
47.753566
43.982893
37.965839
43.949753
37.990967
44.022664
38.025558
44.028681
38.024901
32.323789
36.424162
32.11636
31.800937
36.384857
32.050038
60.917216
12.145058
52.630492
52.51738
12.275977
61.278062
64.232448
12.950622
55.723199
55.575185
12.957299
64.576914
42.817046
42.732836
7.0606526
92.515244
76.464986
76.706392
92.07825
6.9981077
6.628518
84.096651
69.407831
69.005554
84.229425
6.6233149
54.129586
45.337868
54.112849
45.413448
58.327296
62.002984
62.141765
58.120816
54.081392
45.387855
45.465849
53.802287
57.923428
60.850495
61.263463
57.454057
53.84173
46.371336
53.908175
46.193157
53.554425
45.305759
53.050928
45.795367
43.337417
43.341008
84.834209
68.860378
69.001266
6.6316173
84.574611
6.6698685
83.96875
68.560826
68.83317
6.6691041
83.370682
6.6190516
60.854068
51.985963
60.912065
51.860384
65.270052
68.726555
69.27157
64.846186
60.595087
51.274917
51.7945
60.280659
58.390092
62.053318
61.883458
58.559754
54.230482
46.333424
53.963841
46.113305
54.303995
46.009222
54.353774
45.847486
90.954746
75.792652
75.927369
7.3934339
90.502347
7.4568255
47.893848
47.938359
95.778551
80.011075
80.020136
8.3306574
95.581513
54.752372
44.198676
53.664605
45.174061
60.802712
65.358508
64.929274
61.375478
55.589775
46.623072
45.985164
56.280665
58.978508
50.44311
59.79714
49.765868
63.339237
67.861926
68.972103
62.298528
58.076537
48.275406
49.016873
57.202155
60.626606
51.931667
60.831492
51.747798
65.143297
69.03928
69.087946
65.112578
60.50794
51.573792
51.63255
60.466977
67.547618
72.719428
72.603491
67.937903
61.323026
51.120518
60.604339
51.733988
62.005191
52.788603
62.476492
52.33777
47.215906
47.070138
88.19052
8.8761206
72.587867
71.956563
8.8352669
89.072026
93.941758
8.3450316
76.726361
77.587835
8.3368821
93.200022
37.659711
38.788459
17.540426
86.538336
79.312278
77.497589
90.153251
17.90453
14.115011
80.035388
68.449416
66.601044
81.813525
14.828154
50.959462
43.105695
52.431441
41.851305
55.955709
60.593601
60.937548
54.790754
49.55414
39.154701
40.556401
48.105804
47.907444
52.080503
52.066453
47.412119
45.644744
40.173887
46.993692
39.013309
44.369487
37.6219
43.715082
37.912108
32.029993
31.620109
81.675116
67.432773
67.488956
8.7445198
81.382105
8.9570397
76.637753
61.473861
61.084889
8.1436798
77.656473
7.9524132
64.323546
55.968144
63.947072
56.470613
69.671902
75.471478
72.34648
72.947602
65.670374
61.722546
57.936976
69.70326
55.479794
60.769742
58.954403
57.199111
50.166616
41.634357
48.662409
42.941465
51.887486
45.839156
53.39383
44.498508
33.228221
34.626626
32.82941
32.136384
35.029093
32.634983
26.768282
33.500329
26.462616
33.25496
26.012115
26.255848
24.890911
31.686952
25.050695
32.189603
26.02521
25.406901
30.188375
32.990675
29.605868
28.929835
32.86595
29.447925
24.147704
30.329143
24.206002
30.348251
24.156657
24.195889
24.285039
30.174385
23.93959
30.153106
24.061991
23.927116
30.234151
35.445129
30.419888
30.730986
35.483458
30.494613
26.201447
32.4922
25.646435
14.457748
14.495732
32.497907
25.62913
25.675771
25.693559
32.582873
25.699578
14.497281
14.521026
32.620722
25.694887
25.720306
30.912625
37.31839
31.26095
31.091422
37.564021
31.338267
26.149176
32.698384
25.711705
32.650097
26.201459
25.731778
26.984333
34.289791
27.00376
34.507646
26.797231
27.174363
31.421001
37.020715
31.421924
31.500091
36.997988
31.42675
30.521945
34.099319
30.540823
26.675804
26.672029
34.222611
30.570467
30.577183
30.132969
34.116198
30.510885
26.617902
26.557003
33.972624
30.520105
30.429122
32.215114
36.966266
32.256514
32.281583
36.156456
32.251549
27.108471
34.652123
27.230511
34.917582
26.960711
27.446393
27.09272
33.936753
26.689392
33.074753
26.150722
26.048099
31.163293
35.800243
30.938268
30.351535
36.723476
30.877751
27.377142
33.959203
26.715219
14.644865
14.666762
33.00844
25.951407
25.967835
26.049569
32.741679
25.898836
15.107446
15.05054
33.674902
26.739902
26.658452
31.861114
38.111015
31.938495
31.963707
38.074042
31.95506
26.565236
33.94761
26.757961
33.152972
26.110152
26.051555
27.021497
34.99213
27.495791
34.959072
26.870519
27.478452
29.805057
37.891286
30.132291
30.732608
37.89243
30.268194
26.772651
34.160885
26.943217
34.266076
27.276084
27.068972
27.365213
34.728235
27.414341
34.821369
27.359613
27.444175
30.622962
35.642417
30.902289
31.081564
36.519122
30.966309
27.624266
34.67453
27.294875
34.216113
26.758664
26.982545
25.712441
32.763772
25.827686
33.576562
26.946199
26.499777
30.291571
29.692846
29.58118
29.17429
29.094516
29.493028
26.773739
24.233403
22.36605
11.982713
11.802795
23.76426
21.648389
21.411959
23.384727
27.171164
23.113341
12.195028
12.634835
26.639427
22.011828
22.66352
18.697901
34.245634
21.297303
24.005838
34.584699
22.041006
29.396338
32.571655
29.327852
15.311136
25.343773
32.504782
26.471188
29.115606
23.988982
31.536047
25.365367
14.814933
14.348463
31.756192
25.883177
25.443058
29.922593
24.954107
23.354801
12.21439
12.236907
23.942823
21.58232
21.729506
30.897716
28.865445
30.247578
29.971423
28.546326
30.214266
12.323904
12.249982
22.573656
26.389656
22.268482
21.794769
26.089542
21.957895
18.272799
32.307537
19.949039
22.255293
32.33989
20.679187
24.152743
30.03696
24.061082
13.464643
13.518905
29.996416
23.950153
24.041116
23.788018
29.712012
23.846024
13.461884
13.39929
29.741173
23.944996
23.849903
38.547119
44.247374
36.491747
19.351336
20.013543
43.606357
34.044635
34.514107
48.07563
47.909923
19.427535
19.762249
35.984081
44.469959
35.064107
34.149696
44.2822
34.691717
34.767871
35.069761
30.808773
33.931934
29.828515
16.194237
24.233582
33.70394
26.288469
29.403902
21.946219
31.283097
22.619171
9.9228463
31.646207
24.768139
22.918214
26.765288
34.047832
26.884953
15.299159
34.085311
27.082127
26.955896
30.084479
37.672322
30.619251
31.747164
37.614504
30.880815
15.309635
15.371752
27.20248
34.607312
27.270902
27.101838
34.452221
27.204515
29.666321
37.593329
29.822128
30.390271
37.606101
29.956311
26.727038
34.538432
27.181372
15.321597
15.32252
34.538097
27.119093
27.124806
26.554228
34.519091
27.134519
15.322678
15.307093
34.427923
27.113412
27.083802
49.33751
49.277836
27.615073
40.913232
28.201892
13.061121
12.792106
41.12532
28.893271
28.393991
28.528584
42.449561
29.026061
13.123095
13.17666
42.426563
29.012932
29.100145
43.925167
43.35861
31.073414
35.185523
31.484235
13.727504
26.059759
35.333729
28.008063
30.997825
27.73945
38.086095
27.58619
13.329817
37.661561
27.727182
27.554851
27.430698
39.801319
26.959383
11.661524
39.666061
26.45059
26.821738
44.898226
45.16264
11.595596
7.0823046
25.433929
38.373496
25.86263
26.335573
38.587148
25.990194
43.108246
43.291962
26.135493
38.351707
25.988677
6.9689545
7.0312219
38.185375
24.819184
25.853842
23.754322
36.711745
24.00053
6.9437446
6.863206
36.867887
24.612519
24.092607
26.853853
34.696282
27.292635
15.402351
15.289087
34.399839
27.251786
27.070474
31.066006
37.664048
31.241022
31.359819
38.215102
31.287811
15.616651
15.583782
26.848625
34.568339
27.150718
27.623298
35.077594
27.55681
31.463978
36.633755
31.856377
32.123566
35.715476
31.898338
27.07808
34.313259
26.996402
15.024094
34.324568
26.590443
27.071804
27.161633
33.576683
26.529494
14.614505
32.834237
25.888571
25.85557
44.505821
44.614378
26.549479
38.645062
26.176817
6.9795205
7.0309096
38.614663
25.218323
25.577805
25.637945
37.733264
25.857851
6.9645595
6.9245673
37.838555
25.732898
26.001962
45.752827
45.883018
26.067536
39.001874
25.827726
11.833424
11.983861
39.009984
26.339861
25.899454
26.052041
38.986444
26.777838
11.663119
6.9562436
39.09603
26.670822
26.971042
26.158058
38.327332
25.442563
11.552586
11.645302
38.335089
24.901564
25.285751
44.726633
44.776517
6.9520086
6.9295359
25.387675
37.995011
25.146544
24.825393
38.053126
24.874735
46.582524
46.811138
27.60514
41.126829
31.063017
25.403892
26.254637
41.147455
31.469169
31.345353
26.336662
40.027893
30.429834
25.334045
24.818019
40.256304
31.360669
30.826416
30.541529
34.177029
30.29647
15.633592
25.31998
34.087235
27.266428
29.80294
31.851962
37.186558
31.816145
31.833429
37.236967
31.806399
15.365003
15.263977
26.878804
34.08736
26.950356
27.124603
34.234209
27.01181
32.385945
37.86735
32.511764
32.530109
38.048558
32.527701
25.843449
33.224718
26.142553
15.497133
15.180642
34.212104
27.413903
26.87956
27.096092
34.66756
27.262118
15.523313
15.510446
34.918745
27.467663
27.425118
45.440416
45.405601
25.073358
38.530233
25.031316
6.8891115
6.9010947
38.48269
24.995826
24.917453
25.969236
38.393538
25.711992
6.887836
6.8996943
38.347942
24.971176
25.695464
46.909726
46.997557
27.4386
40.100126
26.40196
12.333602
40.136006
26.65271
27.17143
26.262187
39.942276
26.942384
12.312328
40.02858
26.334522
27.608656
25.277779
38.730167
25.47068
6.9527211
38.738207
25.722303
26.068365
46.148445
46.095339
6.9535754
6.9597726
26.354823
38.937688
25.19908
25.078899
38.889665
24.916918
46.388058
46.342361
26.237571
39.108738
26.212658
7.0206187
7.0329886
39.080661
25.958326
26.060701
25.147953
39.199807
24.991035
7.0194913
7.0344035
39.150271
25.552264
25.152018
27.464032
34.982604
27.492179
15.374507
15.458441
34.795684
27.197449
27.337682
30.735226
37.641435
30.264163
30.558795
37.599553
30.312339
15.34921
15.312147
27.11611
34.453236
27.114661
27.156195
34.503513
27.103812
29.989072
37.267327
30.115574
29.828852
37.118608
30.12625
27.705663
34.88123
27.733852
26.056887
34.263806
30.025067
27.744159
30.600221
34.205536
30.567638
26.392238
26.574309
34.168893
30.298291
30.47747
45.025147
44.794528
25.33604
36.972213
24.526955
6.7792881
6.7580258
36.978633
25.743087
24.100526
28.700599
38.289065
26.616499
6.8003548
6.8876583
38.073448
25.87008
26.345194
46.017025
46.02622
26.256512
39.154157
25.703727
11.806586
7.0793806
39.142772
25.483307
25.689046
26.140764
39.075317
26.641182
11.782812
7.0739203
39.066805
25.527736
26.417553
25.075971
37.251955
24.865656
6.8045919
6.799313
37.282971
24.216146
25.370677
43.731607
43.74161
6.81098
6.810894
25.515824
37.113977
25.414001
24.08419
37.134961
25.244933
43.317128
43.315729
24.728941
36.552129
24.761143
36.430033
24.517442
24.397674
24.808056
36.746926
25.05088
12.764953
36.731122
24.419938
26.205725
26.732694
33.849739
26.690873
33.948708
26.208113
26.776582
33.398566
36.372248
32.598158
31.81284
35.786805
32.357653
14.489917
14.563331
26.618812
33.290629
26.28583
25.669539
32.731388
25.811677
30.143799
35.874689
29.349718
28.439936
35.879197
29.097632
29.102485
31.528279
28.419644
23.312236
24.554542
31.290062
27.419374
28.117001
26.2332
32.998384
26.19374
18.944093
14.871844
32.944305
27.064736
26.274932
43.677476
43.954014
26.794451
39.478129
26.525862
6.961941
11.593778
39.246008
25.808405
26.428716
24.442536
37.026712
24.61757
6.9060786
6.7519856
37.283887
25.568931
24.835936
45.25905
45.325269
24.685023
38.037347
25.575091
7.0497401
38.238946
25.654422
25.937497
25.762173
38.581831
26.192512
11.605471
38.623757
25.497703
25.950036
26.854265
40.236126
27.236027
12.509175
40.323423
27.780206
27.37984
48.484232
48.297181
12.546816
12.590853
28.117955
41.56585
28.257986
27.964345
41.425351
28.316668
42.805756
42.40427
31.248897
35.237087
31.378307
18.513961
26.910551
35.293711
29.044403
31.284266
30.282957
37.271516
27.013666
14.051013
12.782898
36.931693
27.757585
26.753619
48.442003
48.142529
37.427851
43.399712
33.958473
19.306996
19.256823
43.530584
33.990508
33.850821
36.376595
44.843237
35.373801
19.407509
19.883425
44.532856
34.123029
34.901036
34.639265
34.991358
31.066635
34.576259
29.485778
16.944056
34.299229
24.855453
28.189841
21.413849
31.364172
22.573417
9.5748352
31.809998
24.396182
23.019199
37.243031
43.388268
41.748949
43.370415
30.82532
30.686467
29.107213
29.299447
29.93212
32.927568
22.571968
33.267684
22.590946
22.595607
29.938127
31.946453
30.87202
29.346818
30.361247
31.406887
22.508795
30.158981
21.383735
13.764032
20.861297
19.821589
22.804927
30.693167
30.739742
28.956974
28.885944
30.713927
17.653309
29.248156
20.987841
22.826172
19.941838
22.802461
22.929528
19.995477
22.694128
22.725717
32.829686
30.673358
28.992281
31.052333
30.837454
11.834616
33.08511
18.257672
20.920115
22.734725
20.281968
20.022096
23.096491
22.615427
22.814142
31.092858
33.4728
31.663295
29.3631
32.040525
18.073761
17.899752
31.154047
20.432945
22.613542
19.961527
22.711282
19.938
22.939344
22.833736
32.828991
34.005017
32.233822
31.039309
29.591814
17.254561
30.878545
20.82716
20.983225
22.732529
32.826567
32.868974
31.088804
31.004859
31.089371
29.825436
18.034433
29.596473
20.348942
20.959332
22.688943
20.402165
19.983562
30.660923
30.748685
29.111784
28.97396
30.998955
17.605282
30.969901
17.553497
20.789034
22.836961
22.97874
19.903962
22.669529
19.869154
22.677048
22.84877
33.778754
33.647284
31.961985
31.945764
29.091116
30.084987
29.523116
28.623406
20.118985
22.712199
19.823252
23.126067
20.558136
32.821681
30.62681
28.818196
30.95506
30.763566
32.918871
30.802388
32.907897
11.779079
20.434159
22.745267
22.722616
21.668339
11.773467
21.716084
23.416093
22.683298
33.912274
32.998786
31.531415
32.481551
31.500154
20.885317
19.474154
21.020381
33.034363
22.200881
21.371131
29.740915
33.844176
32.499632
28.042252
31.440493
18.169799
31.753334
20.569894
23.11807
23.076581
43.43535
41.176841
32.650866
36.88931
36.416365
8.3166311
12.643987
38.764566
9.8490369
32.199658
29.16637
41.333826
75.933125
38.987043
71.071308
41.47314
69.900996
40.962782
70.693164
46.053966
32.121676
38.200168
48.088801
16.199025
40.730145
37.34804
41.368981
34.278722
79.730302
15.415803
11.770017
38.437808
84.80578
17.388333
33.453081
86.699491
18.551785
18.907264
42.860032
38.973169
85.130328
32.503103
31.692141
30.308095
31.054193
32.175652
21.582435
21.129675
21.423063
21.344876
32.154746
21.706023
20.952002
23.906778
13.424557
26.653843
14.597074
30.528249
30.450849
28.681904
28.879485
30.457413
21.811541
33.380506
17.896001
20.355073
19.917069
22.831946
19.880237
23.162264
22.875775
92.345015
90.45755
32.861569
31.626242
72.369667
80.917624
33.201093
34.977264
38.342277
70.094862
67.269007
41.473666
37.946125
67.936253
35.048622
67.317375
80.051266
34.804927
103.15242
31.26009
32.883273
31.44779
33.485771
43.233696
73.097056
14.53306
77.364384
17.770803
17.780544
41.575145
43.447273
78.792305
46.754626
49.88805
77.544067
17.629483
17.782455
32.772141
32.766129
31.637998
31.683954
32.268706
21.652404
36.069101
22.266484
32.826638
36.970731
37.875195
36.642843
35.9103
36.191935
23.969772
36.583326
21.178478
22.297289
22.680973
22.400875
22.871673
22.963491
23.970414
12.010598
23.233711
11.913976
43.412618
42.996556
40.276908
42.585747
33.003204
33.487384
31.769437
31.517269
32.484974
17.171146
18.252612
31.010658
25.830783
20.266792
22.741189
21.566037
24.714838
25.173649
30.879137
32.766991
30.972902
29.164104
31.802623
17.941656
31.188898
18.285198
19.941837
22.67778
20.549305
19.9636
22.681509
21.625406
24.028501
22.736307
22.828566
33.283516
33.141203
31.877072
32.068331
32.630291
21.817189
36.526922
21.98459
33.202049
21.989042
36.384487
36.40608
35.420983
35.30204
36.114023
23.973945
35.673649
23.832057
20.606466
20.272234
20.614485
21.830556
22.606031
22.595898
22.955264
37.297629
36.243753
34.811677
35.992787
35.028257
19.787483
19.191626
35.334254
26.0493
12.112887
11.69869
23.388715
24.038639
9.5976387
22.221041
22.391345
22.625385
22.454338
22.544399
33.156793
33.499375
32.140263
31.755085
34.619662
19.134877
34.734152
19.381323
22.714135
23.924515
23.105987
21.921954
22.568443
33.409204
33.601281
32.017995
32.089339
32.88781
19.433422
21.542912
21.108563
33.795902
21.062713
19.704725
23.176923
22.678576
13.677775
25.807175
23.289583
33.376404
33.443975
31.778585
31.84733
31.759848
18.343754
32.180593
17.195596
19.957703
21.784162
25.697968
20.298874
23.064105
23.033305
36.355649
36.366608
34.901791
34.922103
34.945339
19.832633
19.111039
35.164866
21.960455
22.251289
22.542716
22.506004
22.432313
37.38414
36.622544
35.432998
35.968989
35.276837
19.728886
36.374809
19.7562
22.08975
22.636688
22.602509
22.654361
22.657777
22.233476
36.557715
36.34507
34.888825
35.168027
34.856277
21.439838
19.062946
36.29674
23.232065
22.610758
22.672413
22.616172
22.424488
22.530759
24.017011
11.771435
22.471348
22.477369
22.44858
33.477791
33.483568
31.996553
32.12798
34.548537
21.576148
36.581679
19.735353
21.881156
22.50655
22.795594
24.12663
21.854598
22.557663
32.702128
30.705255
29.137694
31.034704
30.860281
18.024248
17.643189
31.348918
19.995416
22.611713
20.509835
22.610261
20.066417
22.829903
19.956833
32.721631
32.701691
31.179267
31.003413
31.229721
18.252846
31.740193
17.341749
21.024185
22.730414
20.296672
22.717166
21.591645
22.620532
37.363665
36.366291
34.875404
36.13765
34.792522
21.496902
19.156315
36.938937
22.20385
22.761107
24.025496
22.591327
22.603705
22.858342
22.637583
33.640796
36.185272
35.311664
32.410926
35.368018
21.469348
36.123095
19.921574
23.201741
22.563664
22.594133
22.429908
22.607022
22.50782
36.338527
36.456064
35.116355
35.10016
35.052478
19.778913
19.728906
34.543659
22.296897
22.53957
22.164744
22.761348
21.862616
22.610726
22.146673
22.51127
22.531274
36.218599
36.404822
34.991729
34.952369
34.610305
32.625095
19.122866
22.49864
22.53217
22.514593
32.759235
32.892025
31.329063
31.035845
30.833534
17.870433
29.073274
21.188392
24.019934
20.038911
22.644827
20.058304
22.805261
22.60876
32.81888
33.390129
31.686474
31.048053
29.023645
29.844536
28.989309
29.807928
20.707625
23.144382
20.619821
22.818349
20.385292
36.20562
37.644795
36.356735
34.798302
32.286364
32.9662
33.268701
32.087099
22.738446
22.402114
22.694457
22.555413
22.682667
23.016405
22.705983
22.948854
11.696494
33.958831
37.533607
36.343945
32.76663
32.80343
19.408034
35.511703
22.261575
22.482473
22.5723
21.916375
22.743202
22.718622
36.303177
36.506504
35.230139
34.970259
34.607063
19.065669
32.852298
23.922396
11.689076
22.308889
22.648394
23.048501
22.391918
33.576703
33.46859
31.950334
32.033536
31.905833
19.736046
34.220709
23.972566
23.640255
11.815205
21.750967
22.497219
22.228587
22.686336
22.994572
22.716001
34.008451
32.605446
31.101232
32.23623
31.53994
17.208181
18.167711
31.176952
20.377934
22.638467
19.754819
22.704273
20.298176
22.638752
20.230816
22.640265
22.71872
32.489427
34.260978
32.488677
30.962899
32.677436
18.142833
31.427141
21.07835
11.116785
22.269006
20.561052
22.7997
22.64942
22.716708
20.216087
37.528108
37.442719
36.130976
36.249315
34.403876
18.99796
31.65162
22.217766
22.449491
23.852676
22.435941
22.661448
33.296177
32.709545
31.586066
32.166242
33.964351
36.708048
33.961976
36.110938
10.536111
26.421141
22.237316
24.062506
23.359092
10.520375
23.793613
23.354347
33.050764
35.826877
34.471633
31.995834
35.243277
21.473045
36.915647
22.422839
22.420507
21.911927
22.66556
22.674949
26.184208
12.184577
22.672365
36.330006
39.80852
38.593877
35.193642
35.274439
22.225821
37.82969
11.973782
22.589878
23.495971
26.112561
12.252521
27.700527
24.367036
10.387973
43.037247
40.957107
12.382171
12.112319
32.043795
36.087563
36.287125
38.74013
14.841494
31.646749
28.945513
41.3127
75.707713
38.918373
70.722838
41.450251
69.476634
40.896041
70.333218
45.677959
38.03308
47.709082
16.169848
40.087229
36.527025
40.689526
34.139535
79.520867
15.371137
38.360133
84.696622
17.348814
17.644553
33.302012
86.654157
42.55866
38.866051
85.011099
17.976694
17.509268
32.85545
33.001429
31.985255
31.785059
34.975696
24.262328
19.025788
23.439184
21.00114
36.474195
22.049645
22.046868
38.113512
34.792546
33.662941
36.814573
33.903831
25.395465
37.201698
20.439905
20.877584
12.736483
24.157792
23.763581
87.624337
88.568713
15.965127
16.041053
32.822441
31.28673
75.452701
86.535992
15.592053
15.926234
33.27033
34.813122
38.35109
69.602743
66.872339
41.442553
37.959019
67.368556
34.792552
66.844004
78.678236
34.636191
98.551095
30.146706
32.631957
31.076013
33.261717
43.180015
72.816468
11.737608
77.163412
17.743635
41.522424
43.375046
78.723395
17.426022
46.706486
49.721853
77.337983
36.040326
43.256228
41.796225
43.27568
43.0426
43.073308
40.311043
42.717299
33.220986
34.137141
32.367212
31.478119
33.996721
32.123036
27.778481
31.093754
27.890608
18.495652
24.21549
31.009214
26.367208
27.761428
24.934075
31.23322
24.72202
13.895562
31.153943
25.352188
24.688103
12.375445
62.237143
54.779683
12.6945
63.343871
12.641365
53.667415
11.907592
59.717024
51.393028
11.903744
59.577816
11.902705
51.338019
19.621793
44.216572
46.433522
44.25946
46.441062
40.87667
35.557162
35.319377
41.140869
40.859414
35.322644
40.873408
35.303476
19.4963
44.900768
47.190963
45.007898
47.178838
41.958995
36.155805
41.837625
36.273194
41.44717
35.902688
41.54528
35.809465
19.484768
19.947451
20.013025
19.806226
30.348782
34.784649
30.818033
31.323421
34.777511
30.985899
27.698226
31.406408
27.856669
15.230484
23.561953
31.750709
26.015328
27.764816
24.574476
31.882325
25.896305
18.639281
18.820332
31.949976
26.642988
26.891681
11.763526
59.458123
51.28147
59.43529
11.781191
51.201502
12.107659
60.527597
52.144194
60.44883
12.050471
52.032136
21.347459
21.254358
46.445773
49.645535
47.292714
48.843051
41.380263
35.28964
35.704961
40.912129
42.876045
37.708828
43.591681
37.038097
20.851939
44.319724
46.435083
44.249412
46.563333
41.071373
35.546856
41.179219
35.437912
40.882506
35.273544
40.813097
35.288403
19.407789
19.457846
19.430069
30.182994
35.409467
29.973632
29.717151
35.152503
29.893967
25.723266
32.505091
25.674748
14.902327
14.90277
33.456779
26.390062
26.406655
25.723207
32.550988
25.679006
14.512576
14.376093
32.311117
25.745305
25.476397
12.345932
61.338948
52.904027
61.185018
52.804788
12.222101
60.937399
53.023543
61.35236
52.370171
20.167576
19.924957
20.221234
19.96507
48.057675
49.996855
47.549111
50.608418
44.003154
38.077546
38.06849
44.023131
44.207912
37.797017
43.729593
38.218313
21.009786
20.995279
20.859732
45.496258
47.761771
45.437413
47.918612
43.688408
38.275635
44.235361
37.801001
41.953434
36.209127
41.903102
36.251738
20.798254
21.051354
20.790604
21.02583
19.959127
30.791475
36.88709
30.410317
29.454185
35.771334
30.252076
26.262822
33.778412
26.67379
14.89124
15.123533
33.974076
26.388008
26.768829
27.162156
33.785918
26.666568
14.48097
14.586988
32.735481
25.675208
25.841303
64.353577
13.030883
55.229329
12.848165
63.643424
55.710143
61.368799
12.210713
52.805725
12.33524
61.058162
52.75212
19.990555
19.989183
45.482852
47.756558
45.507603
47.91309
41.894855
36.225169
36.233466
41.907635
41.906916
36.257876
41.924273
36.232527
19.972391
45.206094
47.97199
45.718552
47.559035
41.912054
36.245211
41.943669
36.23229
41.639155
36.349676
42.138732
35.950503
20.860467
20.827487
20.059959
31.415421
35.640135
31.566222
32.177986
36.661704
31.701059
28.913585
34.605896
30.724237
27.142113
26.99891
34.802041
31.128499
30.987657
29.401514
32.724836
29.379821
27.146406
26.418583
33.688318
31.121409
30.255745
12.97977
64.26039
55.569049
12.994564
64.235468
12.982832
55.537551
12.915441
64.424665
56.645361
13.256207
65.37241
13.215633
55.689401
21.015511
45.781692
48.235379
45.908558
48.101431
43.80204
38.281618
37.862922
44.269413
42.108397
36.476111
42.247405
36.385834
20.134931
49.112095
50.996918
48.485958
51.666994
44.191586
38.000219
43.941333
38.236017
45.196926
38.657829
44.669175
39.126221
20.895846
20.967453
21.086771
21.340979
32.203625
37.934665
32.131378
31.951871
38.434558
32.108337
27.736452
33.856318
26.706088
14.775405
33.123282
26.171637
26.063369
27.028459
34.814178
27.3282
15.318394
35.193421
27.12012
27.695573
12.447139
61.32109
53.309366
61.612136
12.329661
53.167621
13.295656
65.766157
56.309454
64.86206
13.232463
57.045792
21.080669
21.081354
47.80948
50.231794
47.844192
50.201097
44.321565
37.963816
38.332006
43.911768
44.070765
38.12614
44.116672
38.109999
21.030128
48.053733
51.247598
48.756334
50.552155
42.458332
36.578603
42.316091
36.678278
44.315138
38.860195
44.927964
38.32252
20.986079
21.063407
21.438859
31.259298
37.500055
31.502851
31.672163
37.308947
31.554609
25.938479
32.926415
26.015128
15.328125
15.078516
33.866335
27.136725
26.701606
26.774405
34.463421
27.171444
15.250827
15.261611
34.284193
27.002928
27.019146
12.870283
64.121349
55.495795
64.096706
55.391694
12.980225
64.14184
55.555133
64.164056
55.419841
20.942978
20.960063
20.082683
20.006491
48.668211
50.482781
47.918192
51.181817
44.776098
38.217122
38.745388
44.176511
44.831478
38.228944
44.18253
38.809568
21.083921
21.365406
21.098844
45.476348
48.329563
45.982716
47.802532
41.891307
36.766861
42.522548
36.203627
41.884372
36.639939
42.392599
36.223272
20.914888
21.144966
20.881602
21.122075
20.203573
31.826636
35.843097
31.719334
31.443625
35.755656
31.660126
26.589334
34.375947
27.087325
15.098836
15.329325
34.382357
26.724614
27.120266
26.357299
32.786465
25.81203
14.765934
14.560695
32.811118
26.152967
25.781226
65.28885
13.153931
55.566105
12.860654
64.275567
56.539931
61.097721
12.3347
53.466662
12.502466
61.808333
52.891825
20.033463
20.035962
47.788179
50.181184
47.769108
50.275072
42.209839
36.487836
36.465932
42.224231
44.06907
38.0869
44.04438
38.113885
21.013253
47.793216
50.248598
47.812623
50.296118
44.343727
37.942443
43.876808
38.350472
44.051716
38.102946
44.06525
38.093618
21.172137
20.919809
21.017027
29.725104
37.641893
29.580657
29.47069
37.739465
29.54832
25.443846
31.941795
25.285877
14.175044
31.792067
25.993669
25.151988
27.336921
34.600835
27.27906
15.46733
34.69387
26.840508
27.361043
13.233685
65.436559
56.520103
13.216324
65.409742
13.235319
56.60232
13.243065
65.401778
55.771823
12.902939
64.339728
13.116233
56.545023
21.413765
47.515024
50.386915
47.975307
49.883349
42.235993
36.396355
36.491585
42.097916
43.827426
38.227942
44.221033
37.920957
21.090938
45.474926
47.590763
45.192269
47.821285
43.667701
37.829903
43.787091
37.739196
41.94987
36.013729
41.688174
36.21302
20.43928
20.88346
20.822085
19.846752
30.431902
36.131968
29.9686
29.80433
35.550613
29.881421
25.528556
32.687139
25.775042
14.459423
32.697896
25.641386
25.783383
26.30636
33.201862
26.202599
14.400185
32.53679
25.511825
25.705615
12.79006
63.744175
55.725975
64.449633
13.032054
55.182052
12.370083
61.19437
52.4023
60.993606
12.209372
52.726056
21.031575
21.097407
48.813054
51.30666
48.728578
51.389905
44.810548
38.758524
38.781384
44.809529
44.984936
38.845687
44.919333
38.917303
21.435801
48.798204
50.414063
47.992415
51.32683
44.848224
38.825424
44.89097
38.786544
45.00046
38.26268
44.250723
38.921199
19.931324
19.784974
21.110371
30.312573
30.227655
29.645386
26.832072
30.305673
29.062013
23.664578
28.53038
23.822894
13.348981
13.470864
28.482076
23.67989
23.840032
23.563835
27.736665
23.651487
13.263947
13.19976
27.81108
23.670273
23.565765
12.251699
62.08075
54.637878
63.13106
53.336352
12.537795
63.049085
54.090234
62.987976
54.173034
21.243727
21.389879
21.10057
21.228508
47.327218
49.808426
47.39334
49.717616
44.253191
37.723049
38.166047
43.727465
43.66764
37.732153
43.745314
37.652414
20.873652
21.088588
20.839532
46.214852
48.716794
46.48688
48.44918
41.324649
35.907205
41.658667
35.618147
42.71288
37.095224
42.999521
36.842005
20.408722
20.240074
20.220126
20.179779
20.506466
18.074987
31.658475
16.654279
16.387303
31.682161
16.443862
23.588527
28.576748
23.483627
13.326911
13.237201
28.652872
23.660811
23.486725
23.350036
29.110316
23.433945
13.29878
13.173669
29.137998
23.617883
23.541298
63.551312
12.694331
54.691954
12.758952
63.5645
54.596185
61.720575
12.284534
53.560838
12.28414
62.024538
53.269484
26.402732
22.081695
22.307538
46.220134
49.628033
47.490385
48.513897
43.617974
37.894956
37.725475
43.85387
42.791125
38.15482
44.094972
36.98522
21.210596
47.022684
49.255046
46.924856
49.350077
43.840575
37.99065
43.987637
37.842903
43.448073
37.409748
43.355404
37.491573
20.774485
20.707726
20.757638
21.014589
20.916065
58.899605
11.672693
52.524451
12.036836
60.874373
11.935676
50.746492
30.874513
29.547102
30.165559
27.375021
29.887116
29.589873
24.672989
29.614746
24.44373
13.740813
29.369532
23.811826
24.317929
22.735574
27.180032
23.109624
13.172014
27.495862
23.58918
23.286584
61.829388
53.666259
12.392535
62.413599
12.337339
53.496147
19.648227
19.713879
44.697116
46.913379
44.704673
46.921363
41.297089
35.688348
35.681101
41.322826
41.255935
35.70278
41.306532
35.669192
19.700539
19.694095
21.044188
19.867859
20.215443
44.586427
46.925416
44.692977
46.867079
41.391997
35.730201
41.40988
35.694366
41.105869
35.60192
41.234699
35.442316
19.727407
19.709842
19.640809
19.54991
26.31523
24.405723
43.938575
48.028358
45.761553
46.152725
41.366504
36.187157
35.683904
41.942877
40.52953
36.588949
42.37846
34.93515
46.25292
48.826433
46.421234
48.523767
42.998937
36.922603
42.815293
37.094865
42.654738
37.026077
42.834635
36.83651
20.395
20.472246
20.360842
17.818214
31.510882
16.997974
16.943305
31.400511
16.889477
24.497257
29.84454
24.330381
13.216555
29.642523
23.546139
23.991351
23.789685
28.988711
23.493764
13.117733
28.89217
23.393683
23.429582
11.964524
60.023995
51.850747
60.037395
11.979297
51.800267
11.869908
59.835025
51.735797
59.888405
11.895735
51.520738
19.937847
99.90232
84.884199
94.446959
19.25036
87.590924
47.557603
46.636597
24.631868
34.385212
27.057183
15.593772
35.337345
30.411565
27.867657
35.936099
43.697861
34.58133
19.127869
42.789791
31.26552
33.867013
17.179358
90.21761
73.056323
16.109814
86.656547
16.277681
76.58888
53.972287
61.845739
55.619978
60.491587
47.447539
38.861455
38.990819
47.138985
48.09679
40.602759
49.476594
39.66441
17.657787
24.966194
24.808959
54.056807
60.052977
54.930278
59.748164
47.869762
39.101129
47.147185
40.075507
48.962844
43.413421
50.672011
41.569773
17.375038
20.885878
19.465496
78.310051
79.328438
76.845729
81.50275
73.723179
62.208518
64.26016
71.874279
74.301276
64.505998
73.337158
64.912615
34.897508
64.832056
65.264696
61.571825
68.6174
63.494884
58.116463
67.767636
54.38027
59.760609
49.197629
57.283686
51.175518
24.898698
24.783949
32.427829
30.228573
32.550856
32.341913
24.019827
29.454584
22.877476
11.632847
12.198186
29.135741
21.98142
22.586188
21.794692
29.230158
21.594087
9.0761726
9.2361537
29.065207
21.829385
21.601077
84.631494
8.9929949
69.188648
9.0968801
84.951561
8.8455506
68.896814
88.662271
8.728021
69.887571
8.542248
87.950579
8.7839979
69.780114
65.711917
13.209164
56.532101
13.174691
65.477901
13.202276
56.68129
29.931762
37.385745
29.432614
29.783935
37.50008
29.455342
26.794558
34.383595
27.086376
15.510608
34.829005
27.519191
27.439056
27.041801
34.241248
26.994443
15.326205
34.446198
27.3245
27.117323
64.75414
56.180124
13.184431
65.062147
13.141236
55.874633
20.834987
21.073716
21.027568
47.847541
50.321766
47.860822
50.208939
44.317901
37.86849
38.283541
43.847184
44.046924
38.042092
44.085447
38.036036
20.894621
20.941692
21.019456
21.255793
21.246581
47.416518
50.493819
48.077591
49.850314
42.231415
36.497092
42.259124
36.495367
43.739541
38.315249
44.328595
37.804731
20.12044
20.114421
21.134772
21.321683
21.321535
21.403514
49.015748
51.250012
48.886484
51.39115
45.401963
38.959389
39.194318
45.150582
45.22894
38.98091
45.138942
39.072866
21.516013
48.310463
51.088399
48.5343
50.790782
44.139011
38.240542
44.346727
38.078773
44.495776
38.619332
44.689382
38.420557
20.87793
21.005311
21.528126
21.095076
20.995785
21.330758
29.761346
36.050599
29.742341
29.367809
36.835618
29.619623
26.839723
34.187679
27.001203
15.378131
34.479319
27.208851
27.182786
25.916122
33.016837
26.006477
15.311571
33.732111
27.097067
26.615282
12.997343
64.154435
55.357835
64.186145
12.988253
55.453883
12.7729
63.677093
55.839288
64.509539
13.016602
54.939804
47.952785
47.573363
31.752996
40.036325
31.510645
18.026517
26.294494
40.002497
29.093044
31.379531
28.303363
40.9703
27.577549
12.438666
40.673484
27.961763
27.366424
93.36172
78.506848
7.783835
93.817148
7.6982147
78.316384
94.827704
79.75199
8.2673573
95.426615
8.3640415
79.526633
21.209505
21.402529
21.097623
62.854261
69.306368
64.029804
68.10965
55.907603
46.128841
46.071267
55.589936
56.639036
46.947409
57.580858
46.408982
20.850667
61.484913
66.824034
62.125236
66.275126
56.137214
46.449146
55.735539
46.91999
56.791547
48.340755
57.484888
47.640177
23.525934
23.290184
21.058076
21.397448
46.190158
46.270634
31.831975
40.253029
32.086277
14.456833
26.381619
40.252702
29.353474
31.933072
27.812833
40.035421
28.292464
13.869047
40.096353
29.18278
28.885482
94.831196
11.923979
78.01841
12.247023
95.831118
12.197942
77.039099
92.373178
8.4463069
75.534733
8.4711435
92.431407
8.2899233
75.138226
25.11909
25.429678
25.382839
67.555163
71.60228
67.602479
71.479995
62.700763
53.071731
53.250077
62.618828
62.788666
53.558482
62.864793
53.40891
25.364324
25.282077
67.547881
72.338353
67.277816
72.259731
62.201012
52.824658
62.470318
52.471998
61.856516
51.833285
61.522358
52.121458
23.73796
24.075249
23.964453
24.837647
24.595055
90.846745
7.0517272
76.151653
7.1254511
91.828775
7.1726228
75.340259
43.266503
43.148163
23.122792
35.882815
23.699466
6.6549786
6.5902171
36.007212
24.107876
23.794279
25.27659
36.908525
24.80357
6.6807097
6.7707425
36.758361
24.235898
24.648317
6.7318777
87.156463
6.7703698
71.387921
86.507416
71.985505
20.260688
20.001408
19.905486
19.957019
55.693456
59.6061
55.639105
59.558599
51.538864
44.018374
43.819412
51.745246
51.412519
43.331985
51.248561
43.545741
20.152008
20.082396
19.958127
20.776823
20.587192
56.214848
59.925109
56.427215
59.61459
52.044233
44.060195
51.879365
43.805219
52.125915
43.949225
52.292525
43.795093
20.177541
24.82542
24.473349
23.750234
24.106303
63.505827
68.526864
64.166563
67.794639
58.09545
48.908962
49.284343
57.656412
58.654441
50.322431
59.295754
49.759572
22.655424
22.863259
23.410927
60.90745
64.094671
60.42412
64.684989
56.965136
48.614226
57.276046
48.322295
56.568217
47.747116
56.140047
48.107493
21.088751
21.427806
21.829777
21.645628
22.474968
42.565598
42.445015
23.006341
35.414722
23.595913
6.5661895
6.530785
35.417763
23.765359
23.894895
23.618969
36.098243
23.413285
6.5839417
6.6403183
35.964103
23.559454
23.320193
6.5970133
80.564521
66.34768
80.324945
6.6189631
66.202178
6.5553197
81.142522
66.980947
81.509794
6.5454655
66.992371
13.235102
65.487251
56.681574
65.60311
13.324574
56.717802
30.974132
37.190022
30.67743
30.936252
37.403919
30.595413
27.576554
34.762225
27.468912
15.279267
15.399627
34.588007
27.062808
27.266621
26.808478
34.136635
26.880436
15.293833
15.249544
34.240201
27.088396
27.00706
13.032608
64.514729
13.044983
55.950878
13.054467
64.603629
55.706569
21.011983
21.015628
20.930646
21.15585
45.746467
48.148977
45.77031
48.073547
43.84375
38.449894
37.880215
44.487998
42.19624
36.439241
42.220299
36.423554
21.212269
20.892169
20.099474
21.469753
21.318333
21.261545
48.491848
51.007683
48.472964
50.993438
44.680506
38.516026
44.564133
38.643829
44.713266
38.660302
44.701029
38.663529
21.250197
21.138565
21.351875
21.035899
20.960074
48.925689
51.514136
48.959724
51.393053
44.028253
37.829135
38.004997
43.828664
44.994992
38.92665
45.073615
38.869446
20.88039
20.968501
21.473271
48.137406
50.692166
48.237644
50.652107
44.224768
38.121207
44.133404
38.235007
44.312615
38.370636
44.399433
38.301849
21.774732
21.733096
21.17195
21.330797
21.066758
31.123648
37.949126
30.545637
30.353286
37.967214
30.49029
27.552609
34.813204
27.428417
15.408277
15.418432
34.682088
27.265575
27.292242
27.211514
34.748646
27.368808
15.474275
15.489529
34.859949
27.37833
27.401936
61.61175
12.29839
53.008846
12.454472
61.628217
12.307961
52.965231
65.072215
13.180935
56.218127
13.16635
65.088158
13.179167
56.231676
43.637084
43.469861
22.605264
35.402308
22.843242
6.6512264
6.5456524
35.612534
23.064302
22.866584
25.47166
36.940749
24.917145
6.688253
6.7765872
36.795138
23.503116
24.509068
6.575397
82.91281
6.5942193
69.018727
6.6026869
83.349645
68.664209
6.4833585
80.024593
6.4470919
65.990832
6.4074009
79.903207
66.184446
20.408734
20.577636
20.805725
20.70015
58.612816
62.620688
58.306936
62.64812
54.630788
46.800558
46.180412
55.047695
54.106601
45.33004
53.674133
45.766368
21.313323
21.232395
20.932422
59.707412
62.831108
59.420008
63.175195
55.505018
46.746527
55.580503
47.461206
55.859993
46.29118
55.740776
46.69578
19.539912
19.903843
21.060479
20.303046
21.550121
44.116061
43.807728
22.521223
35.335031
24.167403
6.5363721
6.4682494
35.47723
23.498922
23.965229
25.756295
37.499784
24.831223
6.5704007
6.6744984
37.23185
23.627318
24.512561
6.6329739
85.24946
69.739675
84.917694
6.6710949
70.62006
6.3775873
87.308901
69.630391
86.767241
6.3246949
70.021549
20.912056
20.967123
20.641025
57.406317
61.171985
57.637873
60.925774
52.716398
43.85106
44.917427
52.360873
53.27981
45.156468
53.493791
44.888462
20.493052
20.508591
55.274406
58.441334
55.236041
58.567404
51.083397
43.873402
51.534553
43.731229
50.850697
43.532368
50.588608
43.387819
19.269066
19.188412
19.195873
19.276015
19.557842
6.5305125
85.28171
68.488356
85.431913
6.5365862
68.451437
44.353554
44.312125
25.357318
38.04569
24.445267
6.8822075
38.070716
24.844012
24.461266
25.545789
37.641613
25.783578
6.8790502
37.59155
25.210549
25.850022
6.5318007
83.797881
68.592604
6.5539985
82.85041
6.5364901
67.661722
21.447372
21.272589
20.992867
58.730807
62.914644
58.840791
62.837156
54.23863
46.153439
45.690377
54.381156
54.078965
45.800721
54.019412
45.524222
20.995393
20.798908
20.888262
21.263183
21.07449
59.068264
62.375876
58.813041
62.617184
55.179568
46.710355
54.508999
46.067909
55.235393
45.824341
55.054651
46.04774
20.918386
21.422083
20.620032
20.682213
20.712996
58.233962
61.786499
58.361687
61.765611
54.06487
45.961929
45.278673
53.466936
54.17059
46.305806
53.79504
45.536726
20.548307
57.4385
60.763755
57.329689
61.02352
53.24244
45.800842
53.170146
45.590588
53.494288
44.607249
53.309871
44.722831
20.792143
20.495611
20.461246
20.526772
44.109047
43.930602
25.604941
37.55134
24.64726
6.7547354
6.7751612
37.376185
24.747079
24.388615
26.397563
37.500996
25.940762
6.7646694
6.823127
37.320765
25.340898
25.777423
85.465565
6.7337482
70.610181
6.7645717
85.116795
6.7439025
69.839346
85.534537
6.5215862
68.916771
6.5149805
85.932249
6.5157969
70.288592
64.503182
13.055662
55.730447
13.04848
64.562207
13.056306
55.693558
31.85403
36.605719
31.799453
31.641138
35.7042
31.745758
27.032297
33.955371
26.852485
15.202099
33.988673
26.34544
26.905678
26.950797
33.4801
26.521399
14.563926
32.61853
25.706496
25.83534
61.349904
52.895469
12.407551
61.622863
12.285626
53.11447
19.99387
20.028591
21.25196
48.477196
51.08621
48.504363
51.030425
44.152413
38.06754
38.19756
44.022496
44.634933
38.640351
44.669718
38.607752
21.003213
21.258457
21.263009
21.039277
21.103278
47.873617
50.401841
47.910715
50.360219
44.071856
38.1157
44.071992
38.098943
44.103056
38.128604
44.157308
38.097371
21.036146
21.017115
21.02934
21.063126
21.051684
21.086458
48.071873
50.574628
48.074568
50.533494
44.196635
38.12573
38.173646
44.146761
44.320368
38.30082
44.331078
38.284438
21.028893
45.766039
48.131253
45.707328
48.007055
43.852889
38.32519
44.375169
37.890656
42.181564
36.399713
42.159214
36.418561
21.059228
20.977048
20.872892
21.140905
20.890207
20.067214
32.295769
37.406868
31.834321
32.106005
37.425964
31.714911
27.259102
34.74475
27.366867
15.263379
15.359064
34.525212
27.031449
27.179698
27.047054
34.339609
27.00648
15.268056
15.272683
34.370989
27.037341
27.027737
13.154259
64.901777
56.198634
65.012468
13.191177
56.155119
12.992285
64.245723
55.526862
64.357997
13.006993
55.479502
45.933606
46.032435
25.393747
38.724397
25.814572
7.0191708
38.892321
26.132896
25.782877
26.009755
38.850242
25.986463
7.0168263
38.932576
25.977014
26.057339
87.180283
70.429118
6.6135431
87.597996
6.6137619
71.136368
85.463742
69.217737
6.6746256
86.261082
6.6609822
70.435876
21.576936
21.662687
21.801897
59.705692
64.250358
60.040877
63.749375
55.116209
46.979253
46.507866
54.898887
55.226634
46.56766
55.45455
46.377256
21.251704
59.972338
63.429708
59.982537
63.391147
55.029605
47.059877
54.884433
47.180565
55.07705
47.481907
55.115535
47.425567
21.493308
20.907355
21.210415
21.252907
46.172924
46.092457
25.423995
38.709871
24.887696
7.0170634
11.596173
38.759061
26.647744
25.034128
26.532895
39.204842
25.7721
7.0263733
11.811216
39.118969
26.652748
25.515928
86.147966
6.7912961
71.367177
6.8103656
86.611277
6.795309
71.570545
86.716438
6.6575272
70.349559
6.6465768
87.660226
6.6574728
71.579883
20.776347
21.446161
21.418114
59.560228
63.319511
59.577601
63.294651
55.463382
45.813827
45.842233
55.349928
55.657006
45.965415
55.66247
45.988702
21.51055
21.508816
58.870145
62.262355
58.727334
62.254266
55.046751
45.874646
55.309141
45.695264
54.060114
46.55217
53.983488
46.624853
21.457461
21.284386
20.844659
21.519048
21.447201
88.09309
6.7230022
70.454936
6.7145355
88.01843
6.7156943
70.524207
46.440046
46.458423
25.269423
39.155347
25.07538
7.0754517
7.0575357
39.181203
25.887456
25.544312
26.391307
39.268855
26.362286
7.0783524
7.0691955
39.301615
26.188239
26.247506
6.7282214
88.252568
6.7205839
70.653934
88.09989
70.733977
20.83272
21.398706
21.42991
21.409309
58.997105
62.86763
58.977432
62.808997
54.843782
45.514352
45.520107
54.908878
54.857659
45.545579
54.890167
45.561332
21.423785
21.395043
21.431493
20.821477
21.563834
59.221042
63.215987
59.394889
63.083871
55.002479
45.543417
54.938483
45.58031
55.103876
45.764393
55.2997
45.637717
21.441896
20.81061
20.886616
21.631642
20.905603
59.854232
63.692395
59.819901
63.760516
55.662031
46.012735
46.013731
55.678113
55.717112
46.058474
55.708433
46.07448
21.660921
21.644709
21.668828
59.909683
63.740585
59.850494
63.827106
55.771799
46.076316
55.749812
46.109611
55.758192
46.03238
55.72251
46.093089
21.659388
21.638498
21.594084
21.5853
21.677171
46.240302
46.179105
25.269448
39.187089
25.30563
11.692383
39.219236
25.310102
25.273667
25.300558
39.159248
25.241786
11.673115
11.709098
39.107363
25.193246
25.344804
6.6836926
85.715877
69.691158
86.742159
6.6816334
70.819003
6.6795229
86.472516
71.196553
86.816644
6.6703213
71.059059
13.015955
64.398579
55.711689
64.369695
13.02664
55.690421
30.948842
37.441758
30.784193
30.481152
37.387798
30.695618
29.02088
32.959372
29.456064
25.402933
26.216269
33.638938
29.898319
30.048825
27.13159
34.39674
27.117214
20.309118
34.268446
28.917289
27.138841
13.006798
64.380926
13.00255
55.633534
13.001216
64.322387
55.665271
21.814084
21.642131
20.7824
20.988126
47.777634
50.062808
47.70789
50.14243
44.055902
38.091639
38.063676
44.110836
44.020734
37.974061
43.979419
38.034176
21.007792
20.981186
20.945107
20.049115
20.025887
20.161245
48.580215
50.473745
47.990534
51.061829
44.179513
38.051125
44.064375
38.154311
44.772229
38.212974
44.238838
38.678757
20.986619
21.320611
21.311251
21.04546
21.096243
47.938268
50.361747
47.952948
50.345933
44.17281
38.182975
38.184849
44.173183
44.183869
38.219303
44.2087
38.2146
21.060111
21.054994
21.081325
47.92816
50.291768
47.902871
50.323204
44.168971
38.188012
44.181263
38.198224
44.182108
38.183394
44.174709
38.209006
19.92264
20.176028
21.135543
20.86825
21.062091
29.935785
37.264016
29.833794
29.788181
37.635557
29.830134
29.052746
32.356529
29.027053
25.838003
25.263215
32.309842
29.625177
28.949196
30.513875
34.207901
30.603648
26.562651
26.963009
34.559745
30.447614
30.917131
64.187566
12.952156
55.337931
12.930399
64.06331
12.953217
55.421002
65.111518
13.184339
55.595848
12.9314
64.364671
13.107874
56.246249
46.258415
46.382061
27.130407
39.837636
26.90178
39.801537
27.544339
27.25105
28.994696
39.392016
28.056663
39.438925
27.500727
27.670086
6.5336174
85.407559
6.5006305
69.60665
6.4663575
84.601377
68.564267
6.6956679
83.401587
6.7143433
69.263968
6.7369423
83.760781
68.957671
21.37703
21.353127
21.451273
21.364146
59.181684
62.743739
58.996929
62.940688
55.347635
46.286105
46.267988
55.340866
55.206702
45.905734
55.056994
46.125893
21.636913
21.628384
21.527352
59.360685
63.170487
59.27291
63.146836
54.792782
46.574059
55.173478
46.814198
54.814848
46.493049
54.840297
46.629694
21.662244
21.605951
21.359997
21.494786
21.455263
46.186197
46.188515
27.533674
39.673673
26.672786
39.494491
26.104255
26.903227
25.78549
39.354314
26.654975
39.367114
25.834834
27.32154
6.6680245
86.765875
69.375668
86.52769
6.6610274
69.593004
6.7067355
85.967567
71.379836
85.929316
6.7236584
71.317609
20.73671
20.906024
21.127583
58.22763
61.833386
58.356604
61.815318
53.647198
45.09504
45.820323
53.500402
54.244182
45.546382
54.458619
45.431512
20.737209
20.684719
57.904967
62.344124
58.214797
62.034541
53.183885
44.644355
53.301894
44.581349
53.276608
45.080381
53.492467
44.683484
21.606885
21.470948
21.014653
20.86307
20.802448
6.4965797
82.279578
67.114216
82.09027
6.4891258
67.221741
44.349973
44.29856
25.36272
37.292844
24.632891
6.8323118
37.329098
24.266967
24.458855
25.44512
37.538505
24.723961
6.8237314
37.502146
24.246204
24.665036
6.5054805
82.422949
66.648145
6.4679529
82.511303
6.4969027
66.849882
21.026365
20.933631
20.465491
56.750805
60.619557
57.009768
60.362444
52.204339
44.058781
44.423486
52.414174
52.276907
44.79931
52.597665
44.60338
20.364239
20.441581
20.61606
20.387328
20.648368
57.138563
60.750187
57.571937
60.589826
52.871517
43.910584
52.673295
44.366906
53.275511
45.676059
53.174857
44.722118
20.591668
20.623606
20.26662
20.21953
20.197419
56.854989
60.478895
56.745325
60.604683
52.648344
44.879048
44.552643
52.479837
52.608545
44.525306
52.292638
44.434437
20.245153
56.586688
60.066584
56.445852
60.244685
52.554818
44.786896
52.450419
44.131515
52.413104
43.767326
52.272399
43.912885
20.29542
19.970239
20.224514
20.44289
42.950845
42.931474
25.534016
36.773131
24.558205
36.682587
23.572266
24.213288
24.746206
36.313508
24.752478
36.32027
23.765409
24.729454
82.530925
6.4729853
67.209669
6.4915628
82.98008
6.5147461
66.976152
83.348529
6.4567643
67.217883
6.4497552
83.689781
6.4291438
66.919645
61.43124
12.252098
52.756264
12.371289
61.305116
12.244959
52.79981
33.569648
36.916371
33.176285
32.803727
36.974596
33.030142
26.610716
33.684157
26.649126
15.055485
33.69912
26.726802
26.655635
26.651829
33.819238
26.715651
15.109559
33.876211
26.735532
26.753776
64.041536
55.265115
12.933298
63.939821
12.933518
55.213647
20.708956
20.346375
20.069995
47.658995
49.389006
47.111851
49.98998
43.744207
37.795745
37.780802
43.762541
43.956541
37.577341
43.498805
37.987419
20.858574
20.886212
20.941763
21.224087
21.118049
48.07322
50.630624
48.215367
50.475572
43.961155
37.801815
43.769884
37.973017
44.420258
38.508308
44.569555
38.373353
20.856386
20.951963
21.270884
20.950117
20.924822
20.860268
45.612177
47.912206
45.554758
47.94386
43.800664
38.367759
37.845412
44.412978
42.075052
36.27926
42.033761
36.313689
21.183997
47.715812
49.996865
47.638441
50.144278
44.351768
38.379227
44.434811
38.33076
43.999423
37.914858
43.904226
38.003212
20.946744
20.952187
20.976157
21.199173
21.156515
20.909982
30.393632
36.324932
31.072485
31.695519
36.314634
31.260933
26.603374
33.500276
26.49776
33.357167
26.406431
26.463022
26.28463
33.272387
26.401215
33.215441
26.397579
26.360645
12.875127
63.993432
54.486313
63.035749
12.737934
55.190284
12.91254
64.507736
55.678426
64.819272
12.948962
55.484098
42.612836
42.569231
26.96493
36.674959
27.845407
22.698514
22.987016
36.582408
27.548764
27.723917
24.848884
36.25917
27.138597
22.41049
22.558075
36.276232
27.528743
27.273711
90.760275
75.799785
6.9342876
91.600461
6.9745487
75.020193
85.421337
69.607265
6.627425
84.784786
6.5790947
70.365621
21.080078
21.102707
20.894689
57.305519
61.71501
57.782136
61.291645
52.414656
43.840975
44.120708
51.909803
52.925324
45.013048
53.441969
44.694951
20.117681
56.453701
60.563738
56.940975
60.235577
51.766406
43.526523
51.78173
43.630955
52.075603
44.752266
52.511638
44.111579
20.980285
20.928501
20.101327
20.08254
44.013315
43.890645
25.838384
37.009035
25.307682
37.044022
24.76697
25.190073
25.395089
37.658771
25.462848
37.568474
25.156012
25.786875
83.592143
6.6719787
68.613442
6.6730938
84.145965
6.6316796
68.194462
82.568276
6.6131645
67.846367
6.6168775
82.954574
6.6654529
67.340579
24.387796
23.95872
24.11433
63.57484
68.179329
64.281492
67.433309
58.24291
48.708215
49.61196
57.458164
59.072901
50.871091
59.722335
50.171559
23.667211
23.347484
59.458599
62.524347
58.923612
63.102467
55.832621
48.142616
56.554804
47.295286
55.144777
46.478686
54.579708
46.832919
21.01864
21.319891
21.245003
22.173964
21.903667
90.398913
7.5939772
75.792366
7.5185151
90.336954
7.4572376
76.033963
48.545725
48.448346
30.067792
40.981095
31.751319
26.4188
26.282919
41.058041
31.709984
31.726444
28.212226
41.706773
30.991859
26.489971
26.148799
41.634281
31.695787
31.522713
8.1448791
94.440103
8.0657232
79.87435
95.161739
79.499754
19.424835
19.975996
20.840519
20.442773
61.343282
65.362214
61.477998
65.236092
56.229745
46.890393
47.106402
55.901416
56.512024
47.116446
56.519132
47.082839
21.418922
21.356856
21.130077
23.464842
23.119964
60.634499
66.737062
61.311613
65.773377
55.649237
46.724422
55.609
46.735843
55.828668
47.542207
56.377054
47.121133
21.427686
24.411475
24.387537
24.403838
24.378842
65.588928
69.106039
65.245667
69.394042
61.357435
52.548201
52.18092
61.865081
60.898267
51.643389
60.592928
51.860614
24.899234
24.739109
24.469511
68.073422
72.680895
68.087593
72.472044
62.66393
52.920297
62.364639
53.049813
62.7523
53.06001
62.72377
53.11945
23.809972
24.130097
24.726805
24.451266
24.98298
45.337891
45.602061
28.370877
40.407396
27.444571
40.317283
27.270715
27.388991
30.782027
39.130784
29.382095
39.314052
27.278825
28.268406
8.7164602
90.027008
72.963609
89.661904
8.7835222
73.097823
8.3262852
91.620931
75.836659
92.377504
8.3269172
75.042994
47.972592
46.996251
24.533061
34.377492
27.045256
15.547116
35.411648
30.473153
27.859434
36.32431
44.069815
34.857421
19.250027
43.117468
31.38561
34.096631
100.64688
85.724098
18.939638
95.193421
19.391786
88.244806
89.163487
71.497903
15.842391
85.133058
16.060077
75.396052
18.7872
18.069398
16.660829
51.820137
60.465322
53.457288
59.836953
44.307888
36.275346
36.567002
43.349506
45.304206
38.055137
46.686381
37.110658
16.391499
47.544396
52.674814
47.342941
53.609056
42.66562
36.24405
42.882775
36.567474
42.664852
37.531074
43.343324
37.187546
21.405506
20.488421
16.728751
17.086648
31.454935
31.243358
23.891191
29.029348
22.453813
28.620024
21.092899
22.048497
21.116959
28.15178
20.628833
27.975996
20.853905
20.584437
82.506288
8.8654917
67.884497
8.9278508
81.371013
8.7008312
68.333212
82.353737
8.3334501
62.188535
8.1274897
79.45453
8.4196276
63.881134
35.739953
33.370302
78.94067
80.323739
77.646854
82.303598
74.079211
61.901114
64.356775
71.842411
74.714564
64.880079
73.87454
65.104921
37.032114
63.461911
63.532079
59.801833
67.264269
62.613572
57.717425
67.363777
53.464596
58.231822
47.540439
55.391415
49.793911
25.090231
29.681926
26.137375
59.299371
58.581962
46.657204
47.797276
51.368826
58.391936
51.95231
51.702422
58.914117
58.800494
53.222828
53.383611
51.22911
50.710232
53.071433
53.090333
59.667434
59.235319
50.837964
51.872364
46.517012
45.751882
47.959898
46.418324
46.643458
46.606102
46.170193
43.786454
59.349551
59.293336
52.053711
51.977157
51.398231
51.889272
53.478688
60.927319
58.92889
58.968868
53.064252
53.235664
51.364185
51.611331
50.596732
49.984905
59.695659
58.970714
48.311241
49.258288
52.21728
56.364561
49.846233
50.489129
48.185928
55.05458
48.362003
48.768503
52.331729
52.713334
52.396369
52.585988
59.591292
59.382769
59.747654
59.695672
55.695319
55.303306
56.038514
49.836794
32.03823
38.441543
31.393059
29.416885
32.560929
36.104577
31.526497
29.592065
55.436948
55.942737
55.33801
55.276077
58.615155
58.626213
58.655535
58.532929
59.469469
59.213982
59.59528
60.010382
56.136666
56.515519
56.035934
55.812591
59.605465
60.064858
59.435749
58.875767
20.555806
14.921245
21.543071
15.079827
20.916248
14.745774
15.75832
22.080845
15.112493
54.206719
53.708146
35.2195
32.083426
35.302245
32.011422
32.721833
29.696149
32.727695
29.69928
47.608704
46.380542
31.920542
28.994728
31.922375
28.991868
31.777927
29.077443
32.018383
28.85315
56.500226
56.812375
34.06274
31.267631
34.563595
30.922113
33.813608
30.733045
33.84402
30.709685
58.251058
58.827839
34.056307
31.184408
34.495365
30.895842
35.54485
32.36546
35.634732
32.296097
58.465239
58.517006
41.942559
35.219106
41.995241
35.199392
14.99363
41.835586
34.716434
14.864201
41.506093
35.053474
53.645228
53.62251
35.866275
32.538146
35.861175
32.552144
35.794085
32.436889
35.848822
32.379852
58.386728
57.966005
35.994938
32.853294
36.189918
32.685379
33.815604
31.10161
34.27263
30.696441
53.133122
53.256402
35.49422
31.761883
35.104367
32.232768
36.097059
32.397302
35.703274
32.767675
56.527007
57.103166
35.456089
32.047068
35.4057
32.087711
36.180204
32.856754
36.180032
32.87313
57.324511
57.843707
36.411679
33.177773
36.535724
33.074656
33.547091
30.728493
33.838246
30.328372
49.380164
47.997078
34.502203
33.557638
31.537235
36.672717
31.73689
28.846551
31.809496
28.762211
32.995331
36.048262
40.862729
34.167128
14.538541
40.872241
34.34484
32.822279
29.074637
31.920565
29.857073
12.867591
41.353878
36.862263
35.090493
43.332064
45.215474
44.026523
30.143628
27.595863
27.473922
30.297624
32.411574
34.629467
31.889319
29.017067
31.942248
28.977394
31.541172
28.662955
31.525781
28.647046
53.469462
46.55647
46.059623
54.127054
49.240851
44.967319
45.088408
49.15849
11.987121
42.276252
36.154117
12.256772
42.280118
36.263876
34.987978
31.010369
34.722197
31.186587
35.304199
32.070327
35.29646
32.087236
50.68913
51.485136
36.033323
32.540229
32.609675
35.955185
49.815611
50.190146
35.701342
31.946134
35.329151
32.281523
35.566447
31.749004
35.086382
32.181885
37.298697
32.430462
37.004087
32.676761
37.602634
32.381496
37.286838
32.640222
12.666512
42.569654
36.01156
12.483366
42.392856
35.948057
38.125657
34.183432
37.971737
34.336567
36.430354
32.179311
36.713293
31.924665
33.644532
29.038934
29.236643
33.445152
34.428828
29.87654
34.225385
29.661338
31.363983
27.32642
31.378575
27.488952
35.855561
32.184878
35.438824
32.564089
51.848194
52.228537
35.541655
32.153463
32.143333
35.425606
55.294903
59.493245
35.764587
32.506016
35.822192
32.464732
35.725687
32.601216
35.905961
32.447849
33.644761
28.91739
33.652431
28.927771
32.363126
27.730988
32.272791
27.819087
34.275936
29.94463
34.191175
30.066578
34.165006
29.290812
33.966298
29.406768
33.666859
28.920182
33.662417
28.942479
32.694349
28.170145
28.137413
32.440706
37.842333
32.488814
38.719207
31.872457
4.5329401
35.840452
30.621159
36.585856
30.181406
15.042579
41.927569
35.283401
15.064561
41.917033
35.212962
59.232792
59.255149
35.462813
32.250584
32.229563
35.490097
53.687043
53.82445
33.738868
30.865781
34.021778
30.539285
35.862494
32.450182
35.825119
32.553618
32.449279
28.017059
32.528285
28.166427
32.648051
28.218275
32.727552
28.146595
36.003035
31.598991
37.14441
31.244765
34.136353
29.697091
33.976503
29.919033
32.504427
28.023055
32.541226
28.007215
32.879151
28.408183
28.320855
32.980213
33.236379
28.685976
32.895158
28.581273
32.541774
28.550959
32.660445
28.564643
36.345067
32.956738
36.308784
32.99824
51.299047
50.83945
35.863765
32.465598
32.441563
35.880327
56.520199
56.741869
36.677827
33.28654
36.655809
33.300681
15.090771
41.988945
35.305425
42.080207
35.339327
32.033256
27.523057
32.051815
27.531337
35.97326
30.059745
4.4672404
35.607489
30.732877
33.381022
28.700925
32.850688
28.710402
33.960264
29.351852
33.617734
29.208178
31.84335
27.542064
32.072089
27.714646
32.151255
27.656266
27.626361
32.19229
32.38723
28.092335
32.587204
27.929903
32.521749
27.207234
31.689419
27.776811
35.288678
31.99653
35.351542
31.927914
54.917946
53.85341
35.054397
31.902001
31.721456
35.111013
54.529962
52.907381
39.862204
33.76167
14.365423
40.388359
33.429636
34.657551
31.450678
34.735666
31.369897
35.38531
31.057396
35.586524
30.89341
31.958041
27.910924
32.733981
27.845526
32.601181
28.356548
32.51864
28.514341
33.864119
29.11578
33.786059
29.154688
35.912616
31.218206
35.73674
31.376453
36.783284
32.26081
32.150127
37.14708
12.769718
41.450007
35.523176
41.454298
35.203786
42.168525
36.293801
8.7985229
43.781441
35.55467
12.854697
50.610616
45.628869
44.841375
52.618931
49.685488
45.302743
49.652265
45.502131
42.123551
35.775028
12.200905
41.762902
35.878849
34.485363
30.267665
34.069366
30.698379
72.381539
81.248392
9.5790535
81.553389
66.382961
62.90311
72.522583
76.756812
85.071232
19.184506
96.278387
11.899182
94.375714
78.276646
74.766338
83.656571
88.3783
73.086303
16.086135
81.968735
9.6980074
17.179121
81.509559
67.082446
63.645318
72.464301
76.698555
84.283824
19.029187
95.42298
93.731229
77.546064
74.001775
83.070857
87.836297
54.407412
59.716967
13.720078
38.423504
31.98787
32.091228
38.269582
32.753892
29.69525
32.844986
29.74092
29.838878
30.786947
30.721889
29.898258
27.64829
28.479178
28.475085
27.651491
27.655726
28.888233
29.02461
27.528932
27.705349
28.58229
28.519582
27.727374
48.041969
49.280932
38.06599
31.874445
13.615507
38.110241
31.78081
33.154139
29.441711
32.565084
29.900821
27.196304
27.932727
27.929577
27.201581
26.957986
27.868351
27.670238
27.149745
27.376779
28.744231
27.40792
28.733353
27.862714
28.352755
28.731391
27.535536
56.383561
56.022942
33.55823
30.718986
30.32094
33.856588
33.958508
30.782017
33.903738
30.712738
28.77144
30.086842
29.660266
29.164182
28.594484
29.484805
29.463982
28.616499
28.292197
29.464354
29.176978
28.58403
28.667543
29.535045
29.558816
28.659653
58.050946
57.252913
35.025244
31.357689
34.672438
31.671474
35.855759
32.60263
35.901469
32.565002
28.733483
29.994001
29.629096
29.058699
30.045996
31.056002
30.997646
30.092488
29.546657
30.169736
29.246799
30.473767
30.255534
31.28114
31.239848
30.303362
58.409624
58.641682
41.203179
34.216194
34.79404
39.552706
39.977574
33.791557
14.497181
40.458082
33.403548
30.387244
31.941333
31.899931
30.392785
30.289369
31.477543
31.77637
29.980185
30.321975
31.612799
31.753838
30.279281
28.835598
30.622065
30.250523
29.162871
53.58883
53.503656
36.659434
33.554285
37.879303
32.745349
35.781903
32.344575
35.757924
32.355954
30.224766
31.209847
31.22227
30.216029
30.158928
31.199973
31.147332
30.196717
30.172692
31.461588
30.29177
31.245541
30.09485
31.103125
31.111934
30.086619
58.593729
59.064395
33.873167
31.011808
30.620166
34.158087
35.73924
32.017601
35.38335
32.465406
30.367187
31.515201
31.358155
30.51055
28.567683
29.832464
29.441861
28.935525
28.575187
29.750822
29.468317
28.865856
30.178813
30.804892
31.151651
29.837795
53.002327
52.757237
35.538609
31.786295
35.117343
32.163571
34.280465
31.445283
34.780975
31.093064
29.956941
30.55758
30.923189
29.600492
30.409382
31.068732
31.426459
30.070043
29.99612
30.593783
29.65387
30.953919
28.88099
30.230333
29.804666
29.256269
56.370028
56.04838
33.458241
30.423654
30.257221
33.496727
36.094147
32.819918
36.140076
32.790515
29.933715
30.841769
30.880697
29.891413
30.575237
31.534045
31.554287
30.556965
28.255655
29.184269
29.124611
28.342522
30.488019
31.491662
31.459669
30.522069
56.99366
49.763747
33.729279
30.448454
33.658819
30.646749
34.972932
31.435907
34.734133
31.653609
30.748595
31.831864
31.736611
30.840196
28.32183
29.474158
29.194906
28.61602
28.563664
29.323178
28.451872
29.39965
29.578286
30.270231
30.481256
29.365604
49.504709
48.832722
31.81291
28.897683
28.986015
31.894852
31.974275
28.941443
31.740153
28.996248
30.653333
32.770573
30.97134
32.263572
27.541349
27.973768
27.908506
27.604564
27.556441
27.948404
27.996655
27.472939
27.736189
28.062804
28.113743
27.694267
32.08097
29.865895
31.278937
28.693857
31.536787
28.459241
30.83973
28.206283
31.263905
28.036643
29.706514
31.050319
31.058609
29.556208
28.237269
28.024661
28.801408
27.55973
27.0031
27.659979
27.198954
27.47937
26.469627
27.290903
27.009596
26.748723
31.40104
33.879964
32.218052
32.807726
26.263998
26.724983
26.601835
26.416104
45.326664
44.76911
32.811414
29.945767
29.90207
32.863929
30.71733
27.821421
30.538244
27.997382
28.262718
28.837999
28.804349
28.292901
26.819691
26.966401
26.64778
27.14063
31.711903
30.05549
32.655347
29.805544
32.790217
29.738662
31.464836
28.699392
31.552577
28.624862
27.19597
27.954988
27.917648
27.227171
26.988115
27.632717
27.626469
26.995445
28.090076
28.76053
28.200111
28.627426
26.992329
27.664
27.595793
27.035374
39.914699
42.714436
42.242786
40.375909
42.260697
43.298029
43.487111
42.033934
35.236887
30.811366
31.442336
34.532251
48.076263
44.431603
48.84057
43.693344
28.774423
29.314723
29.930212
28.216567
40.738842
42.764815
41.423119
42.012932
33.502058
30.287165
33.914273
29.928415
34.363439
30.820962
34.577872
30.650926
31.713694
33.244029
33.22595
31.866333
28.568326
29.482004
29.666417
28.380798
27.482918
28.820375
27.779361
28.503651
28.008232
29.294826
29.123688
28.194011
29.896148
30.774712
30.790443
29.883764
30.444022
31.315904
31.389613
30.36033
50.437194
52.264362
35.469304
32.079581
32.087997
35.449198
35.592196
32.342428
35.74176
32.323457
29.901431
30.860656
30.870263
29.885729
30.058105
31.11764
30.152174
31.010723
49.873851
56.133878
35.515199
32.142764
35.516133
32.2533
33.871522
30.898119
34.172353
30.611955
30.055065
30.726186
31.046073
29.752653
29.997068
30.550745
30.962494
29.614002
29.969204
30.92209
29.943769
30.940271
28.55629
29.728037
29.450657
28.823759
12.425115
42.922317
35.2825
35.218508
12.501953
42.98357
36.630301
32.099246
36.957242
31.884509
28.185802
29.578515
29.784385
28.005703
27.630104
29.279965
29.51082
27.439019
28.613551
31.158253
31.08816
28.722012
27.238026
29.082749
28.990107
27.301555
42.911702
35.291417
42.976587
35.290161
37.741015
34.031977
37.819828
33.916314
32.040058
33.205657
33.12417
31.971683
30.797695
32.169357
32.279234
30.76951
29.202831
31.23002
28.921743
31.388243
30.544524
31.998919
31.807448
30.694459
27.584807
29.353643
29.121451
27.800519
25.207905
26.435138
26.611553
25.061597
30.52932
26.528219
26.62424
30.364918
33.058059
28.861035
33.254035
28.694247
23.020443
24.133509
24.2217
22.925158
24.756009
26.259749
24.909459
26.093294
30.411962
26.43751
30.228852
26.375649
30.916229
27.1528
31.137973
27.024212
25.275405
27.015884
26.842432
25.441025
23.454148
24.751696
24.869356
23.348126
22.801813
24.064611
22.853883
24.007823
23.117792
24.610785
24.491687
23.21733
30.292355
30.88418
31.249132
29.950527
29.934334
30.843277
30.917321
29.891525
51.693854
51.23004
36.488479
33.054584
33.021742
36.513978
35.31567
32.092642
35.344761
32.076168
30.78797
31.802268
31.770144
30.796583
29.85538
30.784095
29.859083
30.769757
51.684002
51.100119
36.462052
33.041453
36.502919
32.995429
36.017803
32.65839
35.975223
32.70569
30.169139
31.180336
31.144382
30.196046
30.188394
31.281818
31.133775
30.322019
30.710054
31.784951
30.758983
31.738381
30.396242
31.333177
31.378676
30.360656
29.672999
25.963249
26.012869
29.760846
31.981045
27.619984
32.135274
27.480473
24.702865
26.188587
26.169502
24.707519
23.694008
25.060934
25.167507
23.579979
22.479164
23.67437
23.639917
22.529472
23.369806
24.950994
24.846475
23.478582
30.187241
26.020027
29.790782
26.009677
33.38381
29.092559
33.319005
28.893536
25.625921
27.107402
27.208075
25.537933
25.287827
26.603606
26.733277
25.175531
22.70934
23.745019
22.602287
23.802053
24.8876
26.413291
26.268003
25.025794
24.70278
26.198343
26.22795
24.681805
23.991709
25.439991
25.491461
23.927008
32.232483
27.735599
27.723402
31.739866
32.509513
28.113403
32.277985
27.967826
23.491809
24.981056
25.037055
23.432289
23.805174
25.371259
23.870223
25.307616
31.985608
27.574096
32.077118
27.471345
33.613682
29.604338
34.890791
28.821312
26.435274
28.707974
28.488338
26.620989
25.109612
27.06009
27.043526
25.170754
23.344931
24.870187
23.409099
24.789766
24.58947
26.536964
26.047861
24.905217
30.405892
31.893365
31.919847
30.423711
30.005458
30.950967
30.931077
30.027784
59.235239
58.995402
35.652032
32.413354
32.256302
35.818331
35.529294
32.355515
35.599005
32.293475
30.081179
31.184304
31.039071
30.204111
30.086382
31.057368
30.138787
30.999913
53.59497
53.20859
36.289205
32.724213
36.160059
32.834163
35.71289
32.360408
35.749947
32.316952
28.42873
29.593884
29.332848
28.691814
30.210722
31.182786
31.219787
30.180246
30.574616
31.481094
30.481431
31.584057
30.117651
31.127581
31.098247
30.136671
32.793918
28.299396
28.262933
32.37756
32.853441
28.302854
32.763636
28.311729
24.138866
25.500922
25.540711
24.131789
24.274173
25.670078
25.630804
24.305126
24.037817
25.540688
25.562664
24.022005
24.334881
25.710928
25.741466
24.323857
32.405258
28.303056
32.365684
28.350879
34.208105
29.587582
33.87266
29.423617
26.325184
28.297246
28.118572
26.421153
25.310418
26.814038
26.993194
25.197011
24.069472
25.548489
24.036106
25.600452
25.014153
26.705665
26.613102
25.100113
24.132483
25.50485
25.498536
24.136307
24.326086
25.778415
25.692685
24.399127
32.966188
28.876661
28.920816
33.081516
33.157982
28.493752
33.040772
28.601234
24.852279
26.233004
26.216811
24.861878
24.559263
25.861159
24.484854
25.94611
32.958195
28.877963
33.097741
28.915172
32.786846
28.641255
32.793418
28.726033
24.355356
25.862546
25.81378
24.391649
24.277266
25.823443
25.753128
24.340067
24.881078
26.2385
24.871604
26.231739
24.440305
25.886237
25.910195
24.405711
30.625871
31.614006
31.651904
30.594043
30.201678
31.227339
31.204646
30.216327
54.659148
57.860809
39.868458
33.379931
33.40742
39.820831
35.9031
32.495487
35.913181
32.480983
28.823648
30.15989
30.22704
28.782122
30.233803
31.255479
30.241482
31.241107
56.419793
56.227479
39.960975
33.41824
39.992676
33.43864
15.029576
41.879924
35.198566
41.954592
35.162837
30.9274
31.933625
31.931458
30.938364
30.457573
32.00457
31.958553
30.44168
28.872902
30.296817
28.842319
30.296235
30.332273
31.906638
31.855557
30.349898
34.711421
30.380243
30.470182
34.663078
38.86398
31.783974
38.671629
31.976331
23.58281
24.935962
24.970534
23.532346
25.085812
26.85644
27.057488
24.912924
25.849365
27.45053
27.533749
25.82371
25.461318
27.482518
27.660613
25.285164
35.154894
30.36224
35.197608
30.286175
33.811609
29.425387
33.674042
29.619508
24.432914
25.882451
25.919906
24.39973
24.822284
26.505917
26.416653
24.904152
25.784591
27.457386
25.829052
27.424424
25.113921
26.586655
26.737524
24.993621
23.52229
24.937339
25.015002
23.507001
23.537631
24.991707
24.966102
23.541133
32.395911
27.783072
27.850285
32.299351
32.095282
27.697662
32.223269
27.847827
23.932515
25.244057
25.309437
23.90539
23.572778
25.034699
23.55688
25.11129
32.064623
27.664807
32.139843
27.572725
31.234087
26.919266
31.345059
26.81805
23.942401
25.506093
25.356692
24.084372
23.076515
24.5365
24.707046
23.082711
23.791541
25.166329
23.859203
25.093553
22.953037
24.380143
24.323234
22.999912
29.786506
30.789672
30.727669
29.835098
29.645563
30.612935
30.546116
29.732736
55.267743
61.611917
35.153956
31.906379
31.944652
35.147997
35.208263
31.850696
35.197198
31.859018
29.756434
30.659985
30.663022
29.745796
29.761237
30.667481
29.750158
30.671505
55.045767
56.463851
35.077451
31.894994
35.144257
31.830552
34.831766
31.499572
34.790175
31.536398
28.88559
30.652288
30.219486
29.187006
29.346108
30.295887
30.222069
29.40652
29.703258
30.656487
29.736804
30.608569
29.490706
30.34481
30.37407
29.454029
37.071311
28.314613
29.812341
33.534833
4.0781458
33.861224
28.636099
33.330277
28.499653
26.509271
28.203084
28.056805
26.63115
24.051668
25.2214
25.306065
23.883028
23.925314
25.542359
26.139089
23.72028
23.795351
25.416363
25.517366
23.861675
33.42095
28.428034
34.256124
28.698144
33.673459
29.071688
33.785062
29.019128
24.359549
25.672667
25.821383
24.227095
24.951065
26.439885
26.469679
24.92337
23.862146
25.266937
23.650573
25.528186
24.874046
26.398283
26.353521
24.901112
26.852185
28.335389
28.476156
26.740609
26.806439
28.686534
28.880451
26.600348
7.8959851
41.872928
34.084401
34.590144
5.2094794
40.900145
37.38352
31.84474
37.774892
31.752354
27.77372
29.814548
30.363768
27.647049
26.786648
28.477
26.557382
28.594278
36.796583
32.854392
37.760595
32.084746
42.487823
36.334769
43.514967
35.807696
31.116724
32.629689
32.436569
31.178995
29.319638
32.185031
31.621198
29.567069
27.658235
29.477104
27.588534
29.290062
30.194836
32.526629
32.332567
29.870069
35.009205
30.532405
31.186815
34.298633
48.451899
44.808274
49.231231
44.007887
39.636769
42.192737
41.596732
40.100382
42.5732
43.651353
43.829493
42.325449
28.545995
29.0382
29.685518
27.909185
41.001179
43.064044
42.291628
41.701409
33.192742
29.97877
33.715438
29.503333
33.145851
29.897636
33.616953
29.538226
31.169753
32.722544
32.732678
31.200859
28.014736
28.734666
29.119577
27.629965
26.91442
28.475241
27.354335
28.006565
26.893799
28.371498
28.008804
27.261125
52.678518
58.202573
42.834864
36.743552
11.669507
41.714099
10.540358
35.947128
10.507285
46.219936
48.51059
38.497554
9.3508623
32.999304
9.3928879
38.645146
33.165139
57.535285
58.101098
42.167847
35.817992
41.357569
35.348523
10.453634
51.532881
51.573244
42.074589
10.900749
35.887877
42.258305
10.812787
35.839977
58.671748
58.783289
43.19145
37.113395
11.7757
43.259523
11.792885
37.196196
11.798616
53.726061
53.567515
43.675623
11.867691
37.654997
11.888616
43.446154
37.860578
50.358897
50.471288
43.986674
37.82599
41.949652
35.545631
10.726807
53.06165
53.028279
42.739021
11.57452
37.18896
42.148799
10.943901
35.87822
58.313663
59.021303
43.066881
36.976958
11.745859
43.847772
11.959508
37.580283
11.930622
58.34923
55.156815
44.321217
12.081417
38.095102
12.049845
42.990533
36.934739
46.777729
46.057636
38.740527
30.061638
33.018123
26.716694
5.8529856
41.445668
45.749802
41.549215
10.018699
35.482574
40.778837
9.8907034
35.21938
40.322452
7.9028862
31.550869
6.9662763
42.958479
44.025695
26.735146
32.103055
6.1280931
5.8044649
41.420884
43.134507
38.469032
9.3035864
32.86986
9.2498013
38.465166
32.509166
54.364457
14.718868
47.588546
14.602769
47.157523
53.894357
43.927974
8.4199655
37.236308
41.695168
36.150395
42.828157
11.70798
36.958682
11.727325
56.121739
59.24348
37.306809
43.537082
11.824703
11.813471
51.344736
51.831968
43.076033
37.385339
43.755733
11.89553
37.61808
11.901021
60.28451
47.293315
61.532556
5.7309774
48.22739
5.6553712
44.507609
8.4207619
37.969291
50.730079
40.351153
60.162177
46.913827
46.227698
59.090967
58.232487
4.12265
45.280134
56.763877
44.387892
43.041962
37.545382
52.381721
52.061641
37.594131
43.827481
60.22197
60.84415
43.531883
11.853355
37.438564
42.774177
11.639947
37.227254
57.773337
4.4113165
45.242567
4.5066766
57.787783
45.229516
58.318046
4.1354957
45.544638
58.551508
45.608604
57.671682
4.3376128
44.980792
4.2974102
44.98469
57.700393
60.685094
4.3184713
47.560723
60.959492
47.678104
43.205913
11.785468
37.155127
11.787236
59.046959
58.972296
37.200046
43.256939
11.806066
11.813961
53.591932
53.346979
41.592023
35.552318
44.048817
12.01662
37.944613
11.983112
58.606582
45.729396
58.190521
4.8986581
45.477074
4.9018693
60.432297
4.2143716
47.013146
60.47461
47.170613
58.6551
45.848111
45.945598
58.890953
59.191443
4.7679167
46.243627
59.280101
46.206388
44.135878
38.191325
51.45746
51.61602
37.867219
43.885275
52.438051
49.771394
44.418007
12.112512
38.273355
42.983487
11.695683
36.940708
56.167639
4.0933041
43.59447
4.1020502
56.0825
43.549532
59.177647
4.7455555
46.213712
59.051524
46.113947
56.260383
4.0850317
43.77071
4.0798048
43.960876
56.566849
56.004104
4.1942235
43.331267
55.17091
42.779475
43.018475
11.714627
36.919414
11.722687
52.497795
58.496485
36.666882
42.161211
10.78161
11.563563
50.68264
49.581719
41.025058
34.790195
39.904523
9.8482261
33.716044
9.8145136
60.082352
46.721447
58.130648
4.7679339
45.498074
4.8251772
56.313617
4.272593
44.102952
58.191251
45.246243
60.18143
46.981762
47.277615
60.501476
45.95515
8.5489309
38.694083
50.170005
40.224952
54.291144
47.518612
53.823005
14.712382
47.213384
14.648225
45.507983
8.5575661
38.137667
42.302732
36.646955
21.47136
57.158598
53.865025
46.960126
53.277605
55.91385
33.046585
21.163926
52.162792
55.474554
46.592092
48.630432
56.241347
57.034992
53.868699
47.10931
53.066462
55.910107
26.103297
20.807465
52.613705
55.391509
46.870042
49.034186
56.180997
57.724406
56.735878
39.325809
10.093168
33.766125
10.103963
39.632878
33.669827
9.9626964
50.49609
50.550647
39.30065
33.618632
40.189407
10.21798
34.569837
10.189597
55.662416
55.281605
41.342934
35.219511
10.572169
42.4266
36.745113
49.104948
48.867741
42.278879
10.848533
36.647176
42.303868
10.799959
36.841458
60.149676
53.135515
43.447922
11.816111
37.383138
11.812174
44.104492
37.928305
12.025263
52.968802
52.634745
43.452795
37.327967
42.2039
10.957503
35.837918
10.867206
59.445323
59.419574
41.861118
35.492383
10.50678
43.515848
37.379496
52.207426
55.609583
42.753817
11.618464
37.059971
43.069236
11.685397
37.307573
55.48803
55.232752
41.025103
10.427932
35.090718
10.406612
42.035584
35.252653
10.384242
49.665241
49.687914
41.157567
35.358036
41.215985
10.605977
35.496655
10.603532
43.414412
39.670334
37.069073
31.216509
7.7863846
36.276042
30.773671
28.484766
29.009787
36.942348
7.9059556
30.940711
37.614494
8.4298972
31.472039
40.203451
37.116282
38.743144
8.334895
32.619394
8.2299917
36.655536
31.408159
7.5697933
29.003787
29.283255
38.7217
32.573434
37.567096
8.3757358
31.675949
8.3632857
40.941269
35.646909
49.244452
13.114516
40.975734
12.660667
39.998129
8.3680862
33.300215
37.968736
31.848567
56.435273
56.130388
43.117305
37.004081
11.763394
44.259077
12.069801
38.068848
12.089627
55.486952
55.312333
43.172636
11.759491
37.109387
11.774322
43.676257
37.590685
57.926701
7.0405391
46.156213
6.9164725
58.78702
46.156506
57.942212
7.1728551
46.407541
57.958601
46.532282
54.268153
4.3638445
42.129322
4.3845184
55.275355
42.752764
54.16876
4.3441565
41.900293
54.219776
41.948371
58.415048
58.61897
44.334345
38.009336
43.468348
37.389099
11.870292
50.794154
54.60664
44.236628
12.094463
38.107451
43.800503
11.936544
37.730466
53.183781
41.452488
54.936737
4.5098962
42.581666
4.5000942
53.195382
4.1509055
41.440718
54.45921
42.160833
57.784963
44.948393
57.591476
4.4671784
44.941698
4.5282692
57.726433
4.5034288
44.787027
56.123902
43.765746
58.879025
59.118912
43.472552
37.211025
11.81011
42.123484
10.557278
36.746209
11.665237
56.674573
60.114497
43.747834
11.944254
37.788075
11.986941
43.413505
37.389586
58.358103
4.5462131
45.537519
4.5409872
59.362089
46.31042
58.381738
4.5630445
45.593154
58.791392
45.845169
59.09052
5.0000587
46.231796
4.9978926
59.290545
46.376447
59.107967
5.0032638
46.257371
59.288302
46.39947
57.143695
56.687201
41.015841
35.385106
43.383172
37.100693
11.779951
55.918951
55.788309
41.142106
10.44169
35.332664
41.886741
10.635524
35.480804
60.256828
46.91907
60.073166
4.2932192
46.782734
4.3090426
60.270166
4.5017758
46.91849
59.056141
46.087586
55.988475
43.726139
56.700175
4.4012159
44.043612
4.4091298
55.876553
4.4374751
43.462574
55.283539
43.037359
60.603691
60.195184
42.652682
36.743002
11.654467
42.964298
11.692634
36.794802
11.679795
58.074856
58.695925
42.713907
11.619356
36.560327
11.617141
42.260146
36.236151
55.345471
4.5589821
43.020816
4.5264755
54.884158
42.620709
55.441152
4.5822652
43.29887
55.545532
43.403678
60.22054
6.8982226
47.74351
6.8131509
61.260464
48.027757
60.047638
6.9832345
47.444713
58.484438
46.728957
40.968305
8.277045
35.637281
8.466287
49.368039
41.079398
40.085244
8.1202619
33.114053
37.0631
31.090523
52.958656
53.509804
40.088469
34.461181
41.705984
35.75538
10.549533
32.401284
33.796527
34.299769
31.145436
34.260998
31.183592
32.875073
31.502018
30.198382
31.53134
34.113423
31.176251
34.287795
31.017894
32.698037
31.511714
46.298482
46.114687
39.090829
9.9056951
33.136213
38.625845
9.6893784
32.991806
28.991735
30.243169
31.889657
28.871551
31.858517
28.892869
30.345587
29.108634
29.317673
30.427262
31.599265
28.689266
31.753979
28.529481
30.179154
29.046208
57.359147
56.939254
41.195313
35.489432
10.453955
41.347486
10.488388
35.530177
10.490726
31.774628
32.785246
33.746295
30.574891
33.804643
30.647563
32.492426
31.036787
31.130249
32.44119
33.923134
30.729742
33.848514
30.67843
32.516775
31.115215
54.914688
58.958098
43.412556
11.82169
37.212906
11.805814
43.085362
37.427034
31.77554
32.838836
34.142962
31.307565
34.506685
30.852807
32.882269
31.797482
32.721681
34.126023
35.782306
32.106932
35.38095
32.363698
34.304287
32.541977
58.627245
58.540249
42.611972
36.864774
43.130617
37.062604
11.755358
32.922092
34.067153
42.012159
35.2719
42.090226
35.299863
34.14744
32.978746
32.518257
33.982474
41.865882
35.238577
41.91495
35.163159
34.022104
32.946997
53.703897
53.613494
43.528612
11.847875
37.517331
42.124242
10.93979
35.836325
32.950616
34.4734
36.119606
32.227267
35.625461
32.676874
34.660486
32.757171
32.929376
34.347723
34.030862
31.199335
34.423073
30.746474
32.865307
31.788867
50.536161
57.882304
41.975605
10.642401
35.523492
10.527008
43.062205
37.200463
11.761214
33.298999
34.626755
33.689428
30.948368
34.113508
30.501623
32.531343
31.515471
31.583252
32.63072
35.591028
31.951858
35.308993
32.33842
34.182426
32.439416
53.176411
53.267442
43.541779
37.818514
43.291036
11.745053
37.693889
11.909461
32.225644
34.081385
34.038299
31.139287
34.445579
30.750398
32.808622
31.736313
32.83846
34.740093
35.985518
32.138261
35.527395
32.67084
34.621699
32.644701
58.057483
57.328507
43.908501
37.806169
12.002145
43.899826
37.81226
32.450891
33.988706
35.970059
32.769075
36.078203
32.679123
34.469047
33.074057
33.19368
34.682992
36.238128
32.876862
36.196374
32.923616
34.739763
33.18795
58.326295
58.00607
41.537043
10.473427
35.1549
43.242693
11.798925
37.134289
33.551476
35.000981
35.319061
32.072677
35.322613
31.953451
33.912395
32.470215
31.132762
32.306216
35.57201
32.342993
35.608309
32.321719
34.141564
32.679265
47.021608
47.757557
35.392694
6.5735934
29.833575
6.5528854
33.470337
28.258055
6.3296124
30.990469
27.738863
29.397107
26.747681
29.737752
26.393366
24.205006
25.061901
27.417711
27.32991
30.406853
27.295873
30.251003
27.487876
25.813134
25.61486
38.946337
36.827183
37.554679
32.863024
40.856628
9.8401682
34.664783
9.7791322
31.522416
32.630524
38.46537
32.192983
36.363504
32.947104
32.469796
31.007153
28.499584
30.281302
34.033884
31.287144
34.881263
30.853547
31.904714
30.825351
31.847433
28.96447
28.892785
26.360918
29.059466
26.1832
24.12103
24.734908
43.291474
43.919732
34.855565
6.6048665
28.478855
6.6433982
32.590595
28.070715
29.706584
26.738811
29.423092
26.867057
26.358464
26.392698
25.226299
25.577776
38.799465
35.481614
37.97684
32.163438
38.416639
32.401291
9.0900722
28.978921
30.125604
31.733634
28.82863
31.724025
28.838124
29.909018
28.706323
28.448261
29.581853
31.689621
28.834422
31.729759
28.768277
29.804166
28.693935
42.58211
44.271853
47.342627
43.317218
47.226671
43.431325
43.706133
41.597928
56.393441
15.464534
48.824179
15.364306
54.113967
15.004819
47.672249
15.071021
47.485245
43.368393
47.28999
43.543212
43.345943
45.1729
41.700817
44.101322
40.696217
34.080942
41.618609
35.557294
8.3250023
33.539918
34.382714
8.8415141
42.75008
34.687683
40.53739
35.473921
33.180825
31.382178
28.478213
30.562815
36.788649
33.574122
38.232665
32.673269
32.301881
30.953859
32.401686
33.804736
35.746918
32.408689
35.802291
32.352679
34.256804
32.832177
52.98333
51.815227
43.758917
37.661064
11.896892
43.473938
11.819713
37.497
11.823489
35.849298
32.421555
35.814556
32.447778
32.998801
34.599172
32.867719
34.346829
51.143357
50.416204
42.571043
11.550566
37.204324
11.722799
43.757509
37.589769
32.475554
34.32784
35.85187
32.498396
35.879492
32.535748
34.54401
32.990084
32.205752
34.093185
35.866336
32.463668
35.900255
32.423942
34.508399
32.989175
62.346482
6.3106452
49.244355
6.248502
61.811839
5.8085248
48.945617
5.8813686
36.959945
40.523523
38.442939
33.566586
38.475932
33.510297
41.579075
38.439413
38.458442
42.256803
38.558539
33.566197
38.589833
33.575519
42.203035
38.632151
56.393237
8.3420638
44.941401
51.525906
42.178608
33.778901
34.877313
38.398523
33.436327
38.425374
34.127374
35.772112
34.073928
36.047769
38.909944
39.173557
33.361848
39.049792
33.922351
36.832175
34.169905
36.782667
40.069417
35.147435
30.469069
34.937082
30.680665
39.409491
35.788963
56.587612
4.6461909
44.376108
4.6972372
58.806508
5.1412977
45.643552
5.0793166
34.54634
30.266539
34.735253
30.076682
34.401338
37.933983
35.647253
38.959503
54.957174
4.2780815
42.840436
56.476407
43.717309
35.369916
38.632741
32.770657
28.529846
32.651603
28.768083
37.831486
34.264008
33.084403
36.479549
32.230102
28.352674
32.459932
28.216906
37.245841
34.072375
32.56788
34.403849
35.847687
32.622409
36.062995
32.419329
34.507543
33.163067
52.423749
52.337592
43.164217
37.271155
44.404586
12.106657
38.430644
12.147595
36.672959
33.175974
36.550989
33.296811
32.619141
34.209117
33.598741
35.273366
59.920579
59.534429
43.577027
11.86767
37.330045
41.889056
10.540414
35.410665
10.455141
32.917346
34.350141
35.589725
31.8509
35.212065
32.317073
34.074599
32.289383
32.953346
34.255713
33.814761
30.917978
34.204314
30.551005
32.537048
31.417271
56.657834
44.303096
57.630752
4.562675
44.864091
4.5442291
35.081073
38.495329
33.103129
28.593493
33.260401
28.920759
38.434608
34.834684
34.028776
37.516196
32.988927
28.478842
33.135853
28.362113
38.018464
34.751737
58.022325
4.3037215
45.358431
58.752335
4.1385838
45.904151
4.1908498
35.470183
38.92477
34.85999
30.285768
35.181315
30.41127
39.009764
35.667588
34.990164
38.616131
34.939983
30.179299
35.054119
30.078941
39.125621
35.700078
35.004844
38.327619
32.945383
28.724377
32.882511
28.854943
38.320513
34.774291
57.25067
44.636793
57.672643
4.3304256
44.875803
32.59412
28.62981
32.771181
28.587726
34.421491
37.901782
34.736197
38.175252
58.389787
45.953008
60.73379
4.6089828
47.193949
4.6234536
36.922993
40.676379
11.919739
42.565131
34.563377
42.398614
34.707616
40.991196
37.131252
35.398196
39.273484
11.826382
42.107478
34.424888
11.887149
42.229162
34.311766
40.590138
37.008129
32.978943
34.103727
37.881802
32.771407
36.668932
33.349204
34.056966
32.766416
59.099848
59.22674
43.064327
11.755183
37.1085
11.781825
43.352293
37.322488
11.843787
35.853176
32.541745
36.053386
32.429069
32.559633
33.953997
32.781259
34.180866
53.654911
53.790403
43.675628
37.635554
44.135252
12.046896
38.114764
12.052483
31.392119
32.594755
36.170838
32.855805
36.288443
32.719163
34.728052
33.345903
32.943664
34.557482
36.335166
32.974284
36.331227
32.983932
34.987162
33.416602
58.349601
45.554851
58.147961
4.896805
45.38964
4.8969078
34.912016
38.602635
32.224952
27.859201
32.32375
28.03702
38.374134
34.649035
34.934529
38.478661
32.333253
27.857777
32.324642
27.87135
38.299864
34.628526
59.751204
46.695841
60.449663
4.4345508
47.131806
4.4680855
36.761908
40.094206
35.61483
30.583871
35.477288
30.799697
40.194307
36.676376
36.057189
39.754899
34.831604
30.671677
35.205134
30.536292
40.180617
36.623994
34.948238
38.664362
32.532413
28.160682
32.139759
28.07656
38.746295
34.985838
59.253273
46.256648
58.929348
4.9088984
46.012145
4.9087818
32.170793
28.148619
32.12963
28.253213
35.363811
39.011886
34.960753
38.830674
59.495034
4.7924582
46.434894
4.78851
59.315732
4.7297019
46.255902
35.55855
39.153855
32.872741
28.306121
32.384364
28.299886
39.03831
35.316249
35.542141
39.284328
32.213361
28.274587
32.329922
28.308299
39.086513
35.284128
33.415237
34.988635
36.029499
32.557985
35.99103
32.584653
34.646199
33.096027
51.341052
50.918722
43.689898
37.557536
11.873723
43.685037
11.92371
37.689182
35.882854
32.500597
35.926818
32.453623
32.950836
34.479779
33.047863
34.489279
56.290004
56.740149
43.357744
11.823589
37.303412
43.025211
11.743556
37.069201
11.75613
33.64023
35.170857
13.756766
40.800212
34.723702
41.28144
34.444836
33.948109
32.669998
33.051302
34.241957
41.714901
34.999952
41.543202
35.033465
34.015066
32.821252
58.578801
4.4034654
45.425347
56.374829
4.2043428
44.200661
4.2687384
33.728877
36.994536
32.267804
27.971049
32.539638
28.020151
37.026414
33.88404
35.44084
38.705904
32.829715
28.092271
32.678243
28.221304
37.544042
34.030945
59.060182
46.037571
59.043714
4.6296691
46.058081
4.5917289
35.566606
39.16471
33.091467
28.971677
33.369083
28.925528
39.147316
35.522671
35.650913
39.11086
33.304133
28.948146
33.641826
29.052092
39.092918
35.535788
33.748831
37.14738
31.957397
27.840562
32.025694
27.883639
37.328349
33.888095
56.708681
43.906163
56.512705
4.0734999
43.845876
4.0606642
31.806206
27.786551
31.833554
27.816071
33.968977
37.203114
33.872432
37.249263
55.633169
4.3032411
43.247184
4.3195657
55.404414
4.2229303
43.155346
33.754276
36.857592
31.421201
27.379905
31.418232
27.42879
36.325367
33.054809
33.15737
36.589228
32.004357
27.403272
31.436767
27.718454
36.56658
33.111267
32.408765
33.791669
35.059818
31.303103
34.585499
31.724926
33.579657
31.74762
52.700202
53.521487
42.793194
36.688641
11.549269
41.379972
10.707008
35.300382
10.677492
33.541265
30.680351
33.79062
30.447906
32.242458
33.590773
31.128239
32.401043
51.060436
52.393196
41.91473
10.479223
35.945739
10.434587
40.167598
35.126716
31.277321
31.925308
13.494023
38.411879
32.296098
38.175968
32.342483
31.031939
30.019664
31.719749
32.992195
36.33707
32.236064
37.679458
31.999848
32.283682
30.575311
55.577566
4.3851022
43.215179
57.758041
44.558218
4.6555076
36.421485
39.831183
34.2963
29.561997
33.992852
29.813961
38.715783
34.96762
33.058396
36.605931
33.338026
29.306248
33.653965
29.026289
37.84289
34.67955
57.420058
45.012483
58.22273
45.37137
4.7139884
33.947717
37.549862
33.735802
29.169845
33.845571
29.092275
38.475096
35.073985
34.850021
38.389644
33.981005
29.259995
33.934129
29.31949
38.632294
35.117999
36.524837
40.10249
36.672776
32.06974
36.765923
32.015206
40.565446
37.322883
62.187201
5.9379364
48.683849
60.728075
47.860044
5.4331901
36.831502
32.091135
36.745922
32.082611
37.933583
41.696213
37.489677
41.084205
54.739755
43.603568
50.793367
41.542002
8.3837288
33.996929
35.176807
41.924788
34.062506
39.53756
34.732739
35.547971
33.608648
35.365783
37.934078
37.565176
32.897039
37.380848
32.291775
36.270549
33.546728
56.930569
15.432538
49.365733
54.042882
47.741487
42.613815
44.214341
46.924858
43.13169
47.036297
43.100049
43.759408
41.587718
43.844157
45.694965
47.532181
43.287138
47.196421
43.629359
44.188635
41.700627
39.857926
33.733731
41.873238
8.533505
35.655199
8.4805643
33.924055
34.986668
36.253366
32.603236
35.588632
32.991525
33.658591
31.724919
27.918419
30.303204
35.347719
32.395202
35.413794
32.208208
32.611091
31.336533
35.250701
36.498206
45.839108
38.097277
42.749528
34.928147
45.176948
35.556247
34.271185
37.065504
46.014356
38.583538
42.191435
34.899007
45.552842
35.818976
58.078445
59.190655
40.164367
10.339612
34.42165
10.255602
39.662634
9.9706131
33.841772
29.909103
31.064209
12.55219
37.525916
31.203045
35.974339
31.553409
30.874949
29.93092
30.215611
31.475791
33.35998
30.305937
34.506061
29.729771
31.120723
29.882414
29.080721
29.874396
29.914177
29.042619
28.934339
29.911891
29.762123
29.083482
27.548857
28.670917
28.824816
27.546866
27.451052
28.550528
28.386778
27.465655
50.373044
49.636991
39.472329
10.000275
34.152287
40.092809
34.330051
10.330317
29.816291
30.927903
36.32531
31.461552
35.991605
31.455738
31.692072
30.415771
29.696999
31.394295
12.49766
37.830181
31.584703
36.957129
31.932526
31.514887
30.332357
27.081385
27.813364
27.847143
27.031267
26.757472
27.647693
27.505634
26.863419
28.196506
29.160666
29.406987
28.068035
27.89864
29.182538
29.154233
27.879599
55.684963
55.887679
41.262198
35.472567
10.480909
41.255936
10.428885
35.227877
10.36453
31.214959
32.322829
35.186982
31.544327
34.852426
31.840034
33.616426
31.938851
31.171094
32.609361
33.512292
30.700181
33.943745
30.436396
32.184517
31.174518
28.537031
29.428344
29.401837
28.540712
28.629192
29.481702
29.525432
28.604039
29.738217
30.375142
30.651746
29.469833
28.349793
29.563021
29.194559
28.68024
49.339592
57.018453
43.577134
11.908718
37.468622
11.897939
41.266009
35.15857
31.849803
33.638461
35.164032
31.574505
34.768597
31.946138
33.75724
31.98925
32.954526
34.434666
33.379113
30.643988
33.755175
30.305802
32.189634
31.142445
28.770132
30.024726
29.680095
29.107948
30.100605
30.794592
31.120465
29.825629
29.74654
30.294817
30.654909
29.403531
28.216684
29.388088
29.065438
28.530666
59.914162
58.966456
41.829724
35.393282
44.051221
12.005962
37.640135
11.94133
33.082175
34.32321
42.871603
35.953986
42.911991
35.887036
34.921353
33.648177
31.692842
32.404124
42.729161
35.983667
15.342739
42.946448
35.816969
34.679651
33.613796
30.459657
31.986726
31.947575
30.440302
30.340952
31.848713
31.821283
30.385528
30.87433
32.493727
32.442052
30.893653
30.833382
32.537987
32.372728
30.942613
53.146166
53.448442
43.474601
11.842207
37.508662
43.609771
11.8313
38.11869
12.053964
32.872026
34.283689
34.007695
31.222341
34.529192
30.851586
32.876855
31.789694
32.876747
34.435757
36.496784
32.537161
35.836652
33.025761
35.023219
32.912914
30.419434
30.998945
31.432033
30.008409
28.653217
29.954689
29.570363
29.025401
28.649906
30.027901
29.577643
29.077764
30.72405
31.213456
31.762123
30.236383
59.381756
59.153483
43.119713
11.736377
37.317628
11.849881
43.339677
37.247966
11.819002
31.419331
32.610792
35.816884
32.58646
35.873291
32.543765
34.371347
32.907431
32.464743
34.300966
35.608537
32.401064
35.678678
32.344132
34.160233
32.757881
28.423417
29.681437
29.314601
28.783888
30.087619
30.744618
31.033109
29.789992
30.270022
31.269997
31.23143
30.306749
30.071966
31.088477
31.034404
30.125529
52.295425
52.651512
42.41455
36.135615
42.224965
10.895354
35.910834
10.814902
32.19388
34.074034
35.635646
31.927356
35.293142
32.237519
34.240179
32.459908
32.044086
33.074533
34.112985
31.179298
34.479627
30.837968
32.867126
31.769147
28.629388
29.943551
29.571852
28.983165
30.336717
30.90844
31.337377
29.914013
30.029162
30.715243
31.014113
29.741647
28.752425
29.996
29.66858
29.059052
55.66534
55.966035
43.858562
37.675707
11.963183
43.072421
11.766686
37.449423
30.801244
32.094254
33.461056
30.926646
34.218656
30.382988
32.20855
31.49718
33.154361
34.616415
35.933233
32.136888
35.396924
32.516379
34.423988
32.536149
30.385831
31.444846
31.359164
30.464849
30.608374
31.549086
31.594305
30.568586
28.296619
29.761165
29.139941
28.857864
30.315384
30.831268
31.28931
29.899235
49.731078
49.864149
42.356022
10.618991
36.463348
41.120783
10.618058
35.216087
10.621026
30.896679
32.379665
33.828511
30.639093
33.732912
30.736435
32.602124
31.094793
31.833623
33.535593
33.53508
30.450235
33.543209
30.316763
32.333282
30.931213
29.783215
30.772825
30.744459
29.825006
30.07857
31.037731
31.01962
30.090708
28.642046
29.38841
29.489042
28.539458
28.295263
29.20912
29.173809
28.351382
44.697876
48.032535
35.565858
6.5938125
30.082382
6.6196181
36.252122
30.545454
7.0189926
28.101519
28.648608
31.880193
29.053836
31.879061
29.059203
28.256142
27.902178
27.503329
27.591768
31.99363
29.086594
32.039605
29.036004
28.012076
27.928259
25.817039
26.10607
25.806051
26.037348
26.532983
26.609746
26.762672
26.438738
27.640435
28.089049
28.094373
27.634972
27.642273
28.124082
28.095884
27.665896
28.52415
29.370139
37.564444
31.394199
37.581402
8.467715
31.534357
8.4774656
27.947318
28.473607
31.377475
28.619826
31.446729
28.557566
28.963759
28.136989
27.931357
28.870825
31.489038
28.574302
31.41746
28.558014
29.014763
28.100318
29.325232
30.141627
30.577594
29.163043
28.83841
29.900525
29.652225
28.975987
27.01013
27.546078
27.551327
27.058625
27.068465
27.565475
27.576676
27.051224
25.472145
25.653515
25.500803
25.572975
25.809451
25.967211
26.065191
25.770159
41.344374
44.108315
34.8927
29.066557
6.6247229
36.362035
7.3043183
30.475557
29.313541
29.97759
32.16378
29.092233
31.944206
29.300461
28.863333
28.149482
26.510508
26.798068
31.609886
28.874802
31.845791
28.674737
27.988536
27.953732
27.810652
28.115014
28.309986
27.632388
27.284848
27.913424
27.69707
27.440027
29.068125
29.691426
37.920483
8.7962348
31.887246
37.359706
8.3991812
31.345617
8.4154415
29.214335
30.02559
31.547054
28.500957
31.433991
28.592389
29.132262
28.125919
28.430482
29.338001
31.031791
28.298407
31.237701
28.203518
28.838907
27.981858
27.098321
27.78124
27.790325
27.088367
27.056971
27.789821
27.733583
27.102306
27.039374
27.505654
27.604879
26.922101
26.618831
27.310918
27.184553
26.727795
39.870539
41.262983
41.236583
39.918727
40.354811
41.422041
41.690698
40.093761
56.403143
15.45556
48.761062
15.410242
50.508226
13.578237
44.443262
30.133851
32.475002
39.513229
36.44869
40.538189
35.49626
37.435453
36.805461
43.280735
44.928342
42.769898
37.489596
41.650327
38.565422
40.690459
37.844711
33.021924
34.931882
34.01524
33.881831
35.870794
35.954833
36.977591
34.853085
40.267372
33.094907
38.061615
32.005057
29.41595
30.2878
33.059305
29.56638
33.150488
29.485052
28.81978
27.329697
28.211805
29.677748
33.450758
29.679286
33.280081
29.824587
28.832654
27.269454
30.436431
31.728958
32.134929
30.136539
29.529704
31.240765
30.748788
29.814217
26.980251
28.097076
28.033905
27.018596
27.221464
28.202306
28.340823
27.094764
30.195134
31.192836
31.139001
30.242681
30.302103
31.208916
31.233543
30.269626
56.421357
55.807211
43.445597
37.323941
43.96817
11.991263
37.675466
11.958646
32.488185
34.011824
36.543307
33.012071
36.465628
33.0724
34.976289
33.383116
32.830318
34.211007
36.051153
32.746691
36.178979
32.61897
34.526027
33.150292
30.80223
31.761089
31.81695
30.748642
30.402206
31.507096
31.384771
30.509759
55.563007
55.835852
41.743111
10.740897
35.561578
43.503378
11.876189
37.264164
11.82027
32.540398
34.041813
36.059464
32.593213
36.010575
32.644741
34.543444
33.010081
31.428572
32.629273
35.625954
32.441695
35.848705
32.356192
34.171453
32.872361
30.208085
31.219661
31.202308
30.206296
30.163784
31.210343
31.175078
30.186425
30.428628
31.365351
31.418427
30.375994
30.091088
31.213752
31.042256
30.238602
62.057423
48.574006
59.185753
6.4886619
46.840136
6.4549488
36.910432
40.078654
41.842398
32.999071
38.047115
34.622334
39.918119
36.230337
38.216275
41.555917
37.409088
31.782412
36.808503
31.605934
40.201313
36.220319
28.657281
30.460746
30.43788
28.660001
28.524647
30.459587
30.408304
28.615997
28.230066
30.112907
30.524242
28.033882
27.104515
29.179173
28.68766
27.635055
56.722437
45.902552
8.2552942
57.865259
7.8922418
46.405352
37.054154
40.19636
5.5586551
42.565827
34.211816
39.468087
34.933497
40.180377
37.127254
36.326796
39.770631
5.6287893
41.1201
34.44325
39.124806
35.343295
40.15212
37.141245
31.570777
31.825264
32.220449
31.306987
30.731299
31.533319
31.524921
30.952776
29.46978
31.45112
31.183059
29.76225
29.873568
31.862615
32.05297
29.877048
26.478961
27.750287
27.952919
26.282521
25.918315
27.556859
27.37496
26.095455
56.287899
4.5999581
43.651612
4.5514185
55.36376
4.5054245
42.997495
32.207172
35.665522
31.382491
27.407315
31.570583
27.27238
36.235976
32.948468
34.197771
37.293961
31.981253
27.585269
31.765809
27.772578
36.530954
33.06469
23.590127
24.970749
24.83642
23.724911
24.003885
25.117119
25.278413
23.863845
54.917887
42.70318
54.309965
42.197834
32.143458
35.454824
30.46485
26.252712
30.517565
26.205819
35.479613
32.207499
33.006424
36.297535
30.341165
26.423389
30.418969
26.529276
35.710595
32.276877
24.452266
25.807342
25.996502
24.287984
24.03014
25.64305
25.506602
24.158057
22.649442
23.908867
23.858962
22.677325
22.778627
23.996163
24.079985
22.72601
30.169953
31.372776
31.179043
30.346647
30.911049
31.825814
31.943085
30.801791
54.427486
51.099932
43.127128
11.702116
37.044328
11.692216
43.490562
37.465217
11.829608
33.438457
34.940976
35.730646
32.421456
35.723525
32.455693
34.352209
32.836962
32.527523
34.018536
35.750088
32.459735
35.767499
32.460445
34.343546
32.871514
30.206533
31.113735
31.154346
30.169328
30.161038
31.133742
31.128149
30.182409
50.829509
51.050201
43.691928
37.712491
44.105243
37.953542
33.455416
34.914595
36.025806
32.652408
36.079129
32.59701
34.570534
33.138883
33.038622
34.624959
36.282229
32.804862
36.246293
32.830967
34.86498
33.27163
30.062514
30.648459
31.006841
29.707359
28.51329
29.749183
29.398597
28.847902
30.365178
31.411157
31.360655
30.405766
30.561732
31.556563
31.581376
30.535868
56.508862
43.93842
55.146946
4.5186714
43.121266
4.5214462
31.735468
35.080428
30.041461
26.409928
30.244846
26.310546
35.998869
32.708214
33.924528
37.187679
30.590255
26.572016
30.425022
26.818089
36.490059
32.880886
24.550222
25.915008
26.069968
24.43176
24.203089
25.812533
25.694436
24.288754
22.501093
23.936192
23.833362
22.580532
22.825042
24.062068
24.224367
22.676057
57.726028
44.650496
54.836742
4.2261049
43.064548
31.760927
35.119765
30.886591
27.21262
31.214267
27.046137
35.842912
32.759216
34.775917
37.969987
31.814606
27.440069
31.365446
27.731375
36.629109
33.012058
25.946785
27.432493
27.48217
25.945825
25.828138
27.367757
27.272704
25.899992
23.468056
24.837836
24.629898
23.632524
24.012181
25.033903
25.261471
23.808765
24.629444
26.018664
26.089372
24.568002
24.399376
25.943642
25.845634
24.486909
57.169656
44.483412
57.312359
4.3919247
44.420582
34.319146
37.963858
32.27815
27.821992
32.38009
28.006267
38.007912
34.379552
34.392092
37.739903
32.355179
27.803873
32.359946
27.798653
37.603221
34.308583
23.652882
25.149447
25.22739
23.638276
23.64584
25.139351
25.146425
23.636064
57.808579
44.676703
56.104369
4.1229876
43.714654
4.1199533
34.273889
37.756232
31.629226
27.390172
31.858965
27.521084
37.028221
33.620378
35.029123
37.991755
32.041733
27.467641
31.94518
27.570221
37.038807
33.690366
27.018043
29.501506
29.626628
26.928676
26.650632
29.384693
29.309245
26.783859
23.423605
24.831087
24.823184
23.472908
23.672804
24.92597
25.053519
23.566626
30.226152
31.275122
31.42226
30.208197
30.212638
31.238904
31.189471
30.22895
58.798243
58.867089
43.132459
11.785536
37.135098
11.786926
41.156504
10.402399
35.106437
32.779863
34.074922
35.260449
31.49771
34.793434
31.915261
33.673179
31.864513
32.637276
33.970794
33.57456
30.661287
33.893796
30.364064
32.269815
31.113861
29.814389
30.335227
30.729431
29.431968
28.373244
29.528962
29.237334
28.646057
53.169172
53.055879
43.578246
11.837397
37.413434
11.812603
43.41294
37.414679
33.08429
34.707324
35.727578
32.429635
35.724106
32.440145
34.286197
32.814558
32.868596
34.341186
35.763976
32.436933
35.732372
32.353541
34.322907
32.828066
30.454539
31.594244
31.470721
30.568029
30.619062
31.630171
31.640894
30.613693
30.154235
31.110392
31.122061
30.139575
30.125435
31.116883
31.117089
30.139902
58.421775
45.760347
59.300457
46.232688
34.942745
38.559721
33.08427
28.535202
32.614227
28.482185
39.140315
35.461134
34.986469
38.680522
33.077184
28.562478
32.684958
28.48838
39.091695
35.435583
24.087516
25.377437
25.41139
24.078232
24.114318
25.391512
25.397446
24.093277
24.251365
25.765855
25.774563
24.2655
24.312603
25.794801
25.805321
24.292383
59.61394
46.37992
58.864709
45.968112
34.973842
38.624748
33.211674
28.600839
33.284959
28.53251
38.819895
35.378562
35.970285
39.395103
33.5236
28.693674
33.379
28.834509
38.988969
35.405149
26.091319
27.698354
27.818601
26.019384
25.839056
27.681629
27.57134
25.953473
24.317734
25.878753
25.825005
24.390254
24.584126
25.968688
26.106683
24.482296
24.129553
25.47609
25.477316
24.112142
24.136904
25.484437
25.53254
24.110272
59.293566
4.9534859
46.385177
4.9627343
59.315136
5.0228221
46.455591
35.38445
39.121382
32.839759
28.82356
32.929783
28.86396
39.262838
35.544247
35.408273
39.172816
33.392823
28.845467
32.972007
28.792228
39.32055
35.583408
24.709462
26.094356
26.117697
24.696926
24.711871
26.097277
26.109734
24.699174
59.453522
46.378538
59.165827
46.166227
35.388934
39.134269
32.910655
28.791566
33.028082
28.843842
39.252127
35.493202
35.558007
39.278768
32.824717
28.741739
32.900382
28.794079
39.104411
35.429705
24.109427
25.516331
25.55503
24.06819
24.054179
25.500186
25.520373
24.049964
24.72794
26.102456
26.122632
24.68772
24.584302
26.06776
26.0162
24.631085
30.301143
31.308705
31.333367
30.276299
30.208653
31.256359
31.213896
30.236757
57.273723
57.723242
43.708535
37.530047
43.384945
37.252644
11.821653
31.301081
32.409681
41.653863
34.906556
41.357257
35.111356
34.16301
32.961132
32.966122
34.44493
37.803445
34.243025
39.539084
33.482538
34.147466
33.016912
30.396048
31.886004
31.850681
30.430997
30.215649
31.598624
31.387785
30.303451
56.043014
56.223435
43.263777
11.791053
37.068775
43.105499
11.7491
37.424842
31.283376
32.371806
40.037261
34.128904
14.607853
40.60825
33.585837
32.679393
31.986576
32.94639
34.141639
42.349145
35.131443
41.878063
35.545343
34.446851
32.853787
30.014312
31.538125
31.436843
30.035946
30.236912
31.646987
31.747168
30.192693
28.972179
30.838455
30.401655
29.412971
30.669019
31.851728
32.222463
30.302964
58.842787
45.926565
59.987436
4.2836663
46.588424
36.370509
39.908241
35.020175
30.115474
34.98204
30.142705
39.696583
36.207424
35.486905
39.344252
34.908556
30.071043
34.939131
30.023266
39.536742
36.153272
24.00312
25.419202
25.402307
24.068237
24.266565
25.526038
25.655764
24.164206
25.629737
27.212717
27.278353
25.58743
25.465306
27.16284
27.138986
25.53071
59.081574
46.118313
59.06937
4.346856
46.138596
4.3962717
36.373355
39.890015
34.957397
29.998606
34.81041
30.084089
39.284366
35.8503
35.68388
39.289068
34.771003
30.108209
34.649075
29.988426
39.349389
35.85575
24.460033
26.113621
26.064134
24.499902
24.563513
26.126443
26.180817
24.532723
25.601209
27.187557
27.236176
25.586134
25.517811
27.22142
27.158007
25.572709
23.585305
25.128103
25.127734
23.628318
23.58115
25.088179
25.092002
23.610171
56.957711
44.348399
56.773259
4.3986017
44.181007
33.769523
37.170031
31.99155
27.943531
32.043757
27.963842
37.393664
33.931188
34.059061
37.530216
31.98125
27.983024
32.166139
28.00036
37.452148
33.936173
23.870991
25.318134
25.32168
23.842097
23.766157
25.302079
25.275622
23.810616
55.541618
4.2912923
43.050807
55.273138
4.2949736
42.937808
4.2727697
33.698027
36.935059
31.118708
27.145613
31.065948
27.291892
36.533856
33.064091
33.08446
36.363712
31.369686
27.112547
31.07739
26.988841
36.356188
33.012172
23.396813
24.745763
24.812417
23.324986
23.2981
24.720669
24.837483
23.281963
23.474169
24.672569
24.763308
23.388462
23.211944
24.596551
24.501668
23.30739
29.624888
30.13897
30.538922
29.23945
28.345319
29.428603
29.205849
28.568054
60.758451
61.236349
42.819198
36.835761
11.611518
42.986885
11.70206
36.904719
11.713751
32.236253
33.644442
35.31594
32.028778
35.333811
31.965475
33.828723
32.382497
32.291087
33.731475
35.386837
32.038379
35.350506
32.023364
33.917418
32.403806
29.835891
30.802068
30.766754
29.860414
29.862503
30.811204
30.81571
29.863447
57.830197
56.867587
42.002228
10.512639
36.244518
10.538321
42.114178
36.230406
32.198263
33.629244
34.925595
31.612635
34.907588
31.6248
33.327772
31.899469
31.781638
33.17635
34.85523
31.691821
34.850176
31.559002
33.202413
31.886008
28.008722
29.368223
29.260885
28.168434
29.083522
29.883427
30.181405
28.708521
29.59689
30.467342
30.477088
29.586675
29.544776
30.421561
30.416243
29.578518
55.387304
4.3563571
42.774195
4.3335026
54.89135
4.3189413
42.548279
33.418159
36.867227
6.5428023
36.960899
29.820291
36.939154
30.042021
36.447149
32.902446
33.015518
36.252399
6.4997983
36.797514
29.629665
36.926005
29.672933
36.31241
32.865017
25.765451
26.945318
27.166187
25.576556
25.158275
26.71445
26.474257
25.372576
23.513277
25.810178
25.726412
23.520277
23.507063
25.802717
25.796555
23.505022
57.145473
44.395788
55.646973
4.4642065
43.673103
4.4803149
33.534637
36.952645
32.431685
28.521031
32.789627
28.363428
37.136106
33.931635
34.700816
37.941469
33.223888
28.542091
33.141149
28.607647
37.381128
34.045033
24.881941
26.477644
26.402133
24.952771
25.050186
26.55196
26.587605
25.019433
24.439741
25.919397
25.796918
24.5384
24.658955
25.983549
26.046668
24.604424
27.198861
29.003791
28.974978
27.207881
27.176989
29.012302
29.010345
27.19964
62.204113
6.0117688
48.655658
61.408883
6.2821396
48.256772
6.2194195
37.392218
40.828262
42.162349
34.458299
12.054937
42.179633
34.458497
41.228548
37.526229
37.810955
41.747528
42.149574
34.453962
12.02391
42.166402
34.43318
41.498068
37.549179
27.465853
30.093268
30.046571
27.427748
27.394097
30.088702
30.038777
27.416516
55.239193
8.0930309
44.716093
8.0398193
58.162158
7.647056
46.090287
7.7194477
37.193577
40.556461
36.01889
32.47767
36.335931
32.258409
40.117602
36.363769
35.660031
38.730928
36.988172
32.509453
36.710282
32.225175
39.681736
36.206261
29.969253
31.143109
31.319578
29.7709
29.34898
30.760069
30.339817
29.609002
27.975503
29.768774
29.827374
27.934332
28.257789
29.578613
29.517221
27.951544
56.928962
15.426573
49.290718
15.375848
50.703364
13.506368
44.690914
30.03085
32.443083
39.489607
36.401483
40.531903
35.446052
37.534441
36.925841
43.768232
45.41
42.94385
37.542492
41.759633
38.68085
40.911379
38.020588
39.684145
41.120941
41.004913
39.806594
40.509788
41.38528
41.809754
40.086
32.914213
34.815858
33.933442
33.747515
35.92418
35.942424
37.064191
34.80616
39.51868
32.172333
37.112135
30.948222
29.252556
30.063147
31.755647
28.203533
31.712388
28.223909
28.04466
26.390691
27.487752
28.801173
31.822044
28.230408
31.734531
28.306171
27.765786
26.233863
30.433715
31.292767
31.545356
30.240899
29.754454
31.0715
30.846471
30.017546
25.624249
26.726168
26.772531
25.568395
25.663666
26.74363
26.808441
25.590048
29.256435
41.178635
30.167698
42.136393
29.681557
30.187111
37.190491
89.033061
9.8737663
46.479593
49.833881
50.10001
58.847448
68.23048
36.876421
88.168312
45.761775
29.407304
41.335308
29.979248
42.102508
29.995304
30.155084
49.576176
50.132126
22.121447
80.916421
36.952407
17.636264
18.758117
93.771834
20.122917
20.137255
21.552358
16.230738
18.170372
17.013487
32.143896
100.68681
20.970524
20.684792
22.730486
85.939433
34.382894
16.707507
19.98964
90.985071
18.546164
26.815898
12.046213
6.6613798
3.6827746
22.343764
16.671263
17.442925
16.637819
31.39904
94.659002
19.023906
21.964739
22.684526
16.088675
80.402797
18.548641
36.916175
17.521891
19.57813
93.500159
20.093309
18.073229
16.800848
32.090557
100.44667
20.657763
22.642506
27.090719
12.020784
4.1552221
23.232733
16.716105
85.258455
16.908406
34.282649
16.614156
20.515771
90.483615
17.783884
17.467015
16.882153
31.284857
94.165634
18.232392
18.696445
15.076265
42.067736
42.156594
35.141286
31.723581
31.808177
34.89712
15.006127
41.845516
41.69413
14.02828
39.140042
39.129996
32.775025
29.906201
29.624956
32.92265
14.048717
39.082914
39.419241
13.574545
38.287526
38.283233
31.927811
29.01045
28.998717
31.984533
13.579826
38.292684
38.327258
13.565489
38.191097
38.424126
31.686808
28.692553
28.629203
31.562867
13.485704
37.955023
37.951137
14.606815
40.696526
41.16576
33.914381
30.581255
30.66705
33.821302
14.524151
40.361938
40.263033
14.484487
40.423868
40.424204
33.875708
30.747483
30.640521
33.861405
14.498937
40.328504
40.4488
14.594196
40.663791
41.048321
33.9322
30.725758
30.785124
33.87411
14.531913
40.52453
40.43642
15.207114
42.440099
42.494477
35.564757
32.299432
32.291764
35.712349
15.217267
42.454873
42.476112
15.055036
26.615644
41.925115
35.263403
35.201717
15.063899
41.943638
26.61917
26.520282
15.041032
41.933467
35.245538
35.176719
15.056615
41.955599
26.599831
15.325648
42.733239
42.673355
35.880464
32.670087
32.539865
36.000938
15.337218
42.707126
42.87045
15.296191
42.53472
42.619634
35.644411
31.963364
32.244954
35.217086
15.228022
42.374536
42.010666
15.399678
42.931804
43.098621
35.733788
31.91786
32.414041
35.271701
15.282201
42.556812
41.963245
14.509608
40.422196
40.932047
33.719919
30.940088
30.611408
34.074142
14.472301
40.340646
40.722404
15.171757
42.354189
41.765029
35.608008
32.005431
32.288205
35.376134
15.216328
42.398359
42.066255
15.421907
43.032218
42.537935
36.285595
33.025832
32.937022
36.385564
15.501497
43.241163
43.332987
15.147252
42.157363
42.132019
35.483377
32.333515
32.217082
35.596314
15.169852
42.31206
42.456323
15.459312
43.16073
43.126115
36.212309
32.925323
32.902483
36.254298
15.471578
43.181321
43.215108
15.564113
43.430245
43.530234
36.287314
32.685958
32.889217
36.10988
15.502849
43.165701
42.923732
14.368727
39.987703
40.458034
33.587894
30.781696
30.501363
34.034334
14.417651
40.204483
40.543228
14.255812
44.179229
31.904967
27.651711
29.082392
30.384095
39.212839
13.192234
37.76782
13.008576
37.823318
38.005205
31.69484
28.506142
28.716863
31.45603
13.002526
37.755187
37.544448
25.809583
14.549292
40.961529
34.273408
34.258881
14.478077
40.778424
25.772244
13.815714
39.318983
38.604193
33.418615
30.690618
30.35538
33.734629
14.088789
39.904897
40.354903
13.796219
23.866046
37.434299
29.463597
31.927092
33.600792
18.028073
41.82475
30.168489
27.310507
27.500537
30.161069
12.764846
36.979596
37.053791
12.778415
37.001943
36.039842
13.552605
38.251501
38.298194
31.868884
28.935832
28.957418
31.842087
13.541857
38.219568
38.198622
13.362424
37.88653
37.951775
31.617761
28.73484
28.657349
31.674649
13.351255
37.843824
37.925878
18.854484
33.182239
17.61981
52.851632
45.007187
45.704471
50.841954
32.113882
12.856611
49.115289
44.708541
45.094952
48.591045
57.92944
20.431329
57.952854
20.263553
57.552795
56.781111
25.826738
42.548506
36.373715
36.3408
42.845693
25.412799
9.7370691
9.6487439
43.435262
43.261185
35.228633
31.572941
31.382981
35.402358
9.5508019
43.451236
43.404269
15.113025
42.192844
42.140842
35.371262
32.226133
32.128309
35.46654
15.139917
42.232405
42.362512
36.054521
32.6333
32.634698
36.040199
15.408996
42.861827
42.801662
15.413224
42.896347
42.888689
15.250848
42.390969
42.008437
35.857594
32.613847
32.530416
35.943312
15.325701
42.699911
42.80389
15.186707
42.267954
41.718653
35.811446
32.503579
32.412157
35.923434
15.29065
42.537088
42.658618
12.464257
45.890727
45.52814
37.585104
33.123359
32.914558
37.845559
12.576354
46.248392
46.58064
13.004967
46.418779
46.005184
37.900043
33.109631
32.886303
38.158735
13.081142
46.808018
47.132197
26.753236
42.866663
36.012694
35.956082
12.762969
43.037369
26.949835
45.995092
13.194097
45.836857
38.332332
34.689689
34.528553
38.571022
46.225222
13.201094
46.499721
12.143586
44.822829
45.166842
36.140476
31.392374
31.656222
35.86867
12.049261
44.487138
44.180397
33.841436
29.555471
29.412041
34.011219
6.9754143
41.663486
41.432184
41.891232
7.0116066
42.100852
7.0722428
42.565157
43.134415
34.209313
29.366642
29.475049
33.482816
7.0610244
42.492052
42.612822
39.689311
6.7915685
39.385484
31.643015
27.733928
27.59809
31.73963
39.883555
6.8143502
40.118323
15.331637
42.740511
42.26804
36.053762
32.756037
32.738217
36.076601
15.412438
42.980771
42.994398
35.610577
32.481126
32.282475
35.903503
15.197563
42.234622
42.245599
42.400508
15.235028
42.670956
15.273835
42.626366
42.637434
35.71189
32.353735
32.354192
35.760694
15.244403
42.470416
42.486699
42.608281
15.266745
42.777792
35.480667
31.727908
32.169626
35.07012
42.22423
15.154147
41.695849
7.0270377
41.423409
41.446622
33.652213
29.030836
28.973266
33.136825
7.0355937
41.532397
42.09402
39.816895
6.8866109
39.816451
32.473897
28.087734
27.967621
32.635029
39.969703
6.9011306
40.14577
11.793996
43.608821
43.410757
34.561563
30.233721
30.210104
35.065381
11.866478
43.72488
43.334189
42.150868
6.8743399
42.162695
34.369322
29.812333
29.61784
34.564316
42.480063
6.9044374
42.996342
7.0024736
41.442012
41.47333
33.501917
29.037875
29.063614
33.520158
6.995205
41.673404
41.582444
32.344697
28.304143
28.278031
32.412853
6.9129399
40.417458
40.566015
40.861562
6.9178365
40.966856
16.078742
49.790654
41.652775
34.250899
33.718571
7.1671088
42.620328
25.169949
15.332606
47.2121
40.004098
32.894261
32.086771
6.9991631
41.236136
23.352925
26.604226
41.831479
35.136679
35.186659
41.640099
26.535638
14.804403
35.583276
32.276347
32.209211
35.64998
15.164193
42.365666
42.361989
15.202169
42.330473
42.411176
14.461999
40.226533
40.636708
33.880568
31.185088
30.721981
34.392332
14.528006
40.503582
41.092659
15.334178
42.768896
42.635131
35.941285
32.660779
32.579495
36.072572
15.362434
42.771041
42.870493
6.9174237
40.096864
40.039472
32.337539
27.9597
28.154125
32.43699
6.9135011
40.077588
39.921187
6.942305
40.135722
40.390519
32.510903
28.025219
28.056341
32.52829
6.9222687
40.009837
40.038104
12.144857
44.864661
45.934586
35.655899
30.935117
31.060078
35.332004
12.226857
44.53702
44.441583
12.047105
43.183263
42.988868
34.642142
30.102592
30.126179
34.965757
11.981399
43.26717
43.0716
6.9285025
40.030004
40.069447
32.524224
28.06749
28.043046
32.571808
6.9303159
40.046133
40.09174
32.820449
28.209722
28.282221
32.714855
6.9939687
40.422866
40.562412
6.981629
40.327406
40.213125
7.0562662
40.952892
41.448885
33.150491
28.592615
28.529453
32.762395
7.0481443
40.895937
41.155099
11.632747
41.045783
41.057179
32.644349
28.399344
28.489508
32.482911
11.602688
40.927264
40.824951
15.541608
43.31872
43.241028
36.392714
32.997354
33.035715
36.35866
15.559547
43.353045
43.2882
35.820922
32.519896
32.466168
35.829104
15.324694
42.5901
42.637547
15.309825
42.614376
42.683819
15.659738
43.77004
43.688823
36.787977
33.33524
33.278354
37.304817
15.68811
43.851617
44.586912
15.084034
26.687889
15.078011
41.999083
35.28962
35.283917
41.933503
26.667397
15.068521
6.7482871
39.499721
39.542693
31.625142
27.73722
27.664663
31.735332
6.7554616
40.113685
40.141957
12.48612
47.677141
34.833442
28.991537
29.587402
33.81775
7.0516879
43.192472
41.670095
7.0711902
41.34216
41.587896
33.434563
28.830881
28.748017
33.347228
11.565682
41.21691
41.453298
7.0992509
41.815042
42.40534
33.781257
29.027378
29.069814
33.766305
7.0837719
41.6353
41.607173
6.7623096
40.009266
39.579895
31.773231
27.714982
27.705263
31.7266
6.7736371
40.073959
40.217683
32.092859
27.677582
27.630706
32.179453
6.8073025
39.630243
39.678605
6.8042953
39.561629
39.692438
6.7976344
39.88449
40.204631
32.156703
27.594676
27.729909
32.02346
6.772204
39.607943
39.435493
6.7619231
40.518532
39.029461
33.241137
26.464878
27.592194
31.071094
11.548552
3.7491714
43.737509
41.941327
15.08492
42.050022
35.226113
31.915924
31.869072
35.266368
41.865322
15.062929
41.932202
34.935174
31.355616
31.606288
34.664536
41.754006
14.976927
41.918668
14.934345
41.572612
41.276415
25.152467
14.0814
39.703956
32.960711
33.140961
14.017583
39.511814
24.962061
14.745211
41.274099
41.352378
34.634195
31.519057
31.346138
34.689321
14.741939
41.26203
41.466956
11.912169
43.861175
44.0842
35.22735
30.517055
30.703782
34.996398
11.810377
43.598938
43.357812
6.6622152
39.844894
40.597547
32.238828
28.231734
27.934632
32.359613
6.6751085
39.738962
40.080587
6.8991091
40.98155
40.621676
32.888442
28.833353
28.711392
33.118159
6.9316709
41.17147
41.335886
7.0783418
41.723076
41.724296
33.876013
29.267466
29.191497
33.971839
7.0879934
41.806116
41.939563
12.120969
44.568718
44.348128
36.105889
31.666905
31.525754
36.262968
12.18413
44.714654
44.912812
36.700645
32.008576
32.036364
36.787782
12.67179
45.495869
45.973111
12.652782
45.445593
45.561795
12.542678
26.744292
41.49899
34.850474
34.975937
13.001337
41.644937
26.885043
18.075495
39.418588
33.738147
34.489042
38.312448
13.548154
49.275062
46.53201
16.491737
25.667418
48.739132
43.351157
44.061451
47.570267
58.797538
19.891188
55.601829
20.650699
58.500556
58.485925
49.567659
45.064478
45.469907
48.988893
20.472029
58.113447
57.275654
25.668418
9.6063941
42.365751
35.396525
35.833207
8.9416364
41.941627
24.768837
9.3549594
42.435068
42.222064
34.792329
31.510282
31.126551
35.045199
9.3307875
42.401431
42.260771
48.198202
39.121263
55.110742
30.032321
35.899288
46.701711
37.753363
41.801104
30.963254
36.364611
28.53978
28.53749
28.547611
28.574388
28.619936
28.627849
28.62339
28.621252
28.652847
28.650928
28.647862
28.638759
28.611998
28.615659
28.61138
28.626031
28.495149
28.490491
28.49413
28.504331
28.502049
28.514141
28.497126
28.500142
28.501518
28.500804
28.505438
28.509316
28.508698
28.511315
28.501801
28.519925
28.425
28.41139
28.40973
28.419618
28.43509
28.442636
28.412954
28.397835
28.441383
28.437508
28.439927
28.430851
28.425837
28.434573
28.433698
28.429872
28.455565
28.459565
28.458101
28.472509
28.469702
28.470875
28.468647
28.465988
28.439538
28.43687
28.435831
28.437846
28.471729
28.466704
28.468258
28.454072
28.510826
28.515503
28.505076
28.487562
28.531041
28.533935
28.531015
28.486325
28.476215
28.480884
28.485852
28.475575
28.542588
28.541538
28.547959
28.526791
29.263266
29.569882
29.295689
29.167566
28.762039
28.763555
28.772575
28.828619
28.602224
28.59347
28.604876
28.628289
28.802281
28.747449
28.747888
28.703315
29.325404
29.494666
29.301814
29.243867
28.828664
28.783436
28.848822
28.90116
28.657672
28.646361
28.668264
28.688805
23.976018
24.030375
28.717658
28.780362
31.26009
32.220653
32.357225
32.224233
32.3198
32.709144
32.787567
32.679149
32.701168
32.741616
32.73681
32.737033
32.72868
32.7298
32.793
32.712251
32.664993
48.478914
44.276768
54.176617
65.597859
35.135624
40.93936
47.049362
42.876618
42.302951
35.400998
36.961643
28.529828
28.537453
28.527161
28.52445
28.51033
28.516229
28.501581
28.47995
28.497724
28.494912
28.50118
28.51416
28.513278
28.516713
28.508647
28.494105
32.724518
32.704119
32.73722
32.747803
32.816097
32.803424
32.825537
32.807332
32.743147
32.744708
32.742508
32.73329
24.796139
24.781564
32.776988
32.804573
24.811795
24.790263
32.689237
32.702798
32.691884
32.694156
32.733624
32.756956
32.744157
32.750779
24.628553
24.639364
32.765413
32.783209
32.739115
32.755875
32.74131
32.76431
28.469612
28.489455
28.473617
28.444317
28.470588
28.439271
28.470938
28.490809
28.443574
28.442588
28.44499
28.451403
28.441757
28.433031
28.4437
28.436775
32.847459
32.839473
32.838376
32.812322
32.818735
32.777299
32.811354
32.83508
32.806772
32.790872
32.808979
32.817291
32.767162
32.784079
32.777578
32.799945
32.862903
32.848847
32.844805
32.850929
32.806036
32.815774
32.826247
32.847964
32.871402
32.873487
32.877292
32.857762
32.834796
32.813364
32.834921
32.836069
28.414031
28.432865
28.423619
28.426219
28.422506
28.413901
28.42273
28.418192
28.434803
28.434022
28.440326
28.414038
28.410778
28.399432
28.408055
28.414977
32.930447
32.928739
32.939207
32.921824
32.898215
32.886492
32.899553
32.89134
32.865233
32.867981
32.861918
32.870243
32.893499
32.883152
32.908132
32.895758
32.93522
32.944683
32.930057
32.900201
32.938016
32.937937
32.939022
32.94471
32.889752
32.888612
32.900832
32.871992
32.947983
32.93854
32.955789
32.932556
28.459935
28.458742
28.456718
28.475327
28.504186
28.508568
28.506623
28.504809
28.482071
28.476921
28.47795
28.493332
28.505757
28.510285
28.502015
28.491084
32.814808
32.792197
32.818867
32.825589
32.829883
32.838214
32.823372
32.797033
32.878999
32.90186
32.870169
32.88742
32.817612
32.832836
32.82635
32.8277
32.773533
32.785483
32.775003
32.795147
32.812108
32.821008
32.811628
32.800061
32.759751
32.731011
32.76042
32.762363
32.830587
32.820319
32.838067
32.835664
28.51713
28.514387
28.511901
28.518882
28.521777
28.541044
28.518524
28.509857
28.58798
28.594738
28.595869
28.60886
28.539518
28.501614
28.532374
28.543911
32.768651
32.763481
32.760865
32.741307
32.780974
32.77445
32.767133
32.7547
32.7487
32.73508
32.770395
32.73622
32.812664
32.785157
32.815028
32.825061
32.765367
32.754325
32.772576
32.780576
32.749251
32.699231
32.752322
32.761213
32.815589
32.808143
32.804905
32.793881
32.706804
32.71103
32.73062
32.724766
16.169848
32.405418
32.33635
32.380402
32.502256
32.677601
32.66595
32.671825
32.605406
32.743213
32.736366
32.773233
32.748569
32.704147
32.658348
32.702198
32.744949
30.146706
48.138718
39.04219
45.887591
55.810092
29.927573
35.780583
46.673225
37.668003
41.798637
30.830478
36.373638
48.387215
44.077258
53.580209
64.865077
34.977537
40.709171
46.930638
42.712363
42.182234
35.22989
36.86678
13.665546
24.324513
38.436013
32.080762
32.1064
13.730743
38.457448
24.356204
39.205612
14.023144
39.173595
32.644497
29.574499
29.642443
32.57588
39.090227
13.967433
39.001058
28.31231
24.653717
28.369172
24.617611
29.745205
30.442549
30.639385
29.583288
28.241311
24.427706
24.546736
28.088947
27.669447
28.663179
28.514136
27.85449
26.219847
22.773834
26.224952
22.781516
26.253755
22.984452
26.438776
22.804707
26.13995
22.614238
26.035892
22.697506
27.710781
29.103797
29.059896
27.716493
26.181539
22.704744
22.68325
26.186322
27.61989
28.354347
28.425765
27.553653
26.285776
22.854048
26.305623
22.847696
26.211601
22.721578
26.154367
22.783525
24.127716
38.145076
32.174479
31.849397
13.557623
38.393478
24.147612
14.102938
39.594885
38.928873
34.093231
31.271729
30.428728
35.344368
14.502724
40.834143
43.76947
25.891876
22.535024
25.895181
22.529822
27.201772
27.963571
27.93441
27.210472
25.895753
22.529613
22.531792
25.896078
26.844088
27.519095
27.613021
26.815227
25.638599
22.458701
25.813337
22.294023
25.540208
22.173265
25.495901
22.21239
25.879576
22.491838
25.906939
22.460542
27.486178
29.129478
28.837535
27.816109
25.966393
22.762191
22.522548
26.250211
28.102986
29.251422
29.055952
28.21577
26.471307
22.797131
26.195164
23.018504
26.65858
23.180551
26.718394
23.155678
14.381205
39.945802
40.428704
33.432929
30.643189
30.215107
33.750121
14.326519
39.816956
40.367916
40.410607
14.533972
40.467699
33.916847
30.715754
30.803948
33.825489
40.538256
14.52646
40.414917
27.26519
23.997784
27.643346
23.67234
28.597937
29.425795
29.50258
28.5141
27.103162
23.451767
23.52437
27.029567
28.603403
29.497827
29.487696
28.621941
27.103558
23.548412
27.12544
23.540213
27.116426
23.552361
27.12656
23.540397
26.822437
23.519769
27.087194
23.281988
28.212091
29.387972
29.079275
28.531909
26.754749
23.496363
23.231284
27.060405
28.683309
29.468083
29.557675
28.600031
27.180682
23.58648
27.162983
23.595687
27.183173
23.535306
27.11028
23.608047
14.983373
41.632027
41.25712
35.088688
31.860007
31.729047
35.215303
15.021374
41.711812
41.869434
42.772926
15.324494
42.796229
35.692946
31.855517
32.302248
35.21236
42.420051
15.243458
41.865738
27.231011
23.903084
27.540293
23.634605
28.623866
29.462931
29.523127
28.56414
27.119035
23.484411
23.541746
27.068671
30.054954
31.074303
31.002241
30.096505
28.472349
24.729836
28.512148
24.708871
28.484527
24.743406
28.531671
24.721336
28.013126
24.078327
27.724503
24.333922
29.622245
30.663746
30.532422
29.734901
28.088727
24.501027
24.404741
28.19857
30.075791
30.651546
31.069571
29.684029
28.66541
24.904541
28.713157
24.872118
28.496266
24.407392
28.128201
24.710579
9.2348801
25.339831
14.853314
41.80287
35.422033
35.195635
15.10544
42.233098
26.393021
25.367033
39.975031
33.859544
33.436741
14.498072
40.399545
25.375474
28.61611
24.798116
28.623894
24.796103
30.386299
31.879405
31.884758
30.414663
28.614909
24.809444
24.79802
28.63369
30.384654
31.869372
31.865313
30.414749
28.544376
24.492601
28.268354
24.734607
28.629221
24.832886
28.650369
24.815822
28.561556
24.757638
28.555946
24.752593
30.452703
32.115468
31.925762
30.577638
28.660404
24.924366
24.832991
28.775397
28.84696
30.57384
30.246179
29.188053
27.21176
23.833646
27.512606
23.575132
27.218921
23.87416
27.543903
23.600835
43.78901
15.645225
46.773447
35.800861
31.897123
32.340333
35.306298
42.681721
15.282552
42.003415
15.288087
42.501488
42.503535
35.910084
32.721416
32.472498
36.173314
15.343277
42.664685
42.981749
28.628519
24.81864
28.622831
24.830354
30.239802
31.338761
31.240578
30.339023
28.64965
24.924277
24.83977
28.738712
30.033497
30.658849
31.014819
29.705593
28.554546
24.776352
28.58502
24.748978
28.434901
24.375417
28.117613
24.642123
28.558347
24.824136
28.626204
24.771886
30.01275
30.652751
31.008018
29.678221
28.430322
24.397312
24.662715
28.126815
30.204632
31.460927
31.222659
30.416303
28.47923
24.663566
28.477155
24.671857
28.585853
24.923502
28.785926
24.757256
40.334352
14.517333
40.783927
33.841954
31.076773
30.684858
34.235507
40.390239
14.515202
40.901329
15.269664
42.627239
42.089202
35.902353
32.632908
32.6136
35.928793
15.336312
42.807191
42.817801
28.774406
25.064228
28.905329
24.955003
30.146371
30.709454
31.135775
29.737246
28.561775
24.454356
24.776537
28.180963
28.497751
29.680168
29.364778
28.805889
27.078017
23.797442
27.4222
23.507326
27.012556
23.713996
27.304663
23.45305
27.087878
23.753778
27.357842
23.516664
28.592396
29.812949
29.479739
28.915617
27.099835
23.780384
23.527313
27.405127
30.323576
31.316159
31.297815
30.342749
28.595907
24.535961
28.28146
24.805211
28.728499
24.939449
28.753042
24.92889
42.242194
15.188232
41.793125
35.69761
32.429779
32.319142
35.821591
42.456964
15.256356
42.602772
14.688475
40.956718
41.395973
34.152733
30.815364
30.861447
33.981489
14.619322
40.652309
40.601742
28.351226
24.330583
28.033197
24.610254
30.041392
30.784508
31.020271
29.799287
28.42866
24.472798
24.676018
28.202363
30.579718
31.680035
31.595301
30.662895
28.778225
24.679522
28.468517
24.928164
28.944228
25.135645
29.023141
25.065039
28.432081
24.409075
28.112835
24.680636
30.141277
31.207162
31.098569
30.227846
28.572769
24.864805
24.797735
28.650482
28.747306
29.567215
29.670927
28.660449
27.375388
24.052863
27.723454
23.755836
27.246134
23.553616
27.158254
23.637022
39.84496
14.332812
40.039203
33.46283
30.222077
30.259449
33.278806
39.837977
14.312994
39.775615
15.424639
43.065989
43.079398
36.042106
32.688811
32.708417
36.106921
15.397371
42.934113
42.922963
28.375336
24.598462
28.338475
24.637033
30.004142
31.02969
30.941412
30.086653
28.437902
24.750277
24.693634
28.518899
30.597789
31.598191
31.582626
30.611746
28.971713
25.124282
28.956196
25.13939
28.990137
25.164447
29.006183
25.154166
26.79915
23.354211
26.88753
23.274626
28.25799
28.992335
29.124253
28.149299
26.798222
23.181462
23.271177
26.68953
30.449665
31.456578
31.425122
30.470664
28.895478
25.100409
28.931604
25.085602
28.859462
25.053009
28.878443
25.046239
40.345834
14.445246
40.127568
33.860077
30.748038
30.767658
33.988069
40.530369
14.512813
40.501719
14.959263
41.619029
41.373523
34.843451
31.374587
31.671695
34.520815
14.925269
41.657281
41.265678
29.141895
25.362512
29.221815
25.287163
30.630105
31.451204
31.621768
30.454127
29.028454
25.047683
25.193292
28.863896
28.402376
29.628827
29.257188
28.732761
26.864758
23.569834
27.140622
23.329964
26.927764
23.65833
27.249137
23.394265
27.111515
23.470424
27.006729
23.565736
28.673077
29.607492
29.518191
28.72306
27.209506
23.691841
23.649245
27.258369
29.519134
30.105307
30.396231
29.238386
28.066818
24.206121
27.863702
24.386691
28.000393
24.107567
27.738109
24.341128
38.744455
13.462105
38.272479
31.869292
29.053753
29.029527
31.893541
38.759629
13.455052
38.738948
13.136525
38.155743
38.649373
31.985718
29.014737
28.997688
31.820785
13.14952
38.130118
38.698841
29.568371
27.203715
30.97925
25.93367
28.495355
27.238966
28.625588
27.21993
27.543256
23.274095
24.143945
26.393194
27.505681
27.657054
27.868855
27.305198
26.378054
23.131849
26.410158
23.104391
26.345372
22.916822
26.141742
23.079521
26.374206
22.968162
26.267588
23.062837
27.603005
28.077496
28.056591
27.623389
26.417357
23.10851
23.105408
26.424007
27.726519
28.107698
28.107429
27.689564
26.519288
23.204364
26.488727
23.233563
26.50642
23.189547
26.496404
23.223571
37.975933
13.192662
38.227486
31.227517
28.471747
28.435128
31.285468
38.090962
13.263556
37.971241
13.118789
37.466432
37.430865
30.845809
28.266083
28.008654
31.250762
13.042076
37.253291
37.483705
28.083849
24.308626
27.976901
24.425912
29.686798
31.033685
31.150371
29.689395
28.11935
24.434295
24.443501
28.084208
28.64781
29.591922
29.29965
28.884557
26.931702
23.02367
26.302391
23.534175
27.324132
23.997292
27.518493
23.829469
25.817356
22.713685
26.000117
22.566233
26.970584
27.487126
27.424631
26.991044
25.791302
22.53593
22.533598
25.796769
26.437852
27.271844
27.001821
26.683247
25.245522
22.301874
25.554893
22.058688
25.207312
22.196638
25.435402
22.012735
30.044439
27.449775
31.301975
26.384623
29.131068
27.817647
29.622013
27.65003
27.933159
23.417321
24.546353
26.56309
26.268083
26.399326
26.603408
26.066326
25.155585
22.10642
25.27076
22.028011
25.105317
21.807444
24.910028
21.973689
39.629245
13.88507
39.683658
32.7507
29.756867
29.845281
32.643981
39.530366
13.848618
39.451655
13.001305
37.684046
37.355829
31.035735
28.267914
28.106121
31.035478
12.732619
37.09977
37.842637
26.963044
23.583559
26.989221
23.568888
28.238363
28.694499
28.812756
28.170104
26.956362
23.487776
23.547207
26.891849
25.70157
22.387114
25.519579
22.533389
26.914726
27.370344
27.231794
27.036143
25.749765
22.622597
22.538428
25.859537
39.492139
13.812132
39.291093
32.565966
29.468145
29.573559
32.377804
39.021146
13.655459
39.119014
13.334352
37.928696
37.993574
31.365302
28.356265
28.530667
31.188416
13.285001
37.830573
37.658672
25.90147
22.559262
25.921969
22.548766
27.183816
27.881709
27.902121
27.170567
25.890797
22.53154
22.538709
25.88249
27.000868
27.699876
27.63967
27.037259
25.723037
22.417424
25.72483
22.409077
25.741832
22.44765
25.767551
22.423558
26.793966
23.504632
26.897427
23.423409
27.996935
28.420722
28.532566
27.836674
26.69669
23.180361
23.340097
26.566476
26.919363
27.352318
27.518419
26.775515
25.728969
22.45582
25.764693
22.436026
25.672133
22.276001
25.544962
22.383215
37.583572
32.794664
38.074206
32.376083
39.80193
41.723895
42.074343
39.699221
37.504485
32.246318
32.302361
37.313337
42.288479
43.052452
43.494527
41.895969
40.224855
34.861669
39.962017
35.144491
40.270264
34.961637
39.871203
35.239396
42.81752
14.103048
42.026303
36.028782
32.988116
32.191966
36.853325
43.699655
14.546138
44.648291
20.260632
57.008393
57.669465
47.125661
41.822645
42.754494
46.155479
19.917874
56.010027
54.983982
27.109743
22.884718
26.596447
23.352921
29.508913
31.481215
30.682032
30.362682
27.795148
24.764069
23.966367
28.640045
38.719877
34.324025
39.360335
33.793762
39.8564
40.17048
41.081997
38.990943
37.880899
32.358943
33.062946
37.062665
40.905009
12.8874
41.359345
33.23349
29.540913
29.67477
33.092053
40.587821
12.637586
40.470253
9.6705888
42.690906
42.961515
34.200988
30.30685
30.481346
33.991828
9.4990403
42.394068
42.102011
29.684537
25.518025
29.885992
25.26951
31.507074
32.988785
33.13304
31.28295
29.447413
24.784426
25.032059
29.183379
28.747052
30.012227
29.841496
28.925772
26.636493
22.105781
26.450805
22.28722
26.818702
22.66156
27.004784
22.471976
25.898456
22.505302
26.182744
22.236727
27.237084
28.123768
28.251852
27.112101
25.655644
21.864408
22.006002
25.524568
27.841
28.798432
28.962984
27.675286
26.106212
21.97488
26.280896
21.879199
25.953544
21.680065
25.806363
21.78713
28.363373
24.64697
28.351109
24.648353
29.960289
30.926649
30.857543
30.022272
28.413458
24.734942
24.699497
28.473234
30.472823
31.412616
31.412819
30.464356
28.872522
24.998728
28.789415
25.08054
28.900162
25.102851
28.89693
25.106697
42.161053
15.149302
42.167364
35.592376
32.434703
32.197841
35.843692
42.317486
15.199965
42.616987
15.226592
42.491993
42.532511
35.590245
32.308647
32.299533
35.700185
15.222809
42.434562
42.45529
28.325679
24.521607
28.305215
24.547405
30.005546
31.199973
30.972691
30.207388
28.427659
24.801837
24.639089
28.620739
28.483579
24.81534
28.588224
24.730884
30.051379
31.08272
31.013653
30.097981
28.472608
24.744038
24.712441
28.520164
42.389939
15.174839
42.250727
35.571398
32.388943
32.25815
35.683857
42.385833
15.200675
42.562278
14.513422
40.326032
40.672309
33.856994
31.020117
30.691691
34.264093
14.514815
40.406604
40.818512
28.477685
24.465623
28.192009
24.705743
30.232115
31.283129
31.217478
30.293695
28.640749
24.895107
24.850514
28.698055
30.198323
31.264426
31.17357
30.262603
28.434589
24.37833
28.074607
24.674853
28.622548
24.878711
28.676703
24.833065
28.384477
24.57621
28.358584
24.633646
30.010846
31.073697
30.981761
30.118741
28.448173
24.770361
24.687446
28.5448
28.577178
29.809915
29.472387
28.882482
27.069834
23.723865
27.322918
23.496612
27.085001
23.744168
27.366694
23.504729
26.609108
12.36972
42.853504
35.041685
35.159008
12.308612
42.722854
26.530368
12.705644
45.124042
45.570793
36.332244
31.904708
31.851324
36.355278
12.593394
44.711185
44.346861
25.838669
21.737188
25.691134
21.845894
28.346295
30.156748
29.980797
28.482317
25.950904
21.962465
21.923157
26.037758
27.835813
29.940858
29.7332
28.036244
25.047383
20.9301
24.902275
21.036374
25.220324
21.316356
25.400281
21.171308
26.084102
22.255557
26.262682
22.056608
28.571609
30.978682
31.040793
28.52664
25.975647
21.803931
21.912337
25.878945
27.193211
29.002345
28.982522
27.108778
24.732915
20.855394
24.800986
20.794959
24.650779
20.692089
24.568326
20.722843
12.576154
26.878406
42.907609
35.785547
35.405935
12.444854
43.181635
26.923137
45.649904
13.207639
45.693322
37.810052
34.005489
33.873803
38.360483
45.7854
13.264665
46.679925
30.212737
25.753309
30.055842
25.961082
32.029813
32.845433
32.998586
32.002847
30.314234
26.197531
26.109101
30.357674
30.748477
32.231512
32.330109
30.651994
28.829765
24.649835
28.800431
24.720444
28.843007
24.987938
28.881991
24.817319
26.638296
22.431498
26.473924
22.546128
29.365627
31.968457
31.706821
29.398404
26.728795
22.701159
22.619074
26.799963
30.390976
31.550162
31.667802
30.176312
28.622705
24.580972
28.751625
24.492767
28.484956
24.21401
28.277995
24.37774
25.331812
21.604683
25.519158
21.455693
27.362474
28.63154
28.878241
27.132801
25.139765
21.137569
21.29978
24.937918
25.335727
26.892663
26.759721
25.465627
23.153928
19.516069
23.032826
19.611687
23.262654
19.810943
23.385238
19.702066
6.5442637
38.121362
38.007495
30.683996
26.816428
26.716787
30.966165
6.5571348
38.200308
38.289345
40.934156
6.869936
41.18553
32.85015
28.341672
28.520988
32.639411
40.666986
6.835944
40.399078
21.298899
18.053063
21.21663
18.120854
23.122248
24.448299
24.325133
23.232113
21.385507
18.260907
18.187749
21.475049
22.783387
19.410587
22.906963
19.31788
24.59819
25.784253
25.936935
24.452657
22.653931
19.115697
19.213869
22.515774
6.5247396
37.830056
37.970381
30.477529
26.220135
26.272468
30.433094
6.5230287
37.62655
37.502599
39.149313
6.7215743
39.282657
30.903341
26.806503
26.91288
30.844366
38.859288
6.694312
38.557695
22.8253
19.803259
22.922972
19.648339
25.116415
26.454999
26.652399
24.948846
22.671176
19.443643
19.554487
22.484092
23.551571
25.080309
24.979944
23.65376
21.386172
18.289603
21.308128
18.338024
21.466783
18.537493
21.492347
18.368962
21.078933
17.990588
21.136307
17.915214
22.744517
23.894055
23.942684
22.690471
21.02008
17.795337
17.862498
20.962938
23.01663
24.278971
24.376942
22.932172
21.192576
18.056676
21.269044
17.938586
21.129327
17.821312
21.073484
17.869779
28.707503
24.647026
28.385972
24.924426
30.452364
31.425473
31.421358
30.445532
28.858401
25.037199
25.053183
28.849607
30.028057
31.240942
31.009674
30.231178
28.367205
24.584039
28.322906
24.606077
28.448573
24.834238
28.644869
24.68097
15.583671
43.36577
43.422338
36.39577
32.95506
33.013376
36.286799
15.550141
43.347995
43.273993
42.207759
15.125662
42.19003
35.341792
32.187743
32.094141
35.454995
42.224812
15.132937
42.304182
29.194971
25.338193
29.18541
25.357286
30.764173
31.632791
31.725896
30.680088
29.171156
25.254621
25.334972
29.082682
28.299388
24.578584
28.298726
24.585698
29.876287
30.88053
30.794651
29.951238
28.320283
24.632691
24.59403
28.388078
15.560781
43.289817
43.386323
36.4069
32.879975
32.94527
36.325981
15.535509
43.225222
43.151609
42.941867
15.394763
42.84465
36.114637
32.778672
32.761571
36.220046
42.990959
15.432675
43.033837
28.587617
24.815002
28.604783
24.797446
30.12069
31.125072
31.095528
30.139345
28.54081
24.784635
24.765439
28.561611
29.971116
30.533777
30.917726
29.600942
28.611436
24.943581
28.734048
24.846057
28.409109
24.363698
28.066068
24.665936
29.089931
25.262048
29.136909
25.218002
30.661412
31.627859
31.688079
30.596652
29.0478
25.130115
25.178215
28.99056
30.470444
31.530259
31.465535
30.511079
28.803042
24.957883
28.770039
24.98646
28.869051
25.074772
28.910546
25.047367
6.4691047
37.266775
37.088124
29.815479
26.029325
26.00599
29.844169
6.4888684
37.297774
37.321271
39.370844
6.8431779
39.691742
31.827582
27.247853
27.368746
31.61608
39.239953
6.82427
39.298034
22.385395
19.347795
22.399103
19.443251
24.701976
26.178051
26.21051
24.638805
22.434145
18.776689
19.331121
22.519321
23.833083
25.368537
25.277784
23.950247
21.546359
17.787907
21.542
18.419824
21.569997
18.842435
21.623613
18.721045
20.821365
18.003339
20.914495
17.952407
22.437726
23.636076
23.621553
22.429551
20.746748
17.902103
17.916153
20.681519
23.27718
24.613463
24.74835
23.16931
21.358672
17.707782
21.448431
17.659943
21.264207
17.647794
21.164595
17.620583
6.4533408
37.216878
37.147104
30.325945
26.250413
26.120844
30.499105
6.4565104
37.373666
37.56202
41.604657
6.7757789
42.122502
33.221064
28.381851
28.637034
32.942059
41.136245
6.7413999
40.772547
23.173187
19.894949
23.049352
19.947083
25.73164
27.383953
27.323243
25.822309
23.281076
20.145704
20.03215
23.31506
25.430637
27.042107
26.914668
25.547634
23.219082
19.216223
23.126625
19.276761
23.314963
19.394303
23.404148
19.335725
21.167997
17.961379
21.065081
17.923983
22.821473
24.028015
23.914918
22.94284
21.275412
18.224455
18.037808
21.372739
24.731605
25.870867
26.077221
24.559691
22.906312
19.159329
23.006116
19.107299
22.798896
18.957727
22.683501
19.041131
22.597043
18.792151
22.558698
18.721307
24.721414
26.259015
26.263165
24.704649
22.611897
18.757381
18.720368
22.645132
24.075172
25.560117
25.551935
24.145758
21.968439
18.167684
21.904042
18.309925
21.964394
19.104895
21.927445
18.703321
6.8647681
39.858193
40.110232
31.793797
27.881344
27.816761
31.927207
6.8752404
40.32832
40.32222
40.163925
6.9025983
40.618529
32.438255
27.884291
27.923835
32.404895
39.977794
6.8947888
39.888787
21.425694
17.960338
21.337905
17.68982
23.531683
25.089427
25.084677
23.608458
21.446126
18.547352
17.849527
21.286678
21.773838
18.09776
21.827114
18.048294
23.752449
25.194271
25.262937
23.703528
21.717918
17.938761
17.991513
21.67685
6.8209647
39.386883
39.673869
31.828372
27.397347
27.55762
31.874608
6.8060034
39.37539
39.281814
41.421238
6.9523319
43.19528
33.007369
28.17209
28.418814
32.733025
40.668709
6.892779
40.293796
23.565717
20.133208
23.909394
20.502473
26.91046
29.747484
29.327369
27.167425
23.814409
20.760392
20.682844
23.901104
25.7279
28.718333
28.170987
26.132769
22.610505
19.646948
22.641125
19.538919
23.136008
19.052302
23.405339
19.189667
21.129563
18.361455
21.155752
18.321758
23.309097
24.746758
24.832429
23.275936
21.286594
17.622488
17.64507
21.280855
24.362804
25.560951
25.777418
24.150153
22.358324
19.563093
22.521134
19.386751
22.233468
18.550649
22.210557
19.185866
28.63413
24.81174
28.636572
24.811338
30.397434
31.827605
31.890491
30.390718
28.62675
24.808123
24.80789
28.622499
30.055906
31.064736
31.000876
30.098801
28.438704
24.716108
28.459824
24.696457
28.491164
24.760932
28.528606
24.73055
15.219494
42.339346
42.549668
35.507848
32.150396
32.175228
35.521597
15.168004
42.238427
42.240666
42.408748
15.191393
42.484982
35.357518
31.775533
32.093646
34.970137
42.160903
15.116027
41.78649
28.511005
24.834126
28.626786
24.748447
29.997421
30.941909
30.940725
29.993101
28.433505
24.689878
24.684678
28.433206
28.521231
24.812046
28.574168
24.777148
29.935709
30.495286
30.856446
29.602505
28.384025
24.376944
24.648619
28.070914
15.465541
43.060952
42.949957
36.281394
32.891721
32.888482
36.234862
15.471959
43.119904
43.134652
42.444662
15.272498
42.52632
35.657234
32.298791
32.327742
35.692986
42.448329
15.252931
42.454833
26.930554
23.563949
27.171922
23.342662
28.557289
29.902685
29.461946
28.970174
27.051502
23.786375
23.445866
27.43661
30.270293
31.396755
31.292025
30.36383
28.622148
24.800968
28.59588
24.81694
28.671189
24.916395
28.757955
24.854287
28.970377
25.061654
28.883522
25.130673
30.596735
31.555348
31.603855
30.557043
28.988646
25.103969
25.145808
28.95086
30.103488
31.079034
31.077698
30.094193
28.541742
24.767602
28.559964
24.764536
28.527241
24.743892
28.520261
24.753054
6.9925702
40.457783
40.794922
32.819758
28.408966
28.300123
32.505902
6.9981424
40.602286
40.919578
40.405339
6.9814074
40.600923
32.898244
28.481497
28.369073
32.893598
40.481732
6.9939876
40.771721
22.314491
18.715552
22.310108
18.744638
24.136663
25.429311
25.509546
24.098771
22.208652
19.223997
19.166246
22.147466
24.227077
25.510807
25.569575
24.188352
22.453412
18.826495
22.462167
18.844113
22.426997
18.837903
22.414093
18.844064
22.002011
18.244097
21.986812
18.26208
24.060475
25.586554
25.585874
24.088304
22.025955
18.303645
18.285884
22.047962
24.339035
25.789282
25.770756
24.338038
22.436323
18.80335
22.452971
18.780339
22.413167
18.694277
22.39652
18.737322
6.9969531
40.841172
40.861354
32.577353
28.435898
28.401108
32.553813
6.9984681
40.878597
40.973237
42.152126
7.1210182
42.787094
33.995811
29.127588
29.240385
33.840971
41.903052
7.0908946
41.725027
23.921869
19.644246
23.97032
19.612667
26.268281
27.9135
28.018436
26.218179
23.890512
19.558882
19.60185
23.840098
25.429719
27.166927
27.147614
25.500595
23.037171
18.915646
22.956119
18.967999
23.134079
19.041328
23.201964
19.016353
22.023862
18.255531
21.99323
18.292703
24.108099
25.660898
25.638326
24.146815
22.06644
18.368449
18.329665
22.113939
24.900547
26.354806
26.470778
24.815237
22.84279
18.893644
22.896215
18.882648
22.753707
18.81042
22.698485
18.847549
22.305879
18.715555
22.31097
18.747528
24.147674
25.486884
25.492739
24.139158
22.182202
19.239377
19.202364
22.137879
24.280367
25.599488
25.656211
24.218108
22.249538
19.420405
22.306693
19.346803
22.196609
19.279491
22.133814
19.307243
11.5769
41.359117
41.076385
33.07843
28.834614
28.920771
32.925541
11.600721
41.316844
41.26056
40.723351
7.0378366
40.624156
33.222016
28.843708
28.683594
33.078618
40.836284
7.0491013
41.238631
22.812489
19.844384
22.84129
19.808524
24.818848
26.139526
26.193767
24.764902
22.767813
19.739424
19.769271
22.689046
22.453334
19.480732
22.374405
19.516998
24.622316
26.077584
26.019251
24.668563
22.507295
19.611568
19.562773
22.532597
11.571167
41.361151
41.070063
33.070009
28.86871
28.90314
33.138826
11.54737
41.3343
41.093161
41.31042
11.712821
41.145828
32.965666
28.720207
28.744786
32.88521
41.267924
11.691197
41.234777
22.129157
19.271184
22.12375
19.24048
24.317383
25.733682
25.770001
24.275795
22.094118
19.195391
19.210931
22.030828
24.20604
25.616831
25.678185
24.147505
22.070245
19.285419
22.137056
19.211363
22.004382
19.110537
21.915483
19.152269
22.874666
19.862522
22.865754
19.851956
24.867223
26.208546
26.217628
24.845547
22.869534
19.833763
19.840923
22.833054
24.467927
25.955346
25.927984
24.494402
22.256255
19.341102
22.195165
19.364801
22.310799
19.442763
22.340751
19.398117
29.009014
25.121128
28.981261
25.144041
30.658634
31.651187
31.690692
30.617867
29.035253
25.13755
25.174731
28.998149
30.19883
31.196454
31.195452
30.206106
28.614641
24.822612
28.62985
24.819626
28.610769
24.817382
28.61323
24.816884
14.310033
25.34913
14.379923
40.02874
33.920761
33.533274
14.530623
40.400518
25.449422
15.331004
42.647444
42.687797
35.86162
32.492229
32.501955
35.926132
15.315337
42.675986
42.718523
27.163776
23.501853
27.13172
23.542226
28.948146
30.669886
30.367841
29.265183
27.292584
23.90192
23.643413
27.576342
28.642356
24.8432
28.649216
24.840205
30.224625
31.235001
31.226143
30.217666
28.630566
24.823468
24.831381
28.622783
14.331695
25.366609
14.335047
39.944531
33.408486
33.455844
39.935035
25.365881
14.31973
15.043362
26.586191
15.037652
41.860418
35.351892
35.180858
15.089502
41.994517
26.590468
29.306006
25.43915
29.320561
25.429741
30.856025
31.803362
31.89249
30.692877
29.229953
25.198321
25.356613
29.048278
30.427754
31.885919
31.948242
30.407483
28.651513
24.817053
28.651509
24.822941
28.630104
24.781783
28.606474
24.802555
27.228137
23.58128
27.205638
23.601842
28.886381
30.301339
30.300589
28.837971
27.236077
23.570289
23.608268
27.195291
30.340805
31.941743
31.845605
30.461833
28.555632
24.74733
28.571203
24.739177
28.562448
24.83604
28.666795
24.747799
12.037423
43.937217
43.985173
35.329899
30.330212
30.400879
35.205191
11.970084
43.473644
43.315872
6.4973354
23.160452
35.9846
31.384259
30.317143
36.855589
17.286785
48.64956
21.572778
17.924508
21.571678
18.421479
23.675527
25.088894
25.038285
23.749951
21.597989
18.790868
18.695988
21.651139
24.858068
26.162695
26.547176
24.647434
22.735558
18.567373
22.611756
18.71547
22.648874
18.687707
22.54418
18.724352
23.508223
19.278779
23.498056
19.288342
25.825931
27.407922
27.509979
25.764557
23.491217
19.204057
19.262375
23.443471
25.219291
27.478715
27.174747
25.533029
22.684514
19.281876
22.657896
19.618425
22.544627
19.776991
22.727914
19.563861
11.693044
43.272067
43.644984
35.149808
30.282612
30.284067
34.589155
12.038383
43.28558
43.673828
11.906036
42.744661
42.568014
34.43741
29.698692
29.59649
34.517934
11.832563
42.411221
42.539566
22.167292
19.28926
22.135491
19.279395
24.449133
25.998576
25.949001
24.474863
22.176452
19.266822
19.269074
22.164512
24.725911
26.210565
26.308759
24.650845
22.666023
18.803504
22.741282
18.760399
22.573797
18.641668
22.510715
18.701299
23.491856
19.28737
23.512709
19.294685
25.763993
27.306811
27.414725
25.70436
23.463458
19.234855
19.280833
23.404635
25.195079
26.866816
26.803977
25.269189
22.925963
18.864069
22.825224
18.94055
23.002937
19.021259
23.077936
18.98771
21.473151
17.869077
21.528675
18.042539
23.537647
24.968334
24.983773
23.515338
21.343131
18.314394
18.490722
21.377045
23.521501
25.000714
24.979108
23.517009
21.289599
18.473946
21.323593
18.501522
21.334811
17.808297
21.443732
18.291928
6.8078895
40.014373
40.092999
32.431603
27.942525
27.914757
32.464804
6.8183277
40.061103
40.052565
6.820359
40.001891
39.728887
32.269056
27.795589
27.83236
32.33022
6.8217007
39.881241
39.836412
21.961215
18.808359
21.8892
18.535319
23.948838
25.367844
25.35197
23.956352
21.994635
18.294524
18.370734
21.999694
21.524736
18.388147
21.386724
17.958199
23.609523
25.123669
25.124892
23.631785
21.551592
17.848504
17.815231
21.600914
6.7541208
39.566834
39.682764
32.005887
27.463675
27.525777
31.941059
6.7360585
39.486037
39.38703
6.6422669
38.493076
38.629806
31.163606
26.814152
26.794983
31.184673
6.6379368
38.411417
38.370727
21.913288
18.840864
21.996729
18.591908
23.796221
25.053726
25.190255
23.670546
21.801033
18.452593
18.485699
21.684239
22.767884
24.168261
24.378881
22.682707
20.871522
18.055186
20.925047
18.016894
20.733627
17.537319
20.816645
17.765328
21.853291
18.881774
21.84656
18.733338
23.740179
24.983601
25.047613
23.679778
21.821423
18.599881
18.635277
21.777542
22.957254
24.309973
24.31498
22.980035
21.057114
17.76321
21.009558
17.577856
21.085572
17.60025
21.126721
17.573675
28.238172
24.552538
28.279309
24.514962
29.738998
30.719837
30.670425
29.775839
28.190313
24.512569
24.478474
28.228065
29.535023
30.185614
30.432082
29.275135
28.135865
24.530382
28.212684
24.458731
28.030767
24.132098
27.770138
24.358672
15.029182
41.976629
41.901991
35.158579
31.955484
31.937405
35.195452
15.032681
41.962916
41.971099
15.062505
41.888913
41.90401
35.21079
31.993449
31.936059
35.260615
15.066708
41.971038
42.044798
28.21385
24.492462
28.20463
24.5054
29.763006
30.6987
30.670002
29.78399
28.217157
24.526084
24.513345
28.236151
28.23293
24.531107
28.23064
24.539058
29.799213
30.740956
30.704564
29.818914
28.263899
24.559784
24.557772
28.272703
15.000595
41.824885
41.896753
35.043323
31.803503
31.771818
34.982423
14.990751
41.734108
41.779131
14.849856
41.465057
41.415542
34.868027
31.612754
31.563488
34.915401
14.867023
41.48416
41.560822
27.296372
23.975395
27.620934
23.734379
28.670522
29.946969
30.108846
28.49224
27.150652
23.407133
23.559729
26.972933
29.31456
30.21848
30.188522
29.364277
27.87465
24.266117
27.922902
24.228608
27.83776
24.235424
27.881724
24.204267
28.166736
24.483743
28.190634
24.46542
29.674204
30.523207
30.56944
29.650441
28.144777
24.454291
24.451073
28.133494
29.517153
30.450942
30.402522
29.551816
27.991679
24.306224
27.96048
24.332927
28.020747
24.384126
28.058825
24.354062
4.3101453
22.099374
37.202145
29.997115
30.310435
37.383502
22.530719
6.5997641
15.636642
44.05727
6.1466509
35.25784
29.151695
28.823231
6.4706333
36.12795
21.357614
24.280786
20.59104
24.370556
20.52894
26.383675
27.743426
27.906399
26.246208
24.18625
20.387195
20.462039
24.081281
24.267646
25.741406
25.502754
24.486519
22.275314
18.813193
22.09003
18.975689
22.470562
19.290403
22.660427
19.13595
21.612236
18.225469
21.598404
18.204275
23.82566
26.108518
26.038717
23.761627
21.487713
18.001869
18.088925
21.409197
23.62731
25.532694
25.481257
23.50024
21.879102
18.696222
21.985688
18.585232
21.683288
18.231903
21.486679
18.419118
6.882413
42.095171
45.454805
32.680308
28.21053
28.380884
32.274711
6.8323728
40.756602
40.748711
7.0427783
41.477947
41.668772
33.645893
28.865485
28.981262
33.516316
7.028698
41.518591
41.480144
22.22191
18.982172
22.090897
19.05823
24.491678
26.090501
25.97573
24.589933
22.359909
19.128284
19.094209
22.466124
24.974225
26.549655
26.500153
25.010879
22.832752
19.037628
22.827377
19.082433
22.83692
19.318604
22.831437
19.162304
21.811845
18.329628
21.619075
18.447595
24.085862
25.56365
25.591414
24.182109
22.058568
18.837157
18.666171
22.212789
24.849585
26.235745
26.3227
24.795526
22.755147
19.153445
22.772244
19.266485
22.735499
19.327025
22.700734
19.304452
24.52559
20.643482
24.45034
20.690978
26.944313
28.702458
28.596238
27.024908
24.587818
20.758679
20.726568
24.639413
26.955078
28.899453
28.899471
27.020435
24.099754
20.131267
24.02488
20.182198
24.275499
20.412551
24.398157
20.285146
23.863498
41.576904
34.181778
34.373509
12.244718
41.619547
25.831117
5.0764108
49.930026
13.650905
47.689823
38.215873
34.191373
32.623559
7.5733498
41.642431
18.186627
25.232935
21.401583
25.27278
21.313221
27.964381
30.37602
30.517671
27.939435
25.257436
21.238151
21.278178
25.243248
24.241289
20.15621
24.035333
20.265011
27.154336
29.750013
29.39501
27.274652
24.362834
20.354771
20.340237
24.411392
13.025685
45.094882
48.763468
36.006912
31.873017
31.924932
35.843985
12.755592
43.879882
43.578204
11.633691
25.67127
9.1423748
41.951473
34.148067
35.233337
38.927761
25.267101
6.0878873
29.245874
24.991104
29.259985
25.02885
30.974386
31.833398
32.157074
30.762078
29.185456
25.017435
25.042297
29.063571
29.118367
30.543887
31.201255
28.978903
27.207463
23.216613
27.229097
23.2877
27.197045
23.50346
27.240352
23.369147
25.500222
21.514962
25.36783
21.63684
27.800947
29.428437
29.322845
27.928976
25.634298
21.802832
21.739897
25.716431
30.038828
31.499309
32.059449
29.929655
27.472471
23.228535
27.295262
23.261169
27.571588
23.348743
27.537437
23.337608
14.053712
42.611863
41.837608
35.788199
32.751775
31.936655
36.650604
14.480008
43.490997
44.4681
57.45131
20.456928
58.245271
47.479954
42.057211
43.047584
46.454409
56.447148
20.088958
55.361264
37.219176
32.632056
37.784562
32.204014
39.566627
40.976376
41.31471
39.504679
37.135884
32.130444
32.152473
36.974737
42.634253
43.421318
43.842027
42.284931
40.529379
35.081858
40.218152
35.409432
40.616574
35.307391
40.267201
35.532643
26.875477
22.59038
26.271292
23.13103
29.337781
31.236287
30.42986
30.116079
27.683307
24.585928
23.90207
28.429155
40.101587
40.377058
41.347894
39.173141
38.958901
34.509487
39.589591
33.986951
38.110193
32.464201
37.215854
33.244834
12.711884
40.656084
41.192209
32.740489
28.766202
29.105023
32.364683
12.420521
40.177172
39.807545
41.483136
9.5101189
41.920503
32.837631
28.90589
29.218118
32.471895
40.954884
9.4870509
40.47044
29.189227
24.939199
29.246574
24.858091
31.07921
32.459955
32.650113
30.964715
29.101993
24.65523
24.765434
29.00181
28.379844
29.867707
29.488992
28.746032
26.073929
21.423577
25.692287
21.783992
26.426419
22.465238
26.80368
22.111596
25.326988
22.097985
25.735105
21.7234
26.535055
27.304565
27.60635
26.223788
24.939423
21.035231
21.347253
24.619068
26.569319
27.382155
27.689088
26.255506
24.979169
21.098799
25.332999
20.796162
24.674804
20.405974
24.383451
20.582679
5.3767307
31.622394
5.3887098
36.614101
42.63276
11.62517
31.518731
5.420504
5.3996061
31.811233
35.985837
42.342411
10.583797
10.535872
31.397477
25.985726
8.4181843
33.028494
38.632037
26.271998
8.5476616
28.190561
8.5285195
33.151717
38.647529
9.5493813
27.467711
31.137163
35.595021
41.255141
10.660368
31.303753
4.6198549
4.5923808
4.5863633
30.937553
4.6093253
35.392173
41.286126
10.550338
10.490198
31.054353
30.964937
4.1440127
35.765479
41.479391
10.786372
10.800644
30.923606
4.1155643
30.785271
4.0969071
35.771287
41.423995
30.774042
4.9186805
31.743227
4.9190656
37.043498
43.157318
11.759136
31.707466
4.9128234
4.9174775
31.559973
37.189445
43.268302
11.787672
11.796825
31.593587
31.877955
4.1698553
37.640212
43.841431
31.916201
4.3831662
32.251205
4.3313375
37.978666
44.175799
12.005148
32.186902
30.419802
37.453285
42.997643
11.85244
30.328241
4.1301818
4.1134705
4.1622551
30.041871
4.1523657
35.564681
41.852824
10.870288
10.761611
30.073775
31.985657
4.7227549
37.28915
42.998884
11.676241
11.740637
31.967663
4.6628024
31.940157
4.6842623
35.752145
42.046838
31.92771
5.0898806
31.75307
5.0667682
37.105159
43.291093
11.774872
31.646805
4.9879172
5.0316445
31.06212
37.527326
43.437384
11.85738
11.928761
31.2245
30.425294
4.377623
37.922329
43.887494
30.753947
4.6835888
31.120652
4.6788346
37.107453
43.353872
11.805282
31.163025
14.693281
28.695071
14.536074
27.800641
32.425991
5.8459172
28.651818
14.444493
14.480507
28.943185
26.203841
31.89207
5.4818329
5.6222637
28.763859
26.205706
8.5661015
35.418763
41.246086
9.9614298
9.9778301
25.888017
8.5491712
24.447397
8.5454477
35.208632
41.454911
24.782757
28.847678
29.04873
32.867144
6.2050258
29.013883
14.694458
14.680831
26.318405
31.798497
14.941698
29.70612
14.861789
29.460297
24.870118
8.4135814
32.823599
38.292901
24.427565
8.3336362
22.793512
8.3442148
32.648764
38.506919
9.1442078
23.167278
47.594274
54.131359
46.975678
53.500599
14.678393
14.752172
37.021625
42.723706
8.3918558
8.4035316
36.316276
42.43112
8.379975
8.363409
5.3576637
31.686051
5.3300041
37.022941
43.158084
11.75069
31.654486
5.2568226
5.295248
37.274774
43.218426
5.1683013
31.588101
5.1614284
31.571597
30.995457
4.1153143
37.587173
43.703558
30.966469
4.1188684
30.649464
4.1217
37.577
43.72405
11.881901
30.754524
47.45025
60.720141
47.989735
60.862464
5.4688059
5.5541022
38.288448
47.068825
8.4156462
8.4130015
39.770754
47.9782
8.4307093
8.4770873
46.781377
59.762709
46.370646
59.61651
5.2190824
5.189717
45.14089
57.76536
4.1160977
4.114624
44.59891
57.540858
4.1190404
4.1220064
30.929825
37.710406
43.914951
11.916882
31.014292
4.2924856
4.2869138
37.547545
43.550951
4.3347424
31.320915
4.3339015
31.271247
32.499333
4.4256656
37.337884
43.491296
11.84117
11.833035
32.628491
4.5926513
32.382019
4.5813675
37.408162
43.488641
32.501969
45.378105
58.19472
45.336966
58.166765
4.6361818
4.6290625
45.586868
58.412032
4.1289247
4.1403201
45.592932
58.406473
4.1122389
4.0985496
44.972795
57.660044
44.995928
57.687453
4.3081705
4.3235877
47.74795
61.407327
4.5474919
4.4962674
47.790855
61.398579
4.5688212
4.5769078
4.9174175
31.84148
4.9188322
37.151725
43.253468
11.786941
31.857892
4.9163031
4.9182002
37.299077
43.196682
4.9116752
31.876688
4.9160934
31.885636
32.063925
4.7771211
35.810546
42.147038
32.122693
4.7284706
32.440082
4.729973
37.637356
43.326561
11.763008
32.377954
45.683429
58.432652
45.523228
58.366814
4.9091357
4.9055274
46.984003
60.305024
4.2076883
4.1786853
47.137305
60.37728
4.2448682
4.2857803
45.873259
58.769815
45.929955
58.797563
4.9169789
4.9193602
46.237157
59.20753
4.7606229
4.7737015
46.205842
59.220671
4.744445
4.734276
30.617369
38.206331
44.234038
12.086287
30.663004
4.0811681
4.0784132
37.933995
44.007046
4.0818822
30.677825
4.0858631
30.698811
29.884155
4.1428044
38.1423
44.114218
11.985688
12.083778
29.771118
4.153251
29.547449
4.1240435
37.292768
43.387942
29.506564
43.53647
55.902027
43.482259
55.852219
4.1442989
4.1513414
46.190952
59.121968
4.6972876
4.7053406
46.128177
59.090065
4.6965851
4.6948598
43.829702
56.514212
43.962805
56.562985
4.0862535
4.0887714
43.14078
55.300387
4.0922488
4.1103007
42.780096
55.127656
4.0888063
4.0937326
5.0986767
31.787716
5.091579
36.853036
42.90312
11.693993
31.671872
5.0531519
5.0720946
36.843744
43.012425
5.2871987
31.594605
5.2179137
31.289169
26.9957
8.5402916
34.403716
40.03902
27.220541
8.4412316
28.047632
8.4646671
33.768178
39.869158
9.8388718
27.850134
46.543626
59.458882
45.799484
59.159354
4.937124
4.8820905
44.41339
57.412326
4.6038525
4.4961389
45.135014
57.752514
4.6686488
4.6640623
47.017793
60.257968
47.156801
60.253683
5.0632174
5.1233621
38.897128
47.609187
8.519154
8.5307753
39.838867
48.211793
8.5041406
8.4860082
46.793082
53.257239
47.009945
53.414745
14.526131
14.562062
37.939181
44.217936
8.5768921
8.5737458
36.998643
43.774828
8.5705855
8.5549114
30.47502
38.068179
31.363591
34.363457
38.979183
40.38157
32.031798
50.391069
65.24366
62.897043
34.125177
42.660735
32.515097
31.571747
42.104637
32.11029
42.58765
36.083123
40.42769
38.673232
36.269978
39.650227
38.825354
46.193742
36.557997
31.885004
46.445899
37.906227
36.893828
50.038319
64.628909
62.573426
34.197643
42.519414
32.920815
31.975928
41.964777
32.498992
80.044189
81.904799
80.502476
42.449887
36.06985
40.467008
38.883097
36.172338
39.905763
28.35536
38.244861
31.550333
35.459647
38.947114
40.82786
32.427055
37.317142
46.002477
36.367405
32.048918
46.476964
38.061428
36.791452
30.390185
33.796641
39.467432
10.04246
10.064995
30.432245
6.7443407
6.8216529
6.5253705
31.076676
6.5664952
33.636142
39.383009
30.889891
31.045159
7.2881137
33.785091
39.892104
31.104763
7.394261
7.8205363
31.333932
7.7445616
34.717222
40.332627
10.204134
31.300648
4.193292
28.887769
4.2629594
35.155499
41.314803
10.568324
10.509687
29.057195
4.4016295
4.3322095
29.640229
36.765008
42.456034
11.540093
11.661341
29.57368
28.892608
4.1296532
36.777415
42.809296
11.619681
11.589779
28.962905
4.1207223
4.1596232
29.165018
4.1192721
36.938376
43.032224
29.100992
31.514276
37.549932
43.710969
11.89994
11.871823
31.580232
4.642275
4.5680416
4.9209208
32.386359
4.8952862
37.915239
43.950868
32.402556
31.612375
4.5790017
37.273914
42.889526
31.655713
4.5935877
4.6141577
31.814377
4.6296202
35.802634
42.011352
10.927239
31.759127
4.4959734
31.803082
4.4782641
35.588563
41.820324
10.614334
10.522258
31.752204
4.4090649
4.4484532
31.725994
37.195845
42.949139
11.691048
11.828371
31.732694
31.998607
4.491575
37.253899
43.548222
11.844799
11.827641
31.982171
4.4548908
4.2883194
31.339824
4.2508895
37.486191
43.55425
31.465594
29.618844
34.99067
40.562341
10.363753
10.401633
29.524045
4.4700784
4.4956041
4.3534259
29.387151
4.3916939
34.773654
40.409697
29.376105
30.108546
4.6209597
35.490357
41.471828
30.080981
4.5901943
4.4491444
29.746631
4.44036
35.601552
41.479618
10.607775
29.7441
21.11356
31.179691
36.726388
7.6180716
7.723105
21.8438
9.0068414
8.7165083
13.031534
25.116698
12.572204
30.86491
36.654501
7.5111378
7.4068367
24.248505
18.751612
7.9804023
30.928489
37.09761
8.052703
7.9895922
18.141956
7.8608276
7.6900588
16.730205
7.661368
31.37072
37.133366
17.005421
8.5370756
21.228626
8.731597
32.425769
37.854102
7.9651973
8.1119553
22.054687
9.1955223
8.9514758
25.663885
31.644796
37.597018
24.833913
18.868188
8.2272834
32.453294
38.542809
18.323366
8.111119
7.8660343
17.224676
7.8683097
31.9117
38.225279
8.4074973
17.436215
36.620529
44.284681
39.800622
45.489665
11.758235
12.217803
32.756197
38.365147
8.019341
31.965528
38.046526
7.9465395
7.895864
29.318125
37.142657
43.587576
11.880478
11.818248
29.402847
4.4241197
4.4045371
4.5073449
29.749684
4.4937077
38.022534
44.131486
29.682807
29.176163
4.3262797
37.132227
43.344158
29.169368
4.3107808
4.2813897
29.264312
4.2746546
37.596184
43.67828
11.904152
29.224888
46.131267
58.091625
46.095519
58.141305
6.6748352
6.6154108
46.476422
58.015147
7.4900276
46.53468
58.02826
7.5803826
7.6640283
42.249592
54.716723
42.638428
54.884098
4.4462525
4.4711305
41.866742
54.052757
4.2956735
41.902728
54.065573
4.282762
4.2747432
4.5099127
31.221956
4.5196906
38.061488
44.053525
12.027663
12.090839
31.233153
4.5455653
4.5312981
31.256905
37.483739
43.828882
11.941778
11.921572
31.288651
31.252243
4.4974763
38.075465
44.094597
12.035773
12.091683
31.232345
4.4796515
4.1453929
30.445137
4.2050441
37.667817
43.919933
30.714673
41.644736
53.883694
42.377715
54.200606
4.4554925
4.4861478
41.546108
53.552515
4.1132551
41.964433
53.726773
4.1064807
4.1059866
44.991389
57.90837
45.023371
57.917835
4.5574751
4.5567497
44.669405
57.266802
4.4363963
43.968761
56.926642
4.3849754
4.2986853
31.935588
37.019305
43.057469
11.738644
11.756528
31.869386
4.9949683
4.996017
5.0118645
31.734049
5.0024819
36.985521
43.074579
31.767895
32.207731
5.0088736
37.821521
44.019654
32.291791
5.0195087
4.9945509
32.453262
5.0320415
37.44592
43.754673
11.930189
32.445635
45.617867
58.673583
46.184701
58.938862
4.7556095
4.8592016
45.644792
58.544539
4.6061202
45.78708
58.60019
4.620507
4.6302254
46.250713
59.141274
46.341283
59.176143
4.9940458
4.9967762
46.292609
59.2467
5.0333334
46.404687
59.309807
5.0480972
5.0523042
4.4438303
30.022679
4.4482973
35.408651
41.793934
10.561194
10.48692
30.086265
4.4452052
4.4496863
30.369538
36.927174
42.587763
11.576627
11.71623
30.306756
29.855936
4.4292322
35.310638
41.006045
10.444719
10.430103
29.811807
4.4180699
4.3261692
29.73607
4.3541078
35.24402
40.966753
29.737314
46.889373
60.18637
46.818525
60.176387
4.3658249
4.3323048
46.809003
59.882992
4.388015
46.194008
59.567475
4.3124154
4.2683851
43.80006
56.321353
43.992063
56.424234
4.4337946
4.4199879
43.365721
55.540088
4.4038261
43.101985
55.444334
4.3892626
4.3737585
32.420393
36.780179
42.713247
11.651064
11.678628
32.482282
6.6506127
6.7306819
6.3490647
32.690272
6.4204573
36.75118
42.745316
32.639107
32.258213
7.0687996
36.491073
42.587153
32.184634
7.1558549
7.57138
31.896284
7.4926763
36.311881
42.230508
10.562245
31.976156
42.916965
55.025206
42.66959
54.948314
4.4466705
4.4226842
43.3313
55.445397
4.5311507
43.358264
55.420887
4.4775433
4.4470303
47.826646
60.681325
47.982846
60.827307
6.5718814
6.4949142
47.341722
59.494787
7.2432057
46.906531
59.278314
7.328231
7.4114327
36.629304
44.291639
39.863341
45.572488
11.679656
12.09363
32.482068
38.032378
7.7698669
31.34583
37.605046
7.703838
7.6668796
38.44415
30.366087
37.740641
31.821898
38.420897
30.432865
37.648131
31.563154
33.161531
34.427506
40.270822
10.438009
10.425795
33.005017
6.1061884
6.1798905
32.289746
35.488897
40.888686
10.47317
10.521365
32.451405
30.685328
26.696269
33.674537
31.995765
26.608078
30.356792
34.471832
31.373692
34.660765
31.196142
14.672953
41.032618
40.972681
14.748909
41.084886
41.299594
33.081904
31.75774
29.829774
26.037119
30.132806
26.135751
28.58325
24.891857
31.610205
30.365547
24.909324
28.742623
33.850912
30.292338
33.474325
30.769496
14.588956
40.795156
40.994696
14.483967
40.493035
39.929629
32.472076
30.733417
29.839502
25.887965
29.152256
25.709755
30.009544
8.3780251
32.999822
38.478141
9.755541
9.7943895
29.804175
8.4096167
8.5409792
29.156485
8.5209591
32.938467
38.547137
29.309438
27.631785
24.157494
30.260321
29.089615
24.169369
27.687578
31.906061
28.964356
31.967146
28.989575
13.574346
38.223891
38.1949
13.594755
38.316111
38.303228
30.363464
29.099435
27.660325
24.15222
27.683691
24.194568
27.835793
24.096717
30.281682
28.927003
24.02262
27.47416
31.497919
28.582638
31.539721
28.518131
13.440574
37.879843
38.059492
13.410141
37.786048
37.826248
30.082763
28.867502
27.58277
23.951062
27.41658
23.896746
4.5042411
30.287606
4.5075831
35.403394
41.450723
10.481948
10.463589
30.350723
4.512325
4.510287
30.646362
35.474982
41.497399
30.566462
30.096416
25.884405
32.587466
31.121867
25.720251
29.457778
33.800717
30.630453
33.867775
30.648786
14.462998
40.333905
40.280607
14.47815
40.3316
40.323656
32.530982
31.135294
29.420436
25.624216
29.481457
25.653416
29.472338
25.675714
32.546404
31.111704
25.679876
29.491198
33.943511
30.705702
33.943317
30.696894
14.517696
40.389905
40.420024
14.526744
40.391603
40.406306
32.612762
31.147155
29.488601
25.719089
29.526426
25.726327
31.031947
4.3084421
37.205305
43.460909
31.152683
4.3104159
31.257793
37.554512
43.721916
11.911167
31.351766
4.2872976
4.2475481
30.049693
25.867756
32.706416
31.228969
25.763085
29.540367
34.022635
30.747638
33.897388
30.749963
14.618607
40.621063
41.190871
14.559817
40.468591
40.467146
32.720559
31.253732
30.095624
25.897967
29.556124
25.793482
30.985212
26.93477
34.196475
32.767901
26.947079
31.027906
35.972182
32.550814
35.98194
32.537123
15.277334
42.496062
42.176465
15.355265
42.724791
42.758238
34.498726
32.983061
30.776185
27.032645
31.222717
27.166405
4.9187688
31.432657
4.9085242
36.996492
43.158888
11.737588
11.700769
31.425866
31.473264
36.970767
42.998581
11.718484
11.715851
31.447371
4.8989515
32.069224
30.506771
34.132935
32.961518
30.50075
32.075912
42.027847
35.314908
15.081533
42.004744
35.287739
15.07809
26.6713
26.66636
34.144528
32.971221
32.122898
30.571655
32.121546
30.570781
31.643038
30.373568
33.991981
32.867372
30.47538
32.039253
15.001196
41.822555
35.097676
41.897025
35.082068
15.053472
26.580427
15.008502
26.537042
33.953947
32.842518
32.056754
30.465724
31.957047
30.411537
4.4848759
32.231624
4.4839986
37.290559
42.980005
11.653831
11.782555
32.247814
32.272264
35.819742
41.955173
10.894266
10.834047
32.260473
4.4874146
31.155223
27.130947
34.516281
33.1013
27.143367
31.291496
36.336728
32.897169
36.350873
32.876052
15.429582
42.883526
42.367546
15.516205
43.140671
43.163412
34.907975
33.35422
30.981786
27.293774
31.541368
27.446856
31.130318
27.065825
34.264489
32.409552
26.951716
30.660303
33.94786
31.108944
34.294286
30.762282
14.582068
40.532821
41.076729
14.552741
40.521117
40.955342
32.776959
31.659069
30.050345
25.834797
29.928285
25.791386
31.069993
4.4347182
35.521531
41.534221
30.998596
4.4508452
30.588832
37.139993
42.680171
30.769863
4.4079594
4.3395124
31.458844
27.26133
34.41493
32.436161
27.047786
30.69545
33.739141
30.934717
34.214329
30.619572
14.462266
40.173565
40.743301
14.485834
40.350246
40.731343
32.638793
31.531533
29.82254
25.621847
29.844161
25.676423
29.913343
25.712532
32.463855
31.390877
25.655914
29.713315
35.571754
31.95935
35.171496
32.321788
15.219858
42.48104
42.0104
15.20892
42.453723
41.996055
34.140678
32.279374
30.71473
26.952054
30.57092
26.93369
4.480539
31.89765
4.4774669
37.986065
44.271941
12.032876
12.036133
31.91731
4.5043815
4.4868823
31.974481
37.929731
44.233929
12.019702
31.967758
30.512074
26.867434
34.175874
32.504444
26.934271
30.741984
33.9319
31.114869
34.306271
30.719888
14.572435
40.493486
40.999044
14.53906
40.442882
40.965778
32.787858
31.660965
30.01341
25.813549
29.938527
25.756491
31.051392
27.293048
34.914929
33.421853
27.433185
31.594385
36.225499
32.936376
36.394008
32.847786
15.376487
42.90939
42.249656
15.477596
43.116636
43.248296
34.827381
33.393913
30.877818
27.216974
31.577817
27.38366
29.899928
4.4195208
37.837693
44.001781
12.02511
12.011607
30.010369
4.7110221
30.568974
37.847894
44.097192
30.411379
4.5506848
4.6019533
30.743781
26.812913
33.996798
32.649392
26.86872
30.92848
35.867646
32.495065
35.776742
32.562583
15.366127
42.909531
42.996452
15.318139
42.736333
42.655338
34.347483
32.825901
31.318172
27.208058
31.071645
27.124756
31.415697
27.369041
34.712489
33.259768
27.388625
31.476622
36.281177
32.967582
36.301904
32.928111
15.477399
43.217855
43.121223
15.495459
43.207079
43.264513
34.770208
33.278987
31.412359
27.398084
31.512558
27.421526
4.707427
30.742767
4.757855
35.259721
41.696585
10.521412
10.432065
30.827298
4.77828
4.6949731
31.058573
37.020487
42.6151
11.581385
11.744209
31.021074
31.723798
27.547769
34.855875
33.128721
27.431479
31.354946
35.445061
32.28761
35.676244
32.089404
15.100237
41.99124
42.127578
15.156585
42.160231
42.41702
34.014791
32.764591
30.726274
26.729307
31.000355
26.824493
29.514601
25.472712
32.407162
31.278615
25.545396
29.651894
35.386298
31.743173
34.942427
32.148926
15.20661
42.460941
42.44933
15.129609
42.236285
41.732583
33.895791
32.076204
30.93362
26.929226
30.402798
26.800534
30.020614
15.320712
29.80281
35.025461
29.791579
15.181199
14.770688
29.310338
14.856205
28.660566
34.58333
29.388885
30.044432
25.12007
25.419971
25.123713
23.30582
24.705302
29.291096
26.522312
29.556719
26.259495
11.823295
35.435039
35.805761
11.747161
35.290168
35.58431
23.745741
24.428824
24.436761
21.412992
23.918561
21.296574
26.4963
23.333075
27.308757
27.11343
23.31622
26.218963
30.579345
27.959732
30.866248
27.670924
12.331513
36.354414
36.233463
12.459411
36.528686
36.882262
26.199463
26.573999
24.924163
22.209512
25.730232
22.40024
8.1320458
19.552653
8.1358922
33.780049
40.262148
9.4740884
9.2482257
20.314949
8.253998
8.1814614
23.382459
34.682143
40.277888
9.6326235
22.855315
30.870637
29.43381
32.656665
31.483851
29.415783
30.825898
13.284829
40.117741
34.029244
14.251728
40.635225
33.637567
19.472856
44.894932
24.287514
32.460294
31.40007
29.804908
27.753647
30.663514
28.611442
27.327369
24.557422
30.996867
30.378648
25.0333
29.007302
33.779794
30.709069
33.768425
30.700232
40.738172
14.450798
41.888431
14.334554
40.440576
40.409788
31.83006
30.514928
29.485388
25.574754
29.128748
25.482867
31.320288
28.135802
26.568376
25.751373
25.630609
25.389752
29.359042
27.081161
30.54294
26.259216
36.154774
12.184328
36.08881
11.807709
35.444194
36.942539
23.736237
24.590899
24.213606
21.468995
24.137265
21.278192
30.65099
28.664809
33.861108
30.425697
15.160835
30.106214
28.339166
33.460317
6.7549389
30.156662
15.098115
29.483927
26.966223
29.769919
26.866366
12.157362
35.565975
36.157235
12.442475
36.154766
35.575762
25.507157
22.522698
26.506951
26.209432
22.561823
25.310974
24.578403
21.801883
25.865463
25.894139
21.978904
25.014331
8.4670269
18.742833
8.3881505
32.202342
38.176525
9.0040556
8.9532581
19.362653
8.2754958
8.3381501
21.963554
32.377712
38.21385
9.049559
9.0818062
21.293532
27.63386
24.107675
30.090501
28.845499
24.088037
27.524796
31.754898
28.924801
31.828581
28.862511
38.079504
13.473297
38.069966
13.490848
38.118928
38.181994
29.928468
28.814152
27.402223
23.961518
27.504814
23.985967
27.185564
23.77783
29.613573
28.561602
23.77926
27.30411
31.68534
28.734922
31.662042
28.748643
37.975699
13.417778
38.06589
13.405858
37.928998
37.934598
29.780742
28.575076
27.400744
23.885
27.312047
23.867844
41.14719
38.208219
44.238789
42.207685
37.745844
40.374055
47.885791
44.200651
48.894866
43.61533
54.949492
19.358405
54.8075
19.617873
55.839217
58.920556
43.553245
41.416217
39.335967
34.018302
39.360962
34.062274
48.458107
55.028682
15.252846
47.773132
54.810432
15.134681
47.65744
44.20945
48.081851
43.746827
19.544124
55.283737
54.96518
19.609613
55.539928
56.078751
41.114494
35.883967
44.847154
42.428131
35.558986
40.200393
39.436713
34.329753
44.157192
42.14778
34.437711
39.892818
34.436175
41.470661
8.3167511
35.347776
41.586579
8.2716519
8.2923881
32.616309
30.51265
34.180531
32.746231
30.181823
31.705975
43.28166
36.332477
43.220276
36.023962
5.8511731
21.253304
9.6343113
23.205782
33.434893
32.458569
29.699368
28.068726
31.36847
28.816437
26.332423
22.130182
30.901166
29.416341
22.373262
27.15817
35.829798
31.848594
35.591834
32.125986
9.5770511
44.080754
47.032099
9.4319935
43.265028
43.352791
32.001665
29.748067
28.898767
23.718162
27.486785
23.264569
30.682303
26.774776
33.869679
32.534989
26.820914
30.83802
35.648699
32.31833
35.574861
32.32638
15.28068
42.514196
42.612451
15.246337
42.459586
42.451451
34.153699
32.662899
31.098476
27.046077
30.926744
26.994948
30.239251
37.666593
43.821568
11.887114
11.909973
30.412664
4.8298884
4.7576496
31.49749
37.484689
43.641407
31.183675
35.837591
32.549137
35.948823
32.51729
15.331628
42.639286
42.637933
42.711486
15.33654
42.784869
31.244757
27.270478
34.623111
33.061161
27.282635
31.312612
31.114029
27.136295
34.41218
32.996123
27.15028
31.236854
29.668798
4.2038781
37.431156
43.702281
11.866243
29.719423
4.1534474
4.1154344
30.246411
4.1124231
37.599365
43.583339
11.86471
11.870986
30.097881
4.1119214
4.1094524
30.720061
26.985616
34.513519
33.056172
27.123498
31.233658
35.827524
32.530116
35.855938
32.509737
15.322995
42.733576
42.666553
15.313006
42.696488
42.708281
34.525148
32.984378
31.175773
27.124789
31.175623
27.109521
30.490406
26.885026
34.392446
32.97072
27.0603
31.184657
35.806203
32.415021
35.837473
32.392339
15.318741
42.567347
42.642562
15.298144
42.538098
42.573737
34.423731
32.947847
31.174146
27.100274
31.132271
27.067376
49.346681
62.609021
49.142607
62.506196
6.0306707
5.9554767
33.110547
27.807977
40.717205
37.571186
28.006585
33.752199
38.280738
33.305742
38.081466
33.446284
12.982675
47.374936
47.545218
12.891777
47.153351
46.888479
41.34073
37.790997
34.565565
28.745771
33.970072
28.576192
34.308472
28.72648
42.406139
38.931365
28.897378
34.838814
38.523062
33.306375
38.361957
33.456982
13.161098
47.630618
47.577764
13.175579
47.550504
47.392027
42.353131
38.931003
34.719959
29.082006
34.892019
29.110928
44.467672
54.720372
8.4384123
42.762576
53.974814
8.4663585
8.4943258
32.867436
31.301394
35.021793
34.110931
31.462514
33.370814
40.56479
35.919786
42.990357
35.246136
50.026197
14.530693
49.467361
12.139317
19.045533
35.535715
34.080049
32.296826
28.598487
33.294142
29.793713
32.787802
27.675598
38.518407
35.093327
27.635031
32.395605
39.06265
34.753787
38.848304
34.537119
47.870912
13.223577
48.360106
13.202045
47.34732
46.890405
37.225602
34.814001
32.167941
27.582226
32.311204
27.546194
32.916905
27.260776
39.931339
36.33159
27.103455
32.429241
35.374162
31.140972
35.611769
30.906302
43.373763
11.730668
43.140488
11.803994
43.626847
43.891911
39.538242
36.189387
31.886479
26.567529
32.28436
26.691612
44.637311
57.537946
45.410279
57.873995
4.9122967
4.9986511
34.362207
29.718654
34.186641
29.893269
11.532077
42.707164
42.916701
7.1170824
42.501939
42.305159
30.68598
25.582952
38.157373
34.990188
25.727151
31.199071
31.758107
26.222644
38.779284
35.176145
26.107752
31.354103
42.955699
55.404903
4.1242416
43.495852
55.643493
31.453601
26.091777
38.499733
34.975026
26.027651
31.03665
33.153204
29.203116
33.637302
28.997557
41.72412
6.9919807
41.381742
7.0125352
41.99557
42.127303
38.015058
34.805594
30.52221
25.081785
30.895371
25.383536
29.477954
23.85746
36.581271
33.40303
23.987969
29.779376
32.167521
27.911645
32.009124
28.048989
40.898026
6.9168094
41.095397
6.8894999
40.559446
40.250009
37.053826
33.559161
30.373605
24.466994
29.894085
24.327591
30.823072
27.139066
34.659432
33.144229
27.281994
31.351227
35.691917
32.453964
35.75782
32.365341
42.576297
15.32259
42.857225
15.261771
42.504711
42.620629
34.348083
32.921709
31.326432
27.108804
31.105132
27.020052
4.3749661
31.136675
4.3734287
37.37024
43.767024
11.899063
11.832163
31.192702
4.3558176
4.3680482
31.346705
4.3278715
38.415961
44.372388
12.07356
12.133793
31.324234
36.636156
33.016886
36.485773
33.220025
15.668957
43.688105
43.500794
15.650224
43.56749
43.330792
30.840781
26.896359
34.329009
33.014621
26.968021
31.209238
31.740529
27.715947
35.196773
33.507158
27.680063
31.672733
4.4446386
31.666166
4.517822
37.025827
42.589996
31.794467
4.6121749
4.5789376
32.01821
35.450854
41.770175
10.459421
31.944264
31.117061
27.042904
34.298204
32.790393
26.982335
31.041173
35.766372
32.473008
35.884795
32.474972
42.453062
15.176249
41.87878
15.253952
42.642204
42.644099
34.239412
32.880364
30.570127
26.882038
31.119462
27.017972
31.184387
27.038885
34.038674
32.174458
26.829063
30.467658
33.732554
30.852082
34.124352
30.570993
40.237895
14.457071
40.742685
14.444694
40.239824
40.610071
32.418546
31.345371
29.765729
25.614567
29.705495
25.592974
44.408806
57.054046
44.740797
57.191171
4.5190374
4.5292678
30.88566
26.53075
38.596421
35.173228
26.36507
31.084081
33.095197
28.960232
33.185155
28.91864
41.529575
11.586674
41.014708
11.581568
41.796983
41.918077
38.544926
35.104246
30.872793
25.11182
31.164847
25.065394
29.929767
25.634359
37.615638
34.336637
25.701842
30.172728
32.847673
28.192535
32.787918
28.272837
40.637312
6.9518017
40.840914
6.9373123
40.470918
40.349697
37.902903
34.43694
30.626071
26.06
30.272558
26.00795
45.575938
58.789908
4.3045857
45.932675
58.942947
31.586855
25.878207
38.973946
35.599985
25.875455
31.905092
35.035041
30.295919
35.224539
30.425582
43.919582
11.889991
43.461657
11.941974
43.758842
43.403426
39.011916
35.61565
31.788854
26.228174
31.902425
26.079834
30.978161
26.298045
38.809969
35.489993
26.542343
31.480706
34.784664
30.013283
34.565051
29.964122
43.097685
6.9957395
43.237791
6.9756871
42.912514
43.097603
39.131179
35.636881
31.730186
26.877035
31.525353
26.886968
30.963847
25.936023
38.323438
34.915668
25.746826
31.029708
33.240746
29.002585
33.427412
28.963231
41.713341
11.566774
41.474891
11.607088
41.734178
41.559716
38.338737
34.884078
31.047809
25.064728
31.054891
25.166639
44.682434
57.453002
44.823656
57.521333
4.340751
4.330454
32.664644
28.374224
32.5279
28.479476
6.9443647
41.34931
41.329892
6.9356489
41.201509
41.086539
30.405145
25.181704
37.951274
34.529487
25.152293
30.616684
30.964428
24.872171
38.113255
34.573605
24.841159
30.743498
46.298537
59.731794
47.006841
60.007255
4.6271286
4.6303035
33.217374
30.194707
40.98881
37.299841
30.550461
34.970948
42.995929
34.227787
42.955723
34.256051
11.926281
25.527913
11.593776
25.856172
41.089155
37.356179
34.846757
31.525306
35.047251
31.498594
31.760821
28.991063
39.724757
36.299806
29.654401
33.948931
11.751267
42.074813
33.307277
41.815303
33.621683
25.22169
11.633592
25.064398
40.428988
36.544369
34.725187
31.212517
34.240759
31.043118
32.085199
30.502161
34.097241
32.894775
30.442448
31.967339
39.529658
34.796291
41.218211
34.187477
15.995346
46.587444
43.841275
13.878815
20.284329
34.187586
32.872434
31.123929
27.680207
31.799505
28.868652
4.9450093
31.835979
4.9377032
37.157163
43.229568
31.819253
4.9220595
4.9309564
31.816284
37.237078
43.379857
11.812936
11.840123
31.806677
4.9150172
35.784872
32.362054
35.74552
32.38531
15.295528
42.626933
42.917757
15.271248
42.561549
42.530661
30.828988
26.865786
34.021096
32.664843
26.908858
30.936935
31.082024
27.064665
34.246436
32.717467
27.031262
31.009417
32.447738
37.778738
43.845243
11.959579
32.482511
32.546851
4.7338711
38.105141
44.162865
12.021918
12.068493
32.544262
29.685662
25.627947
32.732384
31.793238
25.760276
30.042129
35.9512
32.180882
35.468458
32.518878
15.45307
42.944668
43.123358
42.703779
15.355553
42.301752
34.581323
32.673343
31.505822
27.334851
30.888147
27.169667
31.142758
27.141043
34.566143
33.172987
27.187239
31.338501
36.396466
32.857119
36.311557
32.924342
15.533881
43.301483
43.253218
43.213791
15.543034
43.125485
35.001264
33.357064
31.565331
27.481436
31.524326
27.486103
45.49782
58.166093
4.8996787
4.9030407
45.394874
58.132143
4.8980129
30.775366
25.577286
38.559618
34.807445
25.616695
30.671071
32.2975
27.921617
32.388896
28.05258
6.894007
39.885882
39.779962
39.901126
6.8977139
39.853942
38.427846
34.754526
30.506928
25.525843
30.649899
25.35128
30.626931
25.774974
38.414415
34.747992
25.942537
30.479666
32.345153
27.968327
32.460927
27.898149
6.8901585
39.80441
39.78118
39.813037
6.8952362
39.944629
38.296208
34.708428
30.50262
25.620452
30.407257
25.843458
46.810018
60.133067
4.4829496
4.4821269
47.078283
60.229878
4.4845171
32.757262
27.486867
40.081909
36.587014
27.006866
32.680466
35.607203
30.874492
35.2597
30.73816
12.024746
43.924978
43.781923
43.826374
11.637312
44.455397
40.15625
36.640816
32.652454
27.399513
32.515363
27.721654
32.022758
26.027931
39.846053
36.407474
26.63914
32.244894
34.634947
30.240735
35.125039
30.387855
12.168145
44.127711
43.902856
44.002629
11.652973
43.252602
40.090682
36.518219
32.721123
26.593053
32.217763
27.395443
30.740457
26.047453
38.685484
34.989259
26.014189
30.721833
32.527495
28.060407
32.542854
28.086104
6.9492484
40.014424
40.360249
39.978895
6.946594
40.020284
38.733054
34.998391
30.66605
25.49226
30.617719
25.615291
46.203537
59.116042
46.050307
59.061661
4.9108144
32.405935
28.173958
32.689263
28.319541
6.9498653
40.288493
40.381813
6.9533422
40.304755
40.097022
30.944533
26.249371
38.965702
35.154179
26.053476
30.942247
30.826833
24.753134
38.858444
35.075998
24.915554
30.945914
46.417054
59.487031
4.7697922
4.7808773
46.294289
59.446885
4.755501
4.7428055
31.315222
25.955822
39.124427
35.454907
26.02199
31.165585
32.944513
28.520202
32.838016
28.360159
7.0221853
40.640712
40.840481
40.607541
7.0270392
40.965158
39.057874
35.400805
31.030633
25.674936
31.135721
25.681619
31.523295
25.154213
39.248466
35.408767
25.106483
31.393657
32.427505
28.351329
32.426468
28.31857
7.0211853
40.861561
40.821532
40.812165
7.0266231
40.850971
39.120391
35.363147
31.126946
25.116053
31.289882
25.167861
31.558769
27.498404
35.060454
33.467311
27.524162
31.598637
36.084653
32.734009
36.182021
32.634945
15.392794
42.757052
42.741871
42.832823
15.415225
42.960946
34.703469
33.2884
31.267803
27.228058
31.431394
27.269429
4.2762941
30.458561
4.1684026
37.624799
43.599443
30.300012
4.0400755
4.0827671
30.481172
37.591647
43.677167
11.879991
11.879861
30.392034
35.807744
32.50235
35.812283
32.466847
15.336028
42.599991
42.674168
15.31181
42.610387
42.656632
31.163911
27.113255
34.428456
32.974811
27.100293
31.15673
31.215844
27.132645
34.488563
32.955466
27.096819
31.149204
30.041562
37.299438
43.271051
11.82213
11.846503
30.087216
4.3543895
4.3381673
30.003507
4.2970231
37.024939
43.206561
30.095877
4.3463762
31.809915
27.708428
35.071376
33.377479
27.690468
31.689939
39.307889
33.414591
37.923966
33.990322
14.661426
25.095643
20.203926
46.678195
34.180079
32.900198
31.71526
29.555948
31.36374
28.782176
32.177677
30.609632
34.220459
33.04589
30.584348
32.139235
41.747518
35.173787
41.803045
35.073762
14.917634
26.485363
15.024493
26.530437
34.103087
32.915175
31.889833
30.377698
32.043608
30.411956
45.238169
57.792184
4.4453194
44.52247
57.518343
29.652738
25.337493
36.984618
33.62816
24.780428
29.805398
32.062536
27.806434
31.806541
27.948938
40.275347
6.7655647
40.101873
6.7557622
40.279444
40.207483
36.99795
33.629066
29.791396
25.357574
29.927112
24.63537
32.084184
26.35157
38.462115
34.90252
26.72286
30.709672
33.01022
28.659323
33.344326
28.417056
40.416287
6.8258531
40.291063
6.8550363
40.673131
41.057959
37.810524
34.684334
29.943599
25.872136
30.511376
26.031167
46.026567
59.017007
46.041342
59.021184
4.5296448
4.5587663
31.345453
25.880392
39.17057
35.527368
25.568897
31.500067
33.138418
28.826028
33.015478
28.827136
41.722012
11.749045
41.592848
11.678404
41.694619
41.728126
39.147829
35.528071
31.555244
25.41047
31.499876
25.408926
31.585089
26.255976
39.061002
35.570095
26.757531
31.340684
33.399557
28.978667
33.708616
29.080688
41.77919
11.667806
41.394442
7.0733212
41.832637
41.553034
39.067607
35.55664
31.52356
25.805326
31.348711
26.266439
29.736638
24.872461
37.222193
33.858684
24.212884
29.907557
31.955148
27.788437
31.888588
27.839604
40.213185
6.8008407
40.029815
6.797197
40.142752
40.245626
37.289526
33.926526
30.148162
24.649808
29.828349
25.378216
43.788737
56.291005
43.787688
56.309099
4.0344524
4.0445045
32.253061
27.709016
32.23313
27.739032
6.8134029
40.208399
40.128739
6.8125259
39.870087
39.962527
29.84819
25.424422
37.119136
33.79311
25.420918
29.712666
30.135486
24.270609
37.174059
33.800283
24.815701
29.772972
43.29382
55.81251
43.260307
55.799212
4.3620404
29.989099
24.800761
36.684285
33.280767
24.894966
29.455826
31.503352
27.587357
31.677183
27.482402
39.399988
6.7139705
39.382405
6.7277263
39.483058
39.559091
36.349495
33.16898
29.230202
23.940885
29.378336
23.856129
29.115605
24.787995
36.692979
33.270224
24.654154
29.961749
33.83975
27.629733
32.559144
28.214687
40.8641
6.8020727
39.664592
3.7601232
11.579062
43.232162
36.66074
33.325956
29.290741
24.196158
29.768641
24.533945
30.699477
26.7011
33.739784
32.346198
26.66057
30.645439
35.299311
32.031972
35.386735
31.943497
14.990615
41.703354
41.183413
15.098927
41.963123
42.08025
33.859741
32.440137
30.08406
26.539297
30.738376
26.72093
33.14437
5.8544144
36.589538
42.238511
32.860484
5.6742095
5.3623786
31.963852
35.399545
41.559927
32.144813
5.5871488
5.5071463
33.561974
30.791057
33.933206
30.438276
40.1241
14.394007
40.361533
14.39653
40.092285
40.56424
30.550691
26.558226
33.492374
31.886224
26.472672
30.178316
29.482544
25.505814
32.371376
31.335857
25.530083
29.644042
8.1422287
29.882361
8.1881679
35.859032
41.895164
10.41277
29.616623
8.272758
8.4141052
28.645541
35.575068
41.651548
10.319374
28.861677
30.577629
28.743729
31.691246
30.500172
28.545675
29.832072
13.719647
38.754735
32.558338
38.991993
32.330853
12.688157
24.105671
13.84214
24.336963
31.081576
30.225961
29.229125
27.715386
29.537188
27.885439
30.093344
26.168793
32.993216
31.635812
26.150801
30.048776
35.481494
31.67189
34.931769
31.686739
44.788359
8.3505077
15.304443
15.044987
42.446571
41.761335
32.682533
31.619339
29.620341
26.505646
30.074032
26.307072
43.433202
56.35988
4.5024562
4.4585503
44.245383
56.684899
32.487525
26.721773
39.670161
35.96001
26.661446
32.041426
34.576408
30.304003
34.807997
30.068032
42.320441
7.0176689
41.954423
7.0727767
42.681349
43.034542
38.994202
35.74231
31.10286
26.030043
31.831364
26.246693
29.365148
24.324337
36.802926
33.591879
24.446291
29.814232
32.99057
28.467963
32.704739
28.755621
41.179768
6.8519125
41.578895
6.7997476
40.789056
40.395379
37.553531
33.84574
30.837841
25.312146
30.050592
25.06228
45.152205
57.993776
4.7793266
45.367596
58.106572
4.7613522
4.7372933
30.23594
24.827772
37.805108
34.630751
25.213914
30.675867
33.595756
28.858747
33.471828
28.969235
41.566976
7.029139
41.718052
7.0058015
41.371406
41.226025
38.375114
34.79611
31.181295
25.78452
30.801974
25.863965
31.048765
25.997388
38.494006
35.162234
26.327668
31.145529
34.055146
29.331526
34.058668
29.335848
41.955572
11.566584
41.829917
7.0969848
42.021838
42.0765
38.645607
35.192797
31.279393
25.578586
31.23498
25.762701
32.599544
27.040264
40.169777
36.797811
27.147356
32.906075
36.550576
31.793541
36.408182
31.913742
45.429859
12.44499
45.573364
12.389551
45.29047
45.136896
40.424846
36.901725
33.418615
27.671992
33.02339
27.538899
48.616152
61.782421
5.7650332
48.084796
61.529652
36.847868
32.030023
36.882862
32.116788
12.591704
45.724616
45.702968
12.606272
45.731061
45.638774
33.910707
28.128731
41.651297
38.018198
28.230599
33.872165
33.546062
28.104566
41.265641
37.943551
28.229114
33.834171
43.217863
53.123014
8.2314635
41.970475
52.570384
8.3125009
8.3497073
33.030157
31.351354
35.195977
33.947058
31.3964
33.105589
12.839647
41.942321
34.825656
41.874349
34.80702
6.3759217
25.643389
13.010705
26.598272
35.404912
33.878374
32.107754
30.327557
33.038544
31.078463
32.831664
29.100889
37.611541
34.213535
27.578549
31.604481
37.699615
33.118439
37.781451
32.407942
13.243683
47.344387
48.462684
12.779148
46.288338
45.978579
36.584544
33.928927
31.731049
27.103158
31.452097
26.76429
48.92668
55.2946
15.049722
47.908214
54.938303
14.989383
14.91351
40.816238
36.448977
43.390564
41.226192
34.35543
39.012846
46.771311
43.063059
46.906083
42.9912
19.262592
54.46824
54.593006
19.207581
54.333078
54.532545
43.587033
41.305049
39.310197
33.918218
39.034728
33.828646
41.578003
36.266997
45.315664
42.795184
35.920615
40.551866
47.817566
44.512456
48.371235
43.953188
19.56949
55.32727
54.870713
19.678022
55.707367
56.419891
44.30949
42.393493
39.431078
34.373724
40.132313
34.553347
34.174477
40.683918
35.35051
40.817261
8.3348346
8.4139786
32.901937
30.800498
34.814054
33.278479
30.359354
31.980026
37.552627
34.704589
39.842687
33.846326
42.313799
11.956574
41.455754
5.8807922
12.470996
45.436093
33.986705
32.909032
29.565194
25.446075
31.313626
26.231972
25.723023
21.765837
30.82866
29.486356
22.164077
27.150019
35.288863
31.789899
35.199975
32.0214
41.551261
9.5066389
41.419707
9.4432711
41.791213
42.013913
32.230311
30.015365
29.117187
23.939915
27.680467
23.474641
28.597916
28.608452
28.597193
28.582227
28.608324
28.612433
28.6125
28.622967
28.631409
28.628939
28.630703
28.639864
28.622485
28.630826
28.628251
28.625635
28.517697
28.51853
28.503127
28.505402
28.514611
28.516745
28.522033
28.504173
28.4999
28.503558
28.499276
28.501557
28.509075
28.500536
28.512034
28.509879
28.415526
28.422541
28.413377
28.42387
28.426546
28.413639
28.427931
28.410521
28.451731
28.431021
28.448329
28.424145
28.441475
28.432921
28.434966
28.426736
23.936986
23.928021
28.472261
28.470574
15.292147
13.347626
13.344239
28.467372
28.471268
28.465331
28.462648
28.435279
28.446498
28.423712
28.432604
28.456605
28.447917
28.460345
28.454527
28.496141
28.48961
28.49546
28.494887
28.49207
28.484938
28.49308
28.497092
28.500101
28.488459
28.495848
28.482262
28.506454
28.490098
28.51426
28.523039
28.971744
29.008609
28.935889
29.170891
28.870533
28.984479
28.82174
28.878333
24.102251
24.096295
28.666259
28.630509
15.667869
28.602479
28.617601
28.632458
28.690093
40.388689
57.005566
25.132104
21.606181
30.639531
29.157356
29.059794
29.143313
29.2157
28.94976
29.012901
28.951745
28.894361
28.70548
28.720492
28.696958
28.68889
15.352361
13.358835
13.405757
28.691048
28.70704
28.705019
28.698718
72.263332
77.189112
18.845547
32.426254
32.468815
37.747462
18.363079
32.58045
32.623392
32.588023
32.382568
32.622831
32.675396
32.628418
32.641268
32.685292
32.662959
32.693869
32.721421
24.450146
24.469943
32.650287
32.658711
24.586813
24.459
13.112609
12.981145
28.504093
28.496064
28.509784
28.52045
28.484099
28.498094
28.476065
28.476355
28.507898
28.509111
28.505047
28.51368
28.507231
28.511032
28.510594
28.500585
32.801712
32.809895
32.778433
32.753237
32.805835
32.805728
32.809557
32.808573
32.742342
32.759558
32.740637
32.738072
17.704641
13.279502
17.739644
13.270215
13.270889
24.786976
24.792688
32.767575
32.768607
17.137459
13.280733
32.709428
32.729848
32.722661
32.692118
32.717138
32.72399
32.7317
32.737445
15.963861
13.142843
32.78135
32.766413
32.767979
32.763973
32.752458
32.759354
32.751856
32.758603
28.47086
28.480354
28.474957
28.462993
28.501395
28.482909
28.504798
28.475876
28.448575
28.438517
28.444671
28.444659
28.443301
28.452592
28.451638
28.438153
32.82139
32.806722
32.824285
32.808088
32.83373
32.835189
32.820661
32.84615
32.820354
32.812276
32.818017
32.810964
32.799147
32.80845
32.787367
32.799021
32.83957
32.839297
32.851332
32.855835
32.849399
32.829907
32.844159
32.839333
32.862106
32.876019
32.860944
32.868487
32.864693
32.864646
32.864068
32.853562
28.410752
28.412908
28.414281
28.416079
28.416081
28.416228
28.408689
28.416187
28.411241
28.423033
28.417573
28.407006
28.436513
28.423472
28.421345
28.418779
32.913072
32.921232
32.919937
32.925315
32.905172
32.913605
32.896183
32.899195
32.889069
32.895222
32.878213
32.87084
32.882346
32.892297
32.904311
32.893973
32.917258
32.925822
32.921929
32.900143
32.942839
32.934518
32.955466
32.952592
32.876852
32.909193
32.882398
32.886637
32.934902
32.923358
32.918538
32.918223
28.475284
28.473202
28.473933
28.48109
28.472047
28.474545
28.47695
28.489722
28.508591
28.49909
28.507811
28.490765
28.468127
28.492034
28.470227
28.484004
32.839182
32.830992
32.835168
32.826903
32.811924
32.829022
32.814037
32.792532
32.882712
32.859906
32.88639
32.871469
32.838191
32.851596
32.835105
32.822878
32.789206
32.798252
32.789654
32.798999
32.803717
32.80375
32.79461
32.792095
32.736916
32.759473
32.738058
32.749681
32.807309
32.784819
32.818089
32.833238
28.523396
28.531446
28.523252
28.515572
28.527558
28.523735
28.537518
28.503103
28.578869
28.556191
28.569843
28.585149
28.552563
28.558416
28.548808
28.559891
32.733837
32.746524
32.72435
32.722616
32.740618
32.745157
32.725804
32.745223
32.769821
32.782087
32.760726
32.744958
32.794154
32.786787
32.802702
32.825002
32.785413
32.76353
32.784766
32.78363
32.762568
32.761486
32.768093
32.760188
32.770404
32.704486
32.795626
32.769737
32.727846
32.702554
32.738793
32.744773
40.273505
57.006106
14.170224
25.402465
21.74174
30.975322
24.566612
24.494624
32.465332
32.595664
13.205784
13.010677
32.652689
32.659198
32.650407
32.585865
32.713109
32.707664
32.723433
32.757525
32.708401
32.704474
32.707769
32.719784
70.991119
76.851274
18.808985
18.315314
32.515738
32.157672
37.941468
27.608019
32.126209
6.364811
33.156913
6.4020833
34.27406
39.75234
10.208208
32.854854
6.3891553
6.4059421
31.689866
33.874099
39.658681
10.096848
10.045075
31.895194
29.153018
27.874529
31.084588
30.034237
27.893384
29.27271
37.965668
31.99303
38.210646
31.809786
23.001483
13.639213
23.921936
30.946893
29.945094
28.857867
27.084296
29.168843
27.536097
28.639421
24.894082
31.342415
29.945312
24.79783
28.378456
32.748637
29.541384
32.557044
29.491562
39.991152
14.244502
42.602237
13.955909
39.053528
38.976746
31.143802
29.868588
28.586246
24.878688
28.317271
24.691664
29.186683
30.228126
29.340714
30.053076
27.618387
23.991349
24.028929
27.580652
27.725685
24.235005
27.875879
24.110339
13.530454
13.661024
28.7058
29.180118
28.327697
29.530201
27.477635
24.020459
27.625899
23.904316
27.26041
23.408307
26.921433
23.709126
13.53462
13.458955
13.182454
13.354105
27.571425
28.946363
27.647228
28.890571
26.06295
22.614161
22.609661
26.054196
26.068828
22.640216
26.10814
22.608833
12.736048
12.746096
27.461703
28.305436
27.494908
28.327239
26.041756
22.585685
26.026281
22.607137
26.067719
22.668152
26.091954
22.638359
12.686913
12.712997
12.750902
12.735371
8.3011252
30.505309
34.526069
40.479635
10.338694
10.256786
30.654751
31.247059
7.960254
34.605384
40.455407
31.13117
29.081236
27.641339
31.064367
30.196295
27.689196
29.382953
37.191376
32.356975
12.859791
38.570961
32.155547
15.332142
45.004501
8.4117121
44.824921
19.086341
31.866716
30.515397
29.159339
26.148477
29.590385
27.180414
28.220371
24.962789
31.750754
30.641316
25.387926
29.235372
12.528487
37.943185
31.78961
36.718864
32.032387
22.970341
8.5705742
23.053711
31.667817
30.735672
29.196957
27.21187
29.542303
27.344449
12.670176
12.668623
12.665869
27.130843
27.927642
27.165989
27.857421
25.759771
22.376131
22.40438
25.720189
25.797344
22.472665
25.850317
22.436756
12.571135
12.591979
12.634949
12.607002
26.739558
27.540729
26.787512
27.482854
25.46341
22.229585
25.560204
22.14234
25.446173
22.164708
25.483123
22.135031
12.613507
12.526278
12.445101
12.430108
12.438952
12.661657
12.642912
12.827339
28.303196
29.578108
28.212563
29.4831
26.712194
23.060496
23.166351
26.56307
26.76679
23.114918
26.680704
23.205938
12.96484
13.00804
13.028218
13.066816
28.001645
29.284166
28.110235
29.269329
26.395932
22.928699
26.398319
22.901196
26.485783
23.056286
26.58866
22.973092
12.821118
12.954455
13.049642
12.910368
12.988658
4.499602
30.123054
4.4988263
35.483818
41.422916
30.05135
4.5036646
29.759821
35.072665
41.171602
10.378982
29.821708
4.5097547
4.5165238
29.532651
25.478004
32.170177
31.143198
25.408721
29.476096
35.177542
31.606881
34.795377
31.831892
41.846182
15.039468
41.503113
15.044734
41.825564
41.56057
33.629694
31.961879
30.260465
26.620601
30.29149
26.628609
29.511558
25.735195
32.619756
31.080451
25.740353
29.464211
33.510425
30.444641
33.528664
30.296862
40.093088
14.370769
40.461253
14.345906
39.922894
40.090511
32.236794
30.845106
29.535184
25.478773
29.24391
25.430437
28.578074
29.47795
28.57717
29.456257
27.055169
23.492625
23.494441
27.061476
27.094747
23.516805
27.094289
23.524317
13.242393
13.25679
28.646538
29.551251
28.645618
29.540463
27.136409
23.536868
27.108085
23.559248
27.151643
23.573905
27.153168
23.571616
13.259015
13.271418
13.280802
13.279213
29.732239
30.3257
29.440663
30.642971
28.207496
24.291288
24.50428
27.962437
28.197214
24.252379
27.922304
24.494352
13.8196
13.676199
28.294547
29.202329
28.344297
29.161336
26.890219
23.638225
27.217831
23.357591
26.830994
23.334777
26.869061
23.302474
13.324391
13.16085
13.141771
13.122038
4.2984396
30.674195
4.3012622
37.333832
42.872306
11.693605
30.548242
4.3309267
29.790454
4.2963305
35.270305
41.610661
10.663856
10.535082
30.093107
30.162261
26.521831
33.67796
32.353166
26.588075
30.625653
35.280054
32.000284
35.35829
32.049511
15.050601
42.00222
41.503644
42.131908
15.104031
42.060875
33.933859
32.454706
30.277061
26.664292
30.740252
26.752631
31.186465
27.130062
34.197239
32.355377
26.976491
30.628677
33.512894
30.74403
34.009199
30.289395
14.324983
39.952642
40.35026
39.929234
14.379822
40.511298
32.272295
31.352666
29.473149
25.412779
29.676782
25.480538
13.469192
13.323051
13.240277
28.668617
29.486523
28.58939
29.576662
27.265605
23.908872
23.660969
27.569168
27.169269
23.507873
27.09353
23.577298
13.468327
13.328933
13.25277
13.290419
30.261007
31.296114
30.290595
31.278374
28.503884
24.480122
28.239091
24.72946
28.680061
24.908582
28.712888
24.876805
13.942837
13.921864
13.954144
13.945894
14.043874
13.567211
13.712208
13.806436
29.847639
30.799844
29.866447
30.760798
28.199838
24.212559
24.497331
27.879285
28.296765
24.596156
28.322362
24.575712
13.651613
13.804211
13.870013
13.857644
28.277799
29.584237
28.682142
29.147584
26.754294
23.495104
27.057385
23.23721
26.810515
23.601388
27.194397
23.282753
14.044343
14.020706
13.753618
13.086089
13.299815
4.9310725
31.429191
4.9419657
35.341878
41.405092
10.488209
10.408975
31.476783
4.9450419
4.9260584
32.026331
4.9262762
37.32418
42.633338
11.831562
31.863907
4.9383124
4.929803
31.758705
29.846671
34.398778
33.347763
30.436216
32.380992
15.296702
42.79052
35.727786
42.640703
35.825836
15.338232
27.119297
15.255655
27.078381
34.905652
33.587105
32.746687
31.107103
32.633641
31.060988
30.89366
29.051901
32.395872
31.627956
29.065134
30.826812
15.153699
42.321651
34.965511
41.663205
35.512806
27.032541
14.937571
26.799018
34.286411
32.58362
32.725733
30.980551
31.765355
30.717797
13.968235
13.965566
13.977992
30.457872
31.924049
30.457129
31.955852
28.672393
24.833127
24.84413
28.665959
28.67356
24.838805
28.669035
24.84377
13.991232
13.991996
13.994087
13.991714
30.287017
31.829883
30.296093
31.780408
28.565445
24.777869
28.600196
24.752811
28.526213
24.731845
28.543392
24.71622
13.8009
13.938692
13.988756
13.939359
13.930728
13.951884
13.949771
14.042896
30.873488
32.365282
30.812906
32.420744
29.062696
25.214968
25.180326
29.086623
29.05145
25.110569
28.993586
25.162985
14.21043
14.187084
14.145872
14.180106
30.583997
31.563877
30.133002
32.080066
29.052706
25.264826
29.143375
25.187313
28.819624
24.640932
28.420561
24.986749
13.429039
13.284087
13.454834
14.194715
13.889376
4.4851368
32.18145
4.4870546
37.658971
44.067098
32.152849
4.4909484
4.5812269
32.018874
4.5438621
38.465308
44.477699
12.142456
32.069428
4.4968496
4.5144262
31.341311
27.283519
34.119512
32.413852
26.994389
30.668291
34.013936
31.052218
34.376419
30.726226
40.656916
14.575651
41.135125
14.567079
40.49026
40.937601
32.826878
31.695281
30.074807
25.834864
29.960213
25.800525
31.06461
27.049096
34.56234
33.246706
27.146039
31.41509
36.757814
33.268771
36.687521
33.262803
43.32947
15.573483
42.720113
15.681449
43.641547
43.637449
35.223104
33.6836
31.145626
27.54071
31.821574
27.727647
30.613502
31.643977
30.619369
31.62501
28.81879
24.669924
24.996602
28.433067
29.006383
25.167508
29.015635
25.160668
14.093754
14.194481
28.61432
29.830303
28.904353
29.532026
27.149745
23.847353
27.50461
23.535047
27.104255
23.707682
27.35965
23.48191
13.444792
13.264954
13.356624
13.235633
28.590231
29.839575
28.877081
29.534998
27.12315
23.856882
23.512091
27.524804
27.084166
23.734305
27.361696
23.484289
13.25647
13.368456
30.942397
31.951933
30.906405
31.987773
29.082233
24.815276
28.620662
25.195092
29.28754
25.334006
29.251409
25.369836
13.997457
14.222862
14.301741
14.323101
4.3647932
31.352825
4.3328116
37.466891
43.65804
11.895309
11.917105
31.433333
31.63289
4.280142
37.224147
43.450238
31.596205
29.782755
25.713596
32.555549
31.546267
25.722851
29.859485
35.647175
31.996585
35.234074
32.324768
15.30937
42.739173
42.74908
42.438109
15.229273
42.033144
34.202766
32.35549
31.149922
27.106297
30.654213
26.96084
30.751648
27.037495
34.454342
32.939657
27.15366
31.197504
35.617639
32.41839
35.700195
32.347534
15.225691
42.492597
42.521218
42.48995
15.232097
42.557983
34.204498
32.76311
31.003825
26.96594
31.027627
26.970995
14.138492
14.075781
13.780273
28.483172
29.764457
28.834949
29.369354
26.939944
23.6781
23.388116
27.276556
26.992796
23.718276
27.327582
23.42529
13.336936
13.170928
13.35824
13.199269
30.080585
30.670884
29.763
31.02224
28.514709
24.513685
28.236143
24.757748
28.512039
24.503525
28.219036
24.752225
13.411767
13.24586
13.357047
13.953546
13.818035
13.380377
13.24489
13.402684
30.107861
30.701315
29.763764
31.076493
28.687759
24.921434
24.892454
28.716463
28.535257
24.481313
28.204003
24.754669
14.049451
14.039614
13.795336
13.961597
30.07667
31.106322
30.138286
31.039734
28.496405
24.764287
28.542614
24.720419
28.495235
24.773834
28.554349
24.727605
13.835925
13.990585
14.066973
13.940864
13.965006
4.4894979
31.788923
4.4954592
35.978189
41.580076
10.861755
31.763497
4.4780595
4.4895252
31.515541
35.766432
41.61599
10.82058
31.594696
4.4582958
4.432403
30.51932
26.880457
34.247687
32.851471
27.003384
31.114367
35.808177
32.473811
35.873962
32.398978
42.33413
15.234462
41.9754
15.305654
42.55051
42.644952
34.357157
32.92188
30.710103
26.956996
31.156079
27.080854
30.292412
26.036314
32.899621
31.378808
25.895584
29.658981
34.038086
30.732481
33.980792
30.78209
40.60583
14.613072
41.063228
14.573451
40.490864
40.443713
32.828404
31.325433
30.058555
25.891211
29.634368
25.815266
28.574136
29.832953
28.896573
29.507589
27.09741
23.774514
23.487083
27.436364
27.037528
23.70861
27.337064
23.444752
13.244696
13.361111
30.545292
31.678182
30.649189
31.554662
28.711561
24.548497
28.315703
24.884254
28.919083
25.130621
29.019191
25.053978
13.841102
14.03372
14.181962
14.139261
30.187922
31.245412
30.252915
31.170344
28.455304
24.449653
24.687062
28.188193
28.609728
24.877528
28.670947
24.815948
13.913894
14.024571
28.694651
29.573564
28.642544
29.614493
27.247438
23.894548
27.543502
23.648428
27.190291
23.548561
27.14193
23.592075
13.468097
13.317572
13.26275
13.286686
29.664857
37.606803
43.8474
11.950689
11.968179
29.620932
29.505433
4.2985864
37.665968
43.942573
11.975112
11.981492
29.525192
29.202222
25.39184
32.156965
30.628102
25.374426
28.999815
33.190546
30.02162
33.069194
30.007404
14.359723
40.056301
40.775142
39.559052
14.222214
39.539558
31.934816
30.479085
29.851525
25.476076
28.85454
25.208214
31.380258
27.310098
34.580728
33.064714
27.256342
31.326286
36.148296
32.81353
36.237059
32.763079
15.344271
42.690965
42.241842
42.990982
15.433699
43.065164
34.64053
33.158154
30.79648
27.15518
31.416621
27.313454
13.872879
13.886216
13.960895
30.300314
31.183408
30.225524
31.273667
28.795361
25.045453
24.983249
28.864013
28.71614
24.854171
28.646182
24.914077
14.122304
14.09378
14.019465
14.05515
30.63624
31.633721
30.64538
31.631914
29.001359
25.130729
28.962041
25.157611
29.032547
25.201319
29.040862
25.187173
14.166273
14.172047
14.189746
14.194098
14.211569
13.159685
13.111461
13.051645
28.026626
28.795925
27.95768
28.882057
26.834559
23.756624
23.315188
27.365815
26.582733
23.022246
26.506873
23.086131
13.386776
13.121638
12.957823
13.000906
30.53137
31.578398
30.589284
31.506922
28.733702
24.602046
28.335146
24.940736
28.938344
25.161934
28.993958
25.118423
14.158686
14.143656
14.133327
14.059859
14.189155
4.6303306
30.154593
4.5477547
36.489303
42.101635
29.944816
4.5093456
4.4974098
29.84526
35.307818
41.305554
10.603063
29.871177
29.301448
25.620582
32.527795
31.221967
25.721526
29.588728
33.946022
30.741919
33.975316
30.703541
40.488847
14.494799
40.343447
14.506868
40.450928
40.496252
32.593741
31.227374
29.4295
25.710567
29.593778
25.759809
30.18643
26.482778
33.400107
31.716161
26.440476
30.061279
33.574159
30.706431
33.807897
30.349883
39.961194
14.370443
40.096818
14.385914
39.985175
40.429699
32.30564
31.172079
29.297272
25.466209
29.501236
25.507001
29.900895
31.065967
30.078971
30.864224
28.2278
24.525621
24.491883
28.259438
28.335048
24.736648
28.5047
24.588545
13.811064
13.942903
29.923658
30.460811
29.559189
30.85526
28.511314
24.755906
28.515136
24.751206
28.358979
24.334407
28.025967
24.626197
13.954939
13.960402
13.723261
13.87949
28.687511
29.59936
28.713225
29.560362
27.176121
23.523287
23.619478
27.069866
27.22188
23.680974
27.24632
23.652773
13.306632
13.333726
28.333676
29.455188
28.593386
29.208383
26.823315
23.337646
26.878815
23.29289
26.864445
23.549185
27.110428
23.323602
13.146569
13.117975
13.263831
13.14255
30.259759
30.16208
35.781521
6.7316849
6.6520347
30.045369
27.675296
13.98272
30.438544
35.835251
28.413674
27.023648
23.820234
28.60754
28.105825
23.810454
27.071616
31.852783
29.085577
31.910457
29.045822
13.405469
38.69836
38.579507
38.813472
13.469916
38.796927
28.326268
28.108689
26.876074
23.719465
27.08563
23.77069
26.590862
23.525941
27.646186
27.664072
23.55568
26.718763
31.982087
29.001973
31.940393
29.006651
13.239679
38.166942
38.266234
38.116263
13.230978
38.209906
27.943736
27.702706
26.906841
23.635345
26.72417
23.629376
15.358556
14.595094
13.147745
25.768707
26.023522
26.032988
25.72624
24.909719
21.968142
21.9175
25.070975
24.899664
22.054864
25.148745
21.920854
12.244859
12.361185
26.60257
27.1313
26.799489
26.884546
25.438969
22.254159
25.41663
22.277438
25.475468
22.501467
25.661696
22.304103
12.995635
13.018179
12.910939
12.898278
12.973608
12.987545
27.625417
28.11018
27.647061
28.079774
26.454205
23.119681
23.132495
26.442324
26.439886
23.126913
26.452649
23.119664
13.00355
13.004783
27.664196
28.073899
27.675153
28.068028
26.455828
23.146027
26.470673
23.138347
26.428934
23.152466
26.444116
23.136033
13.031521
13.036397
13.034585
8.1727222
17.440269
8.2358319
31.457997
37.71268
8.5678982
17.042082
8.259197
8.2801252
7.7512024
16.322037
7.8474039
31.569021
37.770943
8.4767178
16.349925
8.1428646
7.9728448
26.872288
23.415109
28.488623
27.847104
23.477907
26.761181
31.410868
28.512781
31.340883
28.60006
38.13383
13.329629
38.163428
13.351927
38.206008
37.948395
28.888247
27.883993
26.973305
23.645502
26.780397
23.65049
26.757315
23.311906
28.899186
28.088343
23.24014
26.866566
31.571533
28.522139
31.645441
28.535353
37.864749
13.190118
38.098995
13.163185
37.836416
37.773623
29.021541
28.17213
26.931971
23.514004
26.982393
23.503321
13.701252
29.446719
31.011019
29.554055
30.824995
27.837131
24.082873
24.22075
27.674519
27.936965
24.349798
28.015576
24.277185
28.777538
29.591547
28.832312
29.559127
27.443335
23.979685
27.554962
23.893799
27.39461
23.919409
27.455235
23.859902
12.934123
13.514917
13.437136
12.760013
27.052572
27.532386
27.014714
27.539512
25.809311
22.557076
22.523596
25.812091
25.813285
22.538931
25.796771
22.545833
27.099361
27.599816
27.05479
27.574106
25.866326
22.57557
25.837885
22.594956
25.852944
22.537917
25.841232
22.622489
12.542626
12.670561
12.670558
25.505916
26.06868
26.050557
25.518642
24.490841
21.642378
21.444136
24.587332
24.53712
22.092155
25.04113
21.480796
12.456844
25.685114
26.065186
25.691919
25.998864
24.701965
21.618492
24.704272
21.622025
24.555414
21.494426
24.579547
21.482211
12.376613
12.396797
12.084877
12.100482
30.784021
29.243726
35.340687
6.7565515
6.6660194
30.543496
15.064963
15.286824
28.25538
14.032495
30.224201
35.64522
6.8920127
7.0418333
28.969907
28.104931
24.61094
29.827502
28.994453
24.530981
27.836196
32.300639
29.612526
32.487249
29.423255
13.544431
38.900262
38.623645
39.104239
13.647164
39.310819
29.096152
28.80747
27.082521
23.985041
27.685123
24.14246
25.668379
22.921558
26.902671
27.048571
22.840454
26.138613
31.459209
28.414593
31.180021
28.53332
13.104994
37.758322
38.041002
37.597503
13.038764
38.050501
27.751461
27.304335
26.893387
23.398318
26.354101
23.27628
13.255627
13.219791
13.247578
27.918709
28.566778
28.068052
28.43165
26.597383
23.101423
23.242691
26.426743
26.699102
23.425454
26.778361
23.331501
12.98941
13.076338
13.168067
12.599603
12.671025
27.175927
27.481691
27.118804
27.571511
26.050634
22.93795
26.246805
22.821106
25.94996
22.673081
25.913386
22.728932
12.899067
8.5189605
17.442946
8.5082328
31.728353
37.386225
17.171829
8.2423087
8.409609
7.8885323
16.876536
7.9367272
31.33348
37.326534
8.4262721
16.861598
27.991068
24.513041
29.878272
28.951769
24.317288
27.745105
31.662515
29.064903
32.077199
28.787387
37.802418
13.233344
37.693662
13.39591
38.264402
38.396377
29.360013
28.69267
26.948055
23.606138
27.463762
23.828541
27.178044
23.709494
29.198139
28.01584
23.627015
26.817072
30.99544
28.229687
31.056515
28.181916
37.455627
13.118965
37.443224
13.174473
37.573645
37.566717
28.842386
27.926907
26.789146
23.346255
26.735957
23.394617
12.686671
12.667024
27.122408
27.873415
27.169588
27.812763
25.81372
22.465329
22.478697
25.801913
25.836598
22.536258
25.880006
22.50318
12.626237
27.034421
27.698089
27.019745
27.713967
25.763245
22.468559
25.81029
22.4316
25.742745
22.424014
25.741739
22.427541
12.592268
12.617501
12.62722
12.607821
12.604973
13.204936
13.03249
27.186704
28.044218
27.473048
27.763615
25.800318
22.385208
22.50338
25.67628
25.941687
22.870696
26.198754
22.634712
12.574456
26.582413
27.205619
26.651603
27.157056
25.377468
22.22019
25.483504
22.147805
25.373634
22.172146
25.420378
22.124072
12.613082
12.515332
12.478942
12.431598
12.449617
18.178704
39.78007
41.426962
39.692983
41.253897
37.402541
32.693158
32.584648
37.512954
37.295989
32.284122
37.252638
32.443433
18.47016
18.37629
40.68452
42.521239
41.336797
41.954131
38.125257
32.947139
37.779945
33.260309
38.549122
34.420759
39.276511
33.703987
19.885752
18.674436
18.893133
19.602
19.182187
48.299042
55.125013
45.579765
54.144511
14.750688
14.432762
28.444087
25.415222
33.385126
32.838177
26.13085
31.070287
38.610487
33.863071
37.759999
34.701094
47.645954
16.526502
48.791646
16.113237
46.661741
45.681643
36.33971
33.754009
34.865742
29.494884
31.964501
28.695644
41.055462
35.717883
44.461716
41.80984
35.184419
39.586696
43.933288
40.734364
45.044714
39.657366
51.299317
18.102674
50.033635
18.6085
52.574192
53.789121
41.785341
40.93837
35.842347
32.16933
38.780926
33.015375
32.240903
32.354736
31.288896
33.22744
31.377833
28.050953
27.360807
32.177604
30.605178
25.638895
29.579472
26.62487
15.630822
15.241603
19.388002
18.205312
18.642875
36.936961
39.093575
37.942816
38.058328
34.042416
28.845163
33.090267
29.670571
35.068943
31.431625
36.039608
30.580796
16.084983
16.572084
17.631583
17.114573
32.821465
39.127758
32.124773
38.831783
8.1146189
8.011192
27.755274
23.575057
29.781186
28.072342
23.192146
26.474247
33.017811
29.461195
33.009383
29.457824
40.656173
11.815246
40.839989
11.99987
40.532439
40.472974
28.980111
27.758826
25.664855
22.141854
26.164035
22.362345
26.115377
21.698758
29.457716
27.570031
21.61847
25.628142
33.616275
30.140338
33.814637
29.971127
41.303644
9.1017828
41.045732
9.1538942
41.548117
41.837484
28.907881
27.426234
25.560652
21.719977
25.559537
21.655768
30.711445
32.769995
31.010214
32.476123
28.381105
23.775527
24.03796
28.102753
28.634693
24.537278
28.904325
24.291629
9.0904348
9.1412833
29.30961
30.194889
29.099098
30.432258
27.623487
23.541687
27.851289
23.305332
27.406746
22.849532
27.191486
23.071195
8.9322611
9.0383658
8.9893887
8.9263948
8.9499051
26.975534
28.02611
27.00197
28.015812
25.315843
21.529975
21.552886
25.324023
25.350366
21.708936
25.393747
21.639464
8.8666222
8.8443156
27.356451
28.640367
27.520218
28.478906
25.439875
21.507517
25.367792
21.507579
25.548062
21.56908
25.681749
21.534564
9.3397279
8.9115293
8.9793285
9.1887792
9.0733513
30.149894
31.016853
30.101502
31.083964
28.631638
24.907683
24.871884
28.680427
28.590554
24.79186
28.543914
24.831383
14.04824
14.019215
30.333217
31.330628
30.384572
31.262065
28.737217
24.939007
28.710784
24.970978
28.764242
25.033802
28.818768
24.995428
14.065755
14.074757
14.120968
14.089135
29.780874
37.311546
43.393257
11.829525
11.790321
29.671052
4.4462204
29.728542
4.4815084
37.610754
43.637176
11.887983
11.935148
29.609488
30.77433
26.815453
34.141871
32.856242
26.908658
31.11643
36.508785
32.908509
36.356214
33.040749
15.588539
43.383864
43.327494
43.356529
15.568296
43.204429
34.963101
33.28988
31.609725
27.573751
31.521192
27.542263
31.063631
26.96822
34.194887
32.779963
26.95524
31.014899
35.970067
32.469774
35.874674
32.547105
15.397586
42.833477
43.003757
42.744468
15.360897
42.652094
34.454403
32.909103
31.388378
27.2446
31.153845
27.181338
13.824948
13.896785
30.772133
31.658069
30.641197
31.784422
29.187306
25.277918
25.310135
29.135278
29.155884
25.165738
29.028044
25.275363
14.255971
14.282394
14.192625
14.26386
30.333768
31.238945
30.251379
31.313026
28.814318
25.087176
28.912003
25.007645
28.750064
24.878956
28.669491
24.9461
14.146044
14.099587
4.361286
29.922478
4.4314295
35.627889
41.946192
29.962077
4.4125791
4.2979064
29.434718
4.3219321
37.099536
42.806982
11.767811
29.521149
4.3846312
4.3513069
30.824874
26.877686
34.111743
32.747533
26.909875
30.998364
36.027983
32.63215
35.937871
32.729699
42.838971
15.393532
42.812527
15.385975
42.948708
42.852796
34.569478
32.955154
31.250785
27.236889
31.210802
27.238196
29.768683
25.708815
32.645726
31.590473
25.728866
29.889043
35.452017
31.799986
35.156104
32.183733
42.518126
15.232318
42.63299
15.154407
42.272294
41.788577
34.010492
32.301388
31.121215
26.980931
30.573
26.841837
30.191537
31.200567
30.21084
31.181654
28.610398
24.806107
24.813894
28.612528
28.596528
24.822568
28.616967
24.805994
13.994198
13.989785
30.138924
31.175563
30.165594
31.140881
28.58149
24.792403
28.597741
24.780536
28.556917
24.780199
28.58289
24.758163
13.987154
13.980238
13.978691
13.967181
30.445474
31.322774
30.354485
31.424586
28.838581
24.97529
25.022018
28.792991
28.847268
24.95694
28.764039
25.031211
14.087489
14.106007
29.931948
30.591125
29.625201
30.890662
28.520319
24.872692
28.667386
24.762872
28.359835
24.358066
28.068604
24.620113
14.028326
13.956337
13.725978
13.876917
48.297905
61.06013
47.199031
60.587009
6.403954
6.4244037
34.870649
31.661098
40.058354
36.635754
31.589257
34.668352
11.900538
42.154278
34.962878
42.579031
34.660636
5.3744579
24.493912
12.248989
25.946939
39.951723
36.565064
33.723795
30.45489
34.58444
31.136443
34.061163
28.066807
41.276556
37.334386
27.815645
33.231152
36.903226
32.074884
36.422591
32.060625
12.808679
46.546233
48.590964
12.477338
45.139996
44.443564
40.41334
36.993635
33.159663
27.471721
32.978048
27.348339
7.3006161
28.642178
30.295994
28.590492
30.39719
26.112708
21.9294
21.977575
26.07743
26.110457
21.985256
26.090718
21.98937
7.4371253
7.4182367
7.3635185
28.38792
30.127384
28.223733
30.286259
25.884197
21.845663
25.998307
21.735267
25.741551
21.467497
25.580408
21.606658
7.4992786
7.5133617
7.4517712
7.48672
7.4754761
8.151476
28.379436
30.91642
28.483402
30.769916
25.559971
21.397944
21.505904
25.43844
25.699683
21.713214
25.795579
21.623253
7.8776527
7.9363089
8.0465116
26.935796
28.957597
26.97121
28.723877
24.928189
21.297933
25.259991
21.074774
24.648458
20.707586
24.546306
20.841415
7.6440451
7.6121816
7.82764
7.6881637
7.7387096
46.06693
57.314507
8.1489865
8.2042473
46.347885
57.455212
8.0887435
8.0256567
34.892217
31.916992
40.226762
37.362392
32.022411
34.705676
8.4128324
44.020092
36.165296
43.657557
36.176346
18.991793
50.796247
11.797099
24.772078
40.216527
37.371351
33.815581
30.363461
34.606806
31.410321
32.94409
27.906053
39.923357
36.933587
28.067905
33.484554
42.847953
34.584925
39.457036
35.474483
16.968242
48.717131
17.944357
49.814847
40.136876
37.05059
33.793108
29.655158
33.67748
29.656755
12.361256
31.742724
32.788058
31.879181
32.567793
30.157174
26.043651
26.144831
29.999088
30.278275
26.219685
30.334954
26.200346
12.534049
12.552132
30.589154
31.94833
30.599169
31.633868
29.517578
25.885943
29.760683
25.699745
29.244775
25.249166
29.005365
25.480489
12.08034
11.925722
12.484141
12.412429
12.227364
8.4505677
29.247944
32.003098
29.304937
31.468154
27.326913
23.384007
23.250477
27.495693
27.073929
22.835233
26.886322
23.044817
8.681606
8.6207227
29.877315
31.629118
30.042746
31.779856
27.70977
23.498224
27.586299
23.661096
27.891909
24.052696
28.104752
23.857923
11.585527
11.643296
8.7226116
8.7751329
8.868985
7.0983705
26.686833
28.39279
26.903699
28.16826
24.333981
20.474121
20.632528
24.149345
24.527108
20.966299
24.728452
20.796076
6.8834128
6.96746
25.75201
27.038405
25.603518
27.199338
23.80431
20.319308
23.97232
20.176506
23.652816
19.926409
23.51542
20.048887
6.6845593
6.6489053
6.841976
6.8007149
6.7215024
43.427488
55.621598
4.5131439
43.072384
55.547901
4.4222879
4.4442232
28.557826
23.382272
35.76906
32.499844
23.549551
28.775157
31.26353
27.000133
31.069497
27.12097
38.876972
6.6314359
39.079586
6.6095461
38.661896
38.505642
36.12348
32.61686
29.224447
23.998429
28.884374
23.899427
30.501306
25.120381
37.082496
33.620561
24.960095
29.956763
32.20049
28.154171
32.420899
27.966191
39.579401
6.7089223
39.328305
6.7393408
39.850107
40.120471
36.64193
33.455493
29.350325
24.360082
29.786185
24.502326
6.2642962
23.468401
24.582349
23.349131
24.7071
21.785759
18.611821
18.512635
21.905474
21.679692
18.342707
21.575811
18.426818
6.3350804
6.2989285
6.5537706
6.4631078
6.4927074
24.156495
25.6212
24.310596
25.452913
22.147353
18.713677
22.029808
18.80775
22.259627
18.990155
22.384572
18.895401
6.3565096
6.3786806
6.4323734
42.65015
54.82379
4.4594855
42.316747
54.693607
28.50756
23.191282
35.421778
32.050442
23.415031
28.338818
30.421904
26.183192
30.40695
26.191836
37.492493
6.5502452
37.653305
6.5387007
37.501483
37.549588
35.439602
32.077886
28.349848
23.777206
28.254063
23.676711
29.408144
23.642745
36.215677
32.698001
23.554477
29.039941
30.478716
26.671346
30.576155
26.594114
38.2382
6.6005115
37.958356
6.6183672
38.294554
38.477556
35.836266
32.56673
28.471991
23.32589
28.915566
23.214212
6.536524
24.605981
26.348282
24.792438
26.180533
22.099361
18.886591
19.020888
21.979881
22.242628
19.296516
22.35518
19.116082
6.4733869
6.5009205
23.887092
25.2255
23.782379
25.35064
21.753938
18.79224
21.853785
18.811403
21.686231
18.695328
21.545074
18.624885
6.3934615
6.3774829
6.459713
6.4440727
6.410533
6.225341
22.638819
23.863115
22.653954
23.857801
20.91646
17.715635
17.720231
20.925478
20.919357
17.746299
20.932408
17.729191
6.2217157
6.2168763
22.817943
24.17412
22.855384
24.13086
20.968559
17.736324
20.93941
17.724432
20.988221
17.769342
21.024516
17.736921
6.2800878
6.2946143
6.2294411
6.2416994
6.2660355
14.125056
30.082657
31.128013
30.140469
31.078807
28.584565
24.920864
24.781802
28.749052
28.4987
24.759404
28.554084
24.70825
14.05779
13.93718
30.874715
31.755631
30.719989
31.909517
29.285657
25.302715
29.175069
25.390861
29.249343
25.243704
29.107742
25.368558
13.911725
14.270655
14.330058
14.237279
4.3704474
30.882225
4.3569741
37.055086
43.256477
30.77906
4.3071452
30.728046
4.3266516
37.462943
43.369993
11.795383
30.588736
4.2788754
31.67125
27.572796
34.833573
33.304632
27.532816
31.525234
35.85002
32.710127
36.011133
32.571174
15.285264
42.657334
42.615924
42.770961
15.328355
42.943762
34.456646
33.05605
31.07345
27.069959
31.305475
27.14878
30.783019
26.795259
34.046727
32.615074
26.811472
30.870435
35.71633
32.368957
35.655798
32.392473
15.291603
42.673127
42.658655
42.553886
15.270104
42.522396
34.289122
32.791657
31.101826
27.080938
31.014459
27.04146
14.29103
14.282675
30.310109
31.39548
30.437854
31.264199
28.633639
24.8171
24.850914
28.601029
28.724346
25.034967
28.850658
24.936559
13.995659
14.014007
14.117067
13.868428
30.136179
31.052543
30.096826
31.114891
28.587
24.837431
28.612444
24.824859
28.553112
24.736832
28.505476
24.781732
14.000826
13.981441
4.336519
30.812688
4.2360503
37.879869
43.95849
11.979565
11.968993
30.632094
4.1412431
30.392314
37.966177
44.117267
11.996668
11.993957
30.441687
31.650257
27.524621
34.875148
33.330652
27.480454
31.516717
35.986277
32.754796
36.073685
32.679345
42.804212
15.393681
42.901387
15.384292
42.915859
42.994779
34.616167
33.139846
31.330611
27.23602
31.351024
27.236395
31.254309
27.252116
34.672063
33.26482
27.31741
31.448172
36.234875
32.821415
36.26461
32.850473
43.09034
15.496083
43.088314
15.487779
43.110127
43.097333
34.833464
33.298083
31.464518
27.410055
31.48818
27.396558
13.961294
30.212791
31.242278
30.263635
31.160788
28.48977
24.453754
24.736879
28.160668
28.631096
24.89265
28.687094
24.861113
13.782464
14.015167
28.496102
29.689119
28.787807
29.370189
27.040415
23.744523
27.351183
23.47615
27.016743
23.692176
27.2945
23.455462
13.903316
13.38477
13.233346
13.356516
14.20658
30.378117
31.425812
30.438092
31.356766
28.777226
24.987711
24.962175
28.813256
28.780478
25.010936
28.840034
24.976157
14.095907
14.08052
30.557599
31.571995
30.549935
31.568471
28.955177
25.093299
28.929569
25.113384
28.950399
25.100897
28.94935
25.111141
14.122553
14.149575
14.160679
14.16153
43.794653
55.9785
4.4998614
43.296975
55.771411
28.145682
22.776569
35.206558
32.045664
22.866975
28.30958
30.092338
26.08408
29.901039
26.218401
37.963177
6.6164106
38.110548
6.5804526
37.691598
37.403249
35.82046
32.20314
29.012433
23.042001
28.485687
22.973189
29.834981
25.153076
37.062467
33.549245
24.929326
29.506096
31.286025
27.134494
31.369247
26.90952
38.78774
6.719401
38.446525
6.7490383
38.671859
39.071461
36.645289
33.383193
29.110379
23.73708
29.444889
24.030956
6.4304577
24.580889
26.128635
24.602713
26.139076
22.216478
19.177466
19.295784
22.165028
22.430625
18.59746
22.479674
18.720453
6.4153556
6.425778
24.102392
25.485683
24.026508
25.610931
22.132265
18.611045
22.216368
18.314556
22.021828
18.844981
21.783404
18.302167
6.3659715
6.3546918
6.4117341
6.400317
6.3780483
6.1021231
22.448453
23.693634
22.434272
23.74333
20.749789
17.369947
17.395251
20.797613
20.716117
17.822403
20.672258
17.568382
6.1926628
6.1528596
22.954179
24.491936
23.077686
24.334841
20.83272
17.481498
20.845469
17.946834
20.866393
18.112835
20.946799
18.100623
6.2740536
6.2915932
6.2109572
6.2261434
6.2580274
44.390072
56.724
4.3134618
43.450059
56.314446
4.338135
4.3440353
28.215508
22.792307
35.204073
32.117469
23.495991
28.225032
30.762038
26.453153
30.753827
26.803288
38.782208
6.5084014
38.937739
6.4854625
38.475015
37.899879
35.638691
32.258022
29.193034
23.535254
28.444891
23.622433
30.813481
25.307504
37.740879
34.098616
25.006537
30.287421
31.995775
28.189612
32.253774
27.935419
39.826177
6.6047464
39.423474
6.6402859
40.311763
40.648766
36.94855
33.851795
29.44602
23.938913
30.074238
24.192687
6.572139
25.921433
27.449233
25.88976
27.49066
23.422161
20.297053
20.338546
23.408068
23.431805
20.230761
23.380198
20.259484
6.538711
6.560646
25.726408
27.153721
25.635443
27.209468
23.381975
20.386357
23.392066
20.262599
23.447766
19.46855
23.45886
19.771615
6.4422404
6.4175852
6.524
6.5060002
6.4649322
6.0717987
23.293482
24.197347
23.115292
24.424118
21.743176
18.771224
18.723245
21.9296
21.593739
18.495035
21.440272
18.615372
6.1294373
6.0944339
24.17783
25.640814
24.362973
25.433564
22.243552
18.803415
22.088779
18.82816
22.392382
18.86588
22.532948
18.827239
6.2539857
6.2818018
6.1506419
6.1752029
6.2265072
6.4132426
24.682789
26.240178
24.715333
26.162194
22.389277
19.371545
19.400157
22.329609
22.449883
19.263138
22.525035
19.412816
6.3699427
6.3880815
24.315496
25.64288
24.231579
25.747255
22.218404
19.339676
22.281414
19.258615
22.151809
19.121264
22.035167
19.185892
6.3275518
6.3236925
6.3607764
6.3517255
6.334191
44.416733
56.935502
4.3342405
44.33244
56.891008
4.2805927
30.1535
24.784036
38.018242
34.425121
24.593793
30.522254
32.219077
27.949784
32.002846
28.021438
40.162692
6.8808401
39.910406
6.882057
40.34882
40.335622
38.059647
34.455642
30.376449
24.864445
30.571247
24.756611
30.321095
25.580877
37.684818
34.259002
25.670635
30.13402
32.318833
27.858829
32.402328
27.797232
39.870311
6.8722122
39.893331
6.8741424
39.878158
39.908142
37.55601
34.218688
30.204747
25.564955
30.080192
25.628477
6.300787
23.673061
25.163449
23.662344
25.209528
21.582168
17.83004
17.95766
21.585848
21.436037
18.563604
21.337875
18.494021
6.3115688
6.3084387
6.3138649
6.3109281
6.3112848
23.653024
25.156063
23.677043
25.155761
21.6083
17.84491
21.597579
17.873205
21.614171
17.905487
21.637645
17.89224
6.3115526
6.3107625
6.310776
44.355885
56.638335
4.1710763
43.810468
56.427298
4.1296994
4.1248003
30.062356
25.537035
37.664143
34.028189
25.470489
29.961697
31.586156
27.368012
31.815461
27.507971
39.483085
6.7568452
39.267042
6.7630384
39.509503
39.213268
37.180741
33.876466
29.630334
24.760814
29.915372
24.574653
31.05731
26.309296
37.697354
34.203316
26.035532
30.083799
32.203932
27.957951
32.483647
27.749729
39.462402
6.7788781
39.365897
6.7992081
39.677307
39.995723
37.154194
34.015343
29.561637
25.413488
29.913799
25.526255
6.5922716
27.095175
29.802574
27.157145
29.771177
23.850306
20.5588
20.654098
23.751457
23.899948
20.73538
23.889355
20.685564
6.5375833
6.5595255
26.521988
29.0267
26.366132
29.232775
23.841755
20.173341
23.771409
19.28318
23.720327
19.139627
23.565438
19.232237
6.4451594
6.425854
6.5251969
6.5033287
6.4631636
6.2772882
23.363465
24.747592
23.29445
24.794172
21.309375
18.587494
18.503653
21.399994
21.24764
17.707203
21.316259
18.39233
6.273994
6.2682269
23.827064
25.367667
23.979054
25.221778
21.795885
18.633688
21.556734
18.221002
21.927342
18.42205
22.071751
18.316143
6.3407323
6.3582433
6.2822352
6.2929603
6.3235007
13.973125
30.28413
31.784236
30.33389
31.593011
28.580911
24.800115
24.787738
28.593299
28.581522
24.795279
28.604848
24.790034
13.981204
13.967802
30.198343
31.144419
30.17446
31.160617
28.630561
24.838652
28.634338
24.843583
28.621667
24.818478
28.601779
24.83735
13.94871
14.005967
14.010634
13.997877
31.848805
36.96383
42.458053
11.616805
11.732047
31.833081
4.9908927
31.657158
5.0260217
35.162026
41.4248
31.695142
5.0232749
31.052477
26.936147
34.034766
32.543019
26.849142
30.821754
35.489387
32.227592
35.594757
32.123147
15.074383
41.924105
41.452679
42.186251
15.167916
42.329254
33.893368
32.588927
30.20632
26.681544
30.869038
26.847478
30.905535
26.905725
33.810826
32.111142
26.77592
30.410859
33.612654
30.781874
34.032711
30.392387
14.386468
40.027139
40.409269
40.063957
14.391949
40.582274
32.316558
31.287784
29.48903
25.494588
29.633736
25.52811
14.008758
13.913981
30.010166
31.023955
30.086562
30.924527
28.278593
24.267099
24.564612
27.925957
28.456907
24.777381
28.531447
24.722717
13.677424
13.854274
13.976435
13.902175
28.403466
29.64173
28.751437
29.265059
26.923622
23.616684
27.180589
23.386894
26.947924
23.689824
27.275362
23.410365
13.300806
13.181783
4.7914199
32.159545
4.7817345
37.402459
43.479647
31.983621
4.7459015
4.8989957
31.715838
4.8056963
37.387656
43.529649
11.815914
11.822225
31.616863
31.319134
27.35686
34.759756
33.209322
27.372543
31.434204
35.806096
32.597349
35.960197
32.467768
42.606963
15.268451
42.571177
15.29793
42.611001
42.768842
34.34621
32.995542
31.04271
27.037936
31.229453
27.080261
31.083961
27.022365
34.292867
32.803625
26.994396
31.034313
35.746076
32.331896
35.73688
32.331188
42.490533
15.279064
42.577827
15.273253
42.478582
42.486568
34.355542
32.827984
31.050497
27.035462
31.058899
27.028096
13.213729
30.262188
30.866796
29.89
31.272484
28.854595
25.11805
25.018142
28.960078
28.670518
24.547365
28.316484
24.856618
14.163847
14.022224
30.626667
31.59888
30.556352
31.662438
29.00282
25.149914
28.997722
25.151933
29.016109
25.088504
28.944208
25.148236
14.023078
14.182586
14.182688
14.148078
14.181396
30.213387
31.315585
30.32151
31.189794
28.566358
24.763018
24.781438
28.5462
28.627277
24.920956
28.727896
24.838119
13.962273
14.002378
30.117008
31.105621
30.116999
31.095681
28.554695
24.776422
28.549948
24.77326
28.546848
24.762811
28.543083
24.763072
13.951373
13.97013
13.973862
13.959485
45.840761
58.742351
4.9466152
46.139794
58.884771
30.888517
25.073903
38.604962
35.100149
25.418377
30.908055
33.042655
28.516031
32.745549
28.451253
40.933458
7.0355535
41.229803
7.0282918
40.733471
40.941092
39.053694
35.225688
31.171455
25.808138
31.048618
25.597504
30.709374
25.787812
38.76427
35.19236
25.683152
30.924793
33.038386
28.567414
32.694808
28.4714
40.742298
7.0313255
41.181563
7.0248721
40.738836
41.022903
39.0063
35.259596
31.192376
25.667688
30.993747
25.817489
6.436651
24.093094
25.399814
24.07823
25.428759
22.152902
19.241224
19.225209
22.157351
22.14172
19.220898
22.128942
19.216585
6.4241455
6.4264443
24.128102
25.46865
24.152395
25.447231
22.251124
19.258676
22.196572
19.240823
22.360255
18.837935
22.396435
18.901382
6.4321577
6.4330785
6.4244473
6.4239875
6.4306635
6.422306
24.214212
25.697967
24.169547
25.744857
22.21674
18.481004
18.458868
22.233968
22.171791
18.356073
22.12213
18.41252
6.4484603
6.4409401
24.325992
25.793905
24.332535
25.806726
22.309988
18.518052
22.274252
18.567064
22.333528
18.642882
22.354727
18.609628
6.4497372
6.4471593
6.4510372
6.4526885
6.4507365
46.275199
59.227151
4.4898265
46.021795
59.125609
30.908767
24.924153
38.672621
35.097661
24.90426
31.186502
32.906156
28.532173
32.670037
28.65703
40.93823
7.0128794
41.013448
7.0069827
41.235663
41.064228
38.80361
35.152968
31.036458
26.381714
31.22626
25.554848
31.824983
26.487123
39.278099
35.647886
26.690359
31.612191
33.703204
29.17327
33.69172
28.971859
41.307655
7.0403574
41.1548
11.726043
41.452381
41.681925
39.066917
35.548684
31.14067
25.754056
31.559912
25.338332
6.6679387
26.126375
27.837715
26.158917
27.834778
23.736662
19.399917
19.478061
23.663254
23.776324
19.529641
23.798838
19.518744
6.6412606
6.6575351
25.73228
27.273146
25.609616
27.44669
23.486554
19.334615
23.588731
19.269923
23.391618
19.096722
23.279396
19.194678
6.5719444
6.5556472
6.6286792
6.615777
6.5871696
6.4115172
24.278919
25.747713
24.212224
25.834108
22.287495
18.584989
18.548594
22.355393
22.236578
18.433172
22.173854
18.503161
6.4279959
6.4181586
24.675232
26.336193
24.766544
26.221101
22.511632
18.640737
22.431991
18.708508
22.580411
18.789734
22.656581
18.755875
6.4706466
6.4823978
6.4336997
6.4408703
6.4597008
6.4538563
24.145591
25.47139
24.132713
25.495235
22.086352
19.205422
19.207498
22.043724
22.106598
19.236346
22.110044
19.217725
6.4698549
6.4629556
24.171583
25.580889
24.193919
25.579561
22.055184
19.203404
22.034761
19.195135
22.084347
19.262855
22.111452
19.213548
6.4922159
6.495652
6.4739917
6.478766
6.4878471
46.41789
59.353207
4.9748907
46.459612
59.356273
5.010929
31.332333
25.483286
39.137323
35.41531
25.414277
31.417098
33.018668
28.829621
32.922198
28.842491
41.348198
11.648227
41.468838
11.635171
41.268556
41.390772
39.229392
35.442739
31.38446
25.16708
31.353711
25.145924
31.050205
26.135887
39.216483
35.552794
26.157767
31.212796
33.382121
28.871622
32.902867
28.789089
41.1907
7.0784969
41.47203
7.0749828
41.092323
41.432097
39.320629
35.577597
31.331805
25.775239
31.297952
25.771131
6.5052323
24.704985
26.098187
24.721227
26.096302
22.599953
19.668812
19.668945
22.574107
22.625051
19.710098
22.633004
19.679815
6.5201077
6.5167571
6.5079998
6.5177379
6.5155174
24.706218
26.079698
24.681688
26.106765
22.591361
19.661375
22.570459
19.643549
22.586499
19.630203
22.541648
19.631869
6.5210595
6.5225774
6.5198624
46.310855
59.180595
4.7657448
46.147613
59.09264
4.7354571
4.7500731
31.337165
25.487988
39.158707
35.457026
25.536197
31.363567
33.075278
28.843629
33.022414
28.883557
41.354201
11.640366
41.094305
11.68189
41.289714
39.250361
35.46851
31.415044
25.439071
31.394459
25.375744
31.537051
25.384793
39.234574
35.473519
25.322813
31.486234
33.001476
28.749953
32.923423
28.784918
41.236014
11.663136
41.09594
11.676191
41.260635
41.244472
39.087204
35.439305
31.432532
25.255577
31.423448
25.347706
24.16164
25.692288
24.232377
25.610723
21.891429
19.046659
19.070112
21.825089
21.946487
19.160805
21.976756
19.101021
6.4386061
6.4367073
24.051935
25.55709
24.085704
25.511214
21.823715
19.038923
21.79857
19.016058
21.847422
19.073843
21.867458
19.024759
6.4588421
6.4415481
6.4459869
6.4540885
6.4502019
24.764874
26.189335
24.803321
26.149721
22.677164
19.649737
19.683584
22.617023
22.738953
19.794357
22.788107
19.732607
6.4912236
6.4922774
24.551139
25.981177
24.5266
25.995762
22.486016
19.599114
22.555072
19.526964
22.433487
19.474139
22.371291
19.483633
6.4794678
6.4884576
6.4856262
6.4808107
6.4823228
30.349874
31.477279
30.429891
31.380368
28.700385
24.863377
24.880191
28.677984
28.746166
24.982382
28.823242
24.918746
14.017277
14.026431
30.185876
31.178339
30.190041
31.180848
28.624308
24.837192
28.64604
24.820686
28.597597
24.806334
28.598699
24.807049
14.004052
13.999519
13.984254
13.983572
4.3651946
30.911552
4.3849059
37.471851
43.574514
11.879793
30.861225
30.538256
4.3975855
37.309875
43.427337
11.855614
11.838532
30.612893
30.467191
29.04664
32.633741
31.732631
29.148614
30.93727
41.595255
34.662748
14.823796
41.23303
34.967395
13.928945
26.312021
26.393907
33.894836
32.395255
31.911973
30.296535
31.567701
30.276931
31.181158
27.127126
34.413659
32.884765
27.104245
31.143098
36.646197
32.539483
36.063664
32.832273
9.1796194
15.994531
46.755838
15.634721
43.883524
42.899467
34.216929
32.841769
31.726259
27.692335
31.122421
27.283739
13.254496
13.322951
30.222711
31.351876
29.918458
31.700265
28.636475
24.872457
24.826153
28.691722
28.470323
24.431869
28.185192
24.677675
13.985203
13.76065
13.899928
13.996949
30.194852
31.222034
30.186229
31.270536
28.547429
24.785804
28.584615
24.755977
28.571183
24.79047
28.585643
24.774156
13.969104
13.948216
29.890983
4.2827936
37.149248
43.289617
11.819708
11.793918
29.855125
4.2755816
29.816377
37.643887
43.703302
29.826755
4.260693
4.2619117
30.511505
29.052698
32.37918
31.292236
29.056065
30.49385
14.296895
39.78438
33.286802
39.777337
33.360275
25.477631
14.27146
25.299649
32.462295
31.236946
31.114235
29.182226
30.397826
28.987844
32.080604
30.474853
34.0714
33.057786
30.490677
32.159126
42.49606
35.760609
15.24655
42.468753
35.753343
15.01457
26.842745
26.968635
34.567943
33.399556
31.999612
30.772603
32.491951
30.923766
14.346743
14.305139
30.077627
31.462599
30.243387
31.391046
28.292628
24.521757
24.522976
28.298868
28.376032
24.783814
28.579638
24.603826
13.823831
13.960067
13.869192
30.258419
31.782785
30.312492
31.760933
28.475148
24.634399
28.424772
24.673742
28.489852
24.716269
28.527089
24.687933
13.985864
13.974288
13.875741
13.902953
13.29058
13.293641
28.780437
30.183099
28.71912
30.203094
27.301981
24.000764
23.651192
27.698379
27.112797
23.446676
27.072916
23.493483
13.325441
13.210378
13.227116
30.834882
32.320735
30.821709
32.363903
28.867915
24.719936
28.535392
25.007811
29.017926
25.128239
29.001795
25.14144
13.937099
13.936151
13.926482
14.091496
46.102525
59.470455
4.2955732
4.3104441
46.496453
59.62493
4.2870082
4.2825497
32.164077
26.341992
39.868056
36.301692
26.701415
32.136902
35.047951
30.285782
35.155598
30.204992
7.1374631
43.083085
43.090016
7.1445211
43.160501
43.256836
39.737827
36.287512
31.820321
27.404667
32.021992
27.380259
32.879556
29.011662
39.392694
35.954197
27.813925
31.956161
35.031585
30.585791
35.974213
30.243425
7.1153283
42.94819
43.062776
7.1241489
43.349157
44.525407
39.473591
36.016438
31.790463
27.322895
31.75373
27.351212
6.2392723
6.2404851
23.914725
25.1957
23.815767
25.32512
22.09454
18.496422
18.44117
22.17071
22.009793
18.570193
21.842758
18.387964
6.2753625
6.2520596
6.2634424
24.38782
25.95164
24.505389
25.815504
22.322361
18.553153
22.247006
18.609564
22.394668
18.668798
22.472524
18.646315
6.4020636
6.383141
6.3971726
6.3054194
6.3238224
6.6140798
6.613386
25.680212
27.349283
25.717886
27.341832
23.315125
19.018895
19.086823
23.255683
23.351344
19.155012
23.386162
19.132076
6.5957793
6.6081322
6.6024366
25.49782
27.285288
25.540869
27.17154
23.151503
18.977636
23.198524
18.995945
22.911943
19.871931
22.819566
19.861474
6.4256489
6.4779712
6.4345891
6.57791
6.5634068
46.161544
59.152646
46.179601
59.146317
32.114258
27.097998
39.82771
36.139617
26.218757
32.058464
34.873576
30.251186
34.524261
30.085376
11.760145
42.930466
42.909619
7.1571956
42.914981
43.560314
39.329898
36.03753
31.931437
26.68801
31.866076
27.115477
31.754206
25.725687
39.321987
35.878255
26.242767
31.789919
34.656469
29.826112
34.627786
29.900237
11.796039
42.777746
43.005006
7.1633112
42.694721
42.622284
39.347373
35.930361
32.006144
26.346231
31.696667
27.041189
6.4300675
6.4301691
24.421903
25.975778
24.412832
26.003344
22.335981
18.525429
18.521683
22.368781
22.331166
18.758715
22.284793
18.537225
6.4383068
6.4338886
6.4364189
24.587915
26.169066
24.597934
26.209945
22.408337
18.541522
22.392336
18.567327
22.444897
18.607146
22.478868
18.59158
6.4709783
6.4598251
6.4653012
6.4431919
6.4458198
6.6070885
6.6006684
25.618814
27.279123
25.656134
27.259932
23.354693
19.186282
19.220924
23.33244
23.365319
19.23027
23.386513
19.23548
6.569161
6.5841247
6.5767959
25.459419
26.965182
25.368667
27.093249
23.282942
19.173208
23.314481
19.166625
23.221815
19.064894
23.139567
19.131022
6.4973021
6.5173282
6.5066627
6.553696
6.5468196
6.2404935
6.2428124
23.567199
25.024827
23.542477
25.100453
21.485606
18.577709
17.91699
21.321685
21.503193
17.750275
21.484081
17.771584
6.2604627
6.2531016
6.258452
23.561011
25.033018
23.542846
25.089747
21.403525
18.513536
21.323433
18.324115
21.507127
17.742892
21.480846
17.760759
6.2872563
6.2792201
6.2833859
6.2671337
6.2708959
44.372512
57.101273
4.4046231
4.405293
44.238128
57.023965
4.3985397
4.3969776
29.756302
25.091061
37.237278
33.897571
24.8249
30.068714
32.087361
28.013547
32.144756
27.98386
6.8337397
40.41938
40.259012
6.8346058
40.448119
40.357598
37.371449
33.916833
30.209013
24.353121
30.118992
24.384856
29.900268
25.264591
37.554538
34.057986
24.953411
30.099434
32.143902
27.924866
32.093764
27.948719
6.8272923
40.278836
40.155672
6.8257702
40.238859
40.16954
37.467271
34.027253
30.200443
24.395128
30.099771
24.619062
6.2928438
6.2993132
23.908664
25.36704
23.935273
25.346567
21.883072
18.239979
18.301941
21.849266
21.938555
18.298243
21.979895
18.3282
6.3138218
6.3082982
6.3119822
6.3066756
6.3033397
23.714477
25.179489
23.669962
25.23433
21.741999
18.15309
21.804611
18.068105
21.691147
17.904763
21.644263
17.976795
6.3139804
6.3134385
42.994963
55.3246
4.2672002
42.933086
55.297943
29.682173
25.196863
36.849175
33.42128
25.001348
29.593781
31.534976
27.40375
31.868802
27.445505
6.6787176
39.389903
39.195947
6.6892864
39.528125
39.312394
36.607566
33.318304
29.381675
23.651154
29.553658
23.937027
29.059135
24.650524
36.321584
32.972331
24.616776
28.901172
31.274744
26.851237
31.234527
26.911057
6.6523218
38.635165
39.081963
6.6460478
38.591301
38.554178
36.314641
32.951461
29.261985
23.960663
28.967499
24.352835
6.3656918
6.346061
23.472991
24.957217
23.559551
24.870989
21.465457
17.912464
17.983536
21.411161
21.524868
18.346192
21.588115
18.161306
6.2843409
6.3115408
6.2974465
23.382911
24.903138
23.202935
25.14503
21.309252
17.822244
21.35038
17.760532
21.320393
17.685484
21.203104
17.743343
6.1928936
6.1947221
6.1827752
6.2630347
6.250331
6.2654082
6.2566763
23.571948
24.920078
23.631549
24.881278
21.531747
18.55626
18.614933
21.444729
21.616509
18.692856
21.684041
18.682271
6.2252608
6.2399241
6.2318275
23.119526
24.360313
23.03199
24.440338
21.280125
18.485669
21.342568
18.370048
21.207285
17.732118
21.191232
18.191824
6.2124633
6.2141259
6.2140795
6.2151421
6.2125093
13.824517
13.79507
29.831704
30.836159
29.899474
30.74626
28.098187
24.100532
24.406646
27.742459
28.287212
24.623043
28.354397
24.575473
13.764391
13.88628
13.851323
28.357996
29.533705
28.657574
29.226724
26.876994
23.531653
27.087155
23.339038
26.882049
23.590798
27.163038
23.3484
13.783736
13.735001
13.255335
13.153173
33.663165
6.0672847
36.863104
42.900411
33.536004
6.0884085
32.865335
36.931604
42.95507
32.934255
30.530115
26.625677
33.648908
32.284305
26.632659
30.572276
35.232566
31.95747
35.212793
31.973245
15.087976
41.993576
42.060142
15.061453
41.985426
41.962371
33.788049
32.296138
30.685898
26.707982
30.58575
26.666181
30.594819
26.667008
33.76771
32.393708
26.686372
30.663331
35.367558
32.058747
35.343986
32.030034
15.114048
42.062943
42.073582
15.11061
42.074159
42.11183
33.888238
32.448608
30.699298
26.751501
30.712739
26.747515
13.816288
29.810341
30.713135
29.794576
30.729593
28.290188
24.577118
24.565533
28.305793
28.262044
24.537065
28.247655
24.548069
13.854465
13.854652
13.830572
13.849374
29.862692
30.809321
29.867178
30.810484
28.305408
24.571201
28.309894
24.571005
28.309089
24.579074
28.315696
24.570686
13.850071
13.863717
13.858544
30.63078
36.223779
42.175381
10.571857
10.553755
30.856446
31.569553
36.228826
42.154417
10.545055
31.42717
30.523407
26.560038
33.566764
32.018832
26.533693
30.39255
34.887902
31.751372
34.919738
31.723668
14.90357
41.623708
41.624176
14.921478
41.707052
41.722054
33.330526
31.980528
30.264791
26.425456
30.330555
26.43599
30.144954
26.336361
33.238811
31.917671
26.363918
30.263082
34.790051
31.559749
34.854701
31.634495
14.855052
41.551222
41.644127
14.872906
41.586105
41.510682
33.208664
31.858731
30.259801
26.365844
30.227498
26.351511
13.359239
13.283414
27.981206
29.568383
28.14603
29.383201
26.482682
23.178466
23.02791
26.669015
26.496794
23.135167
26.631107
22.993522
12.965942
13.022127
12.959193
29.319078
30.310079
29.438362
30.28788
27.608612
23.70291
27.220826
24.00379
27.848538
24.302463
27.957696
24.214153
13.664292
13.641095
13.359414
13.520085
13.797837
13.789309
29.605274
30.476686
29.616569
30.457905
28.120436
24.448701
24.449825
28.116514
28.115837
24.444212
28.112948
24.448563
13.788467
13.778025
13.788111
29.522618
30.406645
29.514186
30.365739
28.081257
24.44193
28.103091
24.431036
28.044432
24.381167
28.034425
24.404549
13.714536
13.735756
13.782157
13.77063
42.681181
55.026708
4.3012016
4.3155068
42.552067
54.9721
4.2922521
4.2905118
30.517145
27.253622
36.772323
33.220239
27.72983
31.06278
6.56733
37.13833
29.881803
6.5897254
37.354234
29.976284
6.524221
23.366347
23.246212
36.510212
33.117357
30.760934
27.498576
31.007878
27.606053
29.402188
25.556638
36.238979
32.875353
26.571389
30.496103
6.4986029
36.802733
29.449763
36.686188
29.559294
6.5094915
22.299612
6.4993497
22.374218
36.293573
32.826454
30.699451
27.491988
30.617999
27.376505
6.8198322
25.941519
27.570424
26.101096
27.378196
23.707945
19.999018
20.111065
23.559283
23.844345
20.304929
23.968773
20.212483
6.6437348
6.6795669
24.936016
25.980655
24.712483
26.228718
23.224953
19.875476
23.39832
19.740816
23.041519
19.44648
22.853409
19.59657
6.4645741
6.4314239
6.5711186
6.4992165
6.5348676
6.2355831
23.610388
26.007961
23.670767
25.933985
21.225133
17.887729
17.901335
21.234766
21.275509
17.95652
21.327677
17.919025
6.1978737
6.1996317
23.485566
25.654183
23.480267
25.73076
21.260588
17.897407
21.236351
17.944786
21.287442
18.083393
21.360704
17.987969
6.2499692
6.2786344
6.2042144
6.2267248
6.2122705
44.186358
56.234124
43.77677
56.053506
4.4984141
4.493345
30.087098
24.704139
36.985183
33.696322
24.717491
29.928329
32.333787
28.166288
32.24239
28.229821
6.8905061
41.053416
41.073001
6.8744258
40.922399
40.791055
37.076501
33.749055
30.358148
24.590417
30.017723
24.9046
31.020261
25.212984
37.787399
34.412393
25.355942
30.633945
33.270457
28.76509
33.391171
28.659925
6.9422866
41.024429
40.934799
6.9637082
41.037526
41.253772
37.465816
34.334825
30.372442
25.499933
30.500243
25.908942
6.4423307
24.790996
26.18782
24.69295
26.29894
22.762546
19.045261
19.017876
22.817174
22.682328
19.05313
22.587652
19.01966
6.520842
6.5090866
25.06483
26.596924
25.063661
26.600224
22.828342
19.17928
22.831362
19.393924
22.822388
19.537691
22.797846
19.445988
6.5377463
6.5359882
6.5343406
6.5379081
6.5368815
6.3582289
24.351814
25.590931
24.258473
25.683666
22.504771
19.038215
18.997874
22.584681
22.424258
18.965942
22.316641
19.021981
6.4560221
6.4426823
24.701219
26.15346
24.744828
26.090127
22.672013
19.070364
22.637826
19.134975
22.676168
19.330876
22.679169
19.226767
6.5023321
6.5101648
6.4770276
6.4944432
6.4855654
6.9821565
27.168715
28.808448
27.10236
28.901675
24.713948
20.747123
20.769195
24.703744
24.709054
20.769454
24.685612
20.776113
7.1193171
7.0952956
27.132794
28.922872
27.066666
28.991058
24.630879
20.709363
24.674814
20.658881
24.566044
20.509531
24.486185
20.590215
7.1907616
7.1945207
7.1578791
7.1841374
7.172584
48.6138
62.072044
6.0860676
48.349409
61.909977
6.1207317
6.1631823
33.716106
31.291083
40.905446
37.659107
31.727535
34.732222
12.199945
42.072826
34.234869
41.804487
34.347405
26.424962
12.291059
26.380206
41.139991
37.60075
35.251201
31.707226
34.99579
31.707105
34.020554
28.583497
41.747144
37.692911
29.686957
35.153156
42.125302
34.304724
11.702135
41.88539
34.431975
26.476864
26.403632
41.57764
37.710182
35.272644
31.687815
35.260538
31.666255
8.0441602
7.9739476
27.579367
30.100358
27.805043
29.999088
24.800161
20.710956
20.858178
24.660039
24.99962
21.17383
25.171665
21.037024
7.7102016
7.8512003
7.7870622
7.3364356
7.3005357
27.35716
29.925949
27.332659
29.97974
24.524957
20.611309
24.58041
20.531774
24.474451
20.402347
24.441616
20.457661
7.5516231
7.4880916
45.038083
56.622795
7.920914
7.9823105
45.855879
57.034518
7.8559714
7.7889104
33.395065
27.856036
40.486473
36.867969
27.505511
32.935609
35.850406
31.92567
35.807367
32.066385
12.684127
43.592766
43.903218
12.685445
43.462329
43.470094
40.221627
36.773902
32.665881
27.308896
32.868987
27.352774
33.159515
30.920473
38.938288
35.987785
30.308472
33.190448
37.235749
32.515868
36.890178
31.948308
12.742309
45.074382
44.423789
13.058782
46.230394
47.629243
39.503311
35.950771
32.626288
27.382633
32.900971
27.651569
11.793699
11.844895
30.220848
31.599416
30.506724
31.459384
28.441664
24.434546
24.646409
28.191776
28.672742
24.947433
28.895124
24.809121
11.867437
11.918344
11.905929
29.128502
30.217721
28.960796
30.115127
27.810354
24.255924
28.006678
24.098207
27.58419
23.690608
27.353329
23.915569
8.9363154
9.0029917
8.9645916
11.699761
11.634333
8.2130914
8.2527168
28.017782
29.610357
28.005038
29.760806
25.820828
22.205015
22.01889
25.94336
25.781162
21.853755
25.757582
21.913742
8.4581854
8.3322678
8.385068
28.712796
30.524518
29.37576
29.748209
26.583606
22.496155
26.197488
22.872459
27.026784
23.245682
27.487792
23.20186
8.8338895
8.7778465
8.8034272
8.6284177
8.6881321
48.767215
55.512097
15.046896
15.250402
45.888581
54.480431
14.732905
14.389084
28.331236
25.326344
33.38216
32.817199
26.117325
31.061809
38.479467
33.681149
37.592461
34.503334
16.543659
47.631687
48.822626
16.088234
46.532669
45.521763
36.410814
33.810645
34.954472
29.533908
32.006645
28.723744
41.502255
36.065559
44.882646
42.167064
35.493136
39.908615
44.149217
40.937919
45.295754
39.837027
18.180949
51.517117
50.19451
18.708626
52.8421
54.104157
42.049709
41.240916
35.995363
32.316331
39.055627
33.194804
18.11474
18.049244
18.088664
39.514556
40.861445
39.481921
40.879187
37.263013
32.633449
32.484454
37.440408
37.045748
32.1631
36.962102
32.281705
18.31992
18.091682
40.970621
42.848778
41.691219
42.197943
38.301095
32.977323
37.806287
33.435902
38.841114
34.770635
39.64894
33.992323
20.059459
20.079372
20.171068
12.482977
13.464543
13.039071
31.986472
32.18244
31.143272
32.996468
31.255817
27.906589
27.236639
32.021785
30.336594
25.559779
29.471724
26.384011
15.157067
14.072645
37.055568
39.276075
38.100858
38.203691
34.044133
28.745162
32.998955
29.652528
35.161217
31.536282
36.172014
30.641996
19.186535
18.253883
18.736835
17.690533
31.83889
38.001763
31.020157
37.674758
27.595022
23.348805
29.475275
27.626243
22.872095
26.025488
31.896733
28.514658
32.071793
28.345963
8.8708807
39.170866
39.187811
11.540182
39.272143
39.478195
28.319463
27.209872
24.723945
21.355965
25.606595
21.690626
25.361912
20.874823
28.48627
26.495075
20.739596
24.565604
31.966667
28.661793
32.219747
28.444212
8.9225652
39.446632
39.284893
9.0224712
39.692274
40.043614
27.851231
26.324217
24.526281
20.719198
24.455798
20.586416
11.601685
9.1208527
9.1264898
30.641299
32.235354
30.827203
31.907548
28.524896
23.91051
24.138244
28.328598
28.702297
24.513266
28.871065
24.336698
9.0875314
9.1128128
29.448615
30.258234
29.091783
30.595628
27.794567
23.660742
28.081156
23.388474
27.478368
22.787919
27.139437
23.098269
8.8242621
8.8681566
8.8359684
8.9129744
11.556161
8.6380418
8.7287808
25.760564
27.06816
25.96447
26.897624
23.932895
20.138735
20.289209
23.822976
24.10528
20.744243
24.335584
20.500775
8.5270903
8.5722175
25.794461
27.142959
26.008533
26.934068
23.863204
20.033856
23.821818
20.045737
23.970516
20.2485
24.161727
20.098817
8.9398326
9.0357155
9.0026847
9.0015186
47.123556
48.852932
47.334432
48.554641
9.0882748
9.1738434
9.2906776
9.1769687
8.8456
8.9185843
8.9662441
8.9208315
8.6239201
8.6737549
8.7619867
8.6723904
8.8479227
8.8074457
8.6843211
8.7990092
9.0314922
9.0076441
8.9307339
9.0141258
11.753424
9.7708526
9.2585486
9.748908
11.751433
9.8125402
9.2939402
9.7993994
18.631901
19.182877
19.349286
19.18257
9.088815
9.0189205
8.9688176
9.0254946
19.376468
19.37622
19.344367
19.375201
19.374609
19.410085
19.441862
19.418121
8.8362366
8.7926278
8.7648695
8.783908
19.52797
19.478094
19.448325
19.475649
19.525858
19.54388
19.567764
19.547354
8.6165002
8.6087289
8.6851642
8.6060784
19.637727
19.611494
19.570399
19.596106
19.634791
19.632039
19.582675
19.626985
8.8502536
8.8935639
8.9273161
8.8967766
19.502959
19.523939
19.601512
19.547896
19.500633
19.480127
19.448723
19.491888
9.0380424
9.1217594
9.2567378
9.1065577
19.41964
19.434586
19.451973
19.442192
19.419885
19.390269
19.352635
19.382381
18.667078
19.17559
19.340815
19.18243
37.642888
43.189944
42.28711
37.737029
29.2049
32.679294
32.810792
33.244304
41.856286
41.136643
41.981596
37.796271
47.172571
18.19951
54.704041
12.816142
53.610875
47.239858
29.114141
32.518652
32.657561
33.114989
41.757315
40.698013
41.514827
37.289974
35.344747
38.629139
40.020498
36.567941
46.157976
52.171716
50.991924
46.04859
34.929435
33.778258
34.619601
35.620705
9.1118694
9.1226024
9.2152738
9.2120251
8.8801401
8.8878926
8.9391401
8.9316013
8.6340512
8.6225639
8.7053455
8.7088469
8.8385184
8.838422
8.7486889
8.7482318
9.0153205
8.9968674
8.9620067
8.9655515
10.343396
10.30928
9.4513449
9.4463931
36.773066
36.495659
33.276417
33.549177
37.144235
36.740645
39.526038
38.743011
45.599951
39.742373
44.709161
39.69225
40.306018
39.192794
10.372013
10.327408
9.475755
9.4867279
37.681408
38.70572
41.62473
37.444491
37.269465
39.031941
36.843233
44.139533
45.481727
49.799387
44.276086
49.314901
37.488505
45.355919
18.943889
18.98905
19.294795
19.281397
43.385329
41.197058
41.842141
43.832941
9.0341912
9.0442225
9.0086921
9.013347
19.37032
19.376121
19.355272
19.357954
19.411608
19.397906
19.436826
19.414625
8.8135744
8.8161489
8.7601578
8.7568765
19.482673
19.499183
19.453336
19.452755
19.535484
19.523265
19.556283
19.558339
8.6086802
8.6188109
8.6350452
8.6410915
19.629273
19.637385
19.595265
19.5958
19.650189
19.633367
19.623001
19.630274
8.8677422
8.8680807
8.9169455
8.9158823
19.515376
19.511925
19.550998
19.566139
19.493071
19.491731
19.46018
19.480299
9.0542693
9.0569439
9.1729931
9.1728867
19.408029
19.42291
19.446286
19.444254
19.42107
19.417921
19.377625
19.367365
36.403974
36.361547
33.07385
33.422271
36.748259
36.606456
38.969824
38.496729
45.004689
39.757365
44.12812
39.679519
39.710083
38.955584
18.955372
19.014556
19.267007
19.27542
37.385439
38.652617
41.164556
37.010597
36.932988
39.005056
36.72221
44.159744
45.494154
49.739493
44.30464
49.265598
37.419041
45.358004
34.310334
33.667182
34.677735
35.378342
42.835205
40.924177
41.571251
43.276025
43.022116
8.7668377
38.606618
9.4354242
47.564696
49.095146
45.058541
56.75599
14.173288
40.526725
43.602936
19.293224
54.955031
50.598892
38.864628
47.195465
17.94982
49.343328
19.661906
55.22158
43.023499
54.870519
49.562304
15.21311
49.990441
55.252631
15.525913
45.494166
43.512622
19.227556
54.796113
17.635322
50.432281
38.875489
47.435249
49.678861
19.486839
55.375677
43.285689
41.892183
8.2972685
38.108154
48.316138
49.019871
44.948714
56.484499
16.755491
40.631884
55.201335
49.147298
15.173804
50.169314
55.721115
45.479836
51.63392
44.444338
24.042712
23.897217
9.1032358
23.877362
23.877098
24.114264
24.111109
9.1636085
24.091598
24.103221
23.965523
23.975113
9.2426786
23.988744
23.984709
24.077187
24.071472
9.1829292
24.085167
24.069011
23.962263
23.96469
8.8602206
23.941339
23.960057
23.918054
23.922905
8.8968254
23.944077
23.930283
23.922253
23.934896
8.957762
23.914926
23.934357
23.917408
23.939687
8.9274056
23.944201
23.95031
23.893908
23.905714
8.6278196
23.908323
23.902171
23.878964
23.805007
8.6422728
23.909465
23.861133
23.820884
23.886187
8.7265299
23.890204
23.896023
23.875355
23.913391
8.6820454
23.907465
23.914331
23.94366
23.92816
8.8615329
23.868815
23.921417
23.902884
23.915526
8.8104208
23.910937
23.918147
23.910259
23.916474
8.7176365
23.913313
23.913511
23.927433
23.911881
8.7752456
23.911691
23.909626
23.853209
23.832469
9.031146
23.927958
23.879817
23.898165
23.962637
8.9933
23.960176
23.96183
23.907141
23.913066
8.946851
23.855595
23.90489
23.953566
23.988013
8.97215
23.964009
23.983482
24.142007
24.209501
10.933231
24.284277
24.262205
23.975156
24.068667
9.9685559
24.060831
24.02138
24.067076
23.908473
9.3523546
23.906851
23.895029
24.005915
24.112544
9.582465
24.060552
24.118703
24.262399
24.30389
10.907642
24.293019
24.241618
24.219813
24.207206
9.9981429
24.166886
24.183856
23.998853
23.994791
9.3610066
23.976249
23.972155
9.6113496
24.145588
24.060706
24.57038
24.339319
18.790918
24.477399
24.349035
24.924166
24.999117
19.103672
24.897009
24.972157
24.847031
24.839046
19.321312
24.788791
24.822747
24.458701
24.555808
19.239667
24.861195
24.693391
51.938973
53.020414
23.904864
23.894382
9.0622707
23.875522
23.901875
23.811951
23.822936
9.0091435
23.923798
23.864117
23.893439
23.896703
9.0032995
23.923218
23.909783
23.830059
23.904631
9.0033982
23.928834
23.921066
24.5968
24.591296
19.373779
24.395383
24.505184
24.868842
24.8484
19.373611
24.83483
24.849572
24.667497
24.697249
19.356878
24.778899
24.697285
19.364817
24.461758
24.513454
19.391026
24.402545
24.459376
24.638479
24.64627
19.419865
24.625398
24.652524
19.432476
24.683842
24.651294
24.63793
24.631014
19.422724
24.618606
24.62903
23.870165
23.873135
8.8039713
23.91187
23.828664
24.052482
23.967564
8.7983239
23.801099
23.892524
23.905056
23.892701
8.763657
23.889157
23.890403
23.900375
23.79485
8.760524
23.79191
23.783702
24.692417
24.680212
19.501991
24.68884
24.680898
24.654656
24.659818
19.489484
24.637215
24.660939
24.706891
24.703022
19.447503
24.687559
24.718706
24.6361
24.547285
19.458463
24.609728
24.462968
24.687547
24.713117
19.529702
24.695753
24.712179
24.662851
24.661833
19.545553
24.418462
24.632152
24.710446
24.694365
19.564071
24.676306
24.684623
24.727318
24.674228
19.549869
24.412814
24.642088
23.897592
23.893818
8.6217385
23.896938
23.903035
23.919824
23.913096
8.606286
23.845486
23.90971
23.910488
23.909047
8.6657798
23.917336
23.918296
23.906382
23.8962
8.6365481
23.793338
23.886852
24.639031
24.747038
19.646249
24.738399
24.751057
24.736143
24.71284
19.618457
24.468919
24.688826
24.681014
24.681315
19.576055
24.67352
24.675523
24.695805
24.699711
19.605775
24.471198
24.680982
24.664782
24.758701
19.652214
24.742273
24.757462
24.743923
24.742277
19.649856
24.756946
24.759905
24.62738
24.721412
19.610144
24.724817
24.71961
24.756427
24.756288
19.628213
24.78571
24.772677
23.90941
23.894908
8.8585766
23.820503
23.886354
23.905055
23.914861
8.8953206
23.942151
23.922325
23.925094
23.882704
8.9264319
23.898415
23.858869
23.930425
23.949091
8.896318
23.934636
23.940922
24.734538
24.729872
19.524116
24.597881
24.729892
24.588863
24.692852
19.518804
24.673374
24.691539
24.709873
24.710525
19.587541
24.709582
24.710607
24.671046
24.588201
19.547184
24.641582
24.512647
24.589729
24.444755
19.502164
24.491509
24.503323
24.648121
24.65172
19.484802
24.662089
24.661573
24.568678
24.676942
19.457403
24.408025
24.660381
24.704509
24.68011
19.489818
24.65922
24.68829
23.918416
23.909984
9.0376569
23.913797
23.91204
23.900266
23.905376
9.0907198
23.928592
23.90791
23.96514
23.932136
9.2135042
23.884216
23.923064
23.947025
23.92237
9.1499867
23.92001
23.919633
24.412385
24.623233
19.403076
24.656888
24.652755
24.558944
24.679786
19.420863
24.70368
24.681218
24.632072
24.614416
19.455684
24.399424
24.586642
24.704726
24.717961
19.442062
24.701363
24.719229
24.683667
24.673572
19.424307
24.648151
24.672177
24.697981
24.708618
19.400951
24.422575
24.671992
24.82136
24.847052
19.356284
24.738559
24.857273
24.587905
24.680758
19.36924
24.412571
24.657056
24.572895
24.472417
18.788844
24.572468
24.488913
24.928964
24.900769
19.112946
24.65108
24.864442
24.721431
24.610065
19.324816
24.661043
24.656617
24.791741
24.754023
19.245114
24.567196
24.700725
51.648605
44.304967
51.795634
52.696155
33.871882
35.687467
51.398298
49.995899
19.236918
57.34254
45.331831
42.070232
45.078645
36.65365
37.337104
38.529371
37.538112
35.913538
33.557147
37.707923
33.152069
13.330078
24.479322
8.2299398
17.922895
24.250202
12.68091
14.882368
26.692294
22.18604
24.28729
27.080733
22.659934
39.394383
39.321678
37.32643
20.839337
21.46367
38.020618
38.63876
20.473035
40.302997
43.986454
39.150392
36.059153
40.538803
36.666527
37.407418
37.949268
38.549003
38.034825
37.280036
46.254546
43.125293
37.228968
45.241599
42.829873
37.369628
37.246581
27.008211
10.901641
21.720521
25.86092
15.020245
17.936411
33.465396
27.074015
28.660211
34.02438
27.70861
36.412927
16.908189
36.167381
30.792965
17.581912
16.161063
35.127027
34.95136
16.589977
42.736344
36.751382
41.050578
35.605052
36.275583
36.282103
38.254837
38.950045
40.649716
39.23761
38.243556
48.919286
52.195862
38.5938
48.265204
51.809623
39.019628
38.765361
43.276589
46.065109
55.054503
47.322523
17.55927
54.800292
48.399316
46.222293
42.678529
43.877767
41.691785
40.932575
41.329681
44.132437
43.618042
43.14228
43.195267
18.560539
24.558935
18.166013
17.654697
24.230898
18.043374
19.05162
26.606589
20.387184
22.455921
26.951717
21.193316
21.74265
39.323621
39.245535
37.321968
20.837255
37.965989
38.538902
40.216035
43.857394
39.114471
36.001817
40.4016
36.614379
37.308172
37.800704
38.259359
37.858016
37.197779
46.018058
43.055236
37.173896
44.997794
42.728292
37.342183
37.202609
26.828206
27.716839
26.1643
25.346349
26.52684
25.795765
27.149532
33.68023
28.405839
30.635997
34.012302
28.796049
35.994854
35.842805
30.269105
17.392616
34.711846
16.622813
34.533421
43.102562
37.013494
41.439633
35.843397
36.129208
36.569316
38.204222
38.894874
40.593811
39.17151
38.188459
48.804362
52.024479
38.508626
48.153046
51.638176
38.887438
38.665252
33.202495
35.358062
53.201092
50.135002
20.312503
57.701691
45.773969
41.878963
44.918358
35.955436
36.763634
38.185706
37.051239
35.286739
33.454431
37.937903
33.258628
43.373225
45.542164
55.390822
47.633856
55.017287
48.541506
46.35848
42.946891
43.758479
41.602812
40.876494
41.248835
44.018957
43.575227
43.112853
43.181047
27.70094
29.464921
27.782968
29.153518
40.976211
46.624031
44.783342
42.448671
36.687669
48.153352
40.649673
45.046171
35.664887
20.576614
43.681479
52.255792
51.151181
41.88478
47.883286
47.312598
37.076337
42.692695
43.546936
46.423657
34.67316
42.722412
34.197021
36.0243
42.996065
34.279057
13.283886
13.271072
24.084638
24.09072
9.1061779
24.11172
24.092349
15.849892
13.451403
13.458921
24.117858
24.110294
9.1657807
24.109616
24.112485
23.967225
23.97047
9.2384423
23.985195
23.966633
15.723518
13.452329
24.089683
24.075205
9.1778203
24.00623
24.061134
23.961915
23.961399
8.8489309
23.958329
23.952108
14.455591
13.359266
13.360899
23.929811
23.941515
8.9032621
23.968787
23.946529
23.917746
23.909497
8.9453889
23.897054
23.904001
14.453602
13.359983
13.352639
14.575572
13.344534
13.351521
15.454492
13.357945
23.912647
23.908117
8.9244204
23.893395
23.900072
15.264097
14.445541
13.337541
15.199012
13.351628
13.336665
23.898578
23.897079
8.624273
23.914301
23.899296
15.29856
13.338349
15.232188
13.356536
13.354906
13.289436
23.88185
23.818408
8.6466176
23.914223
23.862904
13.254969
13.335756
15.261896
23.865659
23.928703
8.7183266
23.909447
23.927844
14.518933
14.444728
13.360337
13.374866
23.816375
23.807487
8.7033674
23.91208
23.860788
13.260705
13.253981
13.372176
14.596576
8.8578696
23.913307
23.923616
15.405812
23.905934
23.895563
8.8121995
23.905667
23.89248
14.478262
13.348215
13.357195
15.317128
15.137713
13.352025
13.350091
23.891975
23.772289
8.7177332
23.892011
23.769249
13.354428
13.206202
13.350686
13.202633
14.565544
14.417082
13.340434
13.330133
23.92724
23.929747
8.7676614
23.911931
23.927374
13.265419
13.355237
13.301511
23.821251
23.791012
9.0189863
23.796768
23.790395
13.269659
13.230573
13.234992
13.232153
23.845893
23.795942
8.9816878
23.786274
23.795401
13.280905
13.228484
13.228813
13.228104
14.526405
13.345972
13.287806
13.347465
23.91607
23.90444
8.9498026
23.915642
23.915808
15.285403
13.345784
23.944221
23.924239
8.9675948
23.912235
23.918611
14.406035
13.348703
13.356016
13.457115
13.520563
24.125452
24.110106
10.825766
24.07127
24.115038
13.418422
13.365558
13.493307
13.395531
13.371269
24.087823
24.111799
10.015399
24.045175
24.073248
13.462512
13.355046
13.323968
13.320276
9.3720882
24.027059
24.082608
16.016902
13.347091
13.453404
15.731624
23.965601
23.962396
9.5679464
23.81849
23.951625
13.362053
13.361665
25.148052
34.530905
18.788928
13.258501
35.070297
13.752909
23.629167
30.721803
23.549832
30.311236
13.701219
40.79545
17.886135
40.503509
41.611036
18.163312
41.582923
18.829895
35.129515
35.926461
33.367271
32.930716
39.170291
31.06655
38.808301
28.830555
33.423158
17.900292
51.034123
15.00339
43.074581
36.398019
36.122991
34.855913
36.993206
25.321644
34.516578
33.248816
36.572033
37.233957
22.992327
34.722576
37.391379
37.340064
13.632009
13.490215
24.257141
24.169295
10.857813
24.255745
24.184577
15.680372
13.670783
13.610872
15.700956
13.443352
13.524927
16.286733
13.53573
24.036832
24.18822
10.012368
24.264667
24.201788
16.08044
13.496914
15.753668
23.994223
23.992711
9.3720758
24.003294
23.990571
15.800754
13.536563
13.445832
23.984273
23.984686
9.5922545
23.990801
23.995021
32.750746
32.15177
24.196079
16.244197
31.907631
17.65352
30.563001
34.075592
14.679514
27.917562
34.321
15.177239
40.124997
40.483118
19.911716
18.57131
36.332847
18.111973
36.032488
34.523104
32.988393
32.704774
41.827421
31.831542
40.225521
31.630815
37.499412
42.334457
16.53749
44.360479
52.913006
37.767875
42.476988
37.297551
42.284983
26.840513
37.156316
45.679752
37.914802
38.576928
24.678243
47.91165
39.036372
38.75275
13.220076
24.616325
24.645564
18.841723
24.718356
24.724539
17.235043
13.305446
16.816183
13.262088
24.845605
24.894909
19.081441
24.722676
24.868559
24.835065
24.687769
19.329188
24.549969
24.584947
13.0418
13.047778
12.984517
13.20239
19.241146
43.526422
44.052575
42.603923
45.11133
44.187837
48.097714
48.949672
44.989132
42.84157
19.303279
43.690742
44.034613
45.25418
50.57397
42.593633
46.598453
43.0957
43.931904
38.841789
46.449828
43.640255
41.24053
43.912938
42.594473
41.563315
43.551907
13.298834
13.291027
13.291593
23.889853
23.855365
9.0515145
23.812152
23.840891
13.296451
13.287178
13.239656
13.276833
13.261657
13.261135
23.852759
23.828676
9.0117192
23.811226
23.860029
13.293058
15.186777
13.336076
13.335058
15.342238
13.356749
13.341049
23.899902
23.90303
8.9978074
23.926402
23.910041
14.432129
15.273752
13.252873
13.34063
15.142309
13.35746
13.348205
23.874679
23.931812
9.0089686
23.92338
23.936622
14.536876
12.995819
24.706279
24.847076
19.375821
24.862848
24.844836
24.875955
24.868941
19.366939
24.86334
24.863964
16.430254
15.846164
13.196453
24.667998
24.709679
19.360348
24.758441
24.691954
16.086637
13.164978
16.047527
13.250725
13.17872
19.363405
24.771124
24.794251
17.017586
13.261268
13.278197
13.03332
12.908793
12.970612
24.533539
24.513527
19.394053
24.555095
24.44505
13.01877
16.596309
13.13376
13.130166
15.795518
24.629746
24.537497
19.414344
24.581724
24.466429
13.13825
13.036517
24.634059
24.655184
19.428563
24.635922
24.6529
17.345004
13.148243
16.133714
13.16459
15.883774
13.140865
15.851252
24.648663
24.664295
19.426475
24.648674
24.663934
13.290312
23.807957
23.804262
8.815598
23.932296
23.864044
13.280854
13.467385
13.388199
13.245326
13.331766
24.047647
24.02646
8.7882529
23.941953
24.003289
16.248079
15.811633
14.562245
13.360616
13.356071
15.309877
13.34815
13.351813
23.907156
23.919501
8.7739221
23.910739
23.915066
15.303487
13.237488
13.225459
23.896297
23.778521
8.7708574
23.904224
23.778157
13.213483
13.352239
13.218182
15.725459
13.164145
15.830511
13.157386
24.697668
24.687472
19.505235
24.68048
24.695612
15.818062
13.158931
16.527423
13.125747
13.126712
16.540451
24.652749
24.662885
19.496985
24.670072
24.671656
16.533608
13.131313
16.593719
13.136874
13.133517
24.708241
24.719542
19.457542
24.664994
24.708499
13.009206
13.09879
12.940624
24.647032
24.53394
19.45269
24.626275
24.458462
13.109796
13.109331
12.94164
24.679341
24.670429
19.530785
24.665613
24.674163
16.577887
13.174498
13.161473
16.439691
15.89336
13.135612
13.139887
12.883406
13.125561
24.664658
24.662816
19.546637
24.668526
24.664587
15.896947
13.136602
13.129941
16.634511
15.947188
13.16656
13.173302
24.712149
24.70417
19.560848
24.702781
24.702648
15.915017
13.14995
13.171023
16.607097
13.161589
13.129327
12.881429
24.72608
24.728049
19.554072
24.7172
24.730434
14.50976
13.33992
13.338809
15.321319
13.338006
13.347531
23.891631
23.894829
8.6159751
23.899721
23.90163
15.300558
13.341796
13.341106
14.468777
14.465965
15.360324
13.293184
23.915901
23.911285
8.6120107
23.899964
23.905795
15.25658
13.349131
13.351837
14.597294
13.35815
13.334233
23.876666
23.801481
8.663296
23.900777
23.837248
13.287272
14.605804
13.346243
13.340763
23.892675
23.894427
8.6246017
23.897957
23.896526
15.195825
14.483007
13.345423
13.343926
15.911596
13.08101
13.195178
15.935444
13.178169
13.189527
24.553104
24.725997
19.64515
24.750648
24.755298
13.000397
13.18554
15.890721
13.160972
24.728792
24.641454
19.61876
24.719769
24.549769
13.181258
13.000176
15.857589
13.137754
13.146046
24.680297
24.694117
19.579044
24.718031
24.698434
16.460147
13.131917
16.565644
16.492273
13.175724
13.163243
12.914053
13.149093
24.702283
24.724913
19.595057
24.723156
24.722992
15.782015
13.181077
15.907085
15.801509
24.570488
24.703992
19.650608
24.748881
24.733679
13.0079
13.160465
16.665149
16.643403
16.617876
24.748599
24.752461
19.635171
24.750608
24.765177
16.549855
13.178948
13.172874
16.432455
16.48479
13.180407
15.830472
13.174044
24.526194
24.525972
19.609989
24.738407
24.621436
12.998796
13.003895
13.185188
13.077613
16.640506
13.185985
24.756077
24.749695
19.629605
24.728376
24.753801
15.878241
16.484891
13.181829
13.186672
15.267904
13.24613
13.321686
23.907459
23.908118
8.8707266
23.887206
23.900094
14.60073
14.549726
13.332092
13.333688
14.525894
23.898753
23.893806
8.8827963
23.906326
23.888333
15.170131
13.351314
13.34466
14.450013
13.343156
13.335678
13.295882
13.326859
13.277921
23.908452
23.905134
8.9135093
23.912089
23.9176
14.474652
13.327929
13.321954
15.213136
13.337644
23.90833
23.826128
8.9006
23.916851
23.865788
13.290674
24.725878
24.704505
19.524487
24.674074
24.686532
24.492719
24.613165
19.52501
24.66821
24.645427
13.08737
16.543224
16.585915
13.164521
15.924216
24.695526
24.718182
19.580829
24.698462
24.702834
16.533569
13.130142
13.142091
15.800509
12.982572
24.645465
24.517502
19.54372
24.70232
24.612242
13.142529
13.093179
12.936965
24.625052
24.648024
19.494891
24.631821
24.650386
15.928355
13.105637
15.868558
16.512129
13.136528
13.138573
24.643897
24.633531
19.481641
24.641198
24.641125
16.622192
13.132314
13.130559
15.880515
17.242056
12.890887
13.158959
24.453858
24.391187
19.462383
24.49605
24.39566
12.957555
12.878841
13.001507
12.888974
16.54462
24.71748
24.733454
19.4828
24.590678
24.722486
14.469525
13.356465
15.230212
13.347834
23.918046
23.911561
9.0416301
23.92541
23.910757
14.670877
13.375898
13.358523
15.298221
13.354723
13.360001
15.316417
13.370457
13.363773
23.900879
23.905828
9.0887399
23.92325
23.903436
15.277
14.738728
13.374089
13.349111
13.290485
13.362467
23.950612
23.925101
9.2070649
23.918926
23.91285
14.424938
13.373863
13.348684
14.61119
15.371828
13.379995
13.359991
14.636068
23.952765
23.926675
9.1531561
23.919173
23.912573
14.761937
13.381129
13.365342
15.220337
12.920873
13.138566
16.543318
24.386864
24.380456
19.424057
24.444482
24.382487
12.910024
12.90841
16.520213
13.149963
24.466714
24.497257
19.43374
24.507528
24.445625
12.956074
13.008065
12.956689
16.610011
13.110995
24.630573
24.619358
19.456111
24.653054
24.624619
15.948874
16.570223
13.147551
13.130252
24.693235
24.684646
24.662892
24.683401
16.574707
13.145885
13.158968
24.685091
24.70007
19.421987
24.686279
24.694656
24.686097
24.658075
19.401168
24.678799
24.660646
15.893821
13.20519
16.951328
13.173241
13.330894
24.790081
24.69361
19.363404
24.619734
24.678181
16.705135
13.060984
24.508916
24.644213
19.373435
24.434155
24.633592
12.997486
13.149956
16.441629
25.561672
33.788227
19.198202
13.547076
34.279138
14.054646
24.002572
30.33079
22.026331
30.00956
12.487636
40.759034
17.828273
40.45963
41.575789
18.116484
41.544543
18.799627
35.033396
35.752561
33.284632
33.386265
38.428896
31.500966
38.064837
29.263698
33.878215
17.773946
50.603501
15.167555
43.599664
36.298233
36.09879
34.793532
36.89847
25.237952
34.436079
33.047107
36.54971
37.214516
22.789433
34.613952
37.367296
37.314713
13.218378
13.054163
13.133062
18.813105
24.743771
24.552805
13.328533
13.053319
17.26679
13.37692
16.985284
13.166558
24.87704
24.917011
19.088629
24.810537
24.908267
13.12073
13.167232
24.735576
24.662505
19.317106
24.565179
24.586198
13.055232
15.900289
13.239357
13.220444
24.816264
24.855483
19.250213
24.587337
24.828765
13.078482
13.349473
34.006271
31.974811
24.596537
31.672617
33.648281
34.374512
32.709539
31.189833
34.614035
32.363197
40.136075
18.524201
40.484788
18.468245
36.246302
35.944482
16.998613
17.570237
34.742217
32.835189
32.891022
41.964456
31.460591
40.329108
16.209993
31.218267
37.615495
42.487032
16.482606
44.144444
18.477742
53.313089
37.60641
42.399441
37.137337
42.219253
26.699828
36.967114
45.559842
37.759364
38.42353
24.676978
47.791187
38.899688
38.597704
40.836943
46.548356
44.657327
42.395804
36.598516
48.174737
40.538277
45.089255
35.570098
43.726946
52.282351
51.103314
41.135593
47.905441
47.327561
37.541718
42.20562
43.572492
46.563318
34.07069
42.762947
34.145333
36.478788
42.996622
34.451091
43.693089
44.429845
42.896416
45.305227
43.919721
47.965294
48.624245
44.867069
42.553013
20.548789
19.154842
43.55957
43.94566
45.298507
50.765542
42.62149
46.678613
42.918489
43.944302
38.876179
46.523302
43.646909
41.319825
43.926407
42.707864
41.616822
43.567844
59.165984
58.931533
47.061928
47.386658
51.456416
54.830337
51.867846
51.799527
58.880152
58.844344
53.128445
53.203095
51.049677
50.903734
53.117952
53.120757
59.585838
59.424399
51.152128
51.538069
46.110876
45.975625
47.527412
47.021722
46.353932
46.524725
45.494106
44.670737
59.344574
59.328776
52.082046
52.057362
51.535689
51.710158
57.05659
61.00133
58.961935
58.977124
53.082284
53.144445
51.467931
51.557478
50.386059
50.190716
59.590904
59.356503
48.654962
48.964414
55.514633
55.929232
50.209338
50.384841
48.092694
51.252047
48.530077
48.647145
52.309054
52.442642
52.473576
52.560719
59.460525
59.391648
59.842799
59.814762
55.536694
55.404495
52.936089
49.914384
34.473421
37.264845
30.625063
29.904376
33.706934
34.840355
30.694267
30.013198
55.574872
55.744135
55.280262
55.264109
58.587933
58.599175
58.648405
58.594846
59.370289
59.286862
59.735077
59.874834
56.259331
56.371564
55.94666
55.872382
59.769025
59.926548
59.249353
59.064822
20.141167
19.693165
10.858675
12.656723
17.262205
19.10404
12.863692
12.467747
13.107503
18.760326
20.28234
19.675839
12.207205
19.186593
5.0136806
8.6078365
4.4753006
4.8397435
12.632925
54.080604
53.911136
47.191108
46.792097
56.607252
56.718631
58.434971
58.642081
58.475991
58.493836
53.665665
53.665555
58.191235
58.053679
53.173388
53.222384
56.700483
56.894599
57.533972
57.691227
48.874712
48.392405
34.053725
34.996205
44.756433
44.344031
33.107303
33.917308
50.934495
51.195762
49.879565
50.000587
51.989089
52.119345
59.29816
59.407241
59.245608
59.276417
53.758113
53.80702
51.04833
50.869786
56.621361
56.705153
54.556816
54.189813
53.99478
53.453795
15.006564
15.007508
9.0884764
15.056335
15.061681
9.1573104
15.120004
15.128122
15.128405
9.2757754
9.1744509
15.062276
14.907919
14.904032
8.8441
8.9053498
14.941264
14.938055
14.933538
14.955531
8.9589081
14.941704
14.944315
14.942269
8.9246613
8.6222085
14.794847
14.819228
8.6683512
14.845253
14.851487
14.85616
8.7464102
8.6613234
14.820743
14.899816
14.906558
14.907347
8.8343311
14.884843
14.880834
8.8075557
14.885691
14.830076
8.7095043
14.82649
14.876943
14.874948
8.8044883
9.0277384
14.993937
14.985724
14.98489
8.9897522
14.944083
14.942184
8.9318853
14.981093
9.0049493
14.985921
16.163993
16.395562
11.293916
15.376056
9.827916
15.127987
15.118403
9.298228
15.345598
15.370081
9.696848
15.35683
15.342797
16.312393
11.30849
16.233588
16.405372
15.427119
9.878299
15.140269
15.136621
15.131913
9.31285
15.392322
9.701482
15.377657
15.347833
20.666639
20.728332
18.711514
19.794391
19.462302
21.063741
21.094286
21.105061
19.116445
21.210034
19.334251
21.214492
21.111603
21.103378
21.097929
19.207313
15.002732
15.006156
9.0651114
14.981727
9.0073477
14.989094
14.969616
14.969021
14.957205
8.9869631
14.980226
14.989737
9.0199939
21.201137
21.206978
19.386463
21.220627
21.210871
21.213795
19.36322
21.210231
19.373725
21.213393
21.210816
21.211534
19.359543
21.217147
21.209521
19.39246
21.230895
21.244548
19.414956
21.270398
21.264038
21.265876
19.445027
19.424352
21.255311
14.887363
14.899045
14.898121
8.807665
14.865914
14.864082
8.7867033
14.865294
8.7513346
14.859151
14.86011
14.861372
8.7815397
14.860994
19.510632
21.31093
21.315199
21.300375
19.482912
21.298827
21.269714
21.271425
21.26983
19.45045
21.29238
21.29725
19.472106
21.317051
21.323584
19.52916
21.317873
21.324446
21.331023
19.532148
21.365145
19.56767
21.363728
21.325354
19.538037
14.79042
14.791863
8.5959826
14.795655
8.6031259
14.789569
14.829878
14.824396
14.824683
8.6950834
14.789334
14.787161
8.6127747
21.402137
21.402894
19.64802
21.391088
21.383975
21.378528
19.618892
21.367023
19.578394
21.3693
21.367574
21.370341
19.600459
21.372911
21.407063
21.412356
21.413365
19.653774
21.420151
19.643296
21.400355
21.374677
21.36979
19.594469
21.417822
21.403931
19.6272
14.899112
8.846191
14.904596
14.922064
14.9296
14.925281
8.8910193
8.9505047
14.932916
14.947123
14.927623
14.928123
8.896131
14.931581
14.927166
21.322609
21.306962
19.513933
21.326813
21.331536
21.329801
19.532211
19.589394
21.371651
21.330032
21.339912
21.337278
19.53739
19.496535
21.301875
21.29037
21.298833
19.48727
21.270954
21.264391
19.453805
21.303103
19.497489
21.300046
15.000876
14.998753
9.0377867
9.0874724
15.037133
15.022697
15.023908
15.11515
9.2310708
15.105213
15.034815
9.1372529
21.254336
19.423754
21.266151
21.2636
21.262122
19.444659
21.267726
21.257377
19.450983
21.267895
19.438986
21.270186
21.251052
21.249414
19.419308
21.223832
21.22274
21.216105
19.399546
19.3517
21.205308
21.211677
21.220178
21.220007
19.371904
20.752689
18.703593
21.095819
21.095726
19.135207
21.211909
21.194723
19.33056
21.204272
19.211518
21.121521
21.12481
54.290023
57.02074
48.464362
48.885431
56.276115
56.157343
57.83663
57.557738
58.397509
58.453726
53.555062
53.550429
58.786097
58.940456
52.929189
52.834025
56.236603
56.130691
56.529285
52.616405
49.50791
49.304853
31.205456
30.529609
45.313051
45.163978
31.108794
30.553142
50.158376
49.786231
49.963518
52.999571
51.506977
51.335267
51.394847
51.197345
59.191169
59.115964
53.484825
53.3921
58.17552
57.982426
56.330372
56.257378
55.439004
58.456001
55.545035
56.016146
52.225319
54.676311
45.347711
46.189889
57.70669
57.892361
51.467708
51.491356
58.711072
58.748307
53.716528
53.67908
50.276194
50.319223
53.005572
53.003167
58.55604
58.797457
58.380731
58.530562
46.499195
46.17661
44.469436
45.050705
42.617219
42.027196
41.827218
42.441351
59.361335
59.205198
51.528316
51.693148
52.326627
52.207383
60.490711
60.709463
58.997491
58.998386
53.518715
53.439253
51.523996
51.595293
49.449928
49.603292
52.161777
54.7747
50.305423
49.957153
17.60539
52.190114
42.715434
39.101212
38.603131
42.933266
17.750825
50.912717
50.94732
42.611281
43.459387
54.912588
48.146073
55.259645
26.841196
52.394936
47.569309
47.341856
52.396458
21.216151
63.438385
61.300248
41.231397
54.957357
45.650978
55.33214
46.239409
16.683131
47.479276
41.875055
39.357081
38.253341
43.485094
17.468314
49.750978
51.783305
42.449792
43.693327
54.984545
48.230721
55.30158
20.761065
61.95363
50.939203
47.119576
46.396811
51.447358
20.646915
59.507979
59.969602
41.540359
55.0366
45.899501
55.375749
57.38096
57.061399
50.54904
50.567382
55.599494
55.477541
48.991815
48.932952
60.406322
56.69623
52.813096
52.705593
59.469689
59.462407
52.150504
52.210608
55.327967
55.23944
49.615784
49.603903
42.151674
40.805149
28.537898
28.739811
39.133525
38.002155
29.012863
29.123816
56.386612
56.277721
55.424764
55.364245
58.500361
58.580477
50.908416
51.16069
58.980631
59.051962
60.416352
60.238804
57.012006
56.865402
55.829392
55.790127
60.459959
60.324982
58.304244
58.502418
29.58607
30.005431
28.356699
24.960286
32.354857
32.316071
24.419711
24.345324
27.446748
24.50921
29.577299
30.016669
28.284971
25.012862
32.321544
32.310897
27.371256
24.590477
53.153187
53.332754
46.144515
46.00229
57.207099
57.066307
58.880627
58.962669
58.585096
58.556679
53.653756
53.624967
53.910636
57.790063
53.215528
53.242962
57.805951
57.561158
58.26914
58.152799
47.312975
47.536156
38.248083
37.757108
43.593937
43.765786
36.553838
35.997596
52.656717
52.207431
50.902427
50.653898
52.428855
52.392104
59.710349
59.591776
59.148675
59.191329
53.688027
53.748111
51.179089
51.024337
56.503271
56.665719
52.926382
53.200486
51.475308
51.913417
28.169053
32.189656
32.992381
28.882748
36.163563
37.572398
36.964908
36.716191
34.486669
30.666324
30.260275
34.979688
54.280867
52.024819
33.238516
33.592214
45.097767
43.786894
9.0938596
15.032913
15.034358
15.042138
9.1424712
15.09372
9.2157304
15.083432
15.088997
9.1794534
15.091932
8.8831941
14.920265
14.920573
14.927773
14.928037
8.8868798
14.928273
14.948607
8.9447781
14.945701
14.942466
8.9329698
14.940878
14.800351
8.6313448
14.808688
14.799712
14.789577
8.6189236
14.792448
14.83736
8.709568
14.834687
14.835634
8.7085967
14.83781
14.901117
8.8423137
14.905256
14.903674
8.8305098
14.908343
14.851118
8.7351476
14.855748
14.860525
8.7553222
14.852197
14.853336
9.021539
14.972889
8.9920784
14.966467
14.966669
8.9583955
14.958059
14.955907
8.9836934
14.957208
15.049946
10.54211
15.670717
10.175249
15.669431
15.610535
9.4043348
15.201261
15.217973
9.4691165
15.20619
15.205803
10.534701
15.71469
10.156911
15.653626
15.691861
9.4342848
15.223639
15.229232
15.240555
9.5034096
15.228916
20.909849
18.912121
20.932649
20.956906
19.043572
20.989022
20.990269
21.029812
19.307333
21.182608
21.179708
19.266006
21.156372
21.170395
33.531626
38.806175
39.446224
34.196495
42.826421
45.134935
44.575072
43.530583
40.471584
35.876569
35.240538
41.113148
38.509427
46.883103
51.411165
36.678921
42.883582
41.327651
9.0515575
14.988114
14.986073
14.984412
9.0233634
14.990305
14.969123
8.9847729
14.978243
14.977612
9.0001672
14.984283
14.981073
19.383608
21.228331
21.21714
21.216671
19.379097
21.231937
21.213553
19.372305
21.197333
19.368703
21.214893
21.226389
19.395233
21.232336
21.241048
19.401238
21.236543
21.226848
21.241851
19.423402
21.248975
21.254662
19.42177
21.251925
21.247849
14.87909
8.8178206
14.88551
8.7962105
14.889932
14.893951
14.86483
8.7586996
14.86227
14.86
8.7616743
14.852413
14.855555
19.498136
21.295382
21.299616
19.483489
21.314468
21.309264
19.457558
21.258498
21.259119
19.452149
21.263807
21.26655
21.257131
21.326597
19.512671
21.347607
21.333835
19.529224
21.322727
21.328398
21.352877
19.557386
21.341466
21.339163
19.555165
21.332996
21.334418
8.6110297
14.789131
8.6153533
14.792177
14.792913
14.800342
8.6443864
14.8133
14.799367
8.6372703
14.813034
14.800912
21.396545
19.634308
21.405058
19.637882
21.404347
21.400098
21.376428
19.58683
21.383621
21.383167
19.595925
21.389645
21.381749
21.39895
19.640817
21.430739
21.408026
19.648516
21.426111
21.412942
21.38361
19.618799
21.389466
21.390684
19.622993
21.398923
21.403243
8.8602264
14.912309
14.906412
8.8639337
14.913826
14.908475
8.9110477
14.934325
14.931882
8.9098996
14.93592
21.327893
19.524942
21.322505
21.312572
19.524132
21.31874
21.313723
21.355136
19.559591
21.351327
21.338865
19.550059
21.342593
21.301859
19.503368
21.303893
21.295915
19.487073
21.301576
19.453696
21.275029
21.276883
19.486642
21.286323
21.296178
21.2949
21.296938
15.003321
9.0448097
15.006434
15.008538
9.0632238
15.010549
15.005819
9.1906557
15.066514
15.077563
15.078016
15.055828
9.1523074
15.066249
19.421064
21.21834
21.222694
21.22504
21.225979
19.41116
21.226697
21.228529
21.260564
19.443195
21.268905
21.267984
19.441949
21.273421
21.263481
19.417383
21.25835
21.24718
19.411866
21.259453
21.255866
19.36386
21.215926
21.217848
19.370097
21.221349
20.908853
18.908221
20.950894
19.050478
20.891331
21.00616
21.011734
21.183712
19.314683
21.152317
21.142358
19.256359
21.154787
21.156988
28.222117
32.209529
33.101123
29.027834
36.184997
37.68704
36.950638
36.746907
34.544677
30.719014
30.338487
35.021132
54.281874
51.991339
33.310152
33.747042
45.314152
44.031344
33.393391
38.489829
39.177286
34.038622
42.645864
44.913522
44.150398
43.451155
40.297014
35.782939
35.111796
41.006675
37.162004
46.94259
51.665193
35.659338
43.479867
41.881142
58.447289
58.800557
50.190474
49.946625
55.722177
55.776932
49.66552
53.15761
59.636906
59.314808
53.287909
53.376964
59.300375
59.23034
52.390597
52.532267
55.800004
55.888596
49.797882
49.831415
45.927189
47.094666
28.657624
28.925821
42.320431
43.355162
29.166118
29.362994
56.305334
56.078882
55.633674
55.718137
51.081557
51.022108
50.895766
50.977
58.7263
58.761275
53.081083
53.01883
57.403702
57.565685
56.149571
56.202312
60.918575
61.068843
57.548412
57.232117
14.858555
29.852976
40.053099
47.747434
12.492435
11.986838
30.066072
15.371918
15.303133
43.249797
48.789461
13.391657
30.369988
15.559211
15.403481
30.331847
53.136656
17.665946
29.94315
17.04446
31.085571
37.736735
41.132034
17.814523
37.888755
35.604363
41.921357
49.688323
56.787155
50.140249
57.090606
15.475184
60.554155
20.826218
36.07052
36.575795
46.422445
37.828048
42.093939
41.575294
14.942088
29.885306
39.956595
47.901575
12.515262
11.826875
29.912452
43.29236
48.736128
12.949145
13.392911
15.762402
30.526327
15.656805
30.407724
53.290416
29.896684
31.27919
38.012222
41.245844
49.159084
56.395554
15.269004
15.183161
50.261276
57.083753
15.403502
15.522195
60.343108
20.75512
35.785581
20.405542
36.453722
44.88053
46.336365
24.969746
16.302435
22.951357
25.291255
26.954513
14.196664
15.795011
15.354296
16.059124
15.602811
23.734509
22.785752
31.188208
33.083953
15.3151
17.14032
16.804715
17.845038
18.262092
25.801688
16.001263
23.591687
25.309104
13.973542
15.64406
15.079119
16.03001
15.375069
24.116464
19.734284
23.373359
5.9840986
17.009335
14.641126
17.313992
17.410198
17.974557
19.193699
43.76507
51.739807
47.359439
59.244811
55.166826
41.004306
38.988932
42.410581
45.67241
41.602696
38.684297
44.301982
40.653607
33.856982
19.291223
28.538643
28.538908
15.560627
15.562114
15.011647
9.0975115
15.018448
28.557774
15.576431
28.562837
15.585596
28.617081
28.627324
15.607438
15.610196
9.1627793
15.053819
15.055062
15.605186
28.620352
28.619107
15.608107
28.654903
15.608166
15.610219
28.651494
15.627829
15.104653
9.2568151
15.607168
28.647425
15.604799
28.646081
15.605719
15.607342
28.610219
15.599922
15.599749
28.612475
15.598083
15.065504
9.1783462
15.069506
15.065878
15.599793
28.613191
28.624879
15.602772
28.486716
15.55828
18.39508
28.485179
14.906802
8.8459345
14.916288
14.916488
15.557195
28.497331
15.55736
28.503315
15.562493
28.494964
15.558755
15.552501
28.51243
15.55831
14.928302
8.8923828
14.932102
28.495626
15.550725
28.507839
15.55467
28.504566
28.506689
15.564315
15.565664
8.9610577
14.951325
14.957876
15.570311
18.425502
28.506914
28.508263
15.561909
28.511566
15.555498
28.513544
14.937952
8.9160879
14.933784
14.943089
15.555704
28.49563
15.55308
28.510746
15.553085
28.428988
15.530506
15.533848
28.411533
8.6178284
14.807647
28.418885
28.423682
15.530749
15.529707
18.33363
28.439195
15.52749
15.5269
28.441446
15.530273
14.806849
8.6548191
14.79714
28.403637
15.519004
28.399347
15.517006
28.440412
28.44007
15.534568
15.537024
8.7299363
14.842167
14.844034
15.530946
18.348104
28.450496
28.450846
15.534474
28.419005
15.52927
15.525328
28.426193
14.81735
8.6633175
14.817572
15.534579
28.423933
15.530242
28.424013
28.459326
15.544122
15.544049
28.46034
8.840291
14.898683
14.900632
15.545233
28.463014
28.466688
15.545313
18.36681
28.47042
15.54787
15.54827
28.472536
15.548572
14.886554
8.8047893
14.890907
14.891687
28.46807
15.545782
28.467494
15.543402
28.444362
28.441224
15.539124
15.539963
14.835789
8.715316
14.841133
14.845102
15.536363
28.436656
28.438975
28.471521
18.364678
28.468986
15.54741
14.874823
8.8008678
14.86805
15.548999
28.45901
15.546013
28.454666
28.516083
15.553381
28.514358
15.564012
9.029903
14.984796
15.5503
28.502547
18.426382
28.48973
28.532863
15.561478
15.566516
28.534564
15.568812
8.9885572
14.970471
14.969788
28.533471
28.514563
15.554837
28.468249
15.54684
28.477567
15.544095
8.9414815
14.948837
14.945494
14.95259
14.946458
15.55194
18.412944
28.486502
15.552008
28.477547
15.553946
28.533299
28.54202
15.574821
14.973146
8.999295
14.966312
28.537613
15.568872
28.531741
15.563885
29.252581
29.412917
16.035106
11.194883
15.967967
29.210922
15.891994
29.137258
28.781307
15.667911
28.794517
15.681678
9.854561
15.482469
15.678739
18.708419
28.820451
28.818969
15.677195
28.581376
15.603222
28.568577
9.3138923
15.154911
15.604411
28.622844
15.606062
28.642015
15.623039
18.664247
28.803549
28.766988
15.674496
15.318449
9.6429176
15.289771
28.709666
18.632854
28.708479
29.399052
29.450727
16.011488
16.125971
11.222305
15.966485
15.897249
29.259725
15.862054
29.241564
15.840753
28.805789
15.702219
18.674864
28.792043
15.705709
15.701078
9.8983055
15.491396
15.705763
28.86487
28.877942
28.655791
15.616615
15.615204
28.653284
15.611377
9.316286
15.1569
15.169366
15.146503
15.621356
18.543865
28.67244
28.676
15.630022
15.626151
18.654925
28.747427
28.765264
15.712814
15.706847
9.6682605
15.303315
15.298601
15.69207
28.69063
18.656358
28.668188
32.238808
22.299288
16.935221
16.921864
32.276488
18.730681
20.806391
20.841401
20.777749
32.232111
16.935738
32.269026
16.993558
16.953792
32.755884
17.070716
32.775111
17.063107
21.078191
19.1228
21.071888
32.683143
17.085408
32.725205
17.112616
32.741278
32.736624
17.118519
21.204969
19.336659
21.201306
17.124686
32.734606
17.125427
32.735945
17.119935
32.767421
17.076886
32.785234
17.072855
19.219775
21.139239
17.059735
32.694199
32.664201
17.052385
49.75124
52.136825
53.651137
60.299161
62.381506
44.931752
43.077794
48.366052
46.041264
47.583673
44.446603
44.708184
46.596912
39.001831
21.082437
28.531809
15.568215
15.567971
28.533696
15.567115
14.999637
9.0570907
14.999977
28.526946
28.525353
28.515744
15.538425
15.542783
28.516778
9.0086409
14.982737
14.978568
15.540069
28.49155
15.545274
28.485297
15.546552
28.490674
15.565156
15.571445
28.489668
8.9859642
14.971957
14.97278
28.505092
28.510691
15.556998
15.558033
28.513904
28.515318
9.0197053
14.975675
14.972901
14.977826
15.555748
28.503429
28.497856
15.557551
32.713233
17.022604
32.705565
17.01139
17.015465
19.363767
21.204234
21.21313
17.034444
32.751106
17.044825
32.751952
32.807302
17.081001
17.079825
32.8026
17.07433
21.23255
19.374352
21.215964
17.082241
32.823364
17.08183
32.814914
17.084869
32.748038
17.101015
17.105844
32.74849
17.112435
19.345397
21.207882
21.20929
21.203013
32.740223
32.734149
17.097632
32.78834
17.078798
22.618473
32.801672
17.072855
21.21517
19.357792
21.215155
21.214567
32.766433
17.076959
32.757335
17.077682
17.078164
32.688995
32.6933
17.009637
17.01515
21.208702
19.376236
21.224848
32.708202
17.016149
32.709072
17.024759
17.021599
32.750047
32.758073
17.059073
21.241847
19.417772
21.233842
17.055754
32.759519
32.760594
17.050927
32.768541
17.058033
32.775694
17.062936
19.445413
21.26001
17.048566
32.762828
17.043139
32.7573
17.051074
17.044342
32.743124
17.063858
32.750689
17.060873
21.259498
19.433351
21.253684
17.075496
32.748225
17.077803
32.757162
17.072691
28.475615
15.52877
15.53534
28.483107
15.544093
8.8071328
14.87959
14.873699
28.489018
28.46087
15.529359
28.462713
15.544115
15.537173
28.446447
15.528606
14.866534
8.7815044
14.877187
14.875794
28.476183
28.500836
15.562468
15.56605
28.442692
15.535078
28.448626
14.867997
8.7577512
14.868718
15.534734
28.442084
28.447168
15.544752
15.538174
28.43824
28.433536
15.530206
15.528901
14.861834
8.7749064
14.858731
14.853706
15.532978
28.441458
28.44221
15.528848
15.530023
32.843125
17.098031
22.687614
32.849709
19.525176
21.310125
21.313206
32.83711
32.840263
17.109901
17.10736
32.805425
17.060186
32.782402
21.300042
19.486289
21.300858
21.303395
17.055281
32.833983
32.836859
17.064416
32.803387
32.798529
17.066124
21.272683
19.46066
21.262264
32.820228
17.076602
32.837852
32.771725
32.773972
17.046312
21.282635
19.470009
21.283777
21.275969
32.794493
17.04741
32.799258
32.861177
32.846325
17.104461
21.324791
19.524301
21.331675
17.099101
32.855112
32.851259
17.094538
32.803298
17.067242
32.808985
17.074069
21.323807
19.53637
21.330465
17.080359
32.850462
17.095115
32.853492
17.092169
32.8617
17.09211
17.090322
32.871038
19.564867
21.353686
17.096571
32.856589
32.84501
22.678206
32.830644
17.082173
17.072273
22.679149
32.822953
17.066784
21.337872
19.543157
21.342986
21.34611
32.850144
32.84753
17.101048
28.410988
28.433911
15.525782
14.790655
8.6109005
14.793279
15.530879
28.429473
15.528728
28.424967
15.525275
15.526113
28.410842
15.524408
15.518773
28.420049
15.515791
15.519442
14.795558
8.6080622
14.794342
14.791141
28.428875
15.534281
28.41715
15.533894
15.527796
28.428624
28.431046
15.537597
15.533206
14.827578
8.689286
14.811322
15.539244
28.433641
28.425254
15.536264
28.411597
15.518998
28.409994
15.512114
15.517365
8.6195808
14.801623
14.799742
14.805188
15.518881
28.424984
28.433795
15.534831
32.926736
32.925392
19.624275
21.396368
21.403318
21.405165
21.41109
17.145769
22.750109
32.925416
17.130714
32.916291
17.121489
17.124226
32.89789
17.110294
17.10488
32.894775
17.098405
17.102065
21.392522
19.616815
21.388763
32.90269
17.122131
32.897896
17.1193
17.125258
32.861302
32.864498
17.09581
19.582636
21.363951
21.365953
17.106078
32.87124
32.873146
17.085768
32.86844
17.117221
17.109755
32.872746
17.103121
19.600691
21.378502
21.377704
21.382908
17.11766
32.898805
32.897286
17.116727
32.932296
32.939396
21.401292
19.634394
21.417702
17.144423
32.925459
32.915688
17.13765
17.131787
32.951979
17.151898
32.950892
17.144899
19.652868
32.953172
22.763473
32.9435
17.149234
17.14188
32.907538
32.903257
17.117032
17.130996
19.600604
21.380124
21.385803
32.914591
17.117874
32.879997
17.099783
17.104299
32.942307
17.144647
32.940186
17.154978
17.152044
21.419175
19.656353
21.402458
17.142945
32.952724
17.146284
32.932973
17.154099
17.140004
28.461761
15.538861
28.460179
15.537808
15.53742
8.8375335
14.904749
14.908017
15.541827
28.461201
28.469436
15.548305
28.506398
15.555775
28.508607
15.558948
8.8936689
14.920429
14.928099
14.927224
15.55521
28.506251
15.554447
28.507971
15.554269
28.474202
15.549209
15.543014
28.47186
15.541276
14.936833
8.9358898
14.935653
28.488095
15.55091
28.496044
28.507997
28.511922
15.558593
15.558823
8.8976582
14.931881
14.923017
15.559843
28.502491
15.556532
28.502095
15.549551
15.554711
32.809552
17.08194
32.800463
17.066739
17.075628
21.326668
19.519182
21.332951
17.090504
32.824635
32.825469
17.09429
32.828649
17.084125
17.083414
32.833164
17.09661
17.090626
19.54117
21.31266
17.085348
32.818578
17.083888
32.811716
32.909784
17.109983
17.121987
32.917474
17.120352
19.594438
21.375969
21.376201
17.109656
32.883133
32.889391
17.12508
32.815723
17.08276
22.68371
32.825725
19.534781
21.330196
21.340128
32.833054
17.085143
32.835084
17.079896
17.084568
32.777329
32.779224
17.055315
21.287619
19.492905
21.294643
17.052873
32.775624
17.055733
32.781189
32.814986
17.076891
32.820551
17.08148
19.500034
21.30056
17.077079
32.806426
32.804586
32.760381
17.058819
17.053825
32.754857
17.023571
21.253375
19.454944
21.266818
17.058918
32.76898
17.05747
32.772158
32.821994
17.083799
17.085656
32.818827
17.08647
19.50845
21.300841
21.292597
17.082474
32.840955
22.676089
32.845086
17.09247
28.518261
15.560292
28.517226
15.557357
9.0371865
15.007398
15.005518
15.559541
28.508505
15.559774
28.514144
15.562225
18.45159
28.520351
28.542263
15.578478
9.0882207
15.017612
15.020666
28.549123
15.58018
28.543913
28.590202
15.590009
28.58259
15.60299
15.600121
15.099486
9.2234635
15.089753
15.584982
28.589496
15.583567
28.593895
15.599089
15.589899
28.532432
15.578089
18.454792
28.504385
15.57617
15.574168
9.1331216
15.032588
15.041076
18.460734
28.539558
28.538718
15.578751
32.765337
32.761063
19.414
21.240578
21.230229
21.243459
17.047439
32.74668
32.750402
32.768226
32.774048
17.063685
21.257422
19.435229
21.240799
17.056724
32.741643
17.048473
32.752664
17.046704
32.74045
17.038495
32.746277
17.024206
19.442473
21.262469
21.267182
17.056845
32.767918
32.739241
17.062796
32.808737
17.078279
17.080725
32.804174
21.260678
19.441151
21.255001
17.076635
32.817328
17.077681
32.820234
32.761959
17.073301
17.079101
32.756899
19.422782
21.251202
21.262785
17.06842
32.771156
32.771059
17.068258
32.734256
17.055741
17.053529
32.71382
19.393934
21.245906
21.23964
32.757584
32.763408
17.075226
17.070914
32.818046
32.833652
21.222138
19.364478
21.229164
21.215108
17.10367
32.80707
32.821927
17.110593
17.108946
32.698596
17.053715
17.055341
32.720294
17.051386
21.213092
19.382011
21.204921
32.73753
22.581619
32.730139
17.041237
17.047567
32.373096
16.895068
32.333667
16.886146
16.903636
18.745359
20.833811
32.312466
22.297727
16.916707
22.336644
32.459962
16.926693
32.692419
17.058226
17.067821
22.530811
32.672445
19.131381
21.076429
21.06747
21.074538
22.543937
32.696159
17.092237
32.667294
17.120082
17.125666
22.59242
32.729785
32.715158
17.09555
17.082537
19.33993
21.178776
21.19377
17.070685
32.752267
17.06829
32.723874
17.077448
32.654069
17.049242
17.053733
22.550276
32.626218
17.097379
19.220395
21.141355
21.143268
17.061203
32.683239
32.731821
17.104819
17.085725
43.662001
51.678689
47.221928
59.159625
55.003643
40.888418
38.869562
42.317974
45.645671
41.535028
38.646231
44.297282
40.594518
33.824539
20.893542
19.275131
49.691799
52.06919
53.581994
60.231928
62.337668
44.943337
43.094101
48.273391
45.911869
47.480597
44.323101
44.5776
46.475345
38.880092
21.032453
22.166389
32.969487
30.36158
37.023573
37.083134
30.846999
35.465291
47.374692
40.343836
44.523128
42.605094
25.656446
57.685232
19.349234
52.870347
40.049315
37.856302
43.401809
36.104996
36.199086
33.318793
38.093648
37.106136
36.647746
38.593693
37.256055
34.225819
35.533314
35.885524
40.317806
37.661283
38.688714
39.196603
43.800692
48.809283
16.057648
41.88656
51.022763
17.743496
43.36416
38.080249
38.500822
41.326064
37.602602
37.234562
36.215619
38.744146
39.610433
36.475787
37.692184
37.078773
41.645048
38.11042
46.122074
43.9701
36.640337
41.735454
53.441209
47.655305
52.547846
47.80582
27.761346
21.749875
65.103773
61.639996
46.260508
44.285463
40.879264
39.257076
42.102747
37.44436
45.08084
45.258831
44.391927
45.877926
44.014148
41.172897
41.828638
43.421138
48.259876
45.975478
47.500627
46.709121
20.604522
21.509803
52.357463
59.164947
51.097455
60.89771
43.237716
38.033165
38.435625
41.192524
37.546916
37.208047
36.339403
39.095991
40.056331
36.296849
38.079247
37.415339
31.970651
29.486057
37.054297
37.246886
30.712727
35.635539
49.532873
40.973095
45.754411
43.352437
31.834741
24.637514
55.866599
40.128531
37.829282
43.419048
37.200686
36.303579
34.707476
38.275585
37.063589
36.588805
38.795249
37.449298
34.160137
35.738359
35.803654
40.54852
37.619986
38.67165
39.367775
20.565754
18.963819
43.924176
48.86638
16.020979
41.755954
51.321932
41.305926
35.970679
45.569571
43.876553
35.785684
41.631684
53.312656
47.472638
52.217034
47.775999
17.667195
27.773334
21.71576
64.937388
61.243874
46.320408
44.309301
41.072466
39.268599
42.056764
37.411975
44.881424
44.957786
44.082448
45.701674
43.805609
40.850837
41.644947
43.09515
48.088213
45.653733
47.179159
46.518402
52.122706
58.743556
50.737084
60.592262
20.856701
13.018361
12.913303
17.363488
17.130527
39.255756
38.709478
37.738572
40.469081
38.939563
36.684938
42.206419
34.084825
37.417113
31.607323
36.003835
32.838999
47.266805
19.395143
55.148832
18.65797
9.1042907
15.022546
28.601461
28.605367
28.593154
15.598867
28.58548
15.049736
9.1520947
15.051154
15.054119
28.610546
15.605384
15.604031
18.48155
28.616028
15.60084
28.615759
15.608142
15.608312
28.619566
15.089188
9.2116215
15.104521
28.628067
18.499585
28.627206
15.59746
15.595188
28.630071
28.635827
15.60193
15.598172
15.074771
9.1818459
15.072163
15.065927
28.624393
15.603748
28.628366
15.602606
28.633159
28.632804
15.602245
15.603598
14.915866
8.8651556
14.911542
15.563639
28.516436
15.558364
28.517634
28.484699
15.559752
15.552045
28.495324
15.561073
8.8964631
14.92713
14.932362
14.934871
28.505829
15.552526
28.511768
15.557595
18.410239
28.509851
15.554672
15.554438
28.506992
14.943785
8.937382
14.946437
14.950725
28.500647
28.503612
15.551299
28.500162
28.500145
15.560005
14.949568
8.9388235
14.936366
14.941957
28.498615
15.55517
15.554978
28.495027
28.509119
15.552482
15.553714
28.506436
15.551679
14.792433
8.6226991
14.793103
28.425886
15.541522
28.431513
28.409546
28.414457
15.532137
8.6386731
14.807498
14.803805
28.431989
15.522949
15.523192
28.424145
15.519863
28.414664
15.524792
28.409778
14.835491
8.7029085
14.841805
28.460451
28.445387
28.462272
15.529179
15.537701
28.445212
15.531903
8.7065917
14.823416
14.825015
28.445224
28.437593
15.533324
28.433738
15.525957
15.525137
28.429213
14.900432
8.8468883
14.901533
14.899657
15.548505
28.471164
15.547951
28.472281
15.548025
28.473218
15.549174
15.549686
28.473809
8.8259493
14.897092
14.892987
28.472633
28.475123
15.545908
15.544894
28.465785
15.542116
15.540484
28.463548
15.541994
14.840287
8.7129696
14.848124
14.849477
28.446464
15.531543
28.447388
28.421232
15.52479
28.423817
15.530935
15.531065
14.866892
8.7673954
14.872075
14.867129
28.455011
15.543301
15.540971
28.452574
28.46121
28.458862
15.546051
14.974238
9.0245879
14.975275
15.544369
28.49256
15.542445
28.489698
28.501196
15.544488
28.500703
15.548312
8.9855984
14.962056
14.963469
28.494168
28.488485
15.548041
28.494605
15.542707
28.501791
15.550899
14.961328
8.9687866
14.947831
15.564696
28.48724
15.558757
28.485141
28.487871
15.55847
15.552654
28.487221
8.978816
14.965506
14.965583
28.503824
28.499462
15.569666
28.519459
15.563679
28.519526
14.99637
10.596528
15.871991
15.920634
15.813173
28.944083
15.776107
28.963292
15.757831
15.745993
29.02968
15.800387
15.830795
29.140279
15.573142
10.121051
15.501007
28.934922
28.973024
18.846974
28.835822
15.737616
28.901638
15.707693
9.3930239
15.170681
15.19181
15.639562
28.645286
15.636602
28.629955
15.631242
28.631277
18.559409
28.633918
15.23165
9.4847298
15.259689
15.264127
28.624384
28.62683
15.598542
15.602607
28.674457
28.684967
15.650283
31.238255
28.997355
15.815685
10.589551
15.933739
15.770003
29.133516
15.758136
29.119639
29.123498
15.781103
15.802594
29.150453
10.106801
15.502501
15.491763
28.975309
28.994115
28.937704
15.719214
28.901828
15.197086
9.4163431
15.181269
15.173005
15.643507
28.710375
15.646808
28.716446
15.648776
28.694473
15.641255
15.640791
28.692058
15.258709
9.5282697
15.26959
15.290389
28.687995
28.697422
15.638226
15.63795
28.709752
28.703601
15.659132
28.855055
28.135372
18.897131
20.905625
20.922431
16.955388
32.597903
16.988771
32.580876
32.568214
16.944923
16.94626
32.479827
19.051849
21.055879
21.051276
22.439471
32.640069
32.654998
17.07155
17.081294
32.614448
17.106739
32.615749
17.099712
17.105029
21.197659
19.317642
21.203407
32.676285
17.07545
32.668247
17.068196
17.072531
32.709981
17.086975
32.718265
17.115232
17.102693
21.154599
19.255383
21.138262
32.644626
22.528919
17.055716
17.051834
32.651149
17.057499
32.637814
17.066048
32.643544
22.528399
18.976909
19.393512
20.045052
43.215776
45.12872
43.537635
44.890883
41.494902
35.527047
40.422273
36.418354
40.88289
35.862783
41.082693
35.768407
50.889817
20.271261
20.373311
20.317339
59.532623
20.72144
14.999475
9.0591625
14.998103
15.558061
28.499355
28.498227
15.547333
28.511843
15.561298
15.56272
28.515676
15.563738
9.0139207
14.980268
28.487263
15.550179
15.55023
28.492467
28.471423
15.551234
15.555576
28.472257
8.9816853
14.970694
14.973077
15.559166
28.506141
28.507752
15.56728
28.503948
15.553887
15.554133
28.511956
9.0033607
14.978729
14.976708
28.508907
15.560847
28.51157
15.561582
15.562254
28.511169
15.555773
15.551459
28.509311
21.217458
19.38377
21.212061
32.806845
32.81463
17.087057
32.771266
32.770338
17.077671
19.386068
21.229602
21.213367
32.813601
17.091758
32.814237
17.087903
32.821478
17.087592
17.085578
32.820232
17.08694
19.372255
21.201749
21.20435
17.093755
32.74837
17.095521
32.756154
17.099856
32.740695
17.094069
17.095072
32.740267
17.09583
19.365474
21.21528
21.216594
32.770665
17.098517
17.096454
32.77369
17.105151
32.769307
17.096063
17.087896
32.768093
17.083637
21.221688
19.395684
21.215795
21.221709
32.720961
17.013121
32.727036
17.020474
32.719578
32.692407
17.034758
21.233888
19.416281
21.23023
32.719392
17.034339
17.030097
32.725199
17.023104
32.741143
32.73925
17.041858
19.428402
21.257152
21.258813
21.250512
21.245842
17.05668
32.78629
17.055785
32.775742
32.748694
17.068628
17.074183
32.750049
21.255427
19.427427
21.255307
21.254507
32.759278
17.068324
17.072026
32.759534
32.750687
17.068844
32.750934
14.881318
8.820107
14.876698
14.875347
15.532049
28.468522
15.534607
28.476969
15.544937
28.464129
15.533196
28.459412
15.529887
14.886061
8.7936059
14.877072
28.48202
15.544202
28.484098
15.54543
28.473801
15.56487
28.476164
15.558604
14.85792
8.7537739
14.874077
14.877484
28.456027
15.544465
28.453059
15.531502
28.455708
28.450711
15.541614
14.860158
8.7720073
14.861213
28.427474
15.527529
15.519971
28.447466
15.533046
28.44987
15.530683
28.446003
21.305421
19.504496
21.30545
17.103736
32.806408
32.809082
17.09524
32.849544
17.085485
32.847195
17.107033
19.507625
21.309476
32.83447
17.092927
17.082525
32.832027
32.834985
17.080692
17.072223
32.827847
17.066296
21.252606
19.446841
21.271589
21.263949
32.822761
22.652136
32.818292
17.067181
17.072408
32.823295
17.085821
32.831039
21.268119
19.454966
21.271944
32.788051
17.046867
32.785147
17.049009
32.794157
32.798122
17.057134
17.052293
19.539529
21.329713
21.336981
17.092654
32.839707
32.841443
17.103845
32.846799
17.093388
17.093512
32.848145
17.095971
21.331213
19.526559
21.33284
32.843893
17.10578
32.825334
17.090935
32.827478
17.099853
17.091914
32.826811
17.093029
19.560755
21.360342
21.364667
17.101747
32.869815
32.881624
17.113525
32.863356
32.868918
17.110629
19.572877
21.345012
21.345726
32.878499
32.876882
17.108299
17.116116
32.863774
32.862334
14.794326
8.6170402
14.792323
14.788611
15.529196
28.423821
28.410904
15.522682
15.522284
28.440475
15.522073
15.535559
28.415092
15.524298
14.791287
8.6058243
14.792944
14.792378
28.429552
15.530546
15.53579
28.42643
15.525778
28.418762
28.41347
15.530598
8.6523038
28.407896
15.517375
28.41291
28.425611
15.523265
18.337064
28.41862
15.518147
8.633958
14.798308
28.424234
15.531897
15.525473
28.418387
28.41911
15.52499
15.524166
28.435513
15.534108
21.405251
19.630099
21.414127
17.12434
32.914778
32.918709
32.922802
32.920993
19.635647
21.401438
21.397385
32.917928
32.913091
17.123762
32.907954
17.123382
17.129133
32.911774
21.375175
19.587537
21.372302
21.370897
17.100775
32.887118
32.888536
17.106645
32.869939
17.099216
17.108133
32.867951
21.385923
19.600962
21.380803
32.889311
17.109432
32.895412
17.118697
32.914018
17.119343
17.119776
32.897688
17.112694
21.413148
19.648786
21.402084
21.406014
32.936308
17.139514
32.946526
17.137921
32.911411
32.899045
17.124767
21.416413
19.649278
21.404615
32.93779
17.142469
17.143293
32.955709
17.151673
32.937699
32.940067
17.157107
17.146125
21.377216
19.595505
21.381855
17.108704
32.892704
32.896709
17.126735
17.128733
32.861561
17.095794
32.859844
17.102756
19.628971
21.40028
22.743519
32.935586
32.930114
32.921824
32.927213
14.904044
8.8584172
14.913513
14.911599
18.390279
28.478409
28.47691
15.548404
15.549175
28.477249
28.483628
14.908619
8.8655695
14.914066
28.476977
15.548521
15.549707
28.478793
15.551807
28.48172
15.551441
15.551551
28.482587
15.550977
14.934783
8.916654
14.925453
14.934749
28.506659
15.548124
28.503007
15.548276
28.503887
15.549334
28.493582
15.549371
14.925215
8.9061112
14.928049
28.470065
15.544643
15.546125
28.485018
28.4713
15.539874
28.480625
15.54682
15.543389
21.324486
19.516993
21.33664
17.086885
32.837744
17.086095
32.833812
32.830198
17.0913
17.094203
32.828413
17.094909
19.522212
21.311501
32.811134
17.081188
17.084528
32.821076
32.809433
17.076371
17.072021
32.801054
21.3599
19.577241
21.368378
21.368901
17.121642
32.878541
17.116154
32.87489
17.108368
32.884931
17.120161
17.113896
32.871617
19.570501
21.330885
32.855159
32.858356
17.093451
17.09581
32.843399
17.085358
32.838578
17.075884
21.295867
19.492582
21.295712
21.289044
32.791421
32.793177
17.079016
17.078508
32.795735
32.799116
17.074854
21.306645
19.505856
21.293338
32.808356
17.083788
32.807161
17.081042
17.083953
32.787119
17.077011
17.075405
32.788543
17.083343
17.076826
21.271725
19.468156
21.272918
21.261686
32.748044
22.642575
17.038513
32.746159
32.747988
17.029547
32.747714
19.483347
21.296549
22.646808
32.803935
32.79577
17.064397
22.661198
32.822171
17.09345
22.664577
32.827045
15.003509
9.0431239
15.007554
15.006138
15.562101
28.523175
28.529094
15.569503
15.568701
28.52169
28.517762
15.560286
15.016345
9.0710261
15.02548
28.52068
15.562447
28.520881
15.564781
15.563469
28.523635
15.576124
28.499816
15.57494
15.577405
9.1964755
15.089886
15.091332
15.583228
18.487438
28.57562
28.561427
28.574445
15.581414
28.574174
9.1459323
15.04101
15.043851
15.049765
28.557094
15.584412
15.586706
28.559236
15.588174
28.542069
28.555441
15.583982
21.229513
19.419974
21.239522
17.021752
32.732066
22.609461
32.737913
32.714148
32.722963
17.024188
19.428497
21.241612
21.245171
32.741875
17.039152
17.038102
32.738908
32.73579
17.029879
32.750163
21.257527
19.441307
21.270553
17.074461
32.771371
17.065448
32.773186
32.749372
17.07384
17.065264
32.748288
17.07613
19.449137
21.249859
32.781778
32.780906
32.803575
17.069686
17.070453
32.812019
19.421546
21.251704
21.267887
17.07092
32.775043
17.065643
32.767526
17.069305
32.776309
17.076294
17.072888
32.775633
19.416104
21.243906
21.236327
32.757276
32.758333
17.070296
17.075509
32.761814
17.0684
17.067282
32.758381
21.216811
19.360542
21.234892
21.218784
17.069019
32.744297
32.718269
17.036203
17.051619
32.802546
32.783336
17.086305
21.216718
19.368454
21.220533
21.220317
32.715053
32.702497
17.028064
17.025042
32.720144
32.725172
22.593806
17.038555
31.056967
28.898524
18.879703
20.840671
20.878537
16.989686
32.505728
32.522077
16.957974
32.54312
22.397248
32.586602
19.05627
21.045852
21.039758
21.051681
21.023678
32.659277
17.097353
17.085798
22.469884
32.667363
32.635479
17.107317
32.603769
17.109133
19.289983
21.189324
21.186377
17.062428
32.685482
17.055732
32.694829
17.056101
22.602707
32.757852
17.059958
17.078722
32.780299
21.146233
19.245878
21.167281
32.73211
17.093891
17.066679
32.720255
17.044719
17.050254
32.737439
32.740658
17.118261
28.741442
15.893052
28.291567
17.395069
39.164948
38.769333
37.668262
40.484791
38.76522
36.571509
42.071236
33.940275
37.292093
31.513369
35.908596
32.713829
47.097327
20.975806
54.923951
19.307002
17.887096
18.852052
19.266233
43.209806
45.033366
43.480778
44.88776
41.610566
35.751533
40.727647
36.508204
40.840772
35.783859
40.991519
35.733753
50.953166
59.641386
20.779349
11.931007
18.610188
11.960089
18.645714
23.392179
24.190154
25.037048
37.022351
23.229357
24.203577
25.511829
37.927481
41.129652
36.105153
41.642164
41.378622
36.662959
41.621223
40.129672
34.979241
37.487889
40.959626
39.708092
38.579046
26.375589
30.547956
25.628358
29.266541
44.691147
43.528743
36.637845
40.727374
33.692392
41.270928
46.717965
45.894409
34.258503
39.356338
40.630808
42.196169
34.92317
40.995778
38.808871
43.044088
42.345808
42.400677
38.410256
42.431824
26.276142
30.497242
25.506371
29.219563
44.617112
43.405522
37.616709
40.418599
34.934036
41.020488
46.640297
45.81541
41.068375
36.116713
41.554277
41.177453
36.657344
41.516006
40.14443
34.247963
36.94014
40.707609
39.730475
38.107269
39.289631
34.266428
40.57979
42.120618
34.921888
40.928449
38.818355
43.039572
42.322793
42.312108
38.436836
42.398707
57.353682
52.539855
53.804184
51.300124
48.125335
48.871777
26.991996
40.408713
46.798187
48.549859
13.391801
13.528842
35.686948
40.111559
35.309875
36.29197
42.59401
37.390544
13.417434
13.399123
30.886825
32.530353
30.502448
31.534752
34.544494
32.937462
13.042911
12.920005
49.637077
50.350419
46.591138
49.312853
47.282687
43.432378
24.357247
44.878455
46.146894
43.42024
13.349504
34.792401
39.387773
34.416786
35.516451
41.996469
36.613688
33.447078
33.696112
33.649031
30.800109
32.254475
30.344332
31.567062
34.349321
33.012959
57.458643
52.492998
53.860599
51.220056
48.075736
48.872702
26.976335
40.811101
46.782643
48.478453
49.657875
50.462512
46.611472
49.352096
47.297515
43.348868
24.295308
44.854339
46.14913
43.317001
14.457675
10.356561
14.245014
17.175705
14.169322
14.473288
10.837629
14.887594
15.402841
21.321701
21.333991
21.329656
21.37659
21.066696
21.106766
49.975965
64.896656
56.998897
21.993842
48.944654
55.527773
56.099819
57.488561
27.519563
63.814426
50.753656
56.065351
59.105441
58.460934
28.735831
48.870278
53.7049
49.139807
55.981202
26.056092
57.109604
46.803332
56.278301
49.806267
64.498676
56.938267
49.056911
55.614443
56.160999
57.493998
27.710308
63.805152
50.600468
56.115029
59.631328
58.385699
28.692554
49.064625
54.334034
49.530468
56.51968
26.249672
57.316188
47.154674
56.24435
24.322427
24.61204
17.655731
20.361631
24.312463
24.678593
17.669318
24.490129
24.406631
20.344653
42.343144
35.340783
41.939978
53.716438
52.272105
45.671733
51.761881
49.431357
42.84806
39.557592
43.918381
41.513646
34.899896
43.370077
50.836764
45.442241
44.459793
48.633647
43.14383
39.125056
36.912376
39.538514
21.197895
21.216055
21.206661
42.571992
35.9247
42.293094
53.815794
52.23052
45.864109
51.834274
49.417163
43.030572
40.000787
44.009549
39.992474
34.67632
42.619812
51.564177
45.654782
44.987029
49.332925
43.396482
38.697669
37.35615
39.434037
17.855637
21.249151
18.148025
21.980046
19.389427
39.449271
35.148822
40.921465
35.207411
42.001852
41.354386
15.573494
16.181632
15.805498
12.657267
42.190812
16.339978
15.495598
38.813485
16.537459
15.870161
36.018627
34.535241
22.03951
23.603047
23.864689
25.386298
26.036721
31.793713
30.380652
32.245094
28.288727
31.400881
32.127541
16.182572
17.09111
16.499797
30.566379
16.954698
14.538256
27.842784
17.324719
14.401597
16.136085
26.273772
17.739285
21.096672
17.738669
21.853602
18.931548
15.426098
16.084638
15.704558
12.595871
39.407388
35.123736
40.88328
35.172413
41.919425
41.310591
42.115137
16.233908
15.561723
38.69033
16.513171
15.970808
36.017156
34.414004
24.956222
23.135949
27.597444
25.016964
32.062285
16.436791
17.19856
16.81123
31.519922
30.814566
31.863773
28.946197
31.109975
31.776206
30.33136
17.051276
14.618295
27.707382
17.481495
14.496079
15.814425
26.168144
14.9608
14.795629
15.149568
21.3087
15.032672
21.074186
21.131058
13.741029
16.394048
12.169833
35.526017
25.118298
26.369476
37.565209
32.008725
12.919335
11.833795
11.951767
12.206471
38.131909
19.658891
12.176195
35.512474
25.068587
26.396699
37.554135
31.922511
13.006813
19.462687
25.175395
9.3580932
11.838267
12.134993
11.567939
37.913204
18.766155
14.933045
32.879409
17.057392
24.462994
17.059853
32.890118
24.478833
32.880194
24.478865
21.207266
14.813876
21.291449
15.079038
32.736934
24.528347
48.100824
48.594506
48.154268
48.357087
30.35625
32.46994
30.76149
32.569531
42.035485
40.053486
42.068879
39.439493
30.249364
32.33576
30.615155
32.383145
41.771513
39.436242
41.700513
38.772289
16.497015
16.989567
12.851984
20.707647
20.702694
18.659894
16.63509
16.500931
16.197481
12.847991
20.751442
18.667361
35.272711
35.387498
34.887389
34.970214
39.008313
37.385928
39.259258
37.46376
22.992327
54.526655
42.773831
42.555075
39.669489
42.124943
39.59548
39.32984
37.579576
39.95811
37.462686
36.951579
40.676006
36.904569
41.074217
24.678243
57.003079
50.853445
41.085126
47.697974
40.164825
47.359459
35.017112
35.275871
34.65808
34.848204
38.520823
37.22743
38.751622
37.292811
22.789433
53.9627
42.704233
41.945361
39.524528
41.524894
39.395949
38.977194
37.44251
39.602833
37.240396
36.740298
40.69252
36.712557
41.087791
24.676978
57.002256
50.768844
41.172159
47.663291
40.251305
47.34499
49.633328
49.543607
49.78855
49.614812
47.251638
59.054928
20.914117
54.976254
30.518038
23.942049
30.539784
30.503318
23.872572
30.504484
30.504781
23.875628
30.501721
30.389528
23.802555
30.385025
23.820415
30.422497
15.534853
30.417825
30.442584
23.831741
30.443339
30.438336
15.545729
23.837925
30.432256
24.163713
30.935297
15.870424
30.960576
15.870783
31.232599
24.274108
31.150066
16.004218
31.02588
24.296229
31.05534
30.645961
24.043666
30.629469
30.536326
23.934607
30.55327
30.517891
23.897676
30.498071
31.162008
24.257855
31.083118
15.980953
30.992201
24.247229
31.031178
32.47722
24.361105
32.518344
32.466423
24.37047
32.516257
24.45879
32.882032
32.881345
17.04681
32.937686
24.481203
32.899855
54.719634
60.350397
63.782893
22.238026
23.89848
30.512214
15.565935
30.512081
15.565999
30.513489
23.890318
30.51201
30.506131
15.565753
23.880781
30.510407
30.514758
23.901133
30.513978
23.78772
30.438915
15.544301
30.430483
30.433857
23.802955
30.430243
23.832515
30.438558
15.55799
30.441949
24.571378
32.988835
17.048844
32.979911
17.047817
32.878794
24.429291
32.890465
32.924036
24.472558
32.902001
24.446943
32.906955
32.899609
32.876598
24.427194
32.88443
32.900545
24.448431
32.893793
30.429011
23.826983
30.434558
30.414445
15.529577
23.81282
30.423146
30.471907
23.843849
30.445417
30.409988
23.815972
30.415659
30.408047
23.788679
30.406596
30.402784
23.783016
30.402254
32.929408
24.458175
32.932209
32.93979
17.077408
24.466057
32.953799
32.930472
24.465612
32.949696
17.066652
30.374473
23.802703
30.383926
33.007347
24.521194
33.027144
33.007382
24.517872
33.020497
17.106453
30.432258
23.817364
30.433923
30.453364
23.856272
30.446615
32.9894
24.511787
32.993779
32.928305
24.468698
32.937865
32.951014
17.060156
24.474054
32.937174
32.875507
24.467596
32.916611
17.044457
30.515671
23.877872
30.515276
24.462649
32.871745
17.029785
32.895394
17.033231
32.87223
24.441972
32.893924
17.036565
32.880793
17.043828
24.482027
32.906574
17.052222
32.874825
17.040014
24.470977
32.900363
32.707702
24.531487
32.681526
32.982722
24.602714
32.989223
33.038021
24.628658
32.990436
33.007659
24.564438
32.967579
17.08261
47.225856
59.074926
54.930645
54.484932
60.196624
63.52822
40.633948
42.088864
37.151986
37.771488
26.284581
31.911321
37.235133
34.92854
32.078658
38.25608
31.465247
30.72642
37.964763
30.813081
43.001579
46.51536
35.026458
43.99549
48.186659
34.301593
47.603607
49.098088
45.872654
48.465687
52.968491
26.991996
63.319919
33.847999
51.527329
56.221045
48.893916
50.722274
33.293108
50.006495
52.737418
26.354379
24.817639
24.379313
27.742305
25.160804
25.71017
37.859007
35.578543
40.223457
41.254655
32.807625
29.221179
28.486514
34.490235
30.014801
30.700987
46.943969
46.130886
46.679667
46.119588
45.462877
38.027352
43.283823
43.953046
23.759352
42.416947
41.95639
42.2735
42.197614
41.074719
41.892633
41.695617
41.175505
41.672976
45.835475
41.862173
44.16274
45.700684
42.965162
43.984281
47.793493
43.172603
46.13786
43.039053
49.33196
24.357247
56.458872
43.342071
50.624319
49.200091
48.9461
44.35104
42.944457
49.484722
45.99683
26.313935
24.709241
24.548866
27.610324
24.919308
25.290235
37.859302
35.537084
40.232093
41.253315
33.199156
29.641955
29.022015
46.826183
46.008398
46.575516
46.020152
40.975231
41.960333
36.47899
38.11519
26.195133
31.506376
36.605374
35.448261
31.620621
37.867159
31.082782
30.933009
37.515788
30.635857
43.149737
46.383071
34.523757
44.142759
48.081406
33.963996
47.590655
49.029572
45.853261
48.372565
53.204323
26.976335
63.331032
34.768623
51.326649
56.214793
48.824903
50.658146
33.39053
50.029014
52.695089
45.318599
37.977105
43.157978
43.814049
23.708693
41.857998
42.304884
42.166688
42.13624
41.016343
41.832806
41.62676
41.120202
41.611389
45.712971
41.843265
44.075559
45.587571
42.990756
43.927808
47.723597
43.259524
46.050618
43.103326
49.299987
24.295308
56.3532
43.323279
50.59722
49.187442
48.917101
44.416088
42.929432
49.459676
46.010376
12.655602
22.967872
20.997518
37.80468
36.176302
14.376986
11.743186
22.801625
38.55103
35.299166
12.800929
22.993636
19.754963
37.812751
36.181591
14.637688
11.064933
21.405477
38.55477
35.323419
43.733104
46.736169
42.317573
30.403298
23.817068
30.403529
30.413896
15.52959
23.780879
30.402239
15.525862
30.408928
23.780512
30.403599
30.391736
23.801758
30.411682
30.391178
23.7975
30.405687
30.438114
23.797255
30.429917
15.545511
30.427578
23.790217
30.427161
23.789132
30.444387
15.551263
30.435731
15.544634
30.429779
23.786566
30.430974
30.453925
23.816047
30.44595
15.552208
30.434371
23.802686
30.438974
30.441253
23.787378
30.439451
15.545096
30.433914
23.798768
30.439484
30.808985
24.088141
30.886447
30.807908
24.0813
30.806344
30.723682
24.111011
30.70588
30.850785
15.76089
24.013674
30.81767
15.763888
30.726034
24.04118
30.767267
30.600817
15.652555
23.953284
30.589588
39.643626
34.443266
34.903428
45.383506
46.673551
16.485116
40.392141
32.159738
29.967755
30.278044
37.678212
43.346058
15.804185
36.642599
24.525088
32.927383
32.934797
32.974465
24.540718
32.948799
50.33537
46.674674
48.587732
30.505621
23.871439
30.500024
15.562107
30.488513
23.866135
30.495827
23.804048
30.446768
30.450277
15.54969
30.479089
23.820778
30.466782
30.458034
23.834072
30.461896
30.453576
15.549727
23.829075
30.457533
15.549524
32.893487
24.448304
32.874923
32.907063
24.450411
32.894444
30.419973
15.532048
23.780416
30.411757
30.425856
23.787621
30.415534
30.393943
23.805961
30.404698
30.386694
23.808226
30.390814
32.93995
24.46608
32.93678
30.387578
23.811353
30.394846
33.063384
17.122746
24.569186
33.077238
17.129672
33.055714
24.549088
33.063908
33.084305
17.136752
24.548225
33.068993
33.01624
24.468406
32.985306
17.088563
33.0265
24.475826
32.996175
30.438537
23.826992
30.43499
32.967664
17.068314
24.480651
32.963318
17.067946
33.003102
24.504762
32.999233
32.926058
17.041692
24.402415
32.895004
17.032474
32.878929
24.386309
32.885683
24.435095
32.956192
17.059836
32.918902
17.048849
32.885817
24.399506
32.89745
32.855004
17.023271
24.370965
32.850426
32.851649
24.371727
32.849325
24.398595
32.8922
17.025273
32.873897
17.022311
32.856666
24.3822
32.861937
32.914154
17.03619
24.453476
32.905405
17.034834
32.910371
24.459692
32.91417
32.907247
17.04571
24.516787
32.904473
38.968397
33.466409
33.927751
44.795195
46.213516
16.415989
39.777126
32.74717
24.594363
32.793394
24.553107
32.924698
17.052832
32.913018
32.946947
24.561291
32.918604
31.840223
29.733464
30.069238
37.453803
43.591343
36.860122
43.706932
46.765928
42.308183
50.131571
46.550335
48.401822
28.735831
27.519563
52.384391
49.912629
55.126984
26.056092
52.373332
46.673956
55.563492
28.692554
27.710308
52.466077
49.835619
55.191695
26.249672
52.519936
46.98255
55.524735
16.058167
29.71483
29.880763
16.304241
16.196498
13.35666
18.294181
17.600515
19.885211
16.440775
30.541101
20.296489
16.702609
31.38204
16.846294
32.336359
32.313998
21.137876
21.982547
17.076498
32.616023
17.208636
33.086554
17.528339
16.061571
29.674779
16.147466
29.845556
13.346514
18.276443
19.921446
30.687935
31.374313
18.671761
17.239988
22.243526
32.313971
32.347505
16.920165
20.789714
18.72441
22.041084
32.578604
17.157266
33.142952
53.624066
65.637016
46.24004
43.633539
48.047962
48.668564
45.58184
49.956305
43.675953
50.374743
47.984732
41.896614
48.206281
27.20779
45.645035
48.101638
51.646297
58.224805
45.946997
49.393698
49.935151
43.955837
45.940748
39.503242
46.888727
42.702833
39.041116
43.857478
24.89964
41.240717
53.618165
65.595394
46.42235
43.848835
48.233482
48.830655
45.795112
50.013883
43.681347
50.4362
47.988306
42.21832
48.233034
27.228108
45.670813
48.252993
52.038293
58.309837
46.10214
49.490431
49.856426
44.488141
46.569426
39.523118
47.571249
42.696828
39.575933
44.381331
24.879243
41.402205
15.85785
15.292518
15.379641
11.839112
17.633794
15.759364
17.69874
16.998305
16.812138
16.760107
20.091892
17.976998
20.608772
15.836685
15.151562
15.331094
11.778596
17.562681
15.565898
17.584658
17.046948
17.076221
16.961118
16.598932
17.275963
16.909055
20.229954
18.273821
20.837984
22.617231
18.73374
7.9534703
21.670766
12.493556
12.887953
13.943031
14.123934
10.325121
10.803704
14.85512
14.99711
12.280653
13.55609
13.75576
12.843723
13.999676
24.487582
18.985879
23.908534
19.674906
13.750094
10.154759
10.642062
14.89453
15.136691
45.905882
46.689273
21.175683
23.256681
21.67346
26.571402
28.271714
26.107563
28.189797
32.653506
24.690594
26.231032
47.687564
58.896921
31.877594
33.45834
32.449339
43.641357
48.302063
33.074518
41.352327
43.534636
39.23484
38.427771
23.474686
23.956723
23.418295
32.041211
34.827427
31.419935
40.55971
41.161616
28.59941
40.542014
44.681847
51.386743
61.132212
44.558533
44.369722
52.210512
50.196979
44.52671
49.775064
47.29154
46.459337
46.30572
47.675981
47.951831
21.021018
23.095641
21.553917
24.11937
26.132565
24.392209
25.757955
28.081775
25.510457
28.106691
32.521466
24.531607
26.223025
31.602985
47.66648
58.648648
33.370066
32.071914
43.663125
48.075761
32.717355
41.13981
43.27064
39.010948
38.164857
23.065945
24.185663
23.163538
27.772667
32.679182
28.366232
40.922708
40.752886
29.687929
40.567822
44.554069
51.22938
60.940908
44.426816
44.234784
52.047055
50.050048
44.385579
49.619639
47.233957
46.289206
46.142031
45.893761
46.708725
47.599325
47.885384
30.284492
33.302456
30.743896
34.991487
37.862366
38.05756
32.980047
37.788032
37.789833
37.597546
41.121414
39.772868
40.068625
32.769555
32.58906
32.356522
42.495761
42.927196
42.302082
43.969145
42.686857
42.971308
49.826053
44.787864
46.489323
46.339338
28.711733
32.630105
29.122565
34.869455
37.811804
38.017444
32.806356
37.730573
37.724539
37.504411
40.803937
39.577562
39.91161
33.053341
32.512826
32.561268
42.423319
42.863521
42.212627
43.895926
42.592944
42.881204
49.681953
44.745469
46.320554
46.178293
20.812991
21.599798
20.328035
13.017416
12.969439
23.533068
22.675608
23.699686
24.708705
21.361361
20.72234
21.432959
20.227816
12.862521
13.073133
23.134047
22.277722
23.442482
24.635519
21.271643
20.876035
23.719406
20.889579
37.279272
39.111845
33.543753
19.439787
25.076441
10.256682
27.899669
38.94342
23.465865
13.482839
13.687947
20.919647
23.753596
20.7633
37.167365
39.11925
33.441267
27.992857
38.808107
23.269037
29.695091
32.582186
32.106748
32.913357
41.999958
40.952486
42.135186
38.269298
29.607826
32.429195
31.937943
32.778075
41.915824
40.4224
41.703733
37.637121
20.737974
36.233013
36.14701
33.898415
34.023754
37.841444
37.008781
39.179667
37.943756
40.996787
39.408505
38.193884
38.175469
41.159664
37.340519
37.077058
39.636588
36.583843
42.230299
38.321473
46.291134
35.909722
36.022273
33.702609
33.898042
37.413926
36.865237
38.62767
37.689608
40.406866
39.173905
37.835239
38.107219
40.717633
36.997606
36.793584
39.631489
36.454194
42.245966
38.252743
46.292907
49.489135
51.280863
26.284581
48.230277
47.232353
43.425148
47.320942
35.227895
34.242144
42.076056
43.800075
36.366205
37.417297
52.218322
49.497962
45.203369
44.862025
50.807445
47.281235
45.602478
45.976636
48.865832
47.30319
23.759352
47.973446
48.055753
43.397234
47.098014
34.88998
33.871915
41.907601
43.54303
36.041944
37.126035
34.33995
30.223248
30.851755
52.048707
49.362344
45.053046
44.714922
50.643912
47.210971
45.446957
45.817314
49.490991
51.089601
26.195133
48.243956
47.26869
48.759396
47.180944
23.708693
47.890361
47.977319
34.383144
30.246707
21.411685
37.718074
33.431658
29.274694
21.997919
37.972759
34.356562
30.258104
21.437904
37.721993
33.413482
29.368465
22.000258
37.987865
38.466623
49.919539
50.382648
38.106852
48.109263
49.479712
36.27364
37.139089
32.16678
40.865843
32.782563
44.041195
27.18253
34.753772
33.809659
33.027635
34.874996
33.798765
35.748913
38.511193
38.263831
37.512179
38.718178
38.84711
32.671136
38.765083
38.096218
36.46997
36.865437
39.56894
40.016468
42.741791
41.882448
42.128522
42.000447
41.655495
41.288729
44.815537
44.367074
43.488901
49.46593
40.005384
45.33402
46.023996
44.697763
49.10109
44.020286
44.752941
44.835132
47.179877
43.62702
44.844242
42.530718
43.097265
43.227857
45.020802
24.252018
44.619538
44.035049
42.310239
42.777265
42.191483
35.636237
38.480041
38.227717
37.427851
38.689821
38.815807
32.48706
38.666849
38.016399
36.368084
36.561415
39.458466
39.878466
32.940186
24.644901
32.981208
34.09222
33.725499
33.736359
42.683881
41.779594
42.037921
41.932578
41.546143
41.16652
44.710176
44.221019
43.361481
49.332898
39.968504
45.189609
45.867608
38.845254
49.8646
50.409648
38.443113
48.054928
49.530802
36.509099
37.43015
31.8363
41.199003
32.589041
44.280785
27.235256
34.957434
33.609432
32.445903
35.283438
33.170731
44.89777
49.230572
44.053092
44.940584
44.964633
47.279754
43.655001
44.990843
42.663985
43.297405
43.278195
45.082656
24.274607
44.726881
44.143527
42.330769
42.799157
42.243416
26.367897
34.996723
18.666717
17.260854
25.644297
35.232372
18.721454
32.827912
24.874847
26.263795
35.050247
31.933055
25.425734
25.518777
35.266035
18.719445
17.500921
32.820149
24.868804
39.711184
53.282535
58.002552
40.814319
51.894287
50.177221
52.911321
54.385147
44.860314
52.79006
50.169105
45.428281
52.417596
51.134153
52.378249
52.237197
40.092956
53.281207
58.002223
41.197508
52.00063
50.315966
52.990352
54.380625
45.027337
53.060531
50.263853
45.579552
52.125707
51.030361
51.902156
51.167685
22.516195
23.044904
22.762156
23.606532
23.022486
28.217977
23.860545
26.965851
22.470525
23.046438
22.722676
23.585846
22.997572
29.393427
23.752421
27.864574
27.554225
31.684221
25.169852
28.049055
38.9938
40.868761
31.265583
41.033983
27.45993
31.559669
25.049
28.065394
39.707089
40.51073
32.505561
40.909339
50.651202
49.627303
42.99549
43.645092
47.427612
45.001455
44.495165
48.537637
38.821157
46.0925
42.690015
46.091849
50.665164
49.566689
42.913031
43.829813
47.396228
45.232231
44.445727
48.554964
38.738526
46.077102
42.580832
46.073846
31.236114
24.337134
31.33582
16.114925
24.393002
32.598731
32.571887
21.476104
20.089295
20.180376
24.098644
21.14891
23.828916
22.96589
24.707461
23.969819
29.149048
26.850339
31.37648
21.275677
19.858311
19.944672
23.982123
20.928258
23.581798
22.4823
24.579992
23.733555
28.863867
26.924896
31.554478
21.84454
22.421181
26.703255
26.092364
33.353894
35.396882
14.530914
31.388801
33.947269
31.332984
19.864614
32.522422
26.729592
19.147626
23.942627
19.739364
24.49478
31.981859
33.891261
32.439413
9.8520569
10.672096
13.354828
24.565896
12.384758
18.517765
21.94759
22.526079
26.701987
26.117185
14.515678
31.330676
33.899426
31.43128
19.987379
32.535821
26.358473
18.124728
33.817705
27.643675
29.441908
12.31911
31.12087
33.522014
9.3387742
10.469684
13.426727
24.624405
16.972278
12.141163
18.669341
29.938309
32.461466
31.53968
32.714331
42.055252
40.508245
42.12478
38.905663
29.818658
32.306625
31.414862
32.58367
41.781526
39.88234
41.728938
38.300811
35.85668
35.825012
34.301027
34.454635
38.363415
37.192549
39.520761
37.572626
38.754566
37.954507
40.558799
37.327188
36.98068
40.064043
36.791862
41.424493
42.055521
48.22444
35.566115
35.703208
34.086974
34.336344
37.915251
37.047796
38.989315
37.365817
42.504613
39.551329
38.431125
37.825193
40.160979
37.088715
36.69503
40.070545
36.621946
41.442502
28.35043
19.855124
33.25001
24.365308
24.154244
33.656045
28.593171
22.510429
20.593964
16.91144
28.840116
20.644284
33.254238
24.94357
24.718448
32.53738
27.504628
21.852819
19.533016
17.508809
28.364356
19.849933
33.241952
24.437407
28.612783
22.602951
20.600611
17.262589
28.871733
20.776728
33.279106
25.100421
27.582485
21.902267
19.549989
16.567648
40.791065
36.393253
40.925777
24.504638
11.825329
39.137706
40.0751
37.790119
15.092131
16.99161
36.031509
33.393658
33.398372
33.196601
22.150627
14.810467
28.063814
29.917647
25.95309
14.968079
17.274843
23.324291
40.740734
36.377647
40.901158
22.779011
11.738127
38.889192
40.054194
37.705886
15.158343
16.946988
35.954701
33.147667
33.486882
32.989812
22.966417
15.018964
27.958377
29.987839
25.601189
15.012884
17.275438
22.795734
12.696274
13.451494
27.344032
30.121648
12.665513
13.465066
27.330291
30.112879
46.898072
40.269763
43.853072
39.648586
46.976962
50.461706
43.149356
48.720077
46.320711
40.298831
43.247081
39.584207
46.982177
50.397418
43.198925
48.666522
23.020802
23.679904
23.908435
34.209616
22.901146
23.688668
24.226595
35.480178
64.959581
53.64804
27.18253
51.932666
50.406485
56.986729
49.115522
24.252018
45.325786
49.034475
65.03074
53.519133
27.235256
52.01931
50.336837
57.033829
49.164842
24.274607
45.309119
49.095448
35.660872
40.933694
40.8651
34.581168
41.115244
41.127668
15.149342
16.281577
29.545979
32.98505
16.125618
17.663889
26.6879
19.807699
32.124312
32.227983
32.797658
25.718632
31.66605
31.034749
14.45999
16.546649
18.233294
21.015403
14.220611
19.25313
12.394712
12.809775
35.634461
40.878268
40.81767
34.800159
41.043662
41.030705
15.178428
16.239914
29.516866
32.944422
16.28741
17.500151
26.661712
19.641469
32.363351
32.195981
32.697947
26.322618
31.695163
31.126977
14.520478
16.688117
17.419415
20.202339
14.277857
19.461853
12.238888
12.849613
32.43048
43.093861
39.655908
41.569114
39.542398
39.073206
46.815574
40.95493
39.33867
42.131047
48.188196
39.1146
46.801322
26.883164
15.756844
24.647893
23.543899
16.344161
22.54318
24.249538
33.661715
27.012374
15.76071
24.576033
24.928208
32.550072
22.503133
16.737043
21.653154
13.791879
34.375771
40.207719
26.568102
32.049582
21.7208
31.244711
35.262421
17.834408
33.765291
39.438098
27.573364
29.554231
11.786832
31.083686
33.588221
13.4682
34.416698
40.200321
26.640547
32.049467
21.536054
31.297538
35.271623
39.66254
35.394512
21.249809
39.926539
34.334841
20.657696
39.644093
35.399821
21.267759
39.930397
34.413807
20.672274
34.190864
39.226669
19.031631
55.61426
60.405627
12.296665
48.102984
41.342056
8.6286715
52.527567
42.534717
105.79741
90.787954
93.476331
34.214736
39.3081
60.620063
68.48103
54.916709
56.298083
47.107198
34.530059
106.91807
95.776109
94.737989
60.695187
68.692124
48.721983
47.245101
48.86734
47.344098
77.172715
76.122263
78.211482
77.292267
58.344271
58.556279
83.523928
84.189017
68.851339
95.652946
19.749362
66.779966
14.219485
43.875829
16.199025
26.24727
50.844627
52.204329
26.103755
43.682864
52.000224
20.414439
21.807731
21.835006
19.392414
32.346866
15.870588
31.263255
44.256862
14.089268
7.6515912
23.314728
25.057652
22.835877
35.583466
20.429013
18.907109
34.695697
15.383504
18.15425
23.617929
26.15109
24.079138
37.522048
38.866251
37.394616
73.871331
30.601141
20.223203
16.952253
9.3650636
89.544657
21.761813
71.230982
20.565706
21.498965
38.204171
40.678188
40.094123
37.784425
37.780563
38.453331
69.75116
80.8752
19.826234
85.14465
69.696999
20.905372
20.967621
40.048236
40.382118
40.400507
49.244555
59.92547
61.420874
39.998889
99.57798
19.67951
17.433521
20.698785
34.90721
33.854567
92.981968
20.034565
34.542596
87.935448
32.631721
33.161269
33.723911
88.53513
19.344306
19.010472
33.263438
18.940687
23.281538
13.56931
20.365078
47.463248
5.7338219
17.562798
45.72105
79.314324
11.609115
11.948766
13.34692
7.4845188
3.9210347
25.839759
28.910261
25.054672
66.91482
24.309547
23.825629
59.079175
10.960998
23.567873
26.821069
32.124913
27.695527
32.603341
36.395426
32.794917
76.865308
28.469868
18.86563
17.264537
79.688787
16.174248
73.481411
16.445639
35.359002
33.389309
33.382826
32.433465
35.615008
32.317959
68.806018
75.988782
17.135616
16.912886
16.857698
78.496462
69.394788
16.538529
16.329023
34.826118
33.404199
32.939014
80.98626
79.669407
80.214555
80.836675
82.166412
80.58471
90.387109
19.748433
19.293995
38.268175
33.671866
32.387361
84.301708
33.287826
80.012526
17.557858
17.900685
32.114426
32.04817
32.263273
80.579981
17.782516
32.031163
22.251806
21.554817
19.421791
33.281465
15.728018
14.727674
32.72777
16.298317
14.880744
23.952012
25.203487
23.634853
35.720284
14.25004
20.308444
19.255207
34.935241
14.487472
14.749133
16.959023
18.550932
37.471893
38.795584
37.347805
73.418152
30.585556
20.193887
16.955631
89.263125
70.804819
20.565262
21.488631
38.243005
40.719976
40.124285
37.726976
37.689793
38.393346
69.310367
80.497568
19.803528
20.450695
20.339932
84.804688
21.444538
21.452976
69.293531
20.884717
39.970052
40.340701
40.356725
48.737201
59.785745
61.33685
99.628145
19.68822
17.439383
39.947259
34.861573
33.820326
92.93623
19.379471
20.03203
34.497797
87.92759
18.88596
19.211454
32.598034
33.140068
33.695992
88.552495
33.235312
20.98943
23.422823
20.168143
58.241041
24.5572
22.728078
55.285809
10.522399
23.745773
22.824228
27.184959
29.914114
26.530466
70.613776
13.776209
27.199985
25.379023
68.591315
12.628051
23.939318
25.029018
32.228431
34.672745
31.61047
32.226891
35.905358
32.37216
76.235049
28.030543
78.910241
16.114567
16.165409
72.834206
16.79797
16.300001
35.153744
33.083542
33.047184
32.071013
35.16533
32.004709
68.161797
75.349793
17.061521
16.620976
16.885097
77.724833
16.21996
16.326405
68.730829
34.510871
33.311504
32.848717
79.748915
79.402321
80.221043
90.419063
15.965577
19.71854
38.195922
33.580518
32.338568
84.348992
18.461717
18.932617
33.216451
79.989661
32.062904
32.01319
32.231838
80.559781
18.084868
17.75907
32.001522
31.002406
9.6878959
17.529648
32.136666
39.703168
32.663824
39.094868
33.288513
40.108446
43.307281
39.007585
40.945974
43.328567
41.736076
15.973601
15.164425
13.538819
14.40751
16.180042
15.932173
13.483692
16.307072
13.46965
13.473984
16.241591
15.89219
13.483064
15.276985
13.351928
15.183456
13.350261
15.268485
13.353117
13.357083
14.548902
13.586842
16.219358
13.463035
14.314038
16.140084
13.449965
13.440812
13.349283
16.107803
13.438769
14.527617
22.826321
20.364991
15.274565
13.353946
14.470939
13.375091
13.379858
14.518955
23.1546
21.055961
22.77627
19.721404
15.341554
13.366067
14.460086
13.36595
13.372821
15.424747
14.472633
13.363054
22.802607
20.630639
22.801287
19.84357
15.433028
13.355109
13.365816
22.602192
22.611255
11.88998
14.621627
13.387956
13.384667
23.260545
14.428783
22.735604
22.606225
20.356356
22.611268
20.111454
22.632999
22.814289
20.325383
24.055113
21.393035
22.958612
24.121509
13.371113
22.711474
20.03154
22.833636
19.862276
15.339996
13.356726
22.723346
22.82752
15.428129
22.732084
19.594379
22.852695
20.837753
22.912772
24.583056
14.530818
22.774464
19.736502
22.756827
20.889961
22.72815
22.692432
14.44981
13.354482
22.712476
20.529399
22.66777
20.020989
15.364254
13.340546
13.340587
22.619499
22.610091
14.456232
13.361826
13.355825
22.69067
19.740664
22.751139
20.446582
24.563968
22.615158
14.571502
22.832082
20.713906
22.810559
20.058134
14.524446
13.359464
22.846068
20.116963
24.18136
21.600448
25.348269
25.273135
15.328879
13.321508
13.380704
22.945524
20.28307
14.386277
13.386617
13.38206
25.359236
25.243992
23.415643
21.557535
23.137984
20.62782
22.71506
22.681895
14.540922
14.692856
13.381904
15.714721
13.389657
13.408341
14.767404
22.697326
22.838254
14.621018
13.499642
14.76254
13.599334
14.900556
13.847244
15.868486
15.058849
14.622265
14.952964
12.854758
14.137689
16.067108
13.477786
11.858498
13.002692
23.457907
23.599639
15.438899
14.149044
41.863166
62.011623
12.239053
9.5872487
41.239667
11.924634
19.709461
31.764572
36.287601
31.470416
36.435235
19.612415
37.521235
17.850018
13.305948
13.389644
29.708535
31.725685
29.119124
26.837366
29.558093
27.051549
41.200492
39.096201
38.957849
89.379773
18.772769
18.340599
73.233353
17.810563
39.607775
38.267877
38.255515
81.742176
17.95159
17.968758
71.752178
41.548755
39.286567
39.401545
80.545046
19.539804
19.283308
70.112697
19.057279
41.261092
40.23776
40.173808
81.215259
70.34453
18.574569
18.455587
65.901026
13.220711
25.536909
31.698556
28.778525
32.125312
37.868944
32.610028
32.535708
41.495301
15.746843
83.537726
16.663491
29.914226
37.987483
38.533535
38.798861
31.433079
84.473759
17.519136
17.465803
30.454509
32.499904
86.054474
18.261759
31.836222
31.425237
85.556904
31.691375
13.383022
13.092644
13.451475
14.145951
16.147773
13.571284
13.589088
13.372373
14.151494
14.196303
13.290469
14.506361
13.351134
13.352283
15.157289
14.362888
13.350411
14.450816
13.381579
13.36795
11.778499
23.31657
21.547514
15.175756
13.368213
13.376073
22.837038
20.348179
14.491471
13.376251
13.384443
88.615045
103.07598
17.153719
16.627788
89.644575
15.108945
29.257326
28.866826
31.63911
29.170441
72.678575
23.69271
7.771319
76.316406
27.381186
14.895764
32.815244
33.541573
32.530267
32.374767
34.789214
32.243617
36.802248
39.047576
37.280581
68.228125
76.469108
74.210311
17.989282
18.32987
67.534942
18.590721
18.222895
41.216979
39.569474
38.996586
37.265364
36.558304
36.052533
75.570334
17.173057
17.439828
67.639826
17.704205
17.428148
35.336161
33.644876
34.176463
74.341912
67.430968
17.645735
17.92006
64.418318
110.67858
16.131388
21.978346
37.056684
44.719909
41.631599
28.436868
31.491722
28.472535
45.275765
56.163724
75.901014
16.10243
16.554037
16.059187
29.122652
31.196228
77.035909
17.451541
29.751651
41.833123
40.148865
40.8375
32.200598
78.214304
17.312571
17.208986
32.22028
31.410148
77.813138
32.202583
11.965683
25.481884
11.876926
25.430022
14.970926
14.181254
17.577686
13.357829
15.307269
17.190873
13.384443
13.492725
17.544848
13.354333
13.397608
15.199713
17.007383
13.275632
16.418436
13.276489
22.78501
21.883548
15.697738
13.258862
13.126674
11.714394
23.114335
13.520116
12.038348
25.298068
11.750838
11.889246
37.491478
12.659586
22.702226
38.871377
47.795425
43.771097
44.549869
44.401048
42.336737
43.374527
42.763025
42.049387
42.228676
41.811437
15.264925
16.048558
14.102716
15.735032
22.937222
20.256416
24.617145
23.262766
24.318472
22.617476
20.381877
22.611433
20.337554
22.622334
22.616873
22.718537
19.846485
22.825151
22.762764
22.776124
15.309917
17.597372
15.948179
17.255892
13.132451
15.429511
17.580768
13.278365
17.710343
13.300889
15.409474
17.168672
17.173719
13.303965
17.758096
13.293786
13.294663
22.511722
22.471763
22.520361
22.469568
13.071926
23.173727
14.626622
14.60028
15.208925
15.118404
17.057629
13.255909
14.101757
12.841945
22.407486
22.234361
22.419868
22.608458
11.696161
22.689499
22.627094
23.099503
22.891057
22.205778
16.559435
13.174829
13.151894
13.028198
13.704023
22.392775
22.524334
22.399609
22.28758
15.891675
13.151315
22.76145
22.223861
22.678089
22.862285
16.53496
13.158546
24.07446
21.299953
22.923143
20.372075
23.031392
24.612444
13.920847
14.206242
11.760022
12.975128
22.617813
20.357221
22.628886
20.097179
14.546057
13.361427
13.366918
22.715126
22.734793
25.333827
21.479964
24.738841
21.636383
24.582842
24.61255
22.441916
22.168472
22.437819
22.109448
15.754993
13.166174
13.158132
22.516159
22.574492
22.468394
22.169645
22.441088
22.576629
22.42944
22.42872
16.489261
13.181507
13.175628
16.570623
13.176584
15.774276
13.178849
13.167841
22.683379
22.681593
15.823722
11.67563
24.345185
22.639727
22.62109
16.507114
13.182603
13.194742
22.701634
22.756672
22.708327
22.04953
15.820211
13.176948
22.432891
22.446584
22.780025
22.239704
22.57065
22.511913
22.429079
22.43779
16.506667
13.193298
13.178706
22.505261
21.832959
22.57889
23.070721
16.521118
13.177353
22.494278
22.570497
22.770602
22.529793
22.569055
22.555233
15.717131
13.161988
13.157684
22.671886
22.585379
22.674972
21.936599
16.547062
13.16709
22.6109
20.003054
22.610996
22.611466
22.611473
22.710583
19.984555
15.333879
13.356305
13.35567
22.682678
22.727124
22.729535
20.794246
22.707051
19.730194
15.178329
22.81057
24.063308
22.70575
20.353591
22.619609
22.61806
22.564703
22.62042
22.643492
22.313034
22.851402
22.867388
16.62968
22.850552
22.383222
22.656843
22.457668
11.631343
22.749202
22.564167
23.13626
22.497825
21.806065
16.518418
13.164194
13.147384
22.444566
22.428599
22.847555
22.174467
22.623874
22.238047
22.61747
22.556926
15.863336
13.16885
13.196224
22.570726
22.491885
22.646355
22.244854
22.649309
22.769547
22.534488
22.620725
22.518884
22.374256
22.527396
22.54441
22.28724
22.640293
22.46188
22.866709
11.82574
22.676436
23.204405
16.543888
13.208817
13.198797
22.605317
22.099446
22.524512
22.513539
22.820899
20.046004
22.70795
19.979524
22.608884
22.613263
15.288291
13.370811
13.36774
22.605651
22.604451
13.106902
22.624847
22.648431
14.479154
13.358372
15.304717
13.368357
13.369655
22.838978
19.955758
22.821562
24.034199
15.909215
13.186794
22.796598
22.058227
15.923148
13.060842
13.183262
16.545182
13.193319
22.646205
22.80172
15.899888
13.146885
13.174544
15.904512
13.180395
22.746502
22.624792
22.785457
22.05634
16.560033
22.485746
22.605
22.470587
22.662029
22.474772
22.317075
22.468639
22.45181
13.162378
11.698133
24.058501
22.849795
22.831395
11.762146
13.058398
22.805413
22.513453
11.635244
24.614822
22.404494
22.434142
16.52582
22.388404
22.389336
14.075034
12.438155
11.953837
11.977024
15.806022
13.186142
22.499533
21.95911
22.575802
22.395183
16.603435
13.193729
13.196734
22.839855
15.802279
13.076828
13.194887
22.621381
20.264991
22.628422
20.04824
15.35902
13.355856
23.241065
23.154524
22.627903
20.473491
22.624528
20.090049
23.183341
23.042342
15.498612
13.386985
13.372047
23.359926
19.786818
22.943982
20.791779
22.636786
23.032847
20.478016
23.182059
21.715269
23.042717
23.177638
22.542704
22.064142
22.78614
22.339782
11.916124
11.958163
22.709338
15.762046
11.615635
22.832463
23.186506
22.667104
22.638382
22.335803
22.377309
22.377478
15.933751
13.188096
16.87703
13.188917
15.877189
13.178626
22.668847
22.658721
16.578301
13.156372
13.175597
15.926982
13.188598
22.488756
22.009378
22.571307
22.616148
15.87136
15.796519
13.20156
13.200394
16.685367
13.235681
12.923716
14.638142
22.670932
22.956522
16.483558
17.372775
13.277458
13.325531
15.148328
14.141209
15.920869
13.160985
22.752939
23.155743
17.109613
13.184553
13.143466
12.239604
12.93368
14.969588
41.559497
62.464466
12.755873
40.94905
20.340942
30.210768
35.464429
29.888372
36.208403
19.4755
37.395516
18.744126
12.218709
12.606008
28.131104
31.212152
27.479166
25.852131
29.344406
25.852554
41.174811
39.097404
38.957297
89.047232
18.713074
18.283163
72.98391
17.755485
39.546384
38.24651
38.240452
81.359316
17.905277
17.911141
71.457826
41.519786
39.289293
39.402474
80.144012
19.525464
19.256245
69.718927
19.042624
41.203743
40.208603
40.148504
80.828751
69.960944
18.544865
18.418011
66.367674
13.521277
15.373768
25.946084
32.085401
29.178745
30.692807
37.08859
31.241408
32.940728
41.919134
15.694943
83.330598
17.359651
29.849292
37.909013
38.513245
38.775347
31.388736
84.352631
17.479737
30.396712
32.470292
85.983002
18.228428
31.788724
31.378576
85.45681
17.832584
31.653459
15.341247
16.95468
17.020391
16.565718
15.208243
14.471733
17.555626
13.367902
14.655545
14.662897
17.411424
13.32557
13.339876
15.011213
16.43141
13.128988
15.140903
24.316517
23.5789
24.3013
23.648895
22.973649
16.988351
13.270655
13.353559
15.644006
14.94754
84.404354
97.91283
16.342572
17.813676
85.578623
15.497798
9.2785921
30.095497
17.09174
28.623209
31.34694
29.004184
80.683144
14.87609
15.17621
27.733955
28.738777
85.20506
15.014155
29.687196
28.896201
32.727037
34.811038
33.097823
36.773766
39.076926
37.260618
68.127662
76.072553
19.770058
19.286347
73.734755
17.983196
67.082162
41.196386
39.471884
38.923812
37.246248
36.53037
36.012927
74.981195
67.102054
17.257016
35.173374
33.585569
34.112512
73.823422
18.084506
66.948509
17.500687
63.383412
106.4536
36.762009
44.584464
41.356959
28.20186
31.09208
28.19079
45.159075
56.019024
75.645625
16.079756
16.514458
15.977951
28.991319
31.103174
76.807773
17.300892
29.641609
41.778394
40.035004
40.723361
32.145333
78.093143
17.274795
17.175462
32.155191
31.321713
77.686142
32.132512
14.795026
16.450618
30.799101
9.7759457
17.027083
31.930665
39.49931
32.609078
38.048227
32.805284
39.3596
43.106493
38.174814
40.360818
43.270167
41.225932
11.909619
18.187715
37.265815
12.669852
38.641403
47.528464
43.565959
44.662131
44.4789
42.4187
43.450325
42.891954
42.126422
42.301481
41.862895
14.903973
14.958639
14.809768
16.166646
15.397539
19.522801
21.215347
14.862711
15.102983
15.026944
21.190405
32.765272
33.815916
33.211292
15.038275
14.904196
15.590706
15.198165
15.213102
20.992603
21.1556
41.639555
44.685082
44.951756
14.889407
21.265881
14.798205
21.401262
14.929274
21.266523
32.911061
33.372726
33.597457
40.67683
44.734729
44.954154
31.867924
33.580108
50.308928
38.375726
40.310987
14.746982
44.299292
16.590997
47.359827
36.485896
47.696169
54.044291
19.5136
55.652533
42.381131
41.319461
60.045973
45.032136
45.949765
40.220269
42.729094
47.215247
15.689284
36.510893
35.452331
54.705677
53.679083
47.493235
52.424653
18.285153
55.265475
42.826674
33.283769
35.07946
50.69002
38.65902
41.292682
43.369663
59.729718
45.695626
16.649841
17.711003
18.752664
33.542706
85.132672
34.804775
88.455395
19.666258
19.718851
36.800123
35.360634
126.34104
22.598315
37.517337
36.417451
37.495097
111.0619
21.584011
38.026624
19.466212
21.841357
23.394866
29.938825
87.191294
30.468748
89.32162
17.699144
18.170368
30.492725
30.500616
109.24855
16.694348
19.539594
30.682
29.394133
30.618758
99.634868
29.776113
16.540073
17.569251
18.443902
33.466489
84.688667
34.762662
88.104625
19.638293
36.734507
35.32723
126.389
15.158493
20.245273
22.566785
37.530788
36.311892
37.439464
110.88238
37.982071
24.643651
29.438958
34.933697
29.529303
86.509354
17.601004
17.128606
29.924037
88.633522
29.921315
29.975931
110.0622
15.721261
15.337192
16.667934
19.115895
30.700526
28.938245
30.006037
99.544793
18.998154
29.111156
50.12013
53.024555
43.451221
41.544876
45.19648
37.440413
39.276315
36.588654
37.014316
38.692922
37.280066
40.133982
39.440517
18.139064
32.459278
18.506442
15.10873
14.841211
15.423204
15.165374
15.286253
23.983946
30.634063
15.672914
15.67373
15.337218
20.654642
54.596236
59.331617
48.706125
47.968703
51.669099
40.470381
42.486536
41.652641
43.093349
44.989448
42.439312
46.481346
45.813339
20.831319
37.921373
14.979266
24.795934
33.055448
33.052735
24.783648
33.052182
24.786716
24.627677
32.962275
32.970938
24.631236
21.41733
21.337347
20.80459
20.829349
49.939768
52.910643
43.338997
41.498545
45.115553
37.346076
39.184649
36.469491
37.004907
38.675798
37.17204
40.097044
39.407237
32.445193
18.504124
54.29855
59.193828
48.52889
47.853176
51.546622
40.409374
42.401674
41.456002
42.921061
44.825211
42.203982
46.356376
45.641311
37.768503
21.643088
36.927531
33.160713
35.781978
32.552109
34.919738
35.23479
33.570666
31.657656
33.993914
32.203198
34.603647
34.391092
43.744521
41.619441
42.322244
40.477508
40.701467
41.277824
38.002791
38.996576
38.636782
39.690148
39.867578
39.411107
37.133463
33.446752
36.049997
32.868548
35.251488
35.542001
33.970556
32.029442
34.390826
32.610667
34.975598
34.775745
43.766002
41.462809
42.409879
40.552785
40.834133
41.390593
38.103321
39.225993
38.759576
39.848403
40.038304
39.583672
29.859262
33.311507
32.470595
32.664142
34.39971
35.181708
29.956704
33.364398
32.549831
32.175012
34.196264
34.72577
53.285653
45.323051
30.462547
15.548349
23.933643
15.549592
30.465308
23.93003
30.651941
15.650309
24.111827
15.656106
32.869795
30.154201
31.408619
25.699463
15.499441
27.329056
36.992013
36.762444
35.241822
31.569841
30.618913
20.871665
21.146929
32.927792
24.550389
17.050757
12.975002
12.975187
13.132852
13.072926
58.1922
49.51335
33.058461
17.080331
24.786728
33.065063
24.787301
21.349051
33.258022
30.485825
31.783002
25.962181
15.689238
27.664788
32.811704
16.911956
24.60119
16.93809
20.913095
13.126138
11.91632
11.891274
13.049978
21.176662
21.155949
37.078534
36.976566
35.322184
31.736328
30.674378
53.09967
18.58631
45.182622
58.098042
20.295513
49.444393
28.710359
27.314487
37.066979
34.995948
52.123862
45.108076
52.887205
23.989819
30.579594
30.555718
15.579748
24.116849
30.620651
15.604043
30.627373
30.625088
24.116791
30.630407
30.621349
24.106554
30.628573
30.624766
24.111693
30.630305
30.565682
23.969294
30.560528
30.591618
23.987537
30.583105
15.62131
30.566572
23.98723
30.570944
24.065483
30.606257
30.607318
15.604607
30.606369
24.073276
30.608345
30.609559
24.082849
30.6055
15.597028
30.60262
24.079396
30.604259
23.964161
30.498969
30.498427
15.559764
30.497491
23.965591
30.497165
30.495982
23.951726
30.488359
23.921226
30.468061
15.550907
30.470373
30.469708
23.920953
30.467312
30.478403
15.55604
23.939437
30.475695
23.92268
30.459646
30.45837
15.561818
30.471506
23.925456
30.463157
30.470406
23.929586
30.468579
23.926898
30.456807
15.550093
30.463988
30.472812
23.930553
30.467852
30.481309
15.55661
23.955053
30.482988
15.558363
30.478397
23.957528
30.481508
23.881559
30.417307
30.412637
30.422624
23.893187
30.421693
30.419051
15.521893
23.891766
30.416569
15.523999
30.41748
23.891084
30.417631
23.85105
30.39669
15.514349
30.38911
30.434558
15.532412
23.908942
30.433369
30.406661
23.896605
30.423303
30.42495
23.857404
30.415199
30.417543
23.893728
30.421741
30.431566
23.896637
30.428801
23.909134
30.419135
15.532287
30.425395
15.529612
30.433816
23.913891
30.431301
30.428548
15.530171
23.913963
30.425235
15.528174
30.427908
23.915588
30.423432
23.939739
30.466812
15.548566
30.464551
30.467597
23.934203
30.462757
30.43703
15.539415
23.906234
30.454211
15.541903
30.468381
23.919296
30.463872
23.905199
30.427206
15.540752
30.435699
30.441737
23.909989
30.44001
30.44743
15.547993
23.912006
30.44469
30.44425
23.915138
30.444051
23.912779
30.435585
15.532338
30.431901
15.532336
30.438023
23.915239
30.432076
30.449699
23.904229
30.446761
30.445784
23.906824
30.450462
23.922717
30.47022
15.545434
30.466886
15.544633
30.462406
23.915752
30.460606
30.44799
15.546555
23.912926
30.452768
30.463041
23.910861
30.459368
23.85701
30.440899
15.549897
30.443413
15.551448
30.475792
23.92519
30.473853
15.560871
30.451185
23.91329
30.464985
23.935148
30.462249
15.543409
30.4839
30.504346
23.95806
30.501172
30.504038
23.961855
30.504458
15.567873
30.503793
23.964123
30.506067
23.896262
30.451776
30.444303
15.549487
30.440787
23.863058
30.428662
23.968
30.490753
30.499249
15.566714
30.511575
23.978165
30.504973
30.509308
23.969773
30.511311
15.575746
30.511819
23.973007
30.508954
31.030352
24.164049
30.980281
24.009326
30.672169
15.684204
30.642061
30.658473
24.145985
30.659259
30.701366
15.693175
24.070245
30.655033
24.000219
30.624918
30.586376
15.609918
30.494442
15.593284
23.915799
30.487919
15.58082
24.036336
30.631238
15.649609
30.659966
15.656988
30.707301
24.062059
30.687012
30.691919
15.689517
24.073233
30.679872
24.28926
30.941079
30.951324
15.843569
30.981179
24.318177
30.95878
30.708644
24.217753
30.711818
30.729656
24.176015
30.728051
23.999846
30.60405
30.601833
30.590256
24.011049
30.600754
30.577825
15.613835
23.978993
30.573061
30.5835
23.976932
30.579796
30.745812
24.072623
30.69038
30.709231
24.048945
30.686072
24.443248
32.726149
32.578335
32.61315
16.864674
24.434498
32.575109
16.885781
24.971045
33.120877
33.109652
17.111244
33.056415
24.97989
33.073808
33.048116
24.901701
33.040919
17.055205
33.032039
24.911483
33.019972
24.830087
33.104073
33.104406
17.119168
33.104635
24.842569
33.106753
33.074344
24.79928
33.081351
17.11938
33.093396
24.809511
33.083933
33.048214
24.814156
33.055975
17.076018
32.981757
24.772485
33.032067
60.896431
54.224354
63.075897
30.47188
15.555899
23.919703
30.465427
15.549346
30.441858
23.907275
30.458314
23.892212
30.44769
30.447454
30.451265
23.896894
30.449339
30.465687
15.56486
23.906634
30.463427
15.568054
30.460216
23.903959
30.464699
30.460273
23.874247
30.449747
30.480137
15.559223
23.925445
30.477236
15.560864
30.470554
23.922347
30.472161
32.948189
24.616097
32.971839
24.861116
33.11137
33.103184
17.082659
33.092304
24.850907
33.09438
33.071643
24.846179
33.081327
17.077369
33.091729
24.849397
33.087342
24.697561
33.006207
33.016598
17.09958
33.068026
17.115948
24.751112
33.0603
33.028617
24.719802
33.045761
32.919592
24.505525
32.919669
24.657254
32.961247
32.971624
17.056795
32.973465
24.652573
32.96879
32.966413
24.628115
32.970046
17.057549
32.985819
24.64318
32.984651
33.010045
24.675239
33.003372
17.060621
32.98226
24.664939
32.995363
24.63902
32.975971
32.976434
17.072396
32.977615
24.63651
32.980537
32.969158
24.62064
32.967127
17.058264
32.968465
24.629947
32.964725
23.901446
30.425717
15.522877
30.441643
30.434088
23.906562
30.450414
30.460975
23.87044
30.444023
15.538498
24.052387
30.544807
30.542248
30.498021
24.022371
30.522637
23.898773
30.438574
30.430452
30.419685
23.893099
30.421999
30.419224
15.537361
23.894822
30.424034
15.541535
30.417649
23.892348
30.41924
23.870177
30.428358
30.424177
24.687248
33.054419
33.04915
33.037696
24.678236
33.037263
33.046769
17.100604
24.68865
33.048773
17.10588
33.040165
24.680356
33.041629
24.662929
33.01755
17.062172
33.023317
33.01363
24.666364
33.024426
32.988392
17.053286
24.650191
32.997995
17.054684
33.01323
24.656418
33.009
24.705871
33.038403
17.075011
33.041402
17.079839
33.036086
24.70497
33.040181
33.013155
17.062992
24.691431
33.019474
33.035494
24.715524
33.03186
24.625246
32.998303
17.056358
32.985294
17.048576
32.945564
24.599119
32.96969
32.975889
17.054525
24.544436
32.948599
24.696129
33.035401
33.042702
17.096924
33.055202
24.708834
33.053564
33.051436
24.705795
33.056793
17.10237
33.058782
24.709762
33.06008
24.674167
33.03152
33.041058
17.098606
33.015339
24.673435
33.03548
32.99341
24.56257
32.968867
24.709654
33.070227
17.104208
33.061429
17.096645
33.054453
24.703204
33.056712
33.039985
17.09774
24.678017
33.042618
17.096718
33.046825
24.678766
33.041009
24.716283
33.092921
17.103703
33.084233
33.042277
24.693491
33.06049
33.019499
24.568898
32.980883
23.894794
30.418593
30.423868
30.424495
23.888023
30.420391
30.418617
15.527999
23.885167
30.416188
30.427332
23.89845
30.420475
23.910744
30.43492
30.428654
30.42415
23.917733
30.434894
30.392198
23.889657
30.403497
30.420355
23.899243
30.412613
23.916199
30.418893
15.526734
30.441425
30.438688
23.904072
30.4414
30.449184
23.91274
30.440597
30.43914
23.91255
30.437936
23.90856
30.430718
15.526621
30.428767
30.402884
23.843126
30.390198
24.710126
33.075223
33.100806
33.127466
24.731553
33.1143
33.134778
17.138037
24.741
33.136279
17.142405
33.133003
24.743404
33.138401
24.740599
33.097929
33.104215
33.091862
24.728016
33.100861
33.076816
24.623143
33.05038
24.684236
33.054781
33.053317
17.089845
33.061068
24.68706
33.060492
33.035463
24.673964
33.036152
17.097817
33.055942
24.674909
33.045052
24.697236
33.072988
33.073427
17.11471
33.078539
24.700229
33.076061
33.068276
24.618336
33.043191
24.711117
33.108124
33.120408
33.148305
24.731331
33.129036
33.145732
17.147952
24.755252
33.158792
17.15476
33.151841
24.751036
33.154763
33.144897
24.74805
33.137946
33.150325
17.146818
24.74914
33.149262
33.153359
24.759478
33.157882
24.681021
33.044664
33.062108
33.098972
24.706967
33.084816
33.108035
24.725546
33.113915
33.104768
24.71853
33.110495
24.747058
33.158113
33.144252
33.148828
24.754189
33.151563
33.171666
24.775975
33.161456
33.155582
24.775582
33.161834
23.91534
30.46921
15.547915
30.473932
30.453617
23.911416
30.466479
30.444421
23.859661
30.433774
23.896513
30.448066
15.554081
30.440241
30.462386
23.902034
30.449185
30.473439
23.935378
30.471664
15.559404
30.461888
23.923634
30.466353
23.93346
30.475237
15.548545
30.479802
15.551582
30.458159
23.913428
30.472663
30.443897
15.54385
23.89427
30.445774
23.936699
30.472607
30.480703
30.487091
23.944924
30.480615
30.474105
23.940334
30.480141
30.485572
23.939813
30.477703
24.738377
33.0685
17.094457
33.065634
33.056062
24.727606
33.064383
32.981914
24.67145
33.018532
33.051145
24.697967
33.041683
24.653059
32.990007
17.072488
33.019198
17.078803
33.041978
24.679419
33.035423
33.039843
24.689238
33.035698
33.041984
24.69275
33.033873
24.710728
33.09626
17.122469
33.105663
33.088473
24.704094
33.099863
33.099985
17.11445
24.703066
33.093041
33.08893
24.70975
33.094454
24.67121
33.022325
33.028766
33.003717
24.648111
33.022886
33.027732
17.090934
24.583065
33.011107
17.085875
24.543977
32.986312
17.066642
32.968721
17.060003
32.934593
24.521365
32.936604
24.638129
33.005982
17.087125
32.999382
17.088208
32.993724
24.6356
32.989582
33.021113
17.087062
24.661806
33.011035
32.995478
24.662638
33.002869
24.636262
32.978408
17.052848
32.999505
17.05785
33.009366
24.660874
33.00356
33.000962
24.583688
32.96584
33.030002
24.690819
33.042706
33.021403
24.670905
33.018718
17.083451
33.026124
24.691384
33.02631
23.916605
30.468038
15.563714
30.466319
30.462305
23.913435
30.464173
30.464052
23.909792
30.45952
15.55543
30.462967
23.914855
30.462138
23.907543
30.464001
15.564103
30.472862
15.575745
30.466362
23.910388
30.475882
30.482773
15.587804
23.920036
30.474664
23.959954
30.525976
30.526857
30.504333
23.944649
30.515857
30.502972
23.90527
30.50469
23.942463
30.481145
15.576582
30.480649
30.468969
23.931672
30.474973
30.47219
23.91696
30.47162
32.952573
24.556082
32.920947
32.987176
17.066252
24.659549
32.987501
17.06511
32.972058
24.65671
32.981786
24.62379
32.939593
32.963552
17.050631
32.998247
24.667858
32.981125
33.02712
24.705413
33.032409
17.071522
33.014028
24.699319
33.02847
24.640802
32.978926
32.976195
17.062188
32.965826
24.6286
32.983476
32.938658
24.529786
32.915834
24.706656
33.026945
17.077953
33.030375
17.077047
33.037567
24.711884
33.034963
33.030749
17.06618
24.710054
33.04228
17.078333
33.042132
24.718467
33.045287
24.683604
32.994373
17.067909
32.995278
32.997318
24.679865
32.99756
32.982176
17.061183
24.654783
32.99302
17.07002
33.002362
24.6672
33.005373
24.705933
33.000452
32.999814
32.987162
24.714267
32.996316
32.966352
24.59196
32.935505
24.826522
33.10704
33.101769
33.117761
24.832967
33.097296
33.074739
17.095267
24.794059
33.10335
17.088096
33.146101
24.835143
33.137382
24.65082
32.91979
32.944209
32.958712
24.67838
32.959725
32.950329
24.584641
32.929678
24.587577
32.79772
32.73675
16.95155
32.645517
24.602057
32.676074
32.683662
24.578198
32.681269
24.9407
33.138588
33.134682
33.057386
24.919164
33.08116
33.026146
17.080166
24.74692
33.048079
17.070629
33.058249
24.822671
33.060855
24.678204
33.038603
17.086778
33.01665
32.975279
24.645497
32.966594
24.778698
33.085521
33.032666
32.957701
24.776935
32.980023
32.935994
24.631149
32.934827
51.933757
45.155465
52.9224
60.46169
53.961606
62.744441
24.879026
22.372336
22.69904
20.0397
17.55611
20.051968
23.685623
22.31626
21.949161
16.876802
19.350807
20.005413
19.949715
19.941985
21.59827
21.352285
23.270336
22.500528
25.473578
23.900004
24.982239
23.370131
23.770015
24.465506
39.234325
38.038729
37.696308
39.068616
38.672381
39.252988
40.004078
26.647164
37.58103
37.791189
39.995296
39.314618
39.389293
40.214308
40.437648
36.291125
37.595928
36.226616
36.054062
37.82087
36.35741
32.997962
38.400166
33.805194
35.505629
38.191643
34.640266
36.492647
37.240785
37.032407
37.224163
38.015803
37.466905
39.556207
37.339992
39.245463
38.441234
37.289617
38.913338
27.938387
23.969691
24.525282
23.12798
21.27926
22.969533
25.006611
23.711151
23.496855
20.377881
22.016449
22.693149
24.712986
24.306561
26.67827
26.113614
28.654113
27.835303
30.723491
28.602939
30.250855
28.218635
29.246238
29.827394
36.476024
33.151184
33.020923
35.631262
33.284336
33.335329
31.9126
24.971027
31.21838
35.399316
32.334406
32.267035
34.79868
32.429975
32.75195
42.387411
38.410524
42.73104
38.67186
43.302576
43.092426
42.554541
40.141777
42.840323
43.176859
39.635314
43.026676
42.346252
38.311432
42.490393
38.461711
42.901212
42.719803
43.273748
38.981618
43.307566
43.092797
38.86742
43.216955
21.228806
18.348572
21.224064
24.986067
22.967293
23.379111
19.74228
17.682565
19.969353
23.629986
22.606246
22.060613
17.805869
20.684359
20.310179
21.284393
19.391179
21.387048
20.057329
21.852558
21.66383
23.67129
22.383483
23.335397
21.67482
22.378955
22.854795
39.16573
37.989584
37.659621
39.006725
38.606238
39.206725
40.10559
26.59566
37.599815
37.678972
39.93279
39.255202
39.29891
40.16382
40.389434
36.005975
37.48777
35.884789
37.696037
35.588188
35.958177
32.486659
38.149512
33.2646
34.999156
37.987624
34.089003
36.246917
37.165999
36.834248
37.158033
37.88207
37.297573
39.492222
37.307278
39.168324
38.328791
37.251702
38.825416
26.7546
26.628296
26.249747
28.848904
25.104111
25.842519
25.078634
25.250122
25.147569
25.258312
24.321699
23.555566
25.751492
25.01546
25.003515
27.27726
27.566868
27.890629
28.00211
29.057995
28.522041
31.35113
29.949163
30.679865
29.20538
29.550229
30.076472
36.049421
32.700339
32.59271
35.373161
32.821131
32.85309
31.486969
24.717862
30.866933
34.921379
32.130382
32.024223
34.484548
32.281034
32.610722
42.270655
38.362663
42.617281
38.61515
43.195087
42.980222
42.488212
40.084514
42.766053
43.075871
39.578737
42.940893
42.224634
38.24786
42.364258
38.388713
42.759645
42.585405
43.105771
38.855197
43.144264
42.946121
38.756036
43.061087
26.732434
25.352618
24.749333
30.116609
27.233137
27.995217
26.942256
25.237739
24.811229
29.619266
26.840771
27.484743
37.599184
38.640769
39.262347
38.835187
41.468581
40.054236
40.975336
45.957209
41.65132
18.94056
35.76026
33.25961
28.905127
31.318784
40.042382
41.119479
38.031922
40.614433
35.031811
34.015609
43.106781
36.257808
37.860022
40.828405
34.443127
40.202564
34.062023
38.085001
39.231035
43.155203
42.602699
42.273913
34.668751
36.581582
35.232776
13.377766
30.298603
29.926131
13.336993
13.276861
13.274215
30.596837
15.591059
24.085508
30.603705
15.59339
30.613851
24.088954
30.611534
24.111722
30.62352
15.602989
30.625029
15.605193
30.613307
24.103172
30.619522
30.626694
15.604414
24.122199
30.631696
15.60575
30.628819
24.118717
30.631068
30.629031
24.114816
30.628163
30.551385
23.974118
30.548429
30.544881
23.975437
30.549137
23.970231
30.554363
30.546043
30.537045
23.963231
30.534736
30.606358
24.087179
30.606113
30.605544
24.085647
30.600706
30.571519
15.600798
24.025405
30.589907
30.607576
24.04816
30.597263
30.498574
15.565787
23.959099
30.494207
30.491727
23.95989
30.487535
23.97196
30.493047
15.556469
30.49467
15.55706
30.474157
15.553817
23.935823
30.477964
15.556247
30.48078
23.936521
30.479
30.493174
15.556538
23.95719
30.489283
30.481836
23.947803
30.484542
30.456105
15.561315
23.917849
30.454517
30.449949
23.910137
30.448466
23.895912
30.442816
15.55142
30.444601
30.447408
23.888149
30.443508
30.451571
15.547035
23.919073
30.453672
30.448511
23.9189
30.453424
30.445921
15.554617
23.897916
30.445727
15.553888
30.449056
23.897792
30.449213
30.42876
15.538412
23.898147
30.427116
30.416394
23.902928
30.419971
23.911818
30.42556
15.528413
30.433237
15.537837
30.422562
23.910131
30.433772
13.311829
29.68219
29.308896
13.270065
13.335936
30.403158
15.52033
23.856014
30.401454
15.522717
30.419143
23.900797
30.414507
15.51875
30.405433
23.892028
30.414876
13.301146
29.681333
29.306475
13.263773
13.255022
13.288261
30.428787
23.908018
30.446185
15.535047
30.445206
23.923701
30.450537
23.913982
30.424384
15.528716
30.429213
15.52754
30.440628
23.920042
30.435269
30.434621
23.904615
30.434441
15.533453
30.416448
23.891988
30.427637
13.21307
13.212127
13.341881
13.337337
23.917394
30.446025
15.546923
30.450867
30.463364
23.918695
30.455713
30.425141
15.540962
23.906199
30.427084
30.429106
23.89895
30.425379
30.430145
23.890998
30.432285
30.428226
23.853455
30.421047
23.853566
30.420579
15.533339
30.413444
15.533177
13.300579
29.676147
29.275061
13.258091
13.295053
29.687665
29.288985
13.25087
30.46521
15.54522
23.928554
30.466412
30.457365
23.928473
30.463961
30.43205
15.53607
23.921186
30.440699
15.539553
30.448478
23.92366
30.443125
13.294634
13.266563
13.348061
13.228584
13.228079
13.233166
13.232082
13.235202
13.231259
13.228914
13.232027
13.27831
13.299693
30.463859
15.564087
23.911185
30.459006
15.562176
30.454399
23.89952
30.450403
23.910888
30.456098
15.557083
30.45571
15.557402
30.460018
23.909893
30.454632
30.48508
15.561768
23.938263
30.481174
15.562089
30.470066
23.928963
30.475749
30.459299
15.561983
23.91886
30.468311
30.459895
23.918948
30.460122
13.466073
13.494547
30.914767
15.840011
24.094633
30.923601
15.830311
24.070603
30.818738
30.793005
13.40654
13.38624
13.485314
13.45393
13.402645
13.400029
30.104984
29.616361
13.366986
30.705872
15.692419
24.11004
30.715762
13.425121
30.32765
29.499408
13.439958
13.381217
13.354178
29.977248
13.417501
30.339173
13.379427
13.347149
13.339719
30.577233
23.963994
30.58771
30.469781
23.775597
30.470315
30.556153
23.925053
30.513322
13.330314
13.33487
28.496403
25.380745
28.851189
33.884224
31.033017
30.992222
24.574471
27.392944
28.523412
35.717032
31.082343
31.238062
27.679179
18.156581
26.244625
31.257573
27.927651
28.458147
25.47892
18.807335
24.907091
29.878839
27.520273
27.19599
41.013614
38.632346
38.779726
40.1232
38.474664
38.336005
41.60535
39.683642
39.591036
41.426945
39.882282
39.98299
32.722514
32.513511
32.422057
32.018797
31.424912
32.025418
38.324639
33.884741
33.287096
21.451323
30.32607
28.447211
33.261122
34.521951
34.285271
37.270209
43.823622
37.529412
38.123953
35.768337
37.998985
37.85162
35.296615
37.912753
35.135899
32.544181
36.903242
37.80628
33.976845
37.614927
38.357307
36.805482
38.555697
39.236648
37.145758
38.896985
39.731892
37.391135
39.809102
39.595623
37.383404
39.76311
13.575896
30.931931
15.841236
24.226365
30.921506
15.826465
30.875333
24.190435
30.895435
24.200382
30.884209
15.784826
30.895095
15.76767
30.900375
24.174457
30.908836
30.628381
15.679847
24.013543
30.626905
15.677011
30.772698
24.163528
30.698469
30.895887
15.792472
24.236482
30.89359
15.775156
30.798757
24.21346
30.843539
30.605424
15.629713
23.99948
30.615024
15.635446
30.622
24.000141
30.622825
30.625688
23.999568
30.631769
30.665529
15.670959
23.974725
30.647986
30.633505
23.970152
30.627872
30.619542
23.991953
30.614945
30.634815
23.992143
30.625128
34.223757
32.98297
34.531401
32.383113
31.106637
31.773003
31.908786
32.118833
33.845895
31.750668
30.350948
29.769803
33.173984
22.726486
31.076732
33.821012
31.937309
32.166495
30.536563
21.062548
29.431903
34.573073
31.904917
32.049122
39.483975
37.972153
37.508282
40.994047
38.240605
38.694614
36.921689
35.258008
35.794463
35.570839
34.993627
34.441971
37.986458
41.587904
37.683013
41.139727
37.035248
37.43946
31.487524
29.588299
29.041673
28.019482
36.070628
34.070114
38.536783
43.44132
39.873188
46.690674
49.723287
17.438847
43.078482
41.008373
37.543733
40.781533
37.456523
40.390669
40.651499
36.663676
34.845498
38.674943
40.169185
36.63827
39.643807
41.151493
38.157469
41.420142
42.108251
38.33793
41.684073
43.215571
38.991754
43.04184
42.490041
38.91385
42.846003
13.052082
11.637925
29.702747
13.001381
24.709713
32.987508
17.024533
32.91586
16.992055
32.863633
24.740964
32.891626
33.054471
24.882792
33.053257
33.093912
24.802494
33.072661
33.010412
24.781112
33.050609
12.978403
12.983784
12.999755
13.019839
13.295618
45.438878
45.905764
46.961318
46.915734
50.023904
48.027926
46.730642
45.8571
47.649752
36.126518
37.776048
34.60043
20.952787
36.876024
45.561662
41.346367
43.212527
43.97887
43.962427
44.261736
43.6828
43.629597
43.210053
42.139821
44.031245
42.280017
44.081859
42.319059
42.330149
41.873154
41.469646
41.644852
43.132343
42.256498
42.218414
13.29453
13.290568
13.286119
13.292389
13.294241
13.294876
13.24332
13.260747
13.216143
13.220475
13.352001
30.446648
15.548389
23.857367
30.454223
15.554017
30.453465
23.877081
30.45807
13.295111
13.271838
13.265891
13.29933
30.447529
15.556547
23.898851
30.446418
15.558054
30.453933
23.897642
30.447154
23.92429
30.47137
15.565954
30.471972
30.458757
23.914102
30.462584
13.255628
13.291092
30.447852
15.558986
23.908318
30.456265
15.555267
30.470822
23.920279
30.460229
30.46622
23.926433
30.473903
30.476644
23.931672
30.478798
13.342642
13.030781
13.071777
12.919524
12.934326
33.026332
17.059453
24.800079
33.075578
33.112301
24.846085
33.104711
24.857549
33.121854
33.125241
17.084675
33.112037
24.858286
33.119711
33.11455
24.875693
33.112409
17.086228
33.117154
24.878269
33.112927
33.125364
24.860873
33.126896
17.09043
33.118528
24.869895
33.122632
33.004664
24.672422
33.008992
17.095011
33.007448
24.711058
33.011158
24.739157
33.053487
33.041256
17.098508
33.017451
24.71678
33.032275
33.072126
24.779995
33.071783
17.103295
33.065659
24.786824
33.062717
12.963833
13.026468
12.907863
12.913229
32.933773
24.583314
32.943771
17.03619
32.918751
24.57651
32.936227
24.500891
32.907675
32.878311
17.012317
13.097057
13.095407
13.003446
12.016984
11.830836
12.949106
32.951696
24.625315
32.955895
17.045399
32.922739
24.595508
32.94638
32.914848
24.526318
32.898497
17.026449
13.116051
13.024783
11.808609
11.602369
12.965412
32.966945
17.05543
24.643462
32.977041
17.064137
32.98116
24.657904
32.986153
24.637435
32.955039
17.054657
32.955378
17.053689
32.968224
24.651343
32.962416
32.980979
24.658433
32.9809
32.967842
17.061361
24.661076
32.977624
17.069992
32.982351
24.663491
32.98146
13.336126
13.338818
13.296958
29.658431
29.259903
13.262262
30.438673
23.906327
30.455078
13.201448
13.203156
13.334076
13.45036
13.254188
13.270793
30.539476
24.051682
30.542504
15.56254
30.538499
24.043889
30.544069
30.483643
23.96043
30.493642
15.545967
30.522803
23.981012
30.506103
30.441168
23.911114
30.443174
15.539741
30.451322
23.919026
30.449598
23.916206
30.43791
30.449028
15.542251
30.450665
23.915967
30.4522
13.297909
29.734524
29.34937
13.260761
13.234798
13.228331
30.423537
15.527719
23.859864
30.41195
15.528442
30.428737
23.870821
30.409233
15.528746
13.29284
29.703797
29.341682
13.254678
13.308915
29.676673
29.267974
13.269206
33.056421
24.692691
33.053082
17.103029
33.041756
24.680985
33.040422
24.684907
33.048223
33.055342
17.109085
33.05483
24.685198
33.053579
33.014741
24.65493
33.009888
17.059789
33.029931
24.660061
33.018036
33.040579
17.08935
24.660707
33.030541
17.077737
33.043357
24.666516
33.036849
33.041646
17.080851
24.712203
33.050937
17.092506
33.048696
24.716167
33.050484
33.043442
24.695087
33.035143
13.085949
13.01526
11.968096
11.754772
12.941691
33.001333
24.63614
32.991599
32.95141
24.597444
32.975253
32.991725
17.063791
24.554072
32.955751
13.08711
13.021016
12.027454
11.644798
12.946471
33.033374
24.673879
33.028908
17.094197
24.663299
33.037935
17.100013
33.03951
33.032361
24.668453
33.037899
12.956173
13.03748
33.031695
24.673874
33.033288
17.09399
33.039812
24.668339
33.032204
33.031292
24.665943
33.025704
17.084464
33.044447
24.666098
33.03701
33.08119
24.71606
33.084524
17.113528
33.063226
24.714237
33.075857
24.701923
33.074162
17.109273
33.078665
33.064217
24.704516
33.073807
12.954643
13.032755
33.088112
17.098793
24.731415
33.092868
17.102227
33.101031
24.732166
33.100022
33.075563
24.729433
33.085869
33.101406
24.731809
33.095778
30.412467
15.522409
23.894198
30.419617
30.415955
23.90281
30.425066
23.895596
30.413409
30.411753
30.427164
23.906468
30.42793
13.347826
30.429141
23.907494
30.42311
15.526817
30.43118
23.915486
30.431006
30.418607
23.904465
30.429773
15.534664
30.395018
15.516449
23.838643
30.397225
23.898884
30.426541
15.534274
30.422872
15.523735
30.39706
23.884175
30.412111
13.290629
29.636856
29.238919
13.254654
13.345135
13.255941
13.287583
30.423347
15.527639
23.90242
30.4233
30.41877
23.909532
30.42376
30.427303
15.532896
23.8967
30.427447
15.524355
30.419503
23.902734
30.424449
13.17683
33.112877
24.659002
33.096256
24.763968
33.123662
17.130671
33.125333
17.129245
33.117946
24.763532
33.120064
13.006723
13.087219
12.980464
13.066676
33.098184
17.120904
24.722885
33.103069
17.128749
33.073587
24.700016
33.094919
33.107635
17.125737
24.648539
33.08619
13.160177
13.084785
12.063084
11.712173
13.001609
33.061746
17.089769
24.693601
33.080326
17.103936
33.083141
24.698519
33.087715
24.710978
33.09002
33.087391
17.10158
33.086347
24.704757
33.08738
12.986785
13.067443
33.075016
17.115323
24.709269
33.077872
33.093005
24.718034
33.088196
33.094534
17.111205
24.726247
33.100313
33.088271
24.722519
33.093137
13.170749
33.113517
24.627708
33.085897
24.741867
33.143054
33.139795
17.14403
33.124785
24.736121
33.130841
13.003212
13.073906
33.153839
24.749808
33.154721
33.150365
24.742213
33.144708
33.146265
17.141024
24.749147
33.154528
33.15565
24.755689
33.152856
13.159552
24.729442
33.116903
33.108732
33.056572
24.701552
33.091076
12.929004
12.932671
13.160689
33.153468
17.156305
24.745818
33.143626
17.150013
33.132322
24.737683
33.130139
33.115509
17.126384
24.739471
33.126824
17.130521
13.2449
13.27751
30.458559
15.548413
23.890993
30.448193
15.549611
30.467656
23.891749
30.456041
23.881943
30.443797
30.440917
30.440407
15.551925
23.894234
30.433093
30.440515
23.894084
30.432669
30.454173
15.550137
23.898689
30.44288
30.447647
23.8845
30.442294
13.336843
13.326332
13.287209
30.473366
23.911313
30.476869
15.553284
30.48332
23.920163
30.488179
23.907778
30.468078
30.467555
15.547322
30.460936
23.865129
30.442612
30.466614
15.546712
23.915649
30.467137
15.549192
30.442974
23.904294
30.457741
13.341734
33.069092
17.094465
24.717738
33.064944
33.047943
24.71337
33.059194
24.670582
33.031402
17.093403
33.028434
17.089781
33.033288
24.670803
33.028713
33.007649
24.557165
32.979597
33.034731
17.092883
24.664395
33.032509
17.088776
33.02465
24.661359
33.029666
12.956383
13.013452
33.077781
17.111192
24.699888
33.079374
17.105426
33.096148
24.720358
33.091923
24.687134
33.06219
17.09849
33.070587
33.097042
24.691453
33.085608
13.033273
11.738944
29.508233
12.973149
33.005984
24.586001
32.998832
17.08469
33.05765
24.692726
33.053596
33.016649
24.6733
33.043308
13.052893
12.076491
11.725043
12.977732
13.024258
12.046976
11.766931
12.952024
12.957509
12.997278
32.997965
17.072026
24.646637
33.014982
33.018195
24.650718
33.019121
24.648253
33.009343
33.020147
33.020636
24.661576
33.030951
32.998533
24.642247
32.996406
32.994248
24.633246
32.988263
33.011845
24.644276
33.008477
33.006963
24.639542
33.00842
13.131239
12.970861
13.065056
12.884454
12.87235
12.922219
12.896203
33.062067
17.091525
24.73662
33.063913
17.092688
32.985785
24.666191
33.012744
17.068605
30.465686
15.561455
23.917231
30.464419
30.463864
23.915277
30.464495
23.921981
30.473454
30.471947
30.464506
23.91571
30.467779
30.470314
23.902033
30.476495
30.478649
23.907946
30.483562
30.468237
23.915137
30.464372
30.47015
23.906575
30.466147
13.279759
13.309834
30.512358
15.592088
23.946519
30.497266
15.589452
30.487009
23.95139
30.495934
23.91773
30.510492
15.589771
30.507763
15.590011
30.492397
23.912891
30.504405
30.48591
15.581805
23.950662
30.48647
30.480617
23.937961
30.48
30.509914
15.589568
23.911258
30.505362
30.482726
23.905029
30.495655
12.987808
13.061471
12.908096
12.912611
12.90676
12.901914
13.11483
32.90317
24.504433
32.904003
32.901272
17.023708
24.514466
32.90915
17.028874
12.948725
12.999612
13.009724
12.962832
12.947097
13.019762
32.989072
17.074543
24.628561
32.985104
32.976838
24.611855
32.981052
24.639352
32.981232
17.071908
32.969909
17.067482
32.967531
24.626026
32.962545
33.017773
17.075869
24.686719
33.01035
17.071764
33.002673
24.68628
33.006709
32.987547
17.071569
24.672002
32.992088
17.068445
32.999047
24.679423
32.994758
32.996567
17.068015
24.691735
32.999377
17.068031
33.009504
24.697499
33.005531
24.689074
32.993675
17.070259
32.996984
33.005561
24.68708
32.998587
32.995289
17.07671
24.672298
32.985446
17.071623
32.982005
24.662568
32.979822
32.990765
24.674686
32.993482
32.987768
24.669658
32.995114
13.258166
33.084977
17.100391
24.741296
33.041889
33.020783
24.709026
33.018901
24.640579
32.909627
32.96433
33.022411
24.657869
32.99997
12.996446
13.08899
32.943481
24.603316
32.922673
32.865608
24.437398
32.866626
32.940835
24.622192
32.9082
13.012778
13.092352
27.168481
25.816004
27.428301
33.176479
29.390744
29.342689
25.011202
26.228208
27.216167
34.923774
29.458557
29.585663
26.207746
18.230919
24.601937
30.826945
26.373229
26.878068
23.665417
17.324389
23.058398
29.586474
26.076663
25.856422
40.984547
38.622251
38.774946
40.070277
38.462254
38.32032
41.570779
39.678219
39.589562
41.379217
39.866522
39.96333
32.80216
32.931911
32.486307
32.468084
31.504734
32.100544
37.531122
32.776778
32.073618
21.756031
30.328532
28.264074
33.375693
35.052905
34.41231
37.794419
44.192536
37.81436
38.093365
35.733116
37.96761
37.813132
35.250111
37.870492
35.080756
32.45439
36.850328
37.77634
33.890648
37.56696
38.331958
36.786318
38.536363
39.216009
37.126428
38.870156
39.672679
37.365688
39.757231
39.556417
37.359574
39.718907
13.135298
11.581532
11.769273
13.073021
13.195611
24.660249
32.911515
17.002896
32.832972
13.247491
12.055909
11.847187
13.150166
13.279207
33.124994
17.116953
24.850396
33.124644
13.191548
11.883171
11.586682
13.121441
13.110163
13.153197
33.036389
17.070113
24.740533
33.045956
17.082926
32.983538
24.721887
33.033283
13.040832
13.039294
33.141673
24.838395
33.143571
33.096305
24.753709
33.03484
13.164184
13.258188
34.419742
33.861871
34.370041
32.260187
31.121787
31.92586
32.469842
31.850639
33.587579
31.464226
30.300399
29.629841
34.28642
33.45537
34.109227
33.032835
33.469769
33.828505
34.740581
33.588746
33.410837
32.074173
33.170447
32.789176
39.503686
37.948561
37.491101
40.982232
38.206178
38.64049
36.897708
35.21376
35.752744
35.407805
34.939788
34.39233
37.972546
41.706215
37.631458
41.255477
36.895172
37.363001
31.040578
29.326494
28.758535
28.182923
35.95025
33.880088
38.516789
43.607289
39.887519
46.833443
49.77891
17.464824
43.096821
40.883324
37.384865
40.655254
37.281565
40.242129
40.51121
36.497523
34.66464
38.491827
40.001501
36.455616
39.465103
41.025236
38.005683
41.28521
41.951786
38.183942
41.536646
43.043955
38.84231
42.86343
42.318472
38.763874
42.673862
37.506216
38.715447
39.328366
38.746188
41.518114
40.111362
40.991922
45.991018
41.649171
35.799477
33.296421
28.831025
17.793698
31.405234
40.064653
41.167776
38.068689
39.674832
34.281289
33.43544
42.81563
35.213574
36.809083
40.318862
33.845233
39.558436
33.817238
37.235493
38.493161
43.154789
42.332117
41.903388
35.007365
35.708738
34.417609
45.145095
45.714533
46.763325
46.604926
49.792642
47.816641
46.55654
45.724072
47.474966
21.427361
36.007671
37.631431
34.343625
36.701147
45.384818
41.22536
43.043164
43.832228
44.100335
44.396199
43.712579
43.791933
43.321974
42.158509
44.039444
42.295996
44.091809
42.333216
42.345977
41.975195
41.503385
41.699446
43.160527
42.288727
42.237746
13.87916
10.840542
13.222524
7.1357159
6.4218941
13.481743
11.758033
11.052358
13.714632
5.2915075
6.884863
31.895286
25.451768
17.237533
32.588344
24.367088
16.867682
24.326185
32.683686
33.223277
37.865211
35.41479
34.268178
39.972203
41.28492
54.64524
40.182044
46.088931
45.499173
35.235308
46.041929
45.284718
50.236177
32.969827
38.541329
36.110379
34.62198
40.631279
41.748395
54.642719
39.202938
45.900182
45.48109
34.682127
45.746243
44.290182
49.963913
11.411365
14.631726
18.179987
18.000995
15.12006
14.569452
15.476134
14.373488
15.308868
15.196945
18.043809
15.744937
17.995675
15.268659
15.779199
16.108372
16.089344
16.843326
16.444646
8.1309461
21.789259
18.189171
21.167827
11.121183
14.34041
17.905651
17.565557
14.969751
14.224621
15.295695
14.165152
15.070823
15.097756
17.810525
15.620525
17.711793
15.891844
15.85068
16.580371
12.208543
12.045456
14.292483
12.319365
12.2518
10.567472
14.903946
23.021826
18.543872
19.029403
23.475245
12.943187
12.994609
12.266279
12.246219
12.348331
14.390314
9.7086742
12.649703
10.483243
15.111155
13.212304
13.129682
41.518889
41.222929
41.833519
41.636998
42.001515
41.963646
41.58162
42.207418
42.165865
41.642987
42.033717
42.098794
41.274548
35.340716
41.452072
41.783307
36.488393
41.613987
40.357869
42.208723
42.173393
39.499594
41.958554
42.080154
39.936337
38.190632
39.132081
40.283247
39.910044
39.571156
41.851137
41.002084
40.73257
41.44191
40.181076
40.486889
41.926123
42.503488
41.727659
41.524503
42.342312
41.61122
42.480995
41.17905
41.332036
42.493211
41.489679
41.410674
41.451887
41.252127
41.852558
41.567279
42.008267
41.984079
41.420926
42.161686
42.139332
41.512218
42.037569
42.087317
40.863511
34.646111
41.165596
41.614824
35.820742
41.388622
40.042711
42.148557
42.086926
39.121031
41.815937
41.978029
39.882251
38.148579
39.093164
40.227079
39.878501
39.540023
41.766985
40.958
40.6945
41.372553
40.148692
40.448511
41.949964
42.48208
41.75358
41.531043
42.341196
41.630892
42.42313
41.141698
41.301567
42.429646
41.485423
41.391701
13.485863
13.391507
13.369628
29.609264
11.616685
13.294811
29.649616
29.266056
13.261866
13.015326
13.102262
13.117723
24.436985
31.61905
31.451514
31.255212
24.359414
31.365564
24.484411
31.671442
31.523583
32.612365
16.884149
24.387508
32.570499
16.886613
19.677192
17.93442
19.519225
17.834711
19.549144
19.273857
20.570507
22.292666
23.650257
41.19039
40.244721
41.586973
40.654427
42.060842
41.828321
42.51293
41.868712
42.683914
42.315136
41.556916
42.553763
42.154651
42.095082
40.861339
41.357751
35.553018
38.849555
31.33246
31.807644
28.102341
31.122856
28.992513
24.404683
23.243139
22.46494
23.440226
22.955462
25.149546
24.043901
27.783883
30.72071
32.985695
32.25481
32.176976
32.472369
32.209232
32.233002
32.45024
30.241154
31.590828
31.063767
31.975431
31.991938
31.617738
28.964885
30.218879
27.6331
29.004615
23.467929
25.463091
5.9178531
21.894964
15.422823
20.260138
24.61446
18.972958
19.576502
17.732696
19.298467
17.673113
19.107443
19.038611
21.732782
20.231715
23.247224
41.134384
40.199218
41.552949
40.627685
42.016142
41.795552
42.43417
41.796356
42.581827
42.263868
41.498639
42.48355
42.053901
42.000716
40.744179
41.261142
35.431746
38.749453
31.222473
31.759878
28.069804
30.902801
28.996327
24.260596
24.962205
24.978892
24.966895
25.758389
26.52439
25.198358
40.104273
29.526102
35.579519
32.006467
31.725988
32.155935
31.838054
32.086361
32.237785
30.202661
31.278578
31.030116
31.851677
31.64336
31.56434
28.828973
29.953121
27.385479
28.850529
23.020895
25.088616
8.7730504
21.56024
15.143392
19.875672
24.406289
18.078392
13.478942
21.519463
21.358332
25.459321
25.70287
13.589207
28.661514
30.09074
30.633984
30.932645
35.303996
33.069958
13.217328
26.941772
12.827504
29.634372
15.223163
36.519844
33.233245
14.15501
28.725449
30.044073
30.692719
30.876122
35.30412
33.100934
11.64975
12.989907
11.81372
18.297394
18.787065
23.374063
22.873607
12.924509
26.015059
12.020359
28.696637
14.429913
35.940966
32.335142
49.53785
41.497097
50.226745
51.90034
48.940511
41.486039
50.230035
51.816337
23.158663
20.850988
22.395113
25.563412
21.197095
26.653212
23.384405
20.581678
22.686167
25.25543
20.047202
26.251676
36.357617
39.175214
39.539556
35.212003
37.360484
38.936118
26.434085
37.640795
38.581272
25.68761
38.288449
38.523568
13.507751
21.579954
21.441801
25.732279
25.480527
36.296763
39.21779
39.486627
35.130748
37.327385
38.899501
26.907307
37.635599
38.697647
26.024957
37.911477
38.510334
22.962645
23.294961
23.572959
24.938807
23.377039
31.234375
26.334788
25.443483
22.838516
23.305536
23.548172
24.933712
23.484454
32.673273
26.12484
26.075877
31.592822
27.695324
83.138489
86.354304
86.297536
30.89899
27.081591
62.661125
55.526148
40.706292
51.14247
41.70316
83.755147
90.339821
87.748277
62.714624
55.25648
15.354782
32.309385
54.689035
56.367737
48.329512
15.638138
27.999322
26.805929
24.872508
27.300726
56.508969
55.249833
50.179896
41.066488
42.972006
30.279026
36.166723
16.200282
29.502101
29.412608
32.965141
31.811446
30.656125
31.612939
42.593139
36.499578
36.152152
38.221979
44.480495
38.453451
41.818944
46.952866
38.713866
39.655691
43.451457
41.191438
40.006273
41.882727
81.042949
75.234527
76.736514
80.264395
81.747827
79.107741
40.221068
42.106921
76.574749
79.449081
35.198045
16.392113
30.125198
29.488457
29.540135
30.364468
31.429319
42.534931
36.175752
35.936756
37.956495
43.56978
38.07806
47.175717
9.6313255
42.101874
38.715043
40.335925
45.130861
41.222612
39.3778
42.858003
80.190002
74.696047
76.457513
80.617498
81.008692
78.66228
77.289487
80.329494
61.55031
52.158861
24.373944
68.181879
40.597009
40.931778
36.163067
39.005854
33.02262
34.84999
34.502166
36.090843
34.027417
37.832086
34.098468
31.227808
35.31332
31.504052
13.558703
45.13151
73.485017
66.835977
43.042194
68.536335
40.216593
48.460159
41.054173
51.400931
71.831142
76.298145
68.938361
60.943369
73.239991
63.38611
25.464506
79.363272
21.95732
60.607582
51.248377
68.361489
33.340485
96.598646
88.24381
32.608855
93.084346
39.71615
41.080642
36.371531
38.455662
32.848813
34.282683
34.787938
35.5117
33.910798
37.097664
33.790208
30.955848
35.44062
31.439938
13.524407
44.520604
76.250637
73.455713
49.354913
73.355358
40.954422
52.539907
46.118557
58.468859
71.732096
75.086942
68.723476
61.786919
72.033194
64.181273
86.850931
98.034143
88.685438
32.285567
92.447202
28.87988
17.672329
16.987303
18.943874
18.626359
17.693527
22.650245
17.72508
17.672807
19.019899
19.920009
18.514854
9.2091581
19.210763
18.497891
21.549615
20.329563
19.605161
14.219485
18.630187
18.406597
20.052617
20.125707
19.366142
36.136027
31.221383
44.304828
36.044331
34.690658
37.093086
39.665086
37.635024
39.245125
40.935607
42.442513
42.13004
40.058983
38.90962
40.458444
19.873345
22.471951
19.387833
19.113584
21.804545
20.441703
17.845546
17.263028
17.747342
16.98406
17.984848
17.02664
16.955305
17.848879
16.88621
17.414573
17.746287
16.766256
17.84322
17.945138
16.470288
16.483101
17.53589
16.430105
17.077194
17.943494
17.020851
16.822652
18.161511
18.843848
20.873705
18.367588
17.052362
17.766306
17.426471
17.608041
17.995271
19.195413
19.136927
19.947574
21.400625
20.467935
20.377168
21.749531
20.475077
19.145152
21.535605
20.563048
32.851664
19.168266
18.661446
20.719622
18.355655
20.419202
19.868112
30.224541
15.978008
19.302151
21.498048
20.170222
22.26193
21.116328
20.605579
32.567822
33.431955
34.699079
37.905605
36.093834
37.48832
39.557581
40.384421
40.096829
38.291404
37.570984
38.642552
19.505362
22.40252
19.333454
20.321843
21.70109
20.137235
16.548421
17.285068
17.792205
17.931955
17.236484
17.693591
22.052592
25.659967
21.94139
21.987592
23.873431
20.959586
17.895522
19.049255
19.295521
19.286472
19.044264
19.214708
22.856455
25.127162
23.239743
19.837033
24.791553
22.241002
19.381249
19.909773
17.928909
16.377877
18.963391
17.90332
16.910097
17.200887
17.786874
17.854756
17.26458
17.725324
16.597637
17.993381
16.991978
17.953549
19.671366
18.543117
18.006156
19.687294
18.435633
18.065891
19.717024
17.954017
16.980875
17.873866
16.937079
17.96374
17.25643
17.712716
17.73065
17.93922
16.480738
19.358296
19.197443
19.359096
18.821506
19.801579
18.601248
19.379457
19.694721
17.974325
18.662198
19.089408
19.267955
18.593819
19.724225
18.549035
19.278063
19.76946
18.58987
19.309723
19.052393
19.204715
17.969812
17.852802
16.909693
17.037246
17.826073
16.889246
19.968145
22.252237
21.503248
17.75004
18.108026
18.054548
18.658689
19.224887
19.430128
18.697886
19.762105
18.590899
19.623175
19.094935
19.208351
18.55922
20.795417
20.945936
23.88
24.382209
21.267445
18.779326
24.56941
22.166576
17.770291
17.199815
17.652349
16.524029
17.957651
16.946809
18.130399
17.830567
16.224384
18.540421
19.553186
18.376138
19.948084
19.053251
18.730174
21.957547
19.825563
18.428166
18.571488
19.731015
18.495632
19.162656
19.483718
17.905142
20.984122
23.649225
19.993841
32.868901
19.334912
20.114036
20.362714
20.773714
25.249833
22.306517
21.928479
23.206272
21.457199
21.407545
25.96445
22.360158
30.162825
36.067109
34.705217
37.119194
39.691728
37.6274
39.284963
40.978442
42.387684
42.115558
40.09166
38.918985
40.474675
33.4269
32.570252
34.692121
37.908378
36.094144
37.485281
39.578538
40.426204
40.12252
38.288165
37.587085
38.651265
42.6633
42.098224
42.85856
13.570372
14.424228
14.435708
13.541944
19.088465
21.526896
18.327817
22.799799
19.749049
22.798716
20.308018
23.241373
13.085809
16.742248
17.97318
16.404149
22.811357
19.896629
22.798536
22.803526
22.792946
16.563189
18.769758
17.049222
17.202409
17.045184
17.754676
16.890444
19.00512
17.997461
17.778358
17.80523
16.371898
17.049011
17.728989
16.587654
16.551339
17.90097
17.037599
16.449401
18.066595
17.130054
22.94908
19.915436
27.697542
12.023804
21.643723
19.507451
20.466382
17.898887
20.858556
20.155399
17.663443
21.804712
20.093876
20.782647
18.918334
19.28722
18.577069
21.302205
18.451282
19.147581
21.640007
19.263131
16.098314
17.652194
17.922765
22.793128
20.167128
22.791353
19.952312
22.830962
22.821553
22.83129
14.62168
14.567424
20.685583
23.4534
22.38518
19.604028
21.487877
19.888491
22.826835
22.326432
40.650469
40.60523
40.905736
17.153822
17.721966
17.618228
18.783603
18.866242
17.820947
16.947167
17.717519
16.788048
18.951572
17.202903
17.553642
14.721253
14.752578
14.79815
15.375706
20.112089
23.131334
21.361724
20.34923
23.144777
21.341241
19.712659
18.564698
18.53581
19.364915
19.19469
19.344588
19.329734
19.115518
19.226425
17.850091
19.807415
18.54481
22.332243
17.861745
21.965868
18.770402
21.703439
19.423352
18.596388
18.092357
18.595312
17.599769
18.173139
18.841448
19.649571
18.594739
18.476386
19.280902
19.143887
19.314918
18.516425
21.5697
20.25879
18.560439
19.868135
19.087465
22.644515
21.964372
22.67177
19.657851
20.441945
18.490302
19.277513
19.110862
19.239036
20.377693
19.24509
18.68507
17.901812
19.142859
19.240831
17.830858
17.037395
16.878755
16.674807
17.225795
17.651296
18.957332
17.185004
17.491198
17.933049
17.259615
17.705781
19.812897
20.160027
18.628008
19.395385
19.063783
19.207828
20.462621
19.566676
18.398609
18.664664
19.649093
18.488523
19.210504
18.014175
19.345445
18.523562
19.820829
18.615353
19.260286
19.575643
18.105358
16.841909
17.872547
16.391472
22.827114
20.44897
22.729032
22.665093
22.67299
17.877225
21.16591
20.048519
19.171508
19.475149
17.967167
17.943803
19.449057
17.898321
22.750004
17.353434
17.694237
17.863782
17.168413
17.932086
16.989936
17.097347
18.178055
17.02494
21.001566
17.988902
17.610385
19.345349
19.410626
17.755759
12.034121
12.687348
22.776538
24.369384
20.647351
22.278946
22.680339
22.682512
20.085517
25.186849
21.863592
23.566785
21.623123
20.273132
20.476155
22.723262
20.921095
24.325049
20.582249
18.809668
18.407381
19.398433
18.947747
42.613457
42.155522
42.738051
40.682718
40.673093
40.951998
46.644762
44.145197
54.00967
51.395323
46.602078
44.140238
53.826495
51.103548
31.324019
16.404836
64.435681
41.507185
36.842954
33.9673
47.467959
11.581782
33.515791
15.197263
32.248328
15.313639
33.432314
32.113158
31.797989
34.550643
27.16684
15.884142
30.66787
23.995701
37.553914
40.951744
33.173324
33.056696
24.788442
31.893112
34.656429
27.425177
17.299559
15.939644
37.393626
40.799376
32.898436
24.055426
39.281987
39.857613
40.507509
11.552377
38.232315
38.600903
39.081885
12.189803
39.254844
39.883623
40.526136
22.450018
38.056278
38.53424
38.967031
48.27221
40.650445
13.345337
13.344323
30.624169
24.104614
13.49176
29.789389
13.482321
29.764859
13.360324
13.366044
29.130974
29.259129
24.132688
19.10021
19.184001
24.086734
23.594659
18.970502
24.01974
18.974756
56.841571
48.426883
13.277243
13.270828
13.263767
11.835728
11.832917
13.26743
13.281265
13.281185
13.136513
13.138342
24.320438
19.749239
19.570588
24.795073
17.189593
48.450329
40.819513
19.948939
56.575414
48.202726
50.03768
21.224403
46.436389
50.647266
34.244186
51.150252
61.226433
23.969285
30.555891
30.5597
30.476332
23.952995
30.484545
30.474377
23.929476
30.469874
30.4638
23.916638
30.464322
30.44978
23.900891
30.451366
30.688297
24.092213
30.680406
24.207534
30.681757
30.705987
30.715509
24.177206
30.701893
33.021722
24.71757
33.024716
30.414078
23.896982
30.4194
24.755568
33.150004
33.14386
24.702595
33.05492
33.052523
30.466384
23.910976
30.465482
30.471099
23.917548
30.468985
35.801849
36.686349
32.893165
32.368082
35.284207
34.853224
31.603319
31.795307
18.773404
11.895155
18.436131
11.35263
18.774523
18.468641
35.414052
21.402964
34.452678
33.803348
33.996852
34.289677
35.01699
36.021802
21.472365
36.524992
36.318519
36.487979
35.412436
19.987809
35.554063
36.073586
20.360616
35.887201
22.612244
21.980707
11.82802
21.400693
21.468835
28.312051
16.165073
28.441087
29.109552
28.804123
29.70761
30.225791
28.276906
16.270624
28.370775
28.764575
28.456889
30.069811
29.633182
28.961225
29.405683
44.255322
45.61074
42.663283
42.375581
43.567165
42.710494
41.091188
41.197568
18.214647
20.923972
21.11698
35.38122
21.388919
34.424592
33.777601
33.971643
34.230223
34.965902
35.989725
36.484174
20.945868
36.276247
36.451274
35.382454
19.971372
35.528335
36.037187
35.853344
26.389736
25.245836
25.704084
28.113159
28.197738
28.839143
28.532914
29.374567
18.606702
29.896235
28.1032
28.231461
16.384632
28.695858
28.348535
30.057619
16.855363
29.572345
28.888337
29.371882
35.364927
36.265359
33.592969
33.06662
34.800039
34.328476
32.297958
32.48924
43.718815
45.05784
41.626418
41.349618
43.018126
42.172907
40.035752
40.106423
33.629159
37.751001
35.895182
42.45377
42.800065
42.866521
25.553118
21.746265
21.426445
25.908754
26.016506
21.846471
25.974813
21.920896
13.450604
13.45537
30.621128
24.112039
30.624212
13.454435
13.464352
30.494423
23.971592
30.494607
13.361112
13.360097
13.359104
13.35326
13.346064
13.343554
13.363729
13.365941
13.343728
13.345785
13.335126
13.343539
13.344299
13.334684
13.346377
13.360556
13.348982
13.343928
24.162665
19.600669
19.624881
24.141232
13.345524
24.181134
19.63779
19.648219
24.173178
13.34805
13.345915
13.372005
13.363665
13.369083
13.374695
24.692432
19.820904
20.114928
24.285805
13.356364
13.351043
13.332262
13.33329
30.439686
23.896429
30.436439
13.354361
13.351437
13.351984
29.047013
29.057857
13.354325
13.340779
13.342526
24.269684
20.093604
19.818648
24.66344
24.268166
20.096199
24.661432
19.807809
13.334941
13.32897
13.338871
13.335115
24.297932
19.663976
19.767128
24.20014
13.351324
24.891681
20.443185
20.385935
24.926096
24.95911
20.47302
24.94805
20.488991
24.86853
20.428558
20.365776
24.904807
24.946843
20.464079
24.929281
20.484991
13.343212
13.34397
29.093841
29.134851
13.343177
13.340275
13.352943
13.353681
25.951817
21.810765
25.764452
21.490354
25.079329
21.372938
20.651888
25.551441
25.613379
21.258543
25.749307
21.618887
14.245584
25.15532
20.815407
25.253068
20.919032
25.625881
21.707426
21.51131
25.977933
26.046065
21.810043
26.055534
21.886299
25.504093
21.586476
21.312201
25.817162
25.390275
21.545919
25.744352
21.193297
24.047323
30.520078
30.565895
30.601789
24.061693
30.583562
13.431103
13.439829
29.500686
29.584254
25.699814
12.697862
25.712685
13.512304
26.277053
25.908913
24.553087
25.025109
14.101883
24.327985
24.228966
33.089276
32.990041
32.693352
17.819402
32.741285
33.336546
32.784611
32.55199
18.080885
32.648242
33.435632
18.205458
33.574559
34.112929
33.977775
35.106936
34.983526
34.479022
34.627157
25.986616
13.887905
26.673921
13.609119
13.685303
13.664636
13.506631
29.821113
29.546197
13.524515
13.537911
29.835672
29.785675
13.541302
14.28155
13.459838
13.554039
13.547045
24.007813
30.63256
30.631703
13.484914
13.456298
30.309971
15.664896
30.024129
30.714162
30.124748
28.349562
28.988145
15.418557
28.104189
28.386655
32.512483
32.826598
33.25792
32.94503
34.990295
19.434269
34.215662
33.430337
19.08809
33.844858
32.386655
17.808195
32.043152
31.515506
31.901654
30.299518
30.726409
31.350863
30.930428
30.876078
16.886259
31.771084
23.21958
18.653126
18.977395
23.650338
32.780115
24.609513
32.780317
32.838778
24.607986
32.816827
13.295821
11.637906
11.692292
13.269399
29.778714
29.786755
13.258642
13.259265
33.105504
24.842766
33.082617
33.042858
24.761088
33.059445
33.057094
24.835635
33.071142
23.857553
18.701901
23.300893
18.78288
24.032714
19.194212
23.519493
19.056944
13.321189
40.229674
44.689723
42.279676
40.944657
41.313761
41.113994
26.100388
22.018267
22.015334
26.0975
26.091832
22.011503
26.096634
22.013975
25.962486
21.609843
21.897662
25.853554
25.422161
21.58565
25.613844
21.014793
24.70957
19.840204
20.125977
24.286594
13.354616
24.385235
19.851404
19.868281
24.387117
13.333385
13.336062
13.343145
13.33922
13.339492
13.340954
13.350736
13.343869
13.353303
13.349617
13.349394
24.893807
19.871409
24.452394
19.927546
13.17624
13.184174
29.296618
29.3057
13.227538
13.212369
13.157909
13.160771
13.231639
13.209465
13.268244
13.273648
24.74359
19.602612
24.204208
19.848034
23.130277
18.596846
23.193667
18.315849
13.132634
13.127768
13.12952
13.13413
13.135321
22.885524
18.108242
22.874082
18.122591
13.162211
13.173674
13.151006
13.159283
13.13835
13.132897
13.133664
13.133701
32.981349
24.657104
32.984447
24.135561
19.617441
24.143239
19.605398
23.924417
30.477231
30.46918
24.662104
19.818018
20.098557
24.249566
13.339864
29.136823
29.138445
13.464218
25.293008
21.002817
25.086521
20.805596
13.458986
13.446385
13.366375
13.387093
13.35933
13.357643
13.351472
13.350248
13.353203
13.35398
24.358449
20.246438
24.796891
19.913753
24.941768
20.387015
24.889742
20.476538
24.289633
20.11735
19.829393
24.679044
24.270261
20.105192
24.672922
19.819556
13.159584
13.155586
13.166305
13.160561
13.149024
13.150065
13.127078
13.128112
13.125967
13.127023
13.129565
13.132136
13.129772
13.131762
24.686107
33.013885
33.026486
13.103125
22.787645
18.012897
22.79236
18.015329
13.10326
22.765786
17.979107
22.758731
17.954311
33.026139
24.670014
33.024583
13.166578
13.162424
29.28398
29.273995
13.133128
13.141036
13.140752
13.141269
13.143946
13.140555
13.145285
13.137698
13.169119
13.170993
13.149934
13.16187
13.151268
13.138142
13.33655
13.331371
13.334531
13.346839
13.345094
13.34364
13.342601
13.345682
13.350444
13.353612
13.350697
30.427361
23.907477
30.431503
13.351564
13.350074
29.059003
29.064147
13.350333
13.335289
24.11936
19.605489
19.597212
24.117501
13.341632
13.342271
13.337247
29.069148
29.093077
13.338349
13.350871
13.349598
13.347804
13.192468
13.181445
13.182709
13.209798
13.200526
13.182922
22.895747
18.114446
22.899436
18.075527
13.142962
13.148005
13.133191
13.131266
13.147638
13.138067
13.172233
13.169072
13.181953
13.181641
13.174725
13.187826
13.182767
13.185987
13.179407
13.176629
29.360905
29.35553
13.173216
13.180997
13.178324
13.18154
13.176545
13.174213
13.182866
13.165582
13.16294
13.165734
23.651087
18.447251
18.544894
23.106157
13.17729
13.181131
13.184556
33.133223
24.752564
33.12834
13.177026
13.178848
13.188854
13.189347
29.372196
29.369649
13.329638
13.327876
30.457883
23.895369
30.45281
13.318591
13.324745
13.328509
13.332515
29.037712
29.046116
13.342074
13.349233
13.346942
13.342633
13.337287
13.334865
13.340684
24.938714
20.30314
24.707404
20.797415
30.470611
23.926197
30.469549
13.329609
13.333382
13.327919
13.329528
29.037386
29.044315
13.344629
13.12369
13.11735
13.146018
13.155304
13.152617
13.152708
13.132985
13.141671
13.163704
13.150506
22.839481
18.010216
22.850569
18.03218
22.859049
18.028085
18.064372
22.85882
22.885449
18.166284
18.123246
22.996878
13.119601
13.126418
13.115194
13.118058
13.136283
13.135736
13.132874
13.135443
13.111958
13.114846
13.151465
23.839233
18.923104
18.864564
23.889187
23.852094
18.920194
23.89318
18.854809
13.15642
13.157472
33.06445
24.739765
33.065571
33.053279
24.701793
33.036744
13.353339
13.349592
13.346747
13.349509
13.370947
13.3641
13.357865
13.358163
13.367575
13.366219
29.056387
29.043395
13.350971
13.349291
13.367278
13.358186
13.366485
13.370305
13.333434
13.323713
13.376364
13.368393
13.362166
29.059802
29.050255
13.358082
13.378548
13.370944
13.350699
13.353384
13.153078
13.153463
23.992657
19.033956
19.038808
23.993447
23.933647
19.009256
23.972649
18.955313
13.140679
23.158226
18.431926
23.145461
18.330199
13.119713
13.114326
13.128534
13.129568
13.13891
13.132066
13.146187
13.150624
13.192867
13.187746
13.302882
13.123912
13.149659
13.886751
13.032674
24.927061
12.962431
24.76953
13.794502
25.226417
24.877077
22.461671
22.977262
12.579834
22.212166
22.30687
33.060989
32.955764
32.64385
17.766856
32.692419
33.280331
32.730381
32.493756
18.020606
32.596781
33.418497
18.164948
33.562931
34.109608
33.975812
35.086669
34.963419
34.466057
34.61348
25.312994
14.165096
26.233618
23.965272
18.837864
19.226042
23.847379
13.17826
19.706198
24.78587
24.347942
19.769752
13.367623
13.359972
13.326889
33.106928
24.885109
33.116302
32.994642
24.837785
33.036374
33.092459
24.875698
33.064629
24.015202
19.562843
19.093695
24.23164
24.482729
19.139018
23.738494
19.756474
13.223583
13.229869
33.122366
24.826822
33.141162
30.014016
15.70841
29.718857
17.239164
30.342606
29.815018
31.867783
31.616208
32.387622
32.455788
18.295945
32.779943
18.19428
33.205419
32.903529
34.830675
34.099747
33.356774
18.953894
33.752602
32.318344
17.749984
31.967564
31.431724
17.837845
31.817139
30.240992
17.291687
30.68068
31.265578
30.856124
30.626381
17.008876
31.57472
33.540821
37.832023
35.982616
42.490075
42.610252
42.708523
39.950344
44.48535
42.083468
40.984172
41.35405
41.143845
4.9299421
18.656643
23.78056
23.474368
13.662042
12.535826
15.34626
17.408898
15.220011
16.053431
12.10141
13.573787
13.262617
13.840544
12.977484
12.393394
14.464851
13.2306
14.192323
35.514152
38.056237
37.643773
37.140583
38.450323
38.846539
40.499929
41.505399
41.843506
41.182967
39.33869
40.818866
33.521115
36.047205
35.506571
35.522865
36.560913
37.036245
39.175409
39.545972
39.822471
39.265458
38.010744
38.967191
35.510084
38.08544
37.673708
37.150278
38.483093
38.873079
40.545088
41.514379
41.82319
41.185391
39.335705
40.839992
33.514058
36.042637
35.459282
35.535036
36.557114
37.039745
39.215816
39.562203
39.855801
39.286313
38.013435
38.971005
21.346436
25.189677
25.344929
20.737614
18.707037
23.693617
23.210852
18.653008
19.585579
24.118895
24.120547
19.585853
35.366602
37.052035
34.740119
36.47251
39.038315
37.440908
35.386039
37.053831
34.780214
36.292582
38.660621
37.050751
38.901318
40.136127
40.159265
39.792385
39.474513
40.093952
21.480152
25.356553
21.480484
25.329865
38.913027
40.154206
40.166269
39.509121
39.408943
39.963309
9.5411049
39.46533
20.611196
21.713955
14.608231
44.874417
51.018987
53.133895
54.481369
59.114931
63.629646
45.050899
50.806618
53.334564
54.120806
58.621105
62.868514
14.934101
9.1538001
5.9436601
13.793631
9.0714206
20.197201
14.946637
19.537666
10.359042
15.899399
15.022593
15.580777
17.530921
37.716333
38.890242
35.592159
20.152104
34.062446
34.2401
32.854624
18.756324
32.959268
19.221282
33.54902
33.448571
7.1577562
17.104357
5.7526424
16.518397
24.533828
11.592937
10.712823
24.110562
11.653634
6.0773951
21.694558
23.079516
10.073954
36.207603
35.693193
34.473907
32.652966
18.238346
32.875842
18.990195
32.105314
32.044285
32.124453
18.329419
32.080095
15.037589
13.770176
14.665945
11.680966
15.061812
15.875143
20.28754
19.759962
14.100284
14.534491
17.369956
18.154037
37.668951
38.91462
35.545677
20.142733
34.03163
19.197924
34.187206
32.828051
18.739293
32.932148
33.521723
19.464509
33.422678
18.995541
22.909497
23.708216
16.049094
8.6830918
23.166006
8.1812991
23.355207
14.28129
26.489632
13.914993
13.281115
25.72894
24.287085
12.446691
13.143496
24.655656
17.024632
36.13357
35.643154
34.411876
19.245284
32.601911
18.184967
32.801573
32.055146
32.002626
17.873902
32.087879
18.289316
32.051206
21.036043
8.7465227
16.748918
33.683321
38.702347
36.359805
27.58529
13.464326
13.485554
13.473684
13.47704
29.852279
29.836794
13.480543
13.354676
29.116596
29.10094
13.345038
13.3571
13.359978
13.46929
13.441003
13.409218
13.431225
13.359949
29.127965
29.123722
13.360489
13.378498
13.381648
29.127283
29.120948
13.367173
29.098238
29.117904
13.369344
13.368791
13.36343
13.362681
13.356135
29.085407
29.088823
13.363115
13.354464
13.362685
13.340174
13.347448
13.358219
13.351229
13.341917
13.342652
13.352778
13.36489
13.370229
13.377421
13.34826
13.391533
13.396596
13.403517
13.473728
14.139683
20.180998
11.897125
19.816548
12.443518
13.584956
14.509565
15.1183
25.561534
31.0658
32.596855
30.07647
29.806933
33.687797
34.150204
42.745813
36.478248
26.307806
28.623729
17.402553
31.193378
17.679997
31.078047
32.246124
32.091295
31.485246
17.544374
31.502285
18.369958
13.553133
13.348713
13.35599
13.344686
13.349529
13.380937
29.169467
29.181634
13.363805
13.364689
15.582617
29.496346
28.080129
9.3183121
13.916264
11.147476
14.886045
16.525868
8.9561236
39.890026
21.419431
44.199434
50.272626
45.594896
43.400697
46.451387
51.262028
62.616621
49.666057
26.494651
11.744035
28.371512
30.694168
30.317038
17.320001
32.211204
17.465974
32.256036
31.802279
31.926517
17.371051
13.381751
13.390551
11.761368
11.543134
13.399073
11.592308
29.99473
11.73911
11.763499
13.266031
13.256027
13.264485
25.465625
11.879422
21.745655
40.772752
47.840644
43.887036
34.3001
13.359052
13.233092
13.263899
13.287517
13.300584
13.30094
13.292855
13.291733
13.292966
13.162503
29.273231
29.293768
13.165085
13.363498
13.152487
13.179145
29.321706
29.32851
13.152866
13.192649
13.189711
13.18651
13.185502
13.161532
13.357054
13.358603
13.353122
13.226475
13.188732
13.200074
13.201943
13.366284
13.372791
13.193144
13.189191
13.165463
13.190867
13.165188
13.144751
13.166946
13.174713
13.161294
13.15017
13.152176
13.146448
29.346764
29.364503
13.20008
29.409549
29.41087
13.185075
11.612674
11.723031
13.35789
13.39452
13.183797
13.174614
13.199044
13.179755
13.164768
13.171487
13.201136
13.202102
13.238857
13.299304
13.206737
13.176625
20.969216
20.345168
9.8579354
12.062708
12.751639
13.873063
10.158073
25.769836
14.677569
31.458326
32.786713
30.13964
30.470746
34.148527
34.325382
42.893034
36.963246
26.227817
11.765203
28.552711
31.152961
31.032185
17.425371
32.204788
18.894452
32.055451
31.441316
31.457477
18.344636
13.342172
30.156717
11.561252
30.12398
30.121107
13.222697
13.204179
13.29388
29.739321
29.871464
29.825982
28.61796
28.525225
29.523584
29.134726
39.042288
21.231625
21.589773
44.087319
49.766254
44.899649
43.242526
46.318253
50.879405
62.489372
49.511109
26.347614
28.241542
30.596542
17.754153
30.209492
32.155462
32.19981
31.720547
17.755566
31.847258
17.341545
20.85921
8.943284
33.502709
17.795621
38.890896
36.169249
27.737084
25.28895
21.528883
40.534526
22.476762
47.424696
43.650172
34.006757
11.669376
17.140114
16.258173
17.438038
17.802224
16.803315
18.793114
21.123027
21.971941
34.10553
18.586284
34.582383
19.317
36.382591
35.657565
31.096817
36.233964
29.916681
37.871076
38.228845
21.990676
14.39133
20.505343
20.24306
21.255686
22.219259
20.97649
23.429099
26.057651
27.380182
30.415911
17.108006
30.435603
17.415586
30.578061
18.105158
30.475454
29.08029
34.977205
28.478829
30.374453
30.378767
18.804124
11.881516
17.098243
16.604142
18.160223
17.403238
17.433687
18.815051
20.713087
21.888498
34.058158
34.537417
19.289668
36.342375
20.100171
35.621634
19.692636
31.114921
36.212748
29.931477
37.803564
38.16922
21.975072
22.523368
24.919379
23.116099
26.988321
26.378733
24.068873
28.736402
43.379746
36.612748
29.843077
16.830908
29.929333
30.040754
29.941341
17.88915
29.155263
34.92251
27.928674
29.711659
29.654422
18.381349
28.262656
27.403782
25.237113
32.01817
36.450094
29.981006
34.217978
62.163825
70.636763
32.661305
31.770518
61.753858
70.348189
55.447484
20.432904
47.119436
52.533157
19.245705
44.316376
104.09691
36.973723
88.182808
104.4508
37.068897
88.461303
13.840098
39.495844
14.8988
42.148691
34.562403
11.949724
34.45585
11.940146
50.858579
50.885785
51.133487
18.181952
51.483565
32.226801
28.921128
38.394594
34.323757
32.468032
29.137513
38.155421
34.092488
38.395842
16.332368
45.753424
46.463695
54.661075
38.693766
16.436202
46.072574
46.143414
54.272683
13.417894
13.443068
37.031407
32.37906
34.92208
30.412464
63.672089
54.381903
62.859239
53.748373
19.609968
53.442659
53.491354
52.970826
19.492014
52.72122
19.491811
20.205553
54.726395
53.108476
53.250642
19.738472
53.96255
21.052231
57.073603
57.620299
55.435772
20.474788
53.590759
19.693228
19.451224
52.624646
52.599545
52.605709
19.439211
52.733458
19.517545
54.165344
53.747053
57.240634
21.081078
56.949517
57.237194
57.366039
53.847106
19.993365
56.421749
20.844618
54.184764
19.876581
53.549324
53.816055
19.963011
54.13856
19.964478
56.733515
19.866118
53.600764
53.790578
19.829851
54.200661
19.976258
21.313603
58.03998
57.129175
54.45429
20.07177
56.600704
20.893789
20.010346
54.224133
56.754556
58.715603
21.580074
57.321635
21.082743
57.136936
57.230904
57.055268
21.012381
57.288204
21.136213
21.272662
57.800469
57.210003
57.296261
21.145572
54.504224
20.228822
53.892293
56.778611
58.197636
21.405298
58.05444
57.387558
57.340306
54.079314
19.959322
53.737984
19.948158
53.940423
20.894698
56.670014
56.92332
21.023296
54.156604
20.109936
56.64308
20.077945
54.104164
56.93948
21.005159
57.408726
21.143657
20.927686
57.023458
58.409614
56.798946
20.915248
54.233166
20.129488
20.420911
55.485793
55.534509
53.841236
19.961613
56.639038
21.192642
57.500867
57.305737
58.380411
21.467674
58.121245
21.384221
19.652704
52.929244
53.568672
58.353931
21.471263
58.110737
21.400151
57.937699
58.174615
56.740537
20.784394
57.613903
54.72369
54.90497
55.345727
20.36178
53.686469
19.670139
48.019532
56.74573
20.853631
56.425559
20.879737
56.764513
56.319934
20.708875
56.936863
19.70637
53.567541
19.668657
53.114374
53.467771
19.678952
53.143969
54.633151
20.824974
56.397756
53.031274
53.712768
45.334344
53.49117
19.666662
20.850546
56.768578
20.856476
56.789692
55.28153
55.710016
20.509318
19.068957
84.456453
19.919519
83.891588
76.929553
17.187414
74.523655
17.015935
24.191169
74.312195
75.74968
68.03797
68.754154
18.242167
83.747811
100.30668
36.415226
25.357919
73.793549
74.054475
77.324475
28.256524
81.370778
21.012381
57.130159
57.412377
56.994604
20.96498
57.411293
21.106936
57.695467
56.985346
56.352731
20.845863
54.173861
21.327357
57.882541
57.831719
58.850107
21.574862
58.931787
21.64629
21.427652
58.339637
57.137204
57.658444
21.201187
57.063302
21.380659
76.014428
78.444581
73.808224
20.73613
75.009352
20.697879
23.024867
86.080221
87.244438
83.052938
21.803944
81.536855
99.228587
25.302018
98.516513
99.020262
98.190562
25.171172
90.12248
23.864826
89.452467
92.9792
24.377737
94.261567
77.217461
77.755088
77.140213
20.032916
77.532449
20.511931
79.260153
79.846983
78.441963
20.389286
78.366951
20.328511
92.800345
94.292018
89.343248
23.115269
88.53632
83.552461
82.549734
86.336913
22.158937
86.96415
22.349893
57.563397
57.208238
54.457368
20.081692
56.514251
21.26474
57.700716
57.941089
57.921549
21.322479
57.911695
21.312258
56.878209
58.029612
58.445796
21.440747
57.079886
57.92238
59.233507
57.435728
21.15075
57.311498
21.118484
80.38413
79.791909
82.487469
21.063076
83.33432
80.917153
79.515532
84.111139
21.44894
84.645446
21.292473
20.880818
80.276697
80.163984
80.126309
20.824306
79.822792
19.15287
74.862216
75.372721
76.089413
76.867419
19.670035
21.116904
82.580236
83.243567
81.340278
20.976803
81.176694
20.98014
80.790604
80.218475
81.57241
21.43355
81.565251
20.719508
80.705494
80.345168
80.80512
21.03768
80.507796
21.029576
20.529601
79.573584
79.673914
79.756627
20.915535
79.833831
20.914327
56.631238
54.27266
57.91337
21.293711
57.246748
21.063742
57.37152
57.818847
57.04234
21.008901
57.052839
21.058652
57.123979
57.159076
57.291751
21.110762
57.117608
21.048856
21.108177
57.420519
57.046508
54.456531
20.076506
56.748432
21.743669
84.695787
84.564132
83.391432
21.663608
83.105662
21.460549
20.98958
82.112232
81.731085
82.674803
21.220937
82.646212
81.015286
21.453586
81.148608
81.419355
80.834319
21.458284
81.036205
21.407827
81.343143
80.823757
20.74998
81.477241
81.091397
81.03796
81.362463
21.401527
81.186845
21.568986
81.588273
81.094407
81.09051
21.430311
81.026051
21.421816
81.66393
81.665088
82.227871
21.664029
81.922412
81.70489
81.887787
81.978913
21.656667
81.999531
21.673618
56.879266
58.93434
57.004236
20.967534
56.92499
19.831487
53.734598
54.301065
57.981391
21.329119
57.210797
21.038684
57.216921
57.906907
57.216655
21.069715
57.059463
56.633661
54.677838
57.092719
21.066431
57.070591
21.058561
81.213652
81.078838
82.234796
21.565973
82.516858
83.209767
83.806126
82.8812
21.249727
82.693099
21.216918
21.043017
80.738616
80.386251
80.731653
21.055641
80.422509
21.286375
82.899645
83.425361
80.715288
80.227014
20.741891
20.73248
79.798338
80.379852
78.569217
20.159157
78.635425
20.141747
79.348482
78.765781
80.06951
20.79242
79.577157
20.237825
78.837215
79.105239
79.195313
20.42296
79.405043
20.426024
19.901326
77.781768
77.545524
79.047222
20.389938
79.210487
19.938647
54.223501
54.929116
57.037175
20.960639
56.709199
20.844735
57.297775
56.955358
57.53277
21.196462
56.849329
21.092325
57.143293
56.648293
53.978067
20.023229
56.831447
20.887364
20.970929
56.908918
56.851703
56.999664
20.958818
57.428966
21.065621
81.893927
81.736715
80.46995
20.518641
79.510311
20.360649
20.85007
79.861167
80.833718
76.962551
20.190488
76.910331
94.587404
24.340546
95.601122
90.488361
88.886271
22.91946
81.892994
21.171928
81.799284
83.351934
21.572551
84.429025
79.926645
79.276306
80.040562
21.381421
79.867244
22.737951
87.619255
88.830306
82.944052
21.649357
81.346541
21.519206
96.25829
96.421638
95.467103
24.592191
95.356528
93.040931
91.911068
95.069658
25.016837
95.302442
25.047897
17.336877
79.421587
78.401487
77.075561
16.135051
75.860494
16.137552
19.513565
59.909769
59.322435
68.00512
17.515866
70.478239
83.426335
99.819128
36.433979
24.284096
66.804038
23.289294
64.051277
73.945691
27.497753
78.572416
29.099978
25.757595
29.250524
25.839088
35.376997
30.967637
35.09937
30.713026
13.841158
38.184381
13.871647
38.355965
37.594575
13.578761
37.461702
12.84134
35.400278
12.821904
35.401558
36.871733
37.216415
12.790631
35.232789
12.779567
35.245077
35.074756
12.735696
35.080947
12.824081
35.387784
12.857089
35.519811
35.181544
35.171139
12.67237
35.187708
35.151677
35.035649
35.003983
12.465046
34.734211
34.893195
34.642115
12.42016
34.663222
12.685784
35.013029
34.879007
36.214163
36.155453
13.044008
36.053941
35.900991
35.597045
12.952433
35.469267
13.252423
36.583974
13.333816
36.794787
36.536759
13.260673
36.486321
13.269683
36.564073
13.261491
36.618725
36.673848
36.64811
13.087243
36.049515
13.121149
36.12571
38.07245
13.814021
38.090475
13.298908
36.730427
13.303438
36.643722
36.245979
36.25962
13.261768
36.542743
36.611732
36.524675
36.735883
13.930602
38.465455
38.441499
38.672749
14.03509
38.515206
13.75167
38.01256
37.90304
38.195496
38.149077
13.938379
38.427114
38.726997
36.210334
13.105365
36.079307
13.966311
38.574081
38.577562
38.6452
38.645073
13.976983
38.599443
38.388909
38.380898
13.925604
38.49891
13.986508
38.611829
38.437565
39.084714
39.175057
13.287926
36.641725
36.545727
38.803174
14.081444
39.121648
14.013181
38.592026
13.998815
38.641141
39.131244
14.187833
38.8724
13.902791
38.346463
13.963152
38.515951
36.471141
36.51361
13.907003
38.305562
13.965429
38.484148
36.433364
13.237425
36.511523
13.96963
38.511029
13.912066
38.447517
39.510393
39.237579
13.966043
38.571945
38.797499
36.36035
36.343863
13.214417
36.409797
36.493113
38.4829
13.961064
38.572505
13.249955
36.573557
36.557284
38.495579
38.708816
14.052871
38.820485
38.574319
38.499298
13.936911
38.437884
13.919925
38.46602
13.891737
38.284093
36.467806
13.211196
36.473128
14.133798
39.084835
14.057481
38.867555
39.002537
38.797178
13.985892
38.541925
13.909274
38.44821
38.580798
13.99615
38.434148
13.315157
36.75798
13.390605
36.852159
36.682947
36.764707
13.917859
38.476806
38.393764
38.759465
38.860815
14.180843
39.179897
39.158695
39.214561
14.211949
39.162041
13.112815
36.157664
36.154494
35.854122
36.261651
14.130483
38.972232
39.069004
39.12873
14.16199
38.840011
14.204537
39.25567
14.265948
39.333258
38.28802
13.857779
38.062382
13.172168
36.392792
13.144462
36.228043
38.360525
38.484382
13.32699
36.75954
13.278737
36.634328
36.7664
13.326091
36.711625
13.716334
37.908798
13.753307
37.920395
36.211352
36.220883
13.517242
38.644772
34.846244
41.526886
35.671114
35.60607
12.344648
13.005398
36.622102
36.649909
35.252111
12.498135
35.358561
12.477952
13.000913
36.519592
36.431828
36.438236
36.451272
13.012997
13.031399
36.546589
36.581001
36.440249
13.011615
36.4447
13.018202
13.77987
38.052671
13.761882
38.025973
37.767707
13.699029
37.730782
13.651701
13.419762
37.285609
13.23049
36.876747
37.224424
37.212636
13.463355
12.655585
35.514546
12.666532
35.556305
35.45272
12.665613
35.46446
12.6605
12.334818
34.548992
12.361366
34.642586
35.575512
35.650463
12.684319
35.021016
32.618085
28.837187
28.957922
12.306831
34.627237
35.039886
33.869815
12.02443
28.732255
34.317805
36.937727
13.246286
36.960916
36.744875
13.130636
36.634809
12.622112
35.585007
12.687136
35.896451
35.746988
12.740077
35.891019
12.798929
12.668582
35.176865
12.673589
35.166158
35.162277
12.646532
35.144711
12.635187
12.605122
35.169911
12.591624
35.138272
35.112712
12.603556
35.128975
13.106843
36.659076
13.15605
36.813301
35.561505
12.714976
35.359342
12.645009
12.572382
35.121384
12.595672
35.159295
34.797921
12.431961
34.799096
18.249368
51.153312
43.782814
18.285304
51.269374
51.373725
18.284307
51.581806
20.013504
56.094303
19.91478
55.781128
54.170519
53.162002
13.025981
40.227041
12.611957
39.501868
43.058146
14.761994
44.252996
52.343543
19.083429
53.489248
48.658649
47.281157
11.601481
41.438176
11.750718
41.758213
40.706076
9.1879092
40.659008
8.9789517
42.505495
9.067998
42.705312
41.473245
41.09606
11.707567
38.600635
11.878238
38.569036
39.262921
8.8446919
39.539597
9.4069229
42.086981
9.3818637
42.386518
40.971482
40.675948
13.921018
38.484929
13.902668
38.34092
38.623387
14.00563
38.757375
14.162741
39.040041
14.147803
38.990407
38.952631
38.918763
38.30417
13.844913
38.190414
39.282506
39.324342
13.930699
38.438121
13.939789
38.479557
38.731388
14.074191
38.879856
14.010943
38.617141
13.928681
38.389357
38.548725
13.984785
38.575122
14.008164
38.593727
13.918259
38.340079
38.447159
38.474823
13.925562
38.363176
13.888357
38.354879
38.979706
14.111653
38.97128
13.245721
36.484767
13.241331
36.469812
38.351274
38.571105
38.579171
7.2649451
38.558053
38.388604
7.3931401
38.214931
36.582031
7.5285506
36.409109
37.26001
37.52057
7.4641193
38.354298
8.2153245
38.632868
37.587992
7.9938751
37.380644
36.189083
7.5889762
36.177238
36.634659
36.826378
7.7833923
43.01661
12.236418
42.707302
43.633426
43.737267
12.552983
42.795686
11.822714
42.496293
43.537088
12.321474
43.673878
39.526965
8.392527
39.316943
40.160214
40.332894
8.6521735
41.568796
11.67964
41.754614
41.080071
8.8241183
40.897021
38.061326
7.1419527
38.244266
37.371654
37.114997
6.924725
35.517693
6.6163227
35.350489
36.13978
6.7604549
36.370792
33.215938
6.2551608
33.098466
33.583937
33.70681
6.3152977
34.722871
6.5226304
34.872641
34.281379
6.402807
34.128739
33.360876
6.5468326
33.549802
32.8947
32.760309
6.4875989
32.432958
6.3615608
32.412274
32.541119
6.427236
32.566065
32.671526
6.231398
32.77853
32.419595
32.356108
6.2180805
32.293341
6.3095833
32.302899
32.252834
6.2524391
32.265937
39.02188
14.050368
38.828837
38.394711
38.494671
13.97878
38.365326
13.877216
38.202965
39.489488
14.307843
39.474389
39.484498
14.297
39.526581
38.803798
14.052056
38.612585
38.177298
13.854576
38.236219
38.54684
38.658613
13.992962
38.544028
13.987827
38.543609
38.718808
38.523272
13.943909
38.401498
14.005588
38.690703
36.40713
13.221925
36.433919
39.15092
14.219559
39.285362
38.893601
38.818015
14.081203
39.003691
14.09586
38.850704
39.1045
14.159425
39.11152
33.865616
6.4276099
33.918391
33.778822
33.773604
6.4212781
32.873639
6.3446745
32.675137
33.298679
6.3883707
33.417713
32.624213
6.0903626
32.7819
32.263676
32.150341
6.1731104
32.158498
6.3068563
32.254878
32.068017
6.2419698
32.043718
34.28572
6.5698037
34.105635
34.727872
34.842938
6.5512541
34.987331
6.3920038
34.975784
35.084387
6.4860825
35.068718
33.433774
6.0723386
33.271045
33.902502
34.057893
6.1102391
34.860524
6.309424
34.900841
34.614708
6.2005637
34.491545
34.037217
6.417727
33.974005
34.162431
34.176757
6.3791003
33.576298
6.3211239
33.392398
33.911704
6.3426333
34.013681
32.412118
6.2976004
32.341557
32.595832
32.658338
6.3123625
32.983196
6.312583
33.060217
32.805275
6.3109301
32.755017
34.986734
6.5980024
35.066924
34.835648
34.793794
6.5505378
34.306598
6.398972
34.275399
34.416798
6.482223
34.5217
32.378367
6.2802635
32.369854
32.873046
33.106592
6.2700059
34.26611
6.3774872
34.326088
33.853765
6.3072284
33.669257
38.596356
13.979606
38.536877
38.588232
38.596538
13.962936
38.448937
13.918714
38.476338
38.632438
14.00863
38.639825
38.444528
13.951375
38.533227
38.52289
13.936182
38.189474
38.318571
13.965425
38.607308
36.42252
36.325031
13.17409
36.38486
13.14615
36.313068
38.582644
38.840449
14.113023
38.641517
13.999423
38.585825
39.077224
14.190811
39.132689
39.156395
14.17266
39.137794
38.667502
38.601316
13.969258
38.541727
13.957971
38.56196
38.509796
13.967127
38.530052
34.784476
6.443159
34.775269
34.78815
34.819327
6.424558
34.988912
6.4344549
34.942384
34.981676
6.4276258
34.965379
33.757303
6.4172801
33.730027
33.934711
33.999156
6.4460618
34.622638
6.4438393
34.729281
34.29551
6.4527862
34.205522
35.215334
6.6641322
35.204305
35.105738
35.026854
6.6502391
34.43034
6.5404079
34.422316
34.604727
6.6016014
34.704059
33.874578
6.4121374
33.803306
34.153886
34.247951
6.4230807
34.522735
6.4949092
34.485235
34.526933
6.4491175
34.49009
34.816696
6.4534983
34.794911
34.745256
34.714022
6.4664128
34.825236
6.5003709
34.891848
34.707437
6.4825705
34.690922
35.583572
6.5031121
35.665613
35.312094
35.250532
6.5189408
35.135136
6.5113313
35.091074
35.176612
6.5220589
35.181549
6.4309058
34.298986
6.4305991
34.310232
34.176704
6.4349269
34.12391
6.4636848
34.237934
6.4681894
34.338945
34.047401
34.038402
6.4958228
35.708832
6.4970644
35.739275
35.487589
6.4939811
35.375316
6.4788405
34.704208
6.4770537
34.629509
34.922859
35.023539
14.195438
39.203996
14.185974
39.106184
38.790144
14.048853
38.736139
13.989263
38.640072
13.990972
38.64786
38.623723
38.595583
36.64
36.550081
38.390074
38.618567
38.663581
14.002317
38.678932
38.51001
13.967359
38.472154
39.45012
39.567067
38.175152
38.046852
38.499126
38.532879
38.386096
13.904562
38.314987
36.66817
36.661651
36.471301
36.637133
38.476526
38.412426
39.111577
14.162901
38.83528
33.278162
33.067588
33.738563
33.867858
33.996133
33.889853
34.09192
6.3437641
34.082722
34.634463
34.690384
34.362898
34.251314
33.627474
33.638828
33.939264
6.543592
33.96491
34.192438
34.242395
34.022593
34.000794
34.209999
34.257523
34.068363
6.4493968
34.03512
34.749788
34.759912
34.678449
34.654556
34.444073
34.393736
34.586039
6.5389508
34.599938
32.586161
32.68386
32.401169
32.412325
32.472771
32.461998
32.411224
6.2755461
32.392182
33.314607
33.354645
33.166799
33.113169
32.538095
6.301422
32.509856
32.753916
6.3113443
32.842922
33.325685
33.440546
32.998282
32.877774
32.085314
32.094499
32.482368
6.2363809
32.567959
33.4568
33.450191
33.34204
33.268838
32.353639
32.267273
32.755587
6.2115968
32.915799
38.135404
38.115459
38.296936
37.953765
37.876404
38.100282
36.308718
13.149162
36.242063
38.191064
13.820472
38.112574
38.254178
13.836269
38.205445
38.202165
38.234346
38.200338
38.277799
36.65541
36.921062
35.742121
35.842025
37.718616
37.718676
37.744482
13.644337
37.407844
38.030625
38.043572
38.042823
38.055179
37.88911
37.92294
38.038774
13.753633
38.086842
36.669025
6.8538374
36.686971
36.485942
6.7151683
36.379255
35.073047
6.4000532
34.836966
35.727853
35.919991
32.889064
6.256089
33.010326
32.732201
6.2044206
32.738195
33.922635
6.30783
34.149009
33.180801
33.002375
33.884666
6.4225441
33.79329
34.07717
6.4950458
34.105289
33.966454
6.5332752
33.934317
34.085029
34.108421
33.612934
6.3242392
33.429254
34.008976
6.426747
34.059071
33.956222
6.517293
33.913999
34.07574
34.078931
36.572426
6.9513298
36.633343
36.30857
7.0691216
36.183082
35.086729
7.2036087
35.026973
35.580107
35.755222
37.287996
37.464681
36.732618
36.503088
35.145635
7.2775388
35.088227
35.552257
7.4325005
35.762781
40.225659
40.139166
40.546766
40.662955
40.447616
40.279884
40.746462
11.568662
40.765965
38.084371
37.943938
38.671153
38.932889
39.737228
39.827332
39.548556
8.7270522
39.481513
43.462738
43.416186
43.912167
43.64975
56.53455
56.165241
54.701536
19.348574
45.706721
53.559285
18.999718
39.772867
38.982533
42.579504
14.614302
43.837827
52.453224
53.690819
48.559891
17.147387
47.066958
16.55971
40.063392
40.055124
40.223837
9.1023349
40.321604
41.499756
41.577839
40.90875
8.958471
40.724326
9.0003284
37.012885
37.472402
36.740443
8.5342435
36.827913
40.494588
40.955872
38.396968
8.8764522
37.907292
8.7253385
45.068781
45.016849
44.702723
44.665779
44.748319
46.457858
45.841318
45.226869
48.90249
48.433437
45.099559
47.049657
44.598851
44.584283
44.773229
44.610834
45.573992
45.611301
48.284744
48.500389
48.442906
48.382598
47.84737
45.71505
45.48401
45.716041
45.653364
45.665046
45.476729
47.90811
45.672609
45.280796
48.391899
49.095233
47.971935
45.846723
47.923304
45.673323
48.463776
49.744416
48.434124
48.470105
48.624773
48.303899
48.389951
48.947989
46.300904
48.612214
48.142107
45.725143
49.187304
49.249918
48.623916
48.555937
45.595816
45.576408
47.933481
45.806727
45.983641
48.298001
45.927013
48.04503
48.595891
48.280607
49.453472
48.229051
45.975756
47.937472
46.811392
46.765913
47.848484
45.729541
48.515754
48.792673
49.281163
49.487038
45.159276
44.946228
49.297563
49.495019
49.409229
49.007851
48.70664
47.956944
46.648223
46.495619
45.24165
47.005058
37.190003
32.391302
48.230677
47.932353
48.374248
47.835916
45.100373
45.101167
45.1007
44.982742
47.892775
46.390571
45.258999
45.019741
36.381133
31.677673
48.154924
48.155089
47.296724
46.910042
67.033507
66.929235
51.989069
55.353156
54.976738
52.296632
45.736648
45.442529
48.504132
42.166052
56.028807
56.871708
66.250895
62.170489
48.540109
48.406481
48.605913
48.245126
48.296732
48.902663
46.017158
47.840151
49.106044
49.163252
50.010211
49.746906
48.286161
49.368041
48.378986
48.853468
64.584821
62.987455
61.745583
61.012906
70.724616
69.761259
66.615108
67.702352
80.515113
81.148521
80.39087
81.074827
72.700049
73.287593
77.02674
75.879028
63.251366
62.793203
62.99523
62.701346
64.881837
64.3828
63.607027
63.676864
76.98849
75.717961
72.075956
72.765917
67.177751
67.996322
70.744899
70.222368
48.39508
48.704335
47.964675
45.902896
49.067138
48.938371
49.063903
49.066898
49.22115
48.25276
48.253514
49.498965
50.080774
49.098879
48.589562
48.664665
64.897061
65.375668
67.641097
67.03024
64.57892
65.673979
68.557765
68.157293
64.92079
65.015406
64.666706
64.901653
61.096618
60.688173
62.281672
61.622433
67.673447
67.167246
65.877282
66.085671
65.030975
65.430941
66.018717
66.003547
65.125707
65.433488
65.190918
65.434885
64.658862
64.563388
64.686377
64.630159
45.707461
48.004163
48.424082
49.024393
49.007232
48.564547
48.333431
48.329121
48.403769
48.48051
48.463823
48.602248
48.278668
48.590044
47.993914
45.912408
68.645914
68.724463
67.354426
67.614542
66.179853
66.469526
66.927145
66.924106
65.663646
65.546991
65.416346
65.851381
65.834224
65.660531
65.91473
65.480053
65.49656
65.506368
65.614893
65.743392
65.506589
65.883005
65.478192
65.510677
66.17058
66.163144
66.22858
66.466797
66.15738
66.019532
66.27614
66.258248
49.993256
48.282728
48.296896
48.22626
45.804425
45.314506
48.413546
49.170006
49.077089
48.525549
48.415007
48.42909
46.140957
47.910256
48.413696
48.446677
65.5678
65.687132
66.808119
66.557656
68.03143
67.547256
67.061829
67.236316
65.070119
65.344038
65.283163
65.445518
67.917117
67.509239
65.274375
65.705554
65.147654
64.674288
63.732736
63.696259
63.82745
64.323931
64.456725
64.821285
64.145562
63.957175
64.454396
64.267399
62.880332
63.073887
64.24231
64.086909
46.677331
45.716989
47.970689
48.261501
48.197958
48.658425
48.265849
48.879148
48.086796
48.514202
47.976985
45.861783
48.254123
48.303206
48.769217
48.245643
66.250873
66.362927
64.454106
65.211982
65.597829
64.867716
62.43546
62.496014
77.917769
77.050674
72.299653
73.615559
66.317031
66.402516
68.612009
67.699624
65.345137
65.9526
65.102518
65.498988
72.090391
71.089603
65.918363
67.217141
78.816909
78.793707
78.075299
78.211183
74.670375
75.630507
77.768027
77.499895
62.388962
61.934232
50.966967
53.304956
41.181911
40.616459
44.149436
43.033173
45.978782
39.821811
47.579784
50.975261
63.807959
59.315947
23.962046
27.082563
24.149556
27.322386
23.965017
24.195145
30.869542
35.270873
30.638361
35.012221
35.468669
35.17824
32.017102
31.955547
31.236633
31.347459
29.490429
29.56588
31.05093
30.823818
29.3536
29.396282
29.274851
29.284904
29.596357
29.542758
29.32309
29.367552
29.329569
29.322356
29.164042
29.224324
29.026539
28.956411
28.855786
28.857158
29.064266
29.182461
30.13211
30.178081
29.91272
30.092273
29.640608
29.725466
30.697396
30.529021
30.520283
30.566555
30.55897
30.596099
30.581357
30.606966
30.194649
30.129245
31.894095
31.876252
30.663429
30.653131
30.312747
30.221617
30.660405
30.517691
30.663074
30.597256
32.130205
32.157268
32.216607
32.433704
31.634084
31.722381
31.859068
31.990489
32.393461
32.22032
30.164907
30.186098
32.245432
32.242212
32.30597
32.306043
32.171968
32.256324
32.176531
32.15083
32.214214
32.281106
32.780753
32.789323
30.558364
30.560984
32.804988
32.530517
32.287641
32.32303
32.531784
32.733302
32.301691
32.159576
30.578032
30.541344
32.244859
32.092776
30.573948
30.514995
32.166733
32.302992
32.940406
33.173508
32.526859
32.260579
30.320773
30.414192
30.526988
30.454012
32.234839
32.26289
30.505333
30.51966
32.452724
32.271035
32.34264
32.472268
32.218814
32.194702
32.110525
32.172229
30.540873
30.447226
32.541857
32.71758
32.466602
32.723705
32.124381
32.310074
32.136334
32.337894
30.844765
30.691229
30.680693
30.616504
32.075164
32.141761
32.577175
32.493064
32.760087
32.778966
32.852344
32.889807
30.238607
30.243039
30.226529
29.976112
32.70169
32.677279
32.475595
32.728284
32.970468
32.82492
31.896639
31.985095
30.29179
30.342588
32.255318
32.045252
30.628674
30.73824
30.696388
30.744585
31.740972
31.639455
30.214425
30.278822
32.439095
29.17583
29.173011
30.344777
30.309217
29.644353
29.577816
30.250549
30.316905
30.319789
30.305718
30.602851
30.57374
30.314643
30.308668
31.655488
31.705068
31.46458
31.537195
30.756655
31.124697
31.085581
31.022497
29.594616
29.540253
29.484041
29.511262
28.873001
28.791001
29.654361
29.743273
23.599512
23.157666
28.954955
29.024314
28.404778
30.831377
30.850218
30.503892
30.600633
29.625494
29.854996
30.007639
29.922429
29.366091
29.3402
29.278648
29.311708
29.255569
29.270161
29.276301
29.282972
30.674729
30.584013
29.434746
29.604431
29.318937
29.258844
28.983629
28.937396
43.696884
43.970188
43.857377
46.930056
47.312204
45.286431
46.120607
32.213001
32.83235
36.300045
35.235425
44.757984
43.658743
39.087598
40.315929
35.01393
34.817093
34.34939
34.404979
34.274592
34.450858
34.384792
34.450864
31.274236
31.206121
31.628343
31.478627
33.430217
33.220247
32.333068
32.544247
32.098556
32.132418
32.365984
32.355071
32.64126
32.682682
32.489798
32.513991
32.038673
32.131178
33.024344
32.993834
32.140621
32.134381
32.528641
32.500034
32.127394
32.316331
32.286224
32.268781
32.123999
32.324888
32.247591
32.206179
32.095708
32.156135
32.598227
32.609262
30.501934
30.52602
32.228746
32.045804
31.648865
31.668944
31.355332
31.494567
29.9625
30.066562
30.779884
30.566476
32.234228
32.015834
31.115396
31.318383
29.909193
29.971648
30.596803
30.423528
35.575743
35.75292
36.137894
36.09856
35.129742
35.359406
36.024619
35.915008
32.776001
32.939133
33.51072
33.384442
34.501365
34.333758
33.835242
33.94306
31.380625
31.231355
30.488441
30.698975
29.018654
29.163991
29.884894
29.690275
27.156845
27.242114
27.638876
27.546019
28.617811
28.490656
28.018426
28.140868
27.464955
27.311674
26.846374
26.954578
26.604092
26.621083
26.716718
26.694901
26.918741
26.830267
26.556744
26.605508
26.507429
26.489329
26.479279
26.465596
32.428264
32.608089
32.238853
32.153537
32.003106
32.056353
33.085589
33.018111
33.049543
33.009514
32.370015
32.432992
31.929172
31.974471
32.314168
32.306433
32.276958
32.194362
32.158111
32.322198
32.299413
32.056485
30.44693
30.421504
32.882358
32.851739
32.526742
32.510556
32.550585
32.601659
32.704242
32.695979
27.819389
27.793954
27.716847
27.732311
26.865974
27.011129
27.460257
27.358732
26.850316
26.724153
26.366633
26.446825
26.528823
26.439347
26.294785
26.319611
27.898067
28.045437
28.471314
28.384577
28.603993
28.608842
28.637075
28.657403
27.237626
27.367578
27.86641
27.743041
28.548559
28.51511
28.218289
28.317346
27.873608
27.922087
28.018003
28.009673
27.413785
27.539548
27.869554
27.793151
26.587506
26.634333
26.83666
26.778749
27.162862
27.101566
26.922626
26.966779
28.76307
28.704276
28.55099
28.585988
28.107482
28.140424
28.336708
28.249901
26.591183
26.617754
27.179618
26.998497
28.12166
28.082839
27.640126
27.783765
32.292562
32.264342
32.259353
32.254188
32.139094
32.225811
32.382613
32.377142
32.18946
32.096883
31.977819
32.160971
32.245082
32.102537
30.361363
30.357107
30.314063
30.46211
32.573002
32.377135
32.358164
32.404008
32.712673
32.763821
32.722798
32.737554
32.282867
32.33346
32.248482
32.229056
32.299993
32.281092
28.551348
28.543249
28.562968
28.538787
28.678398
28.712752
28.682887
28.707012
27.763336
27.78263
27.960815
27.9137
28.518187
28.434317
28.114684
28.183424
28.888049
28.894316
28.769876
28.82475
28.302536
28.307503
28.526756
28.450119
27.824782
27.878684
28.17821
28.087977
28.358057
28.389103
28.372353
28.398221
28.576332
28.580829
28.509618
28.530602
28.649195
28.600593
28.500024
28.512256
29.265682
29.206905
28.961151
29.0103
28.799392
28.833406
28.891876
28.883224
28.203089
28.19956
28.081789
28.120019
28.25718
28.182068
28.022272
28.030757
29.31534
29.292273
29.039556
29.124979
28.47325
28.529941
28.772551
28.695389
32.80592
32.813264
32.410251
32.452088
32.324731
32.316213
32.355812
32.303222
30.492967
30.652545
32.282524
32.069454
32.351718
32.337362
32.234807
32.27248
33.168761
33.07155
31.867842
31.97076
32.281512
32.251874
32.08216
32.06424
30.585143
30.589471
30.637353
30.421277
32.166382
32.140352
32.543517
32.695562
27.108088
27.265847
27.747581
27.64444
27.762261
27.843357
27.910825
27.915737
28.484399
28.433599
28.125799
28.208014
27.569411
27.568238
27.890728
27.834064
28.138639
28.101588
27.966282
27.983466
28.159852
28.125392
27.991758
28.015366
28.543585
28.53498
28.423577
28.439827
28.242751
28.26511
28.392468
28.383906
26.798861
26.719596
26.593643
26.592452
26.643857
26.650246
26.592014
26.61165
27.280646
27.251173
27.102324
27.14183
26.692527
26.71475
26.924149
26.861534
27.463543
27.374001
27.007927
27.105676
26.399836
26.402119
26.762541
26.690628
27.349403
27.3568
27.249095
27.294234
26.532401
26.60177
27.005316
26.893704
31.935406
31.849386
31.785953
31.984083
31.789326
31.687919
30.304225
30.279701
31.91741
31.888945
31.994546
31.937827
31.908348
31.974324
31.970706
31.995241
30.723414
30.551716
29.796756
29.807665
31.513744
31.454134
31.184645
31.471337
31.857588
31.834351
31.824382
31.819186
31.642058
31.695356
31.761277
31.734416
30.121852
30.110626
29.888896
29.970054
28.630716
28.825226
29.519016
29.361141
27.146308
27.053715
26.953249
26.943888
28.059932
27.881369
27.181624
27.327639
27.735632
27.80611
27.971253
27.94933
27.770681
27.798823
27.944259
27.916055
27.456028
27.578542
27.86467
27.836518
27.741279
27.770337
27.868142
27.855001
30.068753
30.016081
29.693977
29.79571
28.900642
28.91677
29.356634
29.223345
31.197572
31.042469
30.387625
30.567066
29.026334
29.106303
29.748285
29.546257
33.465469
33.442473
33.515109
33.47243
33.355348
33.464808
33.582807
33.58146
31.619247
31.755978
32.478748
32.291817
33.043916
32.965566
32.747037
32.798431
37.861558
38.877188
47.240452
47.715319
46.637447
31.628382
32.279329
35.868435
34.75967
44.890294
43.744515
38.876661
40.203217
33.665369
33.749986
34.206584
34.111065
33.770315
34.013068
34.346416
34.345301
30.083066
29.722273
29.327399
29.294039
32.185213
31.632736
29.904926
30.223687
34.500355
34.505099
34.377408
34.396828
37.674174
37.309159
34.625686
36.153258
34.893066
34.947928
36.980971
37.096037
34.721002
34.956382
34.911019
34.869193
37.078911
37.642435
36.759011
35.165953
37.092837
37.083219
37.202251
36.975703
36.85087
34.990864
37.681291
37.757043
36.688388
35.044461
35.201136
36.957835
37.921737
36.928837
35.245431
36.756918
37.170947
37.350144
37.753167
37.926765
38.009543
37.67597
37.417146
36.794576
34.534887
34.621116
34.616403
34.603785
44.430168
41.809157
28.497834
31.182565
37.213154
37.113945
37.173781
36.919997
37.715312
37.715972
38.475593
38.293284
47.278085
47.928814
49.976944
49.355189
61.544722
62.141917
61.799982
62.386532
47.422295
47.155701
48.319663
47.799489
58.396825
57.439305
55.074937
55.517781
37.079928
37.330764
36.74544
35.200158
37.725553
36.939538
36.965908
37.952487
49.089845
49.500172
51.769451
51.126492
49.53932
49.63816
49.398732
49.522312
51.120386
50.653443
49.865998
49.844971
49.581783
49.965073
50.192401
50.338324
35.030637
36.727012
37.090116
37.576916
37.043893
37.088249
37.092105
37.191708
52.231111
52.383022
51.317025
51.553292
50.500686
50.933667
50.156949
50.92452
50.375681
50.427207
50.831644
51.010258
50.724964
50.73553
51.207275
51.606598
38.401469
36.968578
36.950108
36.939426
37.572156
37.110286
37.040834
37.08842
50.148251
50.181791
51.025868
50.866547
49.979409
50.460143
49.955639
50.418787
50.097415
49.672966
48.689023
48.659246
48.832084
48.664316
49.230361
49.032598
35.756282
35.066008
36.760135
36.981622
36.827139
37.159021
36.837503
35.088205
51.049439
51.135275
49.037248
49.841419
59.887332
59.147878
55.435232
56.413446
50.249679
51.465028
50.958289
51.454942
60.755412
60.770884
59.54354
59.893781
40.819926
38.131982
30.120438
31.201529
34.331029
35.67491
35.123224
34.626525
34.168051
34.219782
34.236029
34.141226
37.274284
37.106123
36.602796
35.007003
34.805979
36.741806
34.948797
34.718358
36.745551
34.981015
37.139986
38.108252
37.107762
37.500843
35.451141
37.224127
37.217413
37.176794
34.849232
34.883671
35.130613
36.761459
37.176424
36.956835
35.973569
35.929817
36.699318
34.949516
34.528072
34.369049
37.781095
37.920109
35.823252
35.689662
34.755445
36.145429
37.068801
36.77718
31.97297
36.716818
36.93516
35.648886
34.646328
34.438192
37.029323
36.990082
31.369453
36.003397
37.639921
34.245717
25.603
26.512754
41.107889
41.851166
40.162561
46.03366
36.987499
37.456317
35.220364
36.603374
37.038933
37.860777
37.081707
37.498806
52.80324
52.471788
52.346001
52.358562
54.15467
54.691789
58.511009
57.477975
49.983918
49.584994
49.06561
49.098843
51.713571
52.354322
54.337717
54.07884
37.568808
37.488994
37.575112
37.573195
38.542835
37.706268
37.344991
37.347352
49.804542
50.776362
53.321496
53.165238
47.047916
46.61305
47.277041
46.846841
49.303464
49.762107
50.570718
50.543647
48.960008
48.896887
49.621891
49.457999
37.518583
37.230334
37.05689
37.041514
36.955053
37.198586
36.748075
35.176472
50.99551
51.424782
50.934226
51.195806
50.26366
49.922083
50.781672
49.97625
50.679684
51.243107
50.097873
50.286115
51.248913
51.149488
51.001813
51.081028
35.033072
34.641611
37.081842
37.635534
35.322256
36.68403
37.053558
37.112901
51.88667
51.440623
51.169248
51.299309
51.559126
51.147139
49.091452
49.399519
49.13512
49.628652
49.342517
49.7865
48.124317
48.293894
49.339318
49.318853
36.916235
37.329487
36.967344
37.547089
36.941039
36.981453
37.434216
36.943241
50.041385
49.432647
47.05491
47.191011
50.667535
50.753044
52.5777
51.856552
54.485932
53.896272
50.724964
51.464815
55.903563
56.557565
58.51433
58.13621
30.996598
30.613483
29.933098
30.285223
34.658543
37.139554
38.006093
43.526942
25.845087
25.778041
25.255037
25.348037
23.733061
23.752928
23.643623
23.645503
23.843165
23.846696
23.719203
23.768151
23.519279
23.619398
24.468872
24.482413
24.706687
24.55826
24.559912
24.597868
24.321294
24.282524
25.713308
25.700628
24.695569
24.601797
24.736138
24.64101
25.523028
25.604282
25.642258
25.741291
25.917117
25.913863
25.949801
25.949879
25.802973
25.883679
26.275827
26.251666
25.973779
25.978382
26.153429
26.326621
25.905867
25.796521
24.561263
24.507465
26.061337
25.874768
24.370611
24.415824
24.536963
24.542767
26.032152
25.885842
25.824061
25.894967
24.540879
24.490159
25.838585
25.958969
25.811237
25.946867
25.829596
25.882939
26.170436
26.097653
24.337416
24.331659
24.351165
24.111875
26.503976
26.412291
25.621346
25.71464
24.726241
24.805434
24.77666
24.807093
21.771246
24.460986
24.51301
24.859416
24.922572
24.886466
24.880454
25.767759
25.816762
25.612473
25.654212
24.310236
24.257361
24.169362
24.192263
21.43181
21.2466
25.152314
25.141408
24.920812
24.988146
23.845906
23.852838
23.871504
23.883806
25.103564
25.015609
24.027285
24.190953
31.107687
35.605233
35.476272
25.829355
26.471036
29.31928
28.332395
29.15392
28.941171
27.960197
28.225096
25.081844
24.885722
24.460815
24.58274
25.892664
25.949365
26.108722
26.067379
25.75475
25.831551
26.520477
26.492692
25.854095
26.008451
25.992612
25.972455
25.82319
25.845123
26.142583
26.151418
24.287082
24.26349
23.894472
24.022978
25.562571
25.451245
24.765683
24.974828
29.582963
29.673203
29.463859
29.595902
25.797998
25.842497
25.892932
25.880908
24.199029
24.128517
23.674701
23.807648
21.295311
21.366295
21.637232
21.564229
20.841119
20.740771
20.512413
20.540328
21.058987
20.978251
20.718706
20.775852
26.133498
26.271859
25.927493
25.854903
26.603441
26.592985
26.05754
26.127056
25.960683
25.92838
25.922414
26.055765
26.365625
26.328013
26.144148
26.161673
21.455489
21.455762
21.444737
21.454363
21.152294
21.024292
20.637526
20.718073
21.12948
21.228347
21.553442
21.481428
21.500985
21.605363
21.934208
21.86532
21.517022
21.562518
21.69379
21.670785
20.695391
20.716726
20.868726
20.825107
22.022502
21.973724
21.837222
21.861489
20.729638
20.797215
21.315138
21.154968
25.913466
25.916946
25.937017
25.922531
25.925569
25.8651
25.783705
25.953675
24.412297
24.482743
26.165078
25.990914
26.312059
26.325596
25.957513
26.007273
22.368518
22.350362
22.363444
22.338583
21.671298
21.675255
21.788332
21.754407
22.150124
22.170279
22.104089
22.139607
21.737334
21.790737
22.068666
22.00442
22.397782
22.388737
22.320318
22.336635
22.847275
22.789623
22.557644
22.602026
22.011398
22.018333
21.947492
21.977654
22.891219
22.872063
22.654403
22.730112
26.265023
26.290833
25.962358
25.997396
24.52244
24.626689
25.925387
25.767686
26.688067
26.607316
25.625625
25.709582
24.628984
24.647377
24.624591
24.471074
21.162118
21.297497
21.714625
21.637126
21.789464
21.730341
21.44977
21.532166
21.938197
21.905477
21.817317
21.830154
21.878317
21.885437
21.851159
21.858144
20.82968
20.744417
20.60465
20.614468
21.15484
21.108893
20.967212
20.999413
21.354349
21.305695
21.060025
21.126496
21.277254
21.310344
21.299714
21.32234
25.685119
25.650973
25.61475
25.79933
25.731894
25.736991
25.786945
25.771999
24.984286
24.829779
24.219024
24.185702
25.681771
25.679039
25.769193
25.753808
23.25459
23.289338
23.270805
23.298095
21.377312
21.316856
21.252354
21.249989
21.486401
21.512422
21.53284
21.543392
21.543968
21.583423
21.62923
21.64327
23.082558
23.000875
22.657739
22.750124
24.739089
24.625
24.130968
24.269439
27.674346
27.541029
26.946179
27.099188
25.091081
25.205564
25.437159
25.417384
30.890126
31.203196
25.207084
25.943417
28.883239
27.856417
27.951635
27.980138
27.792715
27.898133
23.820528
23.319284
22.214538
22.464469
23.851201
23.896973
25.139185
24.936574
23.940071
23.867017
23.693683
23.697937
23.543032
23.484579
23.45711
23.440287
24.227027
24.362473
23.996252
24.06277
24.609486
24.600629
24.613683
24.630375
24.64506
24.677225
24.431433
24.372459
25.841731
25.865932
25.870663
26.009733
25.997748
25.823619
24.260231
24.306241
25.836815
25.937841
25.857915
25.817217
24.564636
24.597179
26.315608
26.104787
25.98312
25.866992
24.602729
24.574012
25.852072
25.925904
26.440391
26.626193
24.514853
24.464607
25.903675
25.900813
25.908246
26.036168
25.833325
25.831229
26.135181
26.279197
26.099301
26.283982
24.769926
24.64364
24.673244
24.606288
26.313785
26.304632
26.352625
26.374851
26.282377
26.231019
26.099872
26.293126
24.393999
24.463104
25.93565
25.798523
25.604258
25.553879
24.332233
24.366044
24.974286
24.946538
24.466912
24.249335
25.099342
25.064616
24.865286
24.860204
25.167221
25.427684
25.287709
25.251726
23.652563
23.544532
24.394273
24.36936
20.720169
23.740666
23.680223
20.33757
20.764838
24.317525
24.375463
24.464476
24.381672
23.795749
23.800016
23.81981
23.809747
23.895312
23.875981
23.625834
23.59387
38.446683
38.919539
37.531332
38.512886
36.837354
35.754218
31.958498
33.113204
25.418265
25.726185
27.012098
26.668297
24.614229
24.431502
24.210606
24.218558
26.36449
26.397159
26.260327
26.28285
25.927288
25.907366
26.208966
26.162324
25.828884
25.993421
25.920581
25.894365
24.547887
24.549868
25.908575
25.754622
23.242422
23.243749
23.509461
23.39881
23.459472
23.585977
24.178118
24.01321
27.346332
27.631194
28.78094
28.526475
26.631806
26.443383
25.995089
26.066215
22.545806
22.650838
23.197195
23.045297
22.263538
22.187662
21.859269
21.933323
20.592953
20.57794
20.514022
20.531149
20.621713
20.629531
20.621709
20.619016
25.758496
25.814727
26.584542
26.552897
25.81666
25.822391
26.001868
25.981358
26.033086
25.838529
24.542579
24.519649
26.178337
26.240316
26.290314
26.28902
20.810909
20.916804
21.294184
21.213652
20.547246
20.496439
20.486793
20.459868
21.969129
21.913958
21.718428
21.774564
22.095531
22.129905
22.094893
22.11801
21.317281
21.392149
21.652633
21.606021
21.12564
21.086559
20.968319
20.999867
21.829451
21.794215
21.772623
21.757206
21.950069
21.971993
21.737724
21.845924
25.890324
25.920655
26.016323
26.016632
25.99283
25.84654
24.479868
24.502074
25.931983
25.983428
26.324881
26.326635
25.878359
25.862847
25.910686
25.892989
22.462388
22.507264
22.486911
22.520383
22.290543
22.20469
21.9019
21.960713
21.905176
21.869866
21.943876
21.900797
22.052725
22.11335
22.185926
22.192804
22.421622
22.385892
22.315017
22.322498
22.521746
22.5394
22.531006
22.53503
22.039986
21.987867
21.901423
21.900452
22.193403
22.237908
22.429607
22.366212
25.925626
25.921235
25.934957
25.918477
25.945019
25.935777
25.860607
25.885227
25.924004
25.900524
25.806386
25.812281
25.857308
25.863392
26.132622
26.286694
21.47793
21.569904
21.777028
21.74422
21.205184
21.146492
21.253196
21.205243
21.912076
21.903421
21.827314
21.841719
21.904227
21.88932
21.857832
21.87548
20.696738
20.689362
20.638785
20.658541
20.731541
20.749001
20.858972
20.827845
20.586217
20.605097
20.8489
20.782377
20.654189
20.726936
21.111619
21.009526
25.708457
25.594784
24.405916
24.413368
25.800304
25.82093
25.764472
25.759733
25.509843
25.475121
25.338956
25.554332
25.587957
25.601752
25.759534
25.741864
22.480335
22.620549
23.084774
22.987286
22.046774
21.908542
21.436069
21.530311
21.241527
21.269501
21.439179
21.396819
21.250883
21.291003
21.506257
21.446561
22.463598
22.401717
22.421085
22.366184
22.772189
22.914097
23.646954
23.463875
25.947958
26.107607
26.597794
26.477233
25.618305
25.567718
25.5032
25.509965
34.512216
38.598979
39.110294
34.327907
33.456848
37.006818
35.85423
31.673711
32.930985
24.963284
25.459922
27.1738
26.831423
23.398288
22.980655
22.023289
22.112766
30.009868
30.025372
29.857732
29.840238
32.422905
32.729249
31.473581
30.112098
30.3446
30.282624
32.299303
32.194266
30.422886
30.217008
30.327601
30.350977
32.716313
32.219735
30.524144
31.955091
32.317329
32.321625
32.212504
32.417102
30.406838
32.065596
32.860512
32.796662
30.473306
31.94664
32.18236
30.619028
32.177536
33.057933
31.989346
30.638861
32.554441
32.389447
33.059737
32.909039
32.832943
33.129743
32.064105
32.620547
30.049349
29.99142
30.080218
30.112282
33.852558
36.397789
26.910342
25.940519
32.274067
32.358219
32.136105
32.383777
32.863805
32.854311
33.376408
33.53701
40.659862
40.041135
42.624799
43.121454
53.68622
53.008055
53.896494
53.415335
40.744622
41.141303
41.375815
41.804365
49.718477
50.505666
48.141314
47.81402
32.507108
32.264385
30.625229
32.024052
32.165354
32.874109
33.043177
32.154085
42.78913
42.374125
44.241857
44.794144
42.820354
42.755317
42.746838
42.68484
43.925152
44.291684
43.485397
43.594376
43.24431
42.876405
43.183127
42.68987
31.959591
30.435727
32.692616
32.258338
32.321862
32.279855
32.41597
32.324576
45.210676
45.145835
43.947074
43.678177
43.930839
44.599086
44.41367
44.229855
43.075334
43.088863
43.866882
43.772901
44.732568
44.800717
44.369751
44.260998
32.21418
33.490971
32.183765
32.198785
32.326554
32.733154
32.309465
32.27506
44.135541
43.879089
44.890957
45.011457
43.167437
43.022986
43.187746
42.919802
42.800111
43.131074
42.097233
42.101064
42.133833
42.280414
42.451793
42.587155
30.512878
31.135154
32.221272
32.02443
32.381364
32.088463
30.542494
32.095407
44.073836
43.96946
43.195984
42.544245
51.139983
51.803623
48.828936
47.966686
44.067519
42.480659
44.191654
44.01976
52.637834
52.624747
51.821211
51.471212
31.317826
33.612278
28.627504
28.403133
31.065227
29.865218
30.077676
30.51259
29.68205
29.656134
29.668683
29.772777
32.302869
32.43773
30.451752
31.893273
31.944766
30.223852
30.126442
30.356105
30.414298
31.961115
33.180114
32.306182
32.638732
32.257613
32.43473
30.847796
32.369944
32.404882
30.317579
30.287074
32.00999
30.547451
32.205464
32.403892
31.261418
31.296291
30.430157
31.976637
29.902178
30.044526
33.061018
32.932649
31.082542
31.1967
31.491926
30.248572
32.035962
32.276663
30.965733
32.090953
29.987189
30.151817
32.216817
32.212541
29.437072
34.196378
25.006316
24.680383
37.579345
37.744152
32.617714
32.184947
31.874837
30.648949
32.92173
32.179718
32.615513
32.252849
44.574951
44.954057
45.194711
45.082367
47.120279
46.555445
49.69896
50.64382
42.956786
43.311685
42.466163
42.417354
45.415703
44.830558
46.921912
47.181038
32.641214
32.712664
32.747812
32.747939
32.777797
33.528049
32.460278
32.458126
44.110368
43.332127
45.144956
45.564753
40.538572
41.097388
40.290329
40.923038
43.702551
43.195143
44.435019
44.458135
42.183304
42.377403
42.163358
42.248232
32.416446
32.694291
32.193233
32.204225
32.411274
32.19741
30.609807
32.018924
43.705513
44.073748
43.538441
43.380913
43.960261
44.265078
43.189861
43.515811
43.54891
43.124639
44.355084
44.343203
44.623604
44.551285
44.708791
44.551638
30.144021
30.491171
32.809685
32.310401
31.962492
30.74931
32.339381
32.296202
44.520096
44.914625
44.513491
44.537297
44.354139
44.734213
42.808303
42.464757
42.857144
42.433343
42.909353
42.54172
41.926425
41.75506
42.674277
42.669191
32.525871
32.169606
32.69807
32.197078
32.233556
32.195523
32.19652
32.628536
42.470212
43.029417
40.736985
40.703579
43.842964
43.728705
44.865339
45.513724
46.515072
46.97322
44.760963
44.112478
48.634072
48.07731
49.9991
50.380752
29.673628
29.688884
29.819079
29.24301
32.734403
31.103536
22.587399
22.640515
22.185269
22.108503
20.743426
20.730209
20.685146
20.697431
20.881132
20.873875
20.799529
20.763992
20.645452
20.561028
21.453689
21.441449
21.465886
21.595294
21.507763
21.479135
21.220798
21.252706
22.474957
22.486346
21.497601
21.583767
21.535352
21.607279
22.409273
22.329764
22.525112
22.428855
22.671607
22.67796
22.702662
22.705299
22.628904
22.5626
22.962951
22.982834
22.708536
22.700331
23.021938
22.86542
22.53748
22.649488
21.374223
21.42286
22.627026
22.789049
21.347549
21.304409
21.417813
21.400684
22.607778
22.734598
22.590218
22.526589
21.341205
21.395658
22.657392
22.554313
22.649194
22.531535
22.636055
22.58857
22.832857
22.892868
21.286285
21.294106
21.099921
21.298303
23.111595
23.190345
22.485632
22.413432
21.719104
21.654384
21.712363
21.691073
21.702285
21.872366
21.809423
21.829792
21.825306
22.60352
22.562957
22.459659
22.42064
21.281574
21.322705
21.215879
21.201688
22.046827
22.067234
21.921866
21.86394
20.878576
20.87584
20.900837
20.905867
21.938343
22.025416
21.218103
21.067797
31.275249
23.58962
22.938978
25.095839
26.013083
25.185462
25.440235
24.346842
24.001856
22.040372
22.332817
21.606875
21.33786
22.721781
22.676442
22.806448
22.835683
22.553339
22.485544
23.161161
23.192703
22.734642
22.594056
22.702047
22.718214
22.562855
22.534834
22.870171
22.864048
21.100082
21.125091
20.883771
20.765105
22.173335
22.256414
21.80781
21.657152
26.013414
25.925173
25.982869
25.862114
22.418985
22.406576
22.397641
22.396252
21.037316
21.095159
20.767391
20.659559
18.679615
18.613703
18.853616
18.922351
17.969259
18.05553
17.813699
17.802575
18.330751
18.405163
18.141234
18.078939
22.979045
22.857788
22.604987
22.660382
23.210727
23.253412
22.814401
22.759052
22.66391
22.693115
22.776127
22.666324
23.043204
23.066234
22.880472
22.868608
18.672481
18.665743
18.691718
18.684238
18.346185
18.465614
18.078669
17.995693
18.375698
18.289213
18.588612
18.662575
18.887995
18.789772
19.102587
19.161234
18.757727
18.713872
18.864267
18.884653
18.05792
18.031611
18.159316
18.206653
19.068068
19.116681
18.967337
18.942838
18.130409
18.053765
18.453719
18.607589
22.671462
22.666244
22.672626
22.680928
22.6088
22.66076
22.694252
22.553766
21.364086
21.293994
22.727472
22.875822
23.017502
23.001965
22.744898
22.70743
19.488516
19.50527
19.484686
19.508935
18.943895
18.933369
19.000792
19.029576
19.264176
19.244333
19.250441
19.221917
19.046373
18.994945
19.193647
19.245273
19.528739
19.531142
19.486435
19.461859
19.867448
19.921167
19.700263
19.654205
19.197604
19.188322
19.163709
19.143788
19.947539
19.965231
19.836293
19.770785
22.997447
22.97963
22.737237
22.704575
21.533662
21.44932
22.53193
22.670952
23.288437
23.362441
22.478597
22.400404
21.558274
21.537894
21.387302
21.515345
18.581904
18.449971
18.884842
18.95174
18.866596
18.921148
18.686842
18.607989
19.093532
19.121452
19.03342
19.023109
19.016928
19.009655
18.997328
19.002355
18.053841
18.138658
17.938103
17.92573
18.366082
18.416417
18.267646
18.235014
18.562918
18.612428
18.420943
18.353738
18.574692
18.541326
18.602888
18.583486
22.437283
22.465744
22.574039
22.414778
22.505225
22.499517
22.535923
22.554566
21.732235
21.875365
21.158152
21.184502
22.453112
22.452991
22.538301
22.558216
20.324265
20.282606
20.352887
20.340908
18.638976
18.681362
18.575771
18.586138
18.719888
18.701305
18.732239
18.715391
18.857953
18.826406
18.873022
18.844473
20.014797
20.099738
19.774424
19.687042
21.518867
21.605999
21.223817
21.105998
24.073337
24.155151
23.727469
23.567868
21.938645
21.853112
22.087961
22.091638
23.079571
22.324688
24.657571
25.613637
24.200265
24.252462
23.882452
23.677275
20.500335
21.115223
19.615579
19.131542
20.894961
20.84628
21.833334
21.99833
20.873028
20.933888
20.741302
20.74398
20.543625
20.617466
20.51056
20.535398
21.317252
21.211018
21.049979
20.996286
21.506327
21.518466
21.528555
21.520813
21.556485
21.538405
21.309842
21.3701
22.560018
22.529814
22.720497
22.61968
22.559152
22.68625
21.26122
21.238516
22.694004
22.598899
22.588233
22.6245
21.509328
21.488781
22.841104
23.025449
22.59861
22.695495
21.457257
21.483611
22.627395
22.570964
23.24148
23.079216
21.393911
21.429199
22.656755
22.655998
22.762725
22.659263
22.569162
22.571899
22.935037
22.816152
22.932861
22.763833
21.508096
21.60976
21.468502
21.526708
22.965107
22.950941
23.080996
23.065911
22.927294
22.960154
23.001977
22.838922
21.400632
21.350854
22.569855
22.695588
22.359237
22.412676
21.312444
21.275443
21.882995
21.913359
21.318401
21.554755
22.002269
22.033804
21.797853
21.795175
22.294343
22.057864
22.11524
22.138796
20.645266
20.732008
21.387741
21.416991
20.783738
21.393093
21.326057
21.386879
21.461074
20.856963
20.837409
20.85579
20.868569
20.864694
20.885454
20.670572
20.712289
34.361086
33.966985
34.084161
33.233415
31.664585
32.720795
29.411365
28.343909
21.410614
21.030352
22.525913
22.893704
20.289522
20.367363
20.517088
20.751445
23.099283
23.053882
22.996091
22.98244
22.646315
22.656509
22.876726
22.910318
22.726652
22.590759
22.630896
22.652945
21.465269
21.469957
22.528148
22.663084
20.253284
20.26377
20.352042
20.45149
20.617138
20.495733
21.00753
21.166741
24.002661
23.732707
24.823438
25.13098
22.863537
23.050461
22.506295
22.442415
19.778861
19.66999
20.136485
20.269165
19.375493
19.437577
19.175189
19.109108
17.904485
17.928862
17.848496
17.826102
17.975772
17.966555
17.992151
17.995163
22.556211
22.518402
23.218411
23.247033
22.582197
22.569746
22.728998
22.744388
22.588848
22.754083
21.437966
21.448018
22.944441
22.896962
22.989738
22.986369
18.212776
18.108183
18.488575
18.564508
17.838761
17.885369
17.818395
17.850307
19.078915
19.138753
18.928275
18.869571
19.321802
19.282968
19.314031
19.293531
18.667001
18.603732
18.829756
18.864088
18.420695
18.461948
18.337759
18.317184
18.96497
19.01218
18.908118
18.908032
19.181088
19.149807
19.089523
18.985657
22.670788
22.636388
22.760394
22.757106
22.600982
22.725514
21.413979
21.400864
22.714551
22.662704
23.021818
23.010073
22.603266
22.608972
22.653192
22.668244
19.633074
19.600758
19.648276
19.62957
19.378947
19.457087
19.163297
19.110939
19.043526
19.085986
19.053109
19.087305
19.295279
19.237074
19.369911
19.358551
19.514943
19.544505
19.467609
19.458584
19.647777
19.63047
19.643172
19.632287
19.167208
19.21144
19.09857
19.091383
19.389247
19.346397
19.499828
19.558362
22.674462
22.673491
22.670868
22.693142
22.683983
22.696717
22.6428
22.624994
22.649539
22.673878
22.570463
22.573695
22.617005
22.617797
22.994241
22.85788
18.77637
18.673632
18.953797
18.992264
18.349116
18.412422
18.3667
18.424507
19.095508
19.099777
19.046594
19.032981
19.056348
19.076359
19.030344
19.018587
18.015689
18.017175
17.982207
17.959459
18.056646
18.042692
18.11909
18.151863
17.961199
17.94177
18.109116
18.171418
18.071694
18.004086
18.335581
18.425315
22.397826
22.500796
21.352061
21.340181
22.595186
22.574711
22.525393
22.530477
22.288194
22.311666
22.356567
22.172519
22.396422
22.371936
22.53901
22.554658
19.784052
19.65721
20.101961
20.18859
19.149599
19.276493
18.825403
18.733966
18.465946
18.426124
18.57462
18.616912
18.482676
18.441878
18.639487
18.707825
19.535384
19.604537
19.46676
19.488778
20.062421
19.924844
20.544701
20.701418
22.663173
22.495541
23.044441
23.171297
22.183534
22.226669
22.126462
22.11464
34.1094
31.728624
32.831731
29.238762
28.035397
20.99491
20.483765
22.369462
22.807684
18.824406
19.155398
18.452815
18.528646
14.092839
15.262594
14.911662
9.1658408
22.969856
16.240913
28.812245
14.594237
20.554059
34.765092
18.456845
14.369276
28.130243
14.783267
28.601993
20.319929
34.522357
46.82438
20.567235
22.79822
22.794517
22.605553
20.083121
22.718232
19.985319
22.643239
20.327389
22.664588
24.634809
19.63211
20.974645
23.076985
24.726132
23.267716
22.561061
19.905789
20.46033
22.62086
22.736496
22.927764
22.002309
22.521379
22.221883
22.541839
20.467204
22.646279
22.543682
24.031462
22.351547
22.536741
22.446078
22.532379
22.864973
23.280448
22.679777
19.828681
22.613405
22.34004
23.000439
22.810987
22.398765
22.406738
22.589505
23.146255
23.203175
42.010089
41.126172
22.784176
19.788567
21.343014
22.675329
22.624763
24.563269
22.612036
19.986951
20.142307
21.188592
20.250474
22.453662
11.683859
20.339728
22.65347
20.290799
22.826625
20.23702
22.517721
22.742837
20.579062
22.678375
19.684034
23.421967
21.656529
23.05936
22.542373
22.942218
22.473798
21.98803
22.648823
22.550976
22.613643
21.938066
22.893647
22.648353
22.382119
)
;
    }
}


// ************************************************************************* //
