# Force         
# CofR          : (0.00000000e+00 0.00000000e+00 0.00000000e+00)
#
# Time          	total_x total_y total_z	pressure_x pressure_y pressure_z	viscous_x viscous_y viscous_z
1                3.91168969e+00 -7.66739123e-05 1.38744962e+01 3.76693350e+00 -7.76571261e-05 1.38656552e+01 1.44756184e-01 9.83213830e-07 8.84101236e-03
2                4.87152027e+00 -6.40793405e-06 1.33075149e+01 4.72552197e+00 -5.69713714e-06 1.33006663e+01 1.45998306e-01 -7.10796911e-07 6.84867094e-03
3                4.66555179e+00 3.07212982e-05 1.36837009e+01 4.51695934e+00 3.28165216e-05 1.36775151e+01 1.48592451e-01 -2.09522343e-06 6.18575928e-03
4                3.98716247e+00 6.78644806e-05 1.44585622e+01 3.83580617e+00 6.81864065e-05 1.44532975e+01 1.51356306e-01 -3.21925928e-07 5.26473380e-03
5                3.23794494e+00 1.24392615e-04 1.51102712e+01 3.08621552e+00 1.26782168e-04 1.51059220e+01 1.51729424e-01 -2.38955328e-06 4.34918735e-03
6                2.59288889e+00 3.06782011e-04 1.56700171e+01 2.44407699e+00 3.09459254e-04 1.56667316e+01 1.48811893e-01 -2.67724312e-06 3.28548515e-03
7                2.10055414e+00 5.41423468e-04 1.60660693e+01 1.95844227e+00 5.42915088e-04 1.60637828e+01 1.42111868e-01 -1.49162048e-06 2.28650647e-03
8                1.77277032e+00 8.19917791e-04 1.63659181e+01 1.64013218e+00 8.16296569e-04 1.63641320e+01 1.32638139e-01 3.62122219e-06 1.78611533e-03
9                1.59570718e+00 1.21815200e-03 1.67046473e+01 1.47110747e+00 1.19393424e-03 1.67024738e+01 1.24599707e-01 2.42177608e-05 2.17347556e-03
10               1.47871553e+00 1.57306136e-03 1.71464269e+01 1.34881652e+00 1.52703500e-03 1.71420259e+01 1.29899010e-01 4.60263614e-05 4.40100306e-03
11               1.41406976e+00 1.85087818e-03 1.69297490e+01 1.29752115e+00 1.78592018e-03 1.69260535e+01 1.16548605e-01 6.49579986e-05 3.69551945e-03
12               1.45386184e+00 2.14544083e-03 1.68559664e+01 1.34385189e+00 2.08381881e-03 1.68489725e+01 1.10009957e-01 6.16220164e-05 6.99390011e-03
13               1.57660573e+00 2.46133796e-03 1.68993259e+01 1.47396357e+00 2.30843496e-03 1.68916991e+01 1.02642158e-01 1.52902996e-04 7.62682270e-03
14               1.74276536e+00 2.54791100e-03 1.71189919e+01 1.64445423e+00 2.46620972e-03 1.71104522e+01 9.83111320e-02 8.17012742e-05 8.53972366e-03
15               1.92108160e+00 2.67002356e-03 1.73539325e+01 1.82927118e+00 2.58483242e-03 1.73442785e+01 9.18104269e-02 8.51911393e-05 9.65397805e-03
16               2.11787030e+00 2.77310553e-03 1.77650512e+01 2.02886732e+00 2.66746553e-03 1.77529138e+01 8.90029743e-02 1.05640002e-04 1.21374373e-02
17               2.29739551e+00 2.84433670e-03 1.82477520e+01 2.21102313e+00 2.73030775e-03 1.82338020e+01 8.63723766e-02 1.14028953e-04 1.39499896e-02
18               2.44647234e+00 2.91917057e-03 1.86358872e+01 2.36112122e+00 2.80094087e-03 1.86203456e+01 8.53511221e-02 1.18229705e-04 1.55416434e-02
19               2.57296679e+00 2.96088576e-03 1.88941115e+01 2.48750323e+00 2.88900596e-03 1.88780324e+01 8.54635661e-02 7.18798012e-05 1.60790555e-02
20               2.68289750e+00 3.10229899e-03 1.89902356e+01 2.59670374e+00 2.98446308e-03 1.89746893e+01 8.61937563e-02 1.17835907e-04 1.55463172e-02
21               2.78054033e+00 3.20787105e-03 1.88791098e+01 2.69362529e+00 3.09387332e-03 1.88656057e+01 8.69150448e-02 1.13997726e-04 1.35040605e-02
22               2.86420711e+00 3.34139872e-03 1.84758960e+01 2.77726422e+00 3.20589923e-03 1.84647437e+01 8.69428864e-02 1.35499494e-04 1.11522635e-02
23               2.93773735e+00 3.49064878e-03 1.77499740e+01 2.84959847e+00 3.31205290e-03 1.77407821e+01 8.81388837e-02 1.78595875e-04 9.19187219e-03
24               3.00153848e+00 3.64578801e-03 1.66676755e+01 2.91136753e+00 3.41258294e-03 1.66602041e+01 9.01709508e-02 2.33205065e-04 7.47144326e-03
25               3.06529339e+00 3.73433834e-03 1.53134384e+01 2.97384839e+00 3.49875031e-03 1.53075669e+01 9.14449969e-02 2.35588025e-04 5.87152292e-03
26               3.12234105e+00 3.78144107e-03 1.36599347e+01 3.02959976e+00 3.57284216e-03 1.36554618e+01 9.27412836e-02 2.08598907e-04 4.47294095e-03
27               3.16800370e+00 3.85417519e-03 1.17490622e+01 3.07518560e+00 3.63805660e-03 1.17460061e+01 9.28180967e-02 2.16118583e-04 3.05607876e-03
28               3.20501362e+00 4.00238378e-03 9.71285351e+00 3.11130065e+00 3.69961604e-03 9.71044409e+00 9.37129646e-02 3.02767738e-04 2.40942599e-03
29               3.23585603e+00 4.13607688e-03 7.71471477e+00 3.13969499e+00 3.75069721e-03 7.71226794e+00 9.61610467e-02 3.85379668e-04 2.44683497e-03
30               3.25489605e+00 4.22258257e-03 5.91924800e+00 3.15428290e+00 3.78413060e-03 5.91646817e+00 1.00613157e-01 4.38451964e-04 2.77982910e-03
31               3.24600842e+00 4.28219419e-03 4.39612341e+00 3.14187500e+00 3.79333560e-03 4.39309998e+00 1.04133429e-01 4.88858593e-04 3.02343428e-03
32               3.20628945e+00 4.21866506e-03 3.24396155e+00 3.09968887e+00 3.77491328e-03 3.24043903e+00 1.06600577e-01 4.43751773e-04 3.52252129e-03
33               3.14739450e+00 4.07578844e-03 2.39087087e+00 3.03946512e+00 3.72476051e-03 2.38619389e+00 1.07929375e-01 3.51027930e-04 4.67697777e-03
34               3.08103495e+00 3.90699640e-03 1.91912432e+00 2.97322135e+00 3.62465376e-03 1.91308004e+00 1.07813598e-01 2.82342637e-04 6.04428175e-03
35               3.02112053e+00 3.67697890e-03 1.86451011e+00 2.91475955e+00 3.47099823e-03 1.85735159e+00 1.06360984e-01 2.05980677e-04 7.15852730e-03
36               2.97500526e+00 3.36980173e-03 2.17384293e+00 2.87152087e+00 3.25552687e-03 2.16532688e+00 1.03484387e-01 1.14274869e-04 8.51604341e-03
37               2.94297551e+00 2.95046222e-03 2.79210472e+00 2.84392732e+00 3.00619977e-03 2.78286423e+00 9.90481983e-02 -5.57375548e-05 9.24048823e-03
38               2.92325804e+00 2.47673164e-03 3.55010315e+00 2.82919420e+00 2.73293216e-03 3.54055806e+00 9.40638349e-02 -2.56200523e-04 9.54508940e-03
39               2.91209056e+00 2.03585025e-03 4.31553116e+00 2.82294231e+00 2.48661507e-03 4.30613552e+00 8.91482445e-02 -4.50764824e-04 9.39563648e-03
40               2.90802880e+00 1.86618105e-03 5.00565538e+00 2.82311418e+00 2.32172254e-03 4.99663249e+00 8.49146195e-02 -4.55541488e-04 9.02288730e-03
41               2.91356154e+00 1.86000891e-03 5.62601489e+00 2.83105256e+00 2.25539734e-03 5.61720065e+00 8.25089813e-02 -3.95388436e-04 8.81423820e-03
42               2.92244690e+00 1.79761639e-03 6.18379997e+00 2.84203430e+00 2.28092557e-03 6.17539845e+00 8.04125962e-02 -4.83309182e-04 8.40152106e-03
43               2.93083356e+00 1.82603618e-03 6.67095155e+00 2.85268399e+00 2.37895042e-03 6.66321573e+00 7.81495679e-02 -5.52914242e-04 7.73581513e-03
44               2.94036302e+00 1.98866326e-03 7.10122080e+00 2.86431689e+00 2.52894029e-03 7.09397277e+00 7.60461267e-02 -5.40277031e-04 7.24802813e-03
45               2.95372755e+00 2.23076187e-03 7.48754858e+00 2.87976476e+00 2.70947785e-03 7.48059215e+00 7.39627882e-02 -4.78715980e-04 6.95643486e-03
46               2.97456575e+00 2.54002208e-03 7.86077152e+00 2.90288057e+00 2.88474819e-03 7.85390990e+00 7.16851802e-02 -3.44726102e-04 6.86162207e-03
47               3.00116250e+00 2.83949567e-03 8.22869509e+00 2.93204884e+00 3.02158533e-03 8.22172989e+00 6.91136538e-02 -1.82089653e-04 6.96519855e-03
48               3.03046772e+00 3.06526703e-03 8.57812486e+00 2.96423189e+00 3.08960812e-03 8.57090971e+00 6.62358348e-02 -2.43410894e-05 7.21515169e-03
49               3.06208966e+00 3.23181633e-03 8.90002262e+00 2.99875971e+00 3.06800162e-03 8.89238542e+00 6.33299507e-02 1.63814714e-04 7.63720706e-03
50               3.09561317e+00 3.30403089e-03 9.18132968e+00 3.03512235e+00 2.97535590e-03 9.17315854e+00 6.04908209e-02 3.28674983e-04 8.17114198e-03
51               3.12947097e+00 3.29724890e-03 9.39469943e+00 3.07155388e+00 2.85687477e-03 9.38592602e+00 5.79170872e-02 4.40374124e-04 8.77340119e-03
52               3.16191177e+00 3.21475076e-03 9.51262777e+00 3.10589645e+00 2.75770001e-03 9.50323642e+00 5.60153200e-02 4.57050751e-04 9.39134742e-03
53               3.19057294e+00 3.10921861e-03 9.51116480e+00 3.13585848e+00 2.71226849e-03 9.50139658e+00 5.47144654e-02 3.96950114e-04 9.76822173e-03
54               3.21339786e+00 3.03662971e-03 9.35915572e+00 3.15956721e+00 2.73540752e-03 9.34937948e+00 5.38306502e-02 3.01222187e-04 9.77623739e-03
55               3.22637304e+00 3.02156642e-03 8.99101899e+00 3.17333138e+00 2.80243211e-03 8.98152675e+00 5.30416578e-02 2.19134307e-04 9.49223370e-03
56               3.23724546e+00 3.04658195e-03 8.44955955e+00 3.18409989e+00 2.86394653e-03 8.44067014e+00 5.31455738e-02 1.82635415e-04 8.88940771e-03
57               3.24813990e+00 3.09990410e-03 7.76144062e+00 3.19403244e+00 2.88043409e-03 7.75333353e+00 5.41074552e-02 2.19470001e-04 8.10709561e-03
58               3.26220766e+00 3.15975290e-03 6.98750684e+00 3.20636780e+00 2.83615772e-03 6.98037350e+00 5.58398588e-02 3.23595177e-04 7.13334288e-03
59               3.27187701e+00 3.18223792e-03 6.13372447e+00 3.21420687e+00 2.75248488e-03 6.12756020e+00 5.76701441e-02 4.29753034e-04 6.16426213e-03
60               3.27314543e+00 3.18930537e-03 5.22875547e+00 3.21390655e+00 2.65135594e-03 5.22347355e+00 5.92388843e-02 5.37949423e-04 5.28191834e-03
61               3.26584929e+00 3.19858136e-03 4.33163351e+00 3.20509508e+00 2.54969866e-03 4.32698480e+00 6.07542092e-02 6.48882704e-04 4.64871247e-03
62               3.24985125e+00 3.20176185e-03 3.50275348e+00 3.18779942e+00 2.45580678e-03 3.49851327e+00 6.20518286e-02 7.45955065e-04 4.24020999e-03
63               3.22680188e+00 3.22157404e-03 2.82988030e+00 3.16360939e+00 2.36386267e-03 2.82574728e+00 6.31924836e-02 8.57711365e-04 4.13301589e-03
64               3.19869463e+00 3.23278534e-03 2.30022455e+00 3.13440746e+00 2.27005885e-03 2.29604295e+00 6.42871747e-02 9.62726488e-04 4.18159436e-03
65               3.16751273e+00 3.24793545e-03 1.96619328e+00 3.10237396e+00 2.16838950e-03 1.96186678e+00 6.51387687e-02 1.07954594e-03 4.32649643e-03
66               3.13605785e+00 3.24668640e-03 1.84641482e+00 3.07033024e+00 2.05676385e-03 1.84198124e+00 6.57276009e-02 1.18992255e-03 4.43357251e-03
67               3.10665125e+00 3.16878913e-03 1.91659801e+00 3.04076937e+00 1.94299787e-03 1.91207243e+00 6.58818796e-02 1.22579127e-03 4.52558018e-03
68               3.07993339e+00 3.04722481e-03 2.16184587e+00 3.01454781e+00 1.83283591e-03 2.15730689e+00 6.53855798e-02 1.21438891e-03 4.53898162e-03
69               3.05738075e+00 2.87516462e-03 2.52466843e+00 2.99347051e+00 1.72814140e-03 2.52001902e+00 6.39102350e-02 1.14702322e-03 4.64941410e-03
70               3.04092213e+00 2.70213038e-03 2.97788275e+00 2.97964705e+00 1.65008893e-03 2.97288212e+00 6.12750843e-02 1.05204145e-03 5.00062329e-03
71               3.03176038e+00 2.63189380e-03 3.50142235e+00 2.97361199e+00 1.63518794e-03 3.49582867e+00 5.81483880e-02 9.96705856e-04 5.59367347e-03
72               3.02993095e+00 2.73155977e-03 4.06775493e+00 2.97494798e+00 1.71099529e-03 4.06157907e+00 5.49829632e-02 1.02056448e-03 6.17585824e-03
73               3.03477442e+00 2.99187544e-03 4.64390820e+00 2.98243593e+00 1.88985793e-03 4.63717132e+00 5.23384877e-02 1.10201751e-03 6.73687347e-03
74               3.04497516e+00 3.32321070e-03 5.20012604e+00 2.99462705e+00 2.14257821e-03 5.19293538e+00 5.03481091e-02 1.18063249e-03 7.19066056e-03
75               3.05912497e+00 3.62512974e-03 5.71056876e+00 3.01021620e+00 2.42048696e-03 5.70311302e+00 4.89087640e-02 1.20464278e-03 7.45573340e-03
76               3.07621476e+00 3.80742216e-03 6.15363422e+00 3.02822273e+00 2.65511535e-03 6.14606874e+00 4.79920273e-02 1.15230681e-03 7.56547994e-03
77               3.09579982e+00 3.86662486e-03 6.51325791e+00 3.04826771e+00 2.82086540e-03 6.50571087e+00 4.75321115e-02 1.04575946e-03 7.54704834e-03
78               3.11761749e+00 3.87116658e-03 6.77736325e+00 3.07042921e+00 2.92287434e-03 6.76993781e+00 4.71882811e-02 9.48292241e-04 7.42544060e-03
79               3.14247227e+00 3.82746991e-03 6.94021968e+00 3.09556495e+00 2.96026684e-03 6.93294492e+00 4.69073170e-02 8.67203079e-04 7.27475686e-03
80               3.17209577e+00 3.73187667e-03 7.01205828e+00 3.12529621e+00 2.96068455e-03 7.00489672e+00 4.67995559e-02 7.71192124e-04 7.16156742e-03
81               3.20617564e+00 3.64376531e-03 7.01448645e+00 3.15912564e+00 2.95348633e-03 7.00738207e+00 4.70500055e-02 6.90278981e-04 7.10438181e-03
82               3.23994799e+00 3.57991496e-03 6.95159426e+00 3.19253440e+00 2.94338564e-03 6.94458243e+00 4.74135836e-02 6.36529312e-04 7.01183034e-03
83               3.26949483e+00 3.55880729e-03 6.81785749e+00 3.22184668e+00 2.93901796e-03 6.81096674e+00 4.76481510e-02 6.19789327e-04 6.89075133e-03
84               3.29377601e+00 3.58502995e-03 6.60967678e+00 3.24597611e+00 2.94165148e-03 6.60287731e+00 4.77999030e-02 6.43378472e-04 6.79947457e-03
85               3.31335874e+00 3.61947101e-03 6.33195086e+00 3.26534255e+00 2.94697902e-03 6.32517327e+00 4.80161934e-02 6.72491992e-04 6.77759027e-03
86               3.32872287e+00 3.64943664e-03 5.99037979e+00 3.28029847e+00 2.95088771e-03 5.98363234e+00 4.84243939e-02 6.98548934e-04 6.74745042e-03
87               3.33985948e+00 3.67628204e-03 5.58972470e+00 3.29081535e+00 2.95158514e-03 5.58303528e+00 4.90441295e-02 7.24696900e-04 6.68942622e-03
88               3.34702038e+00 3.71765117e-03 5.13783761e+00 3.29703023e+00 2.95085862e-03 5.13123846e+00 4.99901493e-02 7.66792548e-04 6.59915401e-03
89               3.35038432e+00 3.76925316e-03 4.64738051e+00 3.29919655e+00 2.95052198e-03 4.64088557e+00 5.11877735e-02 8.18731173e-04 6.49493953e-03
90               3.35037028e+00 3.80852956e-03 4.13840589e+00 3.29767181e+00 2.94782031e-03 4.13205829e+00 5.26984666e-02 8.60709246e-04 6.34759661e-03
91               3.34629720e+00 3.84510539e-03 3.62740926e+00 3.29189700e+00 2.92997804e-03 3.62125131e+00 5.44001983e-02 9.15127350e-04 6.15795299e-03
92               3.33743679e+00 3.86245090e-03 3.12752169e+00 3.28117685e+00 2.88726691e-03 3.12161340e+00 5.62599459e-02 9.75183991e-04 5.90829027e-03
93               3.32307604e+00 3.85612975e-03 2.65016758e+00 3.26499508e+00 2.82228068e-03 2.64451829e+00 5.80809647e-02 1.03384907e-03 5.64928967e-03
94               3.30409436e+00 3.83131389e-03 2.23474803e+00 3.24435076e+00 2.75007545e-03 2.22935016e+00 5.97436015e-02 1.08123844e-03 5.39787482e-03
95               3.27882397e+00 3.80469575e-03 1.84211597e+00 3.21780246e+00 2.67212794e-03 1.83695997e+00 6.10215170e-02 1.13256781e-03 5.15600172e-03
96               3.24879705e+00 3.77707106e-03 1.50535100e+00 3.18696577e+00 2.59038542e-03 1.50043874e+00 6.18312777e-02 1.18668564e-03 4.91225984e-03
97               3.21617438e+00 3.77359298e-03 1.25446774e+00 3.15402230e+00 2.50947045e-03 1.24974089e+00 6.21520788e-02 1.26412253e-03 4.72685383e-03
98               3.18336336e+00 3.78190372e-03 1.11451219e+00 3.12130282e+00 2.43639677e-03 1.10988140e+00 6.20605426e-02 1.34550695e-03 4.63079489e-03
99               3.15219632e+00 3.81414930e-03 1.10537012e+00 3.09066702e+00 2.36885044e-03 1.10068522e+00 6.15293003e-02 1.44529887e-03 4.68489209e-03
100              3.12411533e+00 3.84644556e-03 1.24238603e+00 3.06344434e+00 2.30640781e-03 1.23759451e+00 6.06709919e-02 1.54003775e-03 4.79151570e-03
101              3.10331303e+00 3.84811447e-03 1.55301934e+00 3.04345116e+00 2.23232446e-03 1.54802960e+00 5.98618625e-02 1.61579001e-03 4.98974101e-03
102              3.08368816e+00 3.78100416e-03 1.95006250e+00 3.02524865e+00 2.14263639e-03 1.94482752e+00 5.84395051e-02 1.63836777e-03 5.23498334e-03
103              3.07081243e+00 3.67197293e-03 2.44099255e+00 3.01391318e+00 2.04397811e-03 2.43548165e+00 5.68992430e-02 1.62799482e-03 5.51089931e-03
104              3.06597168e+00 3.54406608e-03 3.00657914e+00 3.01052841e+00 1.96307039e-03 3.00081087e+00 5.54432636e-02 1.58099569e-03 5.76826805e-03
105              3.06806160e+00 3.41407087e-03 3.61341168e+00 3.01398576e+00 1.91170874e-03 3.60744787e+00 5.40758350e-02 1.50236213e-03 5.96381731e-03
106              3.07576587e+00 3.29509449e-03 4.22707540e+00 3.02301094e+00 1.88107203e-03 4.22097054e+00 5.27549322e-02 1.41402246e-03 6.10485436e-03
107              3.08763423e+00 3.22466934e-03 4.81355508e+00 3.03623782e+00 1.87193527e-03 4.80732233e+00 5.13964018e-02 1.35273407e-03 6.23274880e-03
108              3.10217922e+00 3.19314305e-03 5.31474770e+00 3.05206341e+00 1.88996057e-03 5.30835262e+00 5.01158129e-02 1.30318248e-03 6.39507983e-03
109              3.12010861e+00 3.19179665e-03 5.75777098e+00 3.07115568e+00 1.93395965e-03 5.75119727e+00 4.89529292e-02 1.25783700e-03 6.57370173e-03
110              3.14108852e+00 3.20134922e-03 6.11411803e+00 3.09300222e+00 1.99578638e-03 6.10734018e+00 4.80863010e-02 1.20556284e-03 6.77785222e-03
111              3.16459404e+00 3.21422233e-03 6.36919063e+00 3.11706751e+00 2.06780440e-03 6.36225526e+00 4.75265300e-02 1.14641792e-03 6.93537596e-03
112              3.18993583e+00 3.22064931e-03 6.51752317e+00 3.14261768e+00 2.13886921e-03 6.51054033e+00 4.73181484e-02 1.08178010e-03 6.98284565e-03
113              3.21732026e+00 3.22507212e-03 6.56728239e+00 3.16985430e+00 2.20274439e-03 6.56038302e+00 4.74659607e-02 1.02232773e-03 6.89936926e-03
114              3.24576423e+00 3.22158760e-03 6.50538831e+00 3.19782706e+00 2.26470092e-03 6.49859554e+00 4.79371640e-02 9.56886683e-04 6.79277559e-03
115              3.27370288e+00 3.24492016e-03 6.35326818e+00 3.22503187e+00 2.34908086e-03 6.34662604e+00 4.86710143e-02 8.95839299e-04 6.64214127e-03
116              3.29915815e+00 3.31377360e-03 6.12175298e+00 3.24948706e+00 2.46540625e-03 6.11526097e+00 4.96710882e-02 8.48367344e-04 6.49200906e-03
117              3.32040116e+00 3.41051583e-03 5.81669892e+00 3.26961685e+00 2.60829806e-03 5.81035394e+00 5.07843072e-02 8.02217773e-04 6.34498477e-03
118              3.33684052e+00 3.52661358e-03 5.44863062e+00 3.28487838e+00 2.76322662e-03 5.44244174e+00 5.19621472e-02 7.63386961e-04 6.18888331e-03
119              3.34853807e+00 3.63927056e-03 5.03391569e+00 3.29542303e+00 2.90972781e-03 5.02787985e+00 5.31150313e-02 7.29542754e-04 6.03584853e-03
120              3.35572396e+00 3.74770562e-03 4.59103822e+00 3.30147853e+00 3.03004715e-03 4.58514348e+00 5.42454282e-02 7.17658475e-04 5.89473942e-03
121              3.35849432e+00 3.84506437e-03 4.13810289e+00 3.30318163e+00 3.11451084e-03 4.13232383e+00 5.53126917e-02 7.30553535e-04 5.77905287e-03
122              3.35697682e+00 3.91315176e-03 3.69110695e+00 3.30064457e+00 3.16061786e-03 3.68541866e+00 5.63322409e-02 7.52533894e-04 5.68828813e-03
123              3.35198241e+00 3.95049815e-03 3.29172957e+00 3.29472955e+00 3.17060823e-03 3.28610151e+00 5.72528618e-02 7.79889921e-04 5.62806040e-03
124              3.34304402e+00 3.96239432e-03 2.90759813e+00 3.28490699e+00 3.15033404e-03 2.90202017e+00 5.81370245e-02 8.12060285e-04 5.57795696e-03
125              3.33024300e+00 3.95289672e-03 2.55955435e+00 3.27142773e+00 3.09688002e-03 2.55400641e+00 5.88152648e-02 8.56016705e-04 5.54793958e-03
126              3.31402058e+00 3.91913530e-03 2.26105392e+00 3.25470717e+00 3.01693879e-03 2.25553117e+00 5.93134092e-02 9.02196509e-04 5.52274384e-03
127              3.29488252e+00 3.85579597e-03 2.01821365e+00 3.23532768e+00 2.90215272e-03 2.01270270e+00 5.95548397e-02 9.53643249e-04 5.51095118e-03
128              3.27368436e+00 3.76177312e-03 1.83492894e+00 3.21410716e+00 2.76841154e-03 1.82943987e+00 5.95771996e-02 9.93361582e-04 5.48907350e-03
129              3.25129772e+00 3.66070273e-03 1.71430799e+00 3.19192789e+00 2.62722911e-03 1.70883605e+00 5.93698290e-02 1.03347362e-03 5.47194175e-03
130              3.22814547e+00 3.55005125e-03 1.65434646e+00 3.16915545e+00 2.48066215e-03 1.64885361e+00 5.89900177e-02 1.06938909e-03 5.49285557e-03
131              3.20544978e+00 3.44256362e-03 1.66829793e+00 3.14698369e+00 2.34062256e-03 1.66279457e+00 5.84660856e-02 1.10194106e-03 5.50335277e-03
132              3.18421236e+00 3.33980779e-03 1.74890618e+00 3.12635906e+00 2.22703218e-03 1.74335520e+00 5.78533022e-02 1.11277561e-03 5.55098428e-03
133              3.16616110e+00 3.24255126e-03 1.91824955e+00 3.10882091e+00 2.14255867e-03 1.91258510e+00 5.73401844e-02 1.09999259e-03 5.66445247e-03
134              3.14965653e+00 3.13442325e-03 2.15279735e+00 3.09292091e+00 2.06654104e-03 2.14699045e+00 5.67356217e-02 1.06788222e-03 5.80690191e-03
135              3.13543548e+00 3.00147986e-03 2.44593601e+00 3.07943950e+00 1.96802518e-03 2.43997875e+00 5.59959805e-02 1.03345468e-03 5.95726139e-03
136              3.12453268e+00 2.83844480e-03 2.79153796e+00 3.06933643e+00 1.84374953e-03 2.78545820e+00 5.51962542e-02 9.94695270e-04 6.07976215e-03
137              3.11568117e+00 2.65766851e-03 3.15479162e+00 3.06154764e+00 1.70864845e-03 3.14861188e+00 5.41335342e-02 9.49020060e-04 6.17974127e-03
138              3.11157158e+00 2.51353052e-03 3.54133520e+00 3.05841027e+00 1.59702482e-03 3.53508161e+00 5.31613018e-02 9.16505699e-04 6.25359504e-03
139              3.11239755e+00 2.39412951e-03 3.93619053e+00 3.06013859e+00 1.51745211e-03 3.92988627e+00 5.22589530e-02 8.76677402e-04 6.30425762e-03
140              3.11746694e+00 2.30781728e-03 4.32242956e+00 3.06599534e+00 1.45658093e-03 4.31610519e+00 5.14715965e-02 8.51236347e-04 6.32436174e-03
141              3.12608657e+00 2.22593248e-03 4.68498310e+00 3.07532114e+00 1.40675129e-03 4.67861565e+00 5.07654356e-02 8.19181188e-04 6.36745686e-03
142              3.13716505e+00 2.16077969e-03 4.99116997e+00 3.08696956e+00 1.36923011e-03 4.98470863e+00 5.01954934e-02 7.91549584e-04 6.46134139e-03
143              3.15118524e+00 2.09750903e-03 5.26441014e+00 3.10140564e+00 1.35137742e-03 5.25785359e+00 4.97795924e-02 7.46131612e-04 6.55654742e-03
144              3.16753724e+00 2.05937092e-03 5.48449889e+00 3.11797233e+00 1.35527050e-03 5.47786141e+00 4.95649096e-02 7.04100418e-04 6.63747745e-03
145              3.18564899e+00 2.03372335e-03 5.63952086e+00 3.13613587e+00 1.37901618e-03 5.63283521e+00 4.95131192e-02 6.54707169e-04 6.68565225e-03
146              3.20489955e+00 2.03596180e-03 5.72405328e+00 3.15525958e+00 1.41951119e-03 5.71737432e+00 4.96399718e-02 6.16450616e-04 6.67895556e-03
147              3.22503892e+00 2.05762155e-03 5.73626590e+00 3.17508500e+00 1.47338690e-03 5.72966484e+00 4.99539177e-02 5.84234654e-04 6.60106940e-03
148              3.24540236e+00 2.09543119e-03 5.66711941e+00 3.19500206e+00 1.53774976e-03 5.66059952e+00 5.04003078e-02 5.57681426e-04 6.51989063e-03
149              3.26426881e+00 2.14420611e-03 5.51165072e+00 3.21341481e+00 1.60923790e-03 5.50523694e+00 5.08540001e-02 5.34968208e-04 6.41378020e-03
150              3.28251368e+00 2.21537047e-03 5.29536761e+00 3.23095492e+00 1.70837064e-03 5.28907317e+00 5.15587649e-02 5.06999834e-04 6.29443375e-03
151              3.29856982e+00 2.32893438e-03 5.02907980e+00 3.24617905e+00 1.84805284e-03 5.02292799e+00 5.23907614e-02 4.80881543e-04 6.15180041e-03
152              3.31064131e+00 2.47477442e-03 4.71887990e+00 3.25734765e+00 2.02922206e-03 4.71290003e+00 5.32936570e-02 4.45552365e-04 5.97986584e-03
153              3.31942135e+00 2.64308839e-03 4.38990962e+00 3.26513318e+00 2.23679594e-03 4.38408814e+00 5.42881757e-02 4.06292454e-04 5.82148266e-03
154              3.32408115e+00 2.80183762e-03 4.04762810e+00 3.26885462e+00 2.43827302e-03 4.04191037e+00 5.52265254e-02 3.63564603e-04 5.71772941e-03
155              3.32457405e+00 2.94675928e-03 3.70585610e+00 3.26845730e+00 2.60464594e-03 3.70017478e+00 5.61167511e-02 3.42113338e-04 5.68131682e-03
156              3.32170440e+00 3.05633734e-03 3.38033433e+00 3.26471630e+00 2.72116011e-03 3.37463034e+00 5.69880972e-02 3.35177235e-04 5.70399848e-03
157              3.31636950e+00 3.13960414e-03 3.10399828e+00 3.25860581e+00 2.78463248e-03 3.09825436e+00 5.77636874e-02 3.54971662e-04 5.74391971e-03
158              3.30828339e+00 3.19709999e-03 2.85369338e+00 3.24986753e+00 2.80094555e-03 2.84790971e+00 5.84158669e-02 3.96154441e-04 5.78367374e-03
159              3.29748968e+00 3.23514337e-03 2.64257459e+00 3.23864090e+00 2.78386593e-03 2.63675268e+00 5.88487772e-02 4.51277437e-04 5.82190689e-03
160              3.28427603e+00 3.25470475e-03 2.47677249e+00 3.22520491e+00 2.74970799e-03 2.47093445e+00 5.90711226e-02 5.04996757e-04 5.83804087e-03
161              3.26906728e+00 3.27789688e-03 2.35550404e+00 3.21003787e+00 2.71662297e-03 2.34967429e+00 5.90294134e-02 5.61273903e-04 5.82974925e-03
162              3.25254121e+00 3.29810897e-03 2.27679775e+00 3.19378403e+00 2.70186767e-03 2.27100345e+00 5.87571805e-02 5.96241301e-04 5.79430025e-03
163              3.23542698e+00 3.32417694e-03 2.23988049e+00 3.17715729e+00 2.71573683e-03 2.23412688e+00 5.82696823e-02 6.08440114e-04 5.75360597e-03
164              3.21786411e+00 3.35988152e-03 2.24332885e+00 3.16023656e+00 2.76599925e-03 2.23760271e+00 5.76275475e-02 5.93882269e-04 5.72614659e-03
165              3.20095352e+00 3.41227188e-03 2.30700452e+00 3.14401612e+00 2.84657291e-03 2.30129278e+00 5.69373999e-02 5.65698966e-04 5.71173657e-03
166              3.18407040e+00 3.48622518e-03 2.40995562e+00 3.12781788e+00 2.94443016e-03 2.40421847e+00 5.62525245e-02 5.41795021e-04 5.73714418e-03
167              3.16808765e+00 3.57396719e-03 2.54936937e+00 3.11252944e+00 3.03946293e-03 2.54355791e+00 5.55582027e-02 5.34504258e-04 5.81146353e-03
168              3.15398268e+00 3.66057364e-03 2.72641452e+00 3.09905388e+00 3.11132550e-03 2.72049497e+00 5.49287932e-02 5.49248136e-04 5.91955413e-03
169              3.14238784e+00 3.72437480e-03 2.94172980e+00 3.08806853e+00 3.14751677e-03 2.93567074e+00 5.43193132e-02 5.76858031e-04 6.05905518e-03
170              3.13384797e+00 3.74509931e-03 3.19353109e+00 3.08008559e+00 3.13889225e-03 3.18732534e+00 5.37623812e-02 6.06207057e-04 6.20575540e-03
171              3.12857955e+00 3.69100487e-03 3.47488595e+00 3.07539611e+00 3.08413294e-03 3.46854072e+00 5.31834396e-02 6.06871930e-04 6.34522845e-03
172              3.12524059e+00 3.58027183e-03 3.75910656e+00 3.07278170e+00 2.98304556e-03 3.75265923e+00 5.24588867e-02 5.97226269e-04 6.44733311e-03
173              3.12553369e+00 3.42397383e-03 4.04940475e+00 3.07373138e+00 2.84985464e-03 4.04289521e+00 5.18023080e-02 5.74119192e-04 6.50954008e-03
174              3.12954520e+00 3.24883044e-03 4.33420651e+00 3.07826501e+00 2.69260726e-03 4.32767899e+00 5.12801844e-02 5.56223175e-04 6.52751875e-03
175              3.13680703e+00 3.04969229e-03 4.60347822e+00 3.08593171e+00 2.51334997e-03 4.59694466e+00 5.08753237e-02 5.36342316e-04 6.53355953e-03
176              3.14622835e+00 2.86365699e-03 4.83346389e+00 3.09561793e+00 2.33724893e-03 4.82688621e+00 5.06104197e-02 5.26408056e-04 6.57768696e-03
177              3.15814429e+00 2.67695486e-03 5.04258829e+00 3.10770465e+00 2.17275408e-03 5.03596138e+00 5.04396416e-02 5.04200782e-04 6.62691678e-03
178              3.17206781e+00 2.52134825e-03 5.21575795e+00 3.12162710e+00 2.03599964e-03 5.20908836e+00 5.04407135e-02 4.85348610e-04 6.66959103e-03
179              3.18735609e+00 2.40572377e-03 5.34151007e+00 3.13679884e+00 1.93598361e-03 5.33481689e+00 5.05572537e-02 4.69740161e-04 6.69317913e-03
180              3.20350636e+00 2.33437606e-03 5.41235885e+00 3.15266901e+00 1.86319236e-03 5.40568397e+00 5.08373570e-02 4.71183703e-04 6.67488070e-03
181              3.22033873e+00 2.28327250e-03 5.42080808e+00 3.16909318e+00 1.80735822e-03 5.41421945e+00 5.12455557e-02 4.75914278e-04 6.58862605e-03
182              3.23658998e+00 2.24289380e-03 5.34504529e+00 3.18490907e+00 1.75413768e-03 5.33856839e+00 5.16809160e-02 4.88756118e-04 6.47689966e-03
183              3.25342936e+00 2.20436442e-03 5.20544980e+00 3.20120062e+00 1.71209529e-03 5.19911192e+00 5.22287418e-02 4.92269127e-04 6.33788142e-03
184              3.27031121e+00 2.18049826e-03 5.01699947e+00 3.21742064e+00 1.69371290e-03 5.01081911e+00 5.28905626e-02 4.86785360e-04 6.18036182e-03
185              3.28496411e+00 2.17814889e-03 4.78559269e+00 3.23138994e+00 1.70790394e-03 4.77959810e+00 5.35741735e-02 4.70244958e-04 5.99459540e-03
186              3.29559180e+00 2.20508860e-03 4.51566460e+00 3.24130247e+00 1.75651151e-03 4.50985278e+00 5.42893275e-02 4.48577090e-04 5.81181906e-03
187              3.30192463e+00 2.26516607e-03 4.21841306e+00 3.24694143e+00 1.83460479e-03 4.21273240e+00 5.49832018e-02 4.30561283e-04 5.68065852e-03
188              3.30560734e+00 2.33580331e-03 3.91999683e+00 3.24988364e+00 1.93191917e-03 3.91436603e+00 5.57236952e-02 4.03884138e-04 5.63079837e-03
189              3.30669254e+00 2.40933064e-03 3.63189306e+00 3.25030969e+00 2.02132085e-03 3.62623088e+00 5.63828482e-02 3.88009792e-04 5.66218599e-03
190              3.30489894e+00 2.46660911e-03 3.36469584e+00 3.24791099e+00 2.08747622e-03 3.35895506e+00 5.69879436e-02 3.79132887e-04 5.74078078e-03
191              3.30071622e+00 2.51584200e-03 3.14373184e+00 3.24320493e+00 2.13141780e-03 3.13789983e+00 5.75112871e-02 3.84424206e-04 5.83200988e-03
192              3.29408347e+00 2.55995985e-03 2.94971667e+00 3.23613318e+00 2.16171505e-03 2.94379748e+00 5.79502884e-02 3.98244798e-04 5.91919356e-03
193              3.28500286e+00 2.62619591e-03 2.79144548e+00 3.22679950e+00 2.19639976e-03 2.78545560e+00 5.82033550e-02 4.29796145e-04 5.98988242e-03
194              3.27372265e+00 2.70115797e-03 2.67095407e+00 3.21542011e+00 2.24983185e-03 2.66492775e+00 5.83025393e-02 4.51326126e-04 6.02631833e-03
195              3.26063277e+00 2.79810045e-03 2.58493481e+00 3.20243765e+00 2.33597957e-03 2.57891815e+00 5.81951174e-02 4.62120872e-04 6.01666344e-03
196              3.24633207e+00 2.91341538e-03 2.52978371e+00 3.18841796e+00 2.46680986e-03 2.52381313e+00 5.79141113e-02 4.46605526e-04 5.97058333e-03
197              3.23084168e+00 3.05433513e-03 2.50036569e+00 3.17340238e+00 2.66521545e-03 2.49444870e+00 5.74392968e-02 3.89119681e-04 5.91699620e-03
198              3.21492965e+00 3.23033343e-03 2.51583684e+00 3.15807481e+00 2.91778889e-03 2.50998342e+00 5.68548397e-02 3.12544540e-04 5.85341721e-03
199              3.19849612e+00 3.42431304e-03 2.56138167e+00 3.14226952e+00 3.19746334e-03 2.55557331e+00 5.62265980e-02 2.26849694e-04 5.80836266e-03
200              3.18234682e+00 3.63529732e-03 2.63607333e+00 3.12672521e+00 3.46587733e-03 2.63027315e+00 5.56216123e-02 1.69419988e-04 5.80018782e-03
201              3.16725810e+00 3.84239336e-03 2.74251112e+00 3.11220988e+00 3.68972824e-03 2.73667159e+00 5.50482231e-02 1.52665127e-04 5.83953176e-03
202              3.15396494e+00 4.04269866e-03 2.88404503e+00 3.09944378e+00 3.84968455e-03 2.87811546e+00 5.45211621e-02 1.93014109e-04 5.92956817e-03
203              3.14319126e+00 4.19109937e-03 3.06457405e+00 3.08920650e+00 3.93919111e-03 3.05851122e+00 5.39847580e-02 2.51908264e-04 6.06283214e-03
204              3.13544653e+00 4.27515116e-03 3.28447713e+00 3.08196154e+00 3.96441672e-03 3.27825552e+00 5.34849989e-02 3.10734436e-04 6.22160707e-03
205              3.13086551e+00 4.25490332e-03 3.53832343e+00 3.07790602e+00 3.92439475e-03 3.53194871e+00 5.29594863e-02 3.30508565e-04 6.37471938e-03
206              3.12794576e+00 4.13533885e-03 3.80023374e+00 3.07563543e+00 3.80854290e-03 3.79374738e+00 5.23103287e-02 3.26795945e-04 6.48636504e-03
207              3.12836823e+00 3.94161379e-03 4.07266634e+00 3.07662755e+00 3.62432609e-03 4.06611356e+00 5.17406764e-02 3.17287703e-04 6.55278384e-03
208              3.13222611e+00 3.70328716e-03 4.34342058e+00 3.08088639e+00 3.38717658e-03 4.33684152e+00 5.13397218e-02 3.16110585e-04 6.57905891e-03
209              3.13905464e+00 3.42358073e-03 4.60072128e+00 3.08800486e+00 3.10455482e-03 4.59413490e+00 5.10497871e-02 3.19025914e-04 6.58637193e-03
210              3.14794486e+00 3.14508595e-03 4.82163442e+00 3.09705124e+00 2.81709153e-03 4.81501828e+00 5.08936190e-02 3.27994425e-04 6.61613852e-03
211              3.15921799e+00 2.86457375e-03 5.02174621e+00 3.10843718e+00 2.53565158e-03 5.01510623e+00 5.07808034e-02 3.28922172e-04 6.63997026e-03
212              3.17249534e+00 2.61045153e-03 5.18677879e+00 3.12169102e+00 2.27890675e-03 5.18011761e+00 5.08043174e-02 3.31544771e-04 6.66118462e-03
213              3.18715804e+00 2.40189526e-03 5.30514584e+00 3.13624624e+00 2.05765096e-03 5.29847571e+00 5.09117959e-02 3.44244304e-04 6.67013156e-03
214              3.20313418e+00 2.24421596e-03 5.37134310e+00 3.15193985e+00 1.86028418e-03 5.36471284e+00 5.11943275e-02 3.83931779e-04 6.63026864e-03
215              3.21899392e+00 2.10748385e-03 5.35742586e+00 3.16749624e+00 1.67997237e-03 5.35087096e+00 5.14976762e-02 4.27511480e-04 6.55490005e-03
216              3.23577813e+00 1.99055936e-03 5.27708248e+00 3.18380867e+00 1.52777833e-03 5.27064218e+00 5.19694557e-02 4.62781022e-04 6.44029958e-03
217              3.25328584e+00 1.88837215e-03 5.14100619e+00 3.20073859e+00 1.40978034e-03 5.13470718e+00 5.25472509e-02 4.78591811e-04 6.29900255e-03
218              3.27022261e+00 1.80635327e-03 4.95818529e+00 3.21702616e+00 1.33024658e-03 4.95205748e+00 5.31964430e-02 4.76106692e-04 6.12780983e-03
219              3.28438533e+00 1.74545631e-03 4.73281826e+00 3.23051558e+00 1.29241491e-03 4.72688574e+00 5.38697494e-02 4.53041395e-04 5.93252175e-03
220              3.29437418e+00 1.72141509e-03 4.47099332e+00 3.23980623e+00 1.29917612e-03 4.46523167e+00 5.45679462e-02 4.22238968e-04 5.76164844e-03
221              3.30103947e+00 1.74149769e-03 4.19526820e+00 3.24573708e+00 1.35773093e-03 4.18961496e+00 5.53023898e-02 3.83766756e-04 5.65324038e-03
222              3.30407888e+00 1.78322567e-03 3.91248639e+00 3.24812606e+00 1.43975484e-03 3.90685186e+00 5.59528204e-02 3.43470822e-04 5.63452524e-03
223              3.30366812e+00 1.83916767e-03 3.63514661e+00 3.24714251e+00 1.52614543e-03 3.62946708e+00 5.65256093e-02 3.13022235e-04 5.67953586e-03
224              3.30065706e+00 1.88543636e-03 3.37669231e+00 3.24359137e+00 1.60609327e-03 3.37091484e+00 5.70656956e-02 2.79343090e-04 5.77747027e-03
225              3.29579115e+00 1.93763403e-03 3.16284421e+00 3.23826463e+00 1.68293451e-03 3.15697255e+00 5.75265183e-02 2.54699523e-04 5.87166376e-03
226              3.28887211e+00 2.00790745e-03 2.97458871e+00 3.23097966e+00 1.76330695e-03 2.96863720e+00 5.78924491e-02 2.44600492e-04 5.95151016e-03
227              3.27990184e+00 2.12275122e-03 2.82105156e+00 3.22181896e+00 1.86081239e-03 2.81504053e+00 5.80828812e-02 2.61938831e-04 6.01103645e-03
228              3.26898056e+00 2.26674300e-03 2.70461832e+00 3.21087366e+00 1.98788205e-03 2.69858358e+00 5.81069003e-02 2.78860952e-04 6.03473831e-03
229              3.25641690e+00 2.42938303e-03 2.62289834e+00 3.19847943e+00 2.15606454e-03 2.61688288e+00 5.79374689e-02 2.73318496e-04 6.01545859e-03
230              3.24226732e+00 2.62622784e-03 2.56741786e+00 3.18468531e+00 2.38513293e-03 2.56143981e+00 5.75820028e-02 2.41094910e-04 5.97804766e-03
231              3.22743090e+00 2.84619708e-03 2.54822145e+00 3.17037098e+00 2.69650056e-03 2.54231482e+00 5.70599264e-02 1.49696521e-04 5.90663134e-03
232              3.21219946e+00 3.10131046e-03 2.57019733e+00 3.15572324e+00 3.07034575e-03 2.56434373e+00 5.64762170e-02 3.09647083e-05 5.85359721e-03
233              3.19632030e+00 3.37711898e-03 2.62044809e+00 3.14046407e+00 3.47101525e-03 2.61461393e+00 5.58562303e-02 -9.38962642e-05 5.83415350e-03
234              3.18069784e+00 3.67892316e-03 2.69917453e+00 3.12542569e+00 3.85427195e-03 2.69332601e+00 5.52721534e-02 -1.75348795e-04 5.84851414e-03
235              3.16618911e+00 3.99267552e-03 2.80893736e+00 3.11145778e+00 4.18082206e-03 2.80302952e+00 5.47313305e-02 -1.88146549e-04 5.90783889e-03
236              3.15360591e+00 4.29242169e-03 2.95315206e+00 3.09935804e+00 4.43152736e-03 2.94714241e+00 5.42478759e-02 -1.39105670e-04 6.00964488e-03
237              3.14361901e+00 4.52712015e-03 3.13482186e+00 3.08985266e+00 4.60288290e-03 3.12867260e+00 5.37663430e-02 -7.57627442e-05 6.14925843e-03
238              3.13665681e+00 4.67695261e-03 3.35340886e+00 3.08336106e+00 4.69949478e-03 3.34710397e+00 5.32957464e-02 -2.25421752e-05 6.30488136e-03
239              3.13141036e+00 4.69311603e-03 3.58654011e+00 3.07875824e+00 4.69749017e-03 3.58009864e+00 5.26521182e-02 -4.37413835e-06 6.44147416e-03
240              3.12971204e+00 4.60915097e-03 3.84068752e+00 3.07762858e+00 4.60277958e-03 3.83414759e+00 5.20834586e-02 6.37138764e-06 6.53992972e-03
241              3.13153436e+00 4.42568051e-03 4.10452557e+00 3.07989996e+00 4.40518601e-03 4.09793165e+00 5.16343929e-02 2.04945045e-05 6.59391230e-03
242              3.13634969e+00 4.15792114e-03 4.36487219e+00 3.08504283e+00 4.10072597e-03 4.35825779e+00 5.13068625e-02 5.71951659e-05 6.61440118e-03
243              3.14375487e+00 3.80607940e-03 4.61074300e+00 3.09268073e+00 3.70371550e-03 4.60412407e+00 5.10741429e-02 1.02363904e-04 6.61892250e-03
244              3.15291237e+00 3.43252895e-03 4.82039272e+00 3.10197198e+00 3.28607821e-03 4.81374867e+00 5.09403935e-02 1.46450746e-04 6.64405069e-03
245              3.16429310e+00 3.05125394e-03 5.00790383e+00 3.11342193e+00 2.86714495e-03 5.00124353e+00 5.08711710e-02 1.84108987e-04 6.66029589e-03
246              3.17754201e+00 2.70020928e-03 5.15951242e+00 3.12660965e+00 2.47569722e-03 5.15283573e+00 5.09323656e-02 2.24512063e-04 6.67669856e-03
247              3.19205062e+00 2.41085238e-03 5.26309442e+00 3.14094686e+00 2.12844325e-03 5.25642362e+00 5.11037634e-02 2.82409123e-04 6.67079969e-03
248              3.20767442e+00 2.17936596e-03 5.31147895e+00 3.15624860e+00 1.80926296e-03 5.30487054e+00 5.14258241e-02 3.70103001e-04 6.60840685e-03
249              3.22311917e+00 1.96781877e-03 5.27900222e+00 3.17132852e+00 1.51490798e-03 5.27249460e+00 5.17906496e-02 4.52910790e-04 6.50762398e-03
250              3.23940419e+00 1.78527637e-03 5.18061623e+00 3.18712058e+00 1.26771515e-03 5.17424649e+00 5.22836068e-02 5.17561223e-04 6.36974254e-03
251              3.25634785e+00 1.62072573e-03 5.02924814e+00 3.20346224e+00 1.07384749e-03 5.02303459e+00 5.28856048e-02 5.46878239e-04 6.21354724e-03
252              3.27235328e+00 1.47737174e-03 4.83392944e+00 3.21883866e+00 9.29375100e-04 4.82789661e+00 5.35146149e-02 5.47996645e-04 6.03282396e-03
253              3.28537858e+00 1.35262344e-03 4.60022344e+00 3.23118131e+00 8.32577427e-04 4.59438238e+00 5.41972686e-02 5.20046011e-04 5.84105592e-03
254              3.29415636e+00 1.26036210e-03 4.33559495e+00 3.23929307e+00 7.88867634e-04 4.32989661e+00 5.48632893e-02 4.71494463e-04 5.69834617e-03
255              3.29974593e+00 1.22749434e-03 4.06238433e+00 3.24417365e+00 8.20957260e-04 4.05675139e+00 5.55722725e-02 4.06537077e-04 5.63293729e-03
256              3.30199490e+00 1.23772407e-03 3.78836988e+00 3.24582394e+00 9.00099825e-04 3.78272180e+00 5.61709594e-02 3.37624249e-04 5.64808232e-03
257              3.30103121e+00 1.27771371e-03 3.52521148e+00 3.24432523e+00 1.00913263e-03 3.51949562e+00 5.67059810e-02 2.68581074e-04 5.71586296e-03
258              3.29759152e+00 1.32523397e-03 3.29810791e+00 3.24042896e+00 1.13644882e-03 3.29229560e+00 5.71625662e-02 1.88785155e-04 5.81231485e-03
259              3.29211769e+00 1.39311978e-03 3.09262857e+00 3.23453635e+00 1.28327814e-03 3.08671581e+00 5.75813378e-02 1.09841634e-04 5.91276783e-03
260              3.28455962e+00 1.50593196e-03 2.91951939e+00 3.22671477e+00 1.45252042e-03 2.91352682e+00 5.78448435e-02 5.34115324e-05 5.99256362e-03
261              3.27515898e+00 1.67396715e-03 2.78338970e+00 3.21716329e+00 1.64123964e-03 2.77734538e+00 5.79956916e-02 3.27275046e-05 6.04432632e-03
262              3.26393737e+00 1.87647924e-03 2.68196027e+00 3.20596060e+00 1.85691001e-03 2.67590447e+00 5.79767674e-02 1.95692302e-05 6.05579344e-03
263              3.25128357e+00 2.10017632e-03 2.61235857e+00 3.19347045e+00 2.10777224e-03 2.60633243e+00 5.78131184e-02 -7.59592077e-06 6.02614051e-03
264              3.23707776e+00 2.35285841e-03 2.56681482e+00 3.17961948e+00 2.43758064e-03 2.56083413e+00 5.74582862e-02 -8.47222240e-05 5.98069335e-03
265              3.22237562e+00 2.65028903e-03 2.55499557e+00 3.16542568e+00 2.84542722e-03 2.54909209e+00 5.69499392e-02 -1.95138188e-04 5.90348255e-03
266              3.20740470e+00 2.98253627e-03 2.58347131e+00 3.15102801e+00 3.31811321e-03 2.57761742e+00 5.63766947e-02 -3.35576935e-04 5.85388611e-03
267              3.19194487e+00 3.34720490e-03 2.64037209e+00 3.13614170e+00 3.80530456e-03 2.63452934e+00 5.58031672e-02 -4.58099655e-04 5.84275064e-03
268              3.17684481e+00 3.73970734e-03 2.72614950e+00 3.12162806e+00 4.25856029e-03 2.72028451e+00 5.52167468e-02 -5.18852942e-04 5.86499133e-03
269              3.16319120e+00 4.13932901e-03 2.84508736e+00 3.10850483e+00 4.63977260e-03 2.83915074e+00 5.46863696e-02 -5.00443581e-04 5.93661795e-03
270              3.15163901e+00 4.50037753e-03 2.99998161e+00 3.09747016e+00 4.93868023e-03 2.99393055e+00 5.41688540e-02 -4.38302705e-04 6.05106215e-03
271              3.14277054e+00 4.79093416e-03 3.19253635e+00 3.08911003e+00 5.15750974e-03 3.18633665e+00 5.36605065e-02 -3.66575580e-04 6.19969413e-03
272              3.13680890e+00 4.99270483e-03 3.42001095e+00 3.08365679e+00 5.29774417e-03 3.41366008e+00 5.31521083e-02 -3.05039343e-04 6.35086810e-03
273              3.13239523e+00 5.03317746e-03 3.65928492e+00 3.07989845e+00 5.31279811e-03 3.65280822e+00 5.24967725e-02 -2.79620647e-04 6.47669678e-03
274              3.13133610e+00 4.95748172e-03 3.91546812e+00 3.07938888e+00 5.20382028e-03 3.90890328e+00 5.19472236e-02 -2.46338564e-04 6.56483604e-03
275              3.13367279e+00 4.75419472e-03 4.17692481e+00 3.08214785e+00 4.95046173e-03 4.17030927e+00 5.15249340e-02 -1.96267013e-04 6.61554405e-03
276              3.13902762e+00 4.42744136e-03 4.43085071e+00 3.08779324e+00 4.55110129e-03 4.42421613e+00 5.12343728e-02 -1.23659932e-04 6.63458020e-03
277              3.14701766e+00 3.99622010e-03 4.66680493e+00 3.09598890e+00 4.03519983e-03 4.66017053e+00 5.10287612e-02 -3.89797238e-05 6.63439599e-03
278              3.15677457e+00 3.53836088e-03 4.86447632e+00 3.10585148e+00 3.50041572e-03 4.85782511e+00 5.09230886e-02 3.79451566e-05 6.65121403e-03
279              3.16866728e+00 3.08219359e-03 5.03741497e+00 3.11778070e+00 2.97020608e-03 5.03075215e+00 5.08865843e-02 1.11987509e-04 6.66281717e-03
280              3.18226389e+00 2.68203408e-03 5.17167136e+00 3.13126085e+00 2.46843960e-03 5.16500069e+00 5.10030344e-02 2.13594481e-04 6.67066847e-03
281              3.19722839e+00 2.32647430e-03 5.25934209e+00 3.14597426e+00 1.99744776e-03 5.25271009e+00 5.12541232e-02 3.29026532e-04 6.63199923e-03
282              3.21217096e+00 2.02394106e-03 5.26941155e+00 3.16059140e+00 1.57675837e-03 5.26284402e+00 5.15795611e-02 4.47182686e-04 6.56752969e-03
283              3.22795684e+00 1.78562730e-03 5.21328412e+00 3.17592894e+00 1.23792932e-03 5.20683890e+00 5.20278963e-02 5.47697981e-04 6.44521959e-03
284              3.24448201e+00 1.59376907e-03 5.09912113e+00 3.19189248e+00 9.77782330e-04 5.09282977e+00 5.25895358e-02 6.15986741e-04 6.29135764e-03
285              3.26086008e+00 1.42011735e-03 4.93531349e+00 3.20766124e+00 7.78424803e-04 4.92919792e+00 5.31988415e-02 6.41692542e-04 6.11557053e-03
286              3.27551934e+00 1.25310988e-03 4.72981744e+00 3.22167377e+00 6.21357319e-04 4.72388737e+00 5.38455695e-02 6.31752566e-04 5.93006953e-03
287              3.28677614e+00 1.08915889e-03 4.48980471e+00 3.23226597e+00 5.05673421e-04 4.48403927e+00 5.45101669e-02 5.83485465e-04 5.76543717e-03
288              3.29383480e+00 9.58038186e-04 4.22392459e+00 3.23866719e+00 4.43441657e-04 4.21825942e+00 5.51676024e-02 5.14596529e-04 5.66516746e-03
289              3.29792857e+00 8.89366834e-04 3.95448443e+00 3.24209977e+00 4.70742463e-04 3.94884326e+00 5.58287979e-02 4.18624371e-04 5.64116955e-03
290              3.29907099e+00 8.72174763e-04 3.69024638e+00 3.24267666e+00 5.53213595e-04 3.68456293e+00 5.63943289e-02 3.18961167e-04 5.68345099e-03
291              3.29717798e+00 8.81890465e-04 3.44127139e+00 3.24032204e+00 6.70635741e-04 3.43550920e+00 5.68559387e-02 2.11254724e-04 5.76219002e-03
292              3.29295416e+00 9.13094566e-04 3.23038772e+00 3.23569039e+00 8.11090395e-04 3.22453185e+00 5.72637636e-02 1.02004171e-04 5.85587244e-03
293              3.28681832e+00 9.82789138e-04 3.04254483e+00 3.22923060e+00 9.74105751e-04 3.03659265e+00 5.75877167e-02 8.68338669e-06 5.95218225e-03
294              3.27891244e+00 1.11741964e-03 2.88809027e+00 3.22110867e+00 1.16231990e-03 2.88206692e+00 5.78037683e-02 -4.49002538e-05 6.02334742e-03
295              3.26933842e+00 1.32735954e-03 2.76998800e+00 3.21147032e+00 1.37383379e-03 2.76392126e+00 5.78681013e-02 -4.64742494e-05 6.06674059e-03
296              3.25816281e+00 1.57562366e-03 2.68590920e+00 3.20034881e+00 1.61920731e-03 2.67983895e+00 5.78139977e-02 -4.35836488e-05 6.07024523e-03
297              3.24517167e+00 1.85882735e-03 2.62573994e+00 3.18760292e+00 1.92209907e-03 2.61968530e+00 5.75687458e-02 -6.32717239e-05 6.05463981e-03
298              3.23120114e+00 2.16439415e-03 2.59927874e+00 3.17401725e+00 2.32869379e-03 2.59329517e+00 5.71838832e-02 -1.64299637e-04 5.98356987e-03
299              3.21650358e+00 2.52924806e-03 2.61020719e+00 3.15982360e+00 2.84379123e-03 2.60427909e+00 5.66799808e-02 -3.14543170e-04 5.92810011e-03
300              3.20109824e+00 2.95110364e-03 2.64773114e+00 3.14497430e+00 3.44267746e-03 2.64183589e+00 5.61239435e-02 -4.91573814e-04 5.89525092e-03
301              3.18587445e+00 3.42149681e-03 2.71347246e+00 3.13034905e+00 4.07421963e-03 2.70758243e+00 5.55254024e-02 -6.52722825e-04 5.89003637e-03
302              3.17164707e+00 3.95009934e-03 2.80966286e+00 3.11666796e+00 4.67164918e-03 2.80374126e+00 5.49791068e-02 -7.21549844e-04 5.92160000e-03
303              3.15909449e+00 4.46818507e-03 2.93909330e+00 3.10465261e+00 5.18420328e-03 2.93308875e+00 5.44418830e-02 -7.16018209e-04 6.00455430e-03
304              3.14885353e+00 4.93675953e-03 3.10377912e+00 3.09491780e+00 5.59820214e-03 3.09764990e+00 5.39357256e-02 -6.61442605e-04 6.12922174e-03
305              3.14130338e+00 5.32228108e-03 3.30360803e+00 3.08789824e+00 5.91433991e-03 3.29733249e+00 5.34051377e-02 -5.92058829e-04 6.27554549e-03
306              3.13534647e+00 5.55380014e-03 3.51847380e+00 3.08258472e+00 6.08385092e-03 3.51206150e+00 5.27617550e-02 -5.30050786e-04 6.41229812e-03
307              3.13278281e+00 5.64900321e-03 3.75702755e+00 3.08060663e+00 6.11617824e-03 3.75050217e+00 5.21761838e-02 -4.67175021e-04 6.52537455e-03
308              3.13365106e+00 5.57489271e-03 4.00921797e+00 3.08190469e+00 5.97244619e-03 4.00261431e+00 5.17463718e-02 -3.97553476e-04 6.60366212e-03
309              3.13747773e+00 5.31070070e-03 4.26195201e+00 3.08604962e+00 5.62023197e-03 4.25530773e+00 5.14281121e-02 -3.09531273e-04 6.64428436e-03
310              3.14388725e+00 4.87154001e-03 4.50310438e+00 3.09266730e+00 5.07960984e-03 4.49645144e+00 5.12199454e-02 -2.08069832e-04 6.65293299e-03
311              3.15254113e+00 4.31030854e-03 4.72228022e+00 3.10145797e+00 4.40558575e-03 4.71563930e+00 5.10831645e-02 -9.52772090e-05 6.64091963e-03
312              3.16320302e+00 3.69910396e-03 4.91147149e+00 3.11215314e+00 3.70293355e-03 4.90484110e+00 5.10498829e-02 -3.82959538e-06 6.63038838e-03
313              3.17549547e+00 3.11854976e-03 5.06203125e+00 3.12439166e+00 3.02239896e-03 5.05540286e+00 5.11038089e-02 9.61507923e-05 6.62838665e-03
314              3.18904810e+00 2.62581148e-03 5.16603016e+00 3.13779013e+00 2.38708088e-03 5.15941880e+00 5.12579720e-02 2.38730605e-04 6.61136095e-03
315              3.20352689e+00 2.20616488e-03 5.21744460e+00 3.15198548e+00 1.81704878e-03 5.21087795e+00 5.15414108e-02 3.89116103e-04 6.56664804e-03
316              3.21786752e+00 1.83896359e-03 5.19901943e+00 3.16596076e+00 1.30568732e-03 5.19252896e+00 5.19067617e-02 5.33276267e-04 6.49047485e-03
317              3.23303242e+00 1.54289753e-03 5.12010893e+00 3.18063029e+00 8.99962544e-04 5.11374055e+00 5.24021280e-02 6.42934982e-04 6.36837692e-03
318              3.24856667e+00 1.30568932e-03 4.98769490e+00 3.19560315e+00 5.97109873e-04 4.98148751e+00 5.29635230e-02 7.08579448e-04 6.20739371e-03
319              3.26346102e+00 1.09817764e-03 4.80997671e+00 3.20989378e+00 3.71695459e-04 4.80395288e+00 5.35672456e-02 7.26482183e-04 6.02383836e-03
320              3.27631237e+00 8.94967114e-04 4.59602002e+00 3.22211859e+00 1.97457271e-04 4.59016693e+00 5.41937747e-02 6.97509842e-04 5.85309716e-03
321              3.28579549e+00 6.96190926e-04 4.35403758e+00 3.23095365e+00 7.04654116e-05 4.34830694e+00 5.48418350e-02 6.25725515e-04 5.73064568e-03
322              3.29225965e+00 5.45793992e-04 4.10309173e+00 3.23674932e+00 3.26574736e-05 4.09741682e+00 5.55103287e-02 5.13136518e-04 5.67491230e-03
323              3.29521610e+00 4.38570512e-04 3.84809072e+00 3.23912115e+00 5.91471250e-05 3.84240362e+00 5.60949420e-02 3.79423386e-04 5.68710540e-03
324              3.29463767e+00 3.80046836e-04 3.59840468e+00 3.23806769e+00 1.45548841e-04 3.59266442e+00 5.65699883e-02 2.34497995e-04 5.74025211e-03
325              3.29139212e+00 3.68937536e-04 3.36618081e+00 3.23441036e+00 2.83445444e-04 3.36035376e+00 5.69817608e-02 8.54920917e-05 5.82704769e-03
326              3.28620944e+00 3.97548805e-04 3.16146863e+00 3.22889085e+00 4.60869319e-04 3.15554141e+00 5.73185980e-02 -6.33205144e-05 5.92722469e-03
327              3.27970022e+00 4.95728745e-04 3.00210334e+00 3.22213560e+00 6.72626776e-04 2.99610741e+00 5.75646204e-02 -1.76898031e-04 5.99592767e-03
328              3.27161145e+00 6.80444147e-04 2.86891823e+00 3.21389916e+00 9.20749583e-04 2.86287277e+00 5.77122848e-02 -2.40305436e-04 6.04546127e-03
329              3.26196065e+00 9.44810012e-04 2.76712098e+00 3.20423851e+00 1.21229170e-03 2.76105035e+00 5.77221370e-02 -2.67481685e-04 6.07063059e-03
330              3.25050989e+00 1.29264298e-03 2.68999085e+00 3.19293950e+00 1.57023630e-03 2.68390339e+00 5.75703928e-02 -2.77593321e-04 6.08746719e-03
331              3.23790895e+00 1.68244359e-03 2.64960599e+00 3.18065053e+00 2.00575661e-03 2.64355592e+00 5.72584198e-02 -3.23313027e-04 6.05007847e-03
332              3.22456194e+00 2.09902210e-03 2.63732487e+00 3.16774319e+00 2.52470793e-03 2.63133188e+00 5.68187541e-02 -4.25685825e-04 5.99299275e-03
333              3.21076163e+00 2.55392267e-03 2.66121308e+00 3.15443223e+00 3.12687946e-03 2.65525217e+00 5.63294029e-02 -5.72956787e-04 5.96091092e-03
334              3.19636573e+00 3.04174656e-03 2.71077504e+00 3.14059852e+00 3.78160058e-03 2.70482447e+00 5.57672074e-02 -7.39854021e-04 5.95057058e-03
335              3.18249008e+00 3.58468601e-03 2.78818485e+00 3.12728415e+00 4.44529641e-03 2.78221516e+00 5.52059242e-02 -8.60610398e-04 5.96968551e-03
336              3.16989196e+00 4.16101173e-03 2.89567795e+00 3.11523444e+00 5.07182287e-03 2.88965631e+00 5.46575131e-02 -9.10811139e-04 6.02164031e-03
337              3.15913205e+00 4.72515601e-03 3.03470299e+00 3.10499152e+00 5.62573061e-03 3.02858660e+00 5.41405234e-02 -9.00574591e-04 6.11638802e-03
338              3.15055841e+00 5.24171535e-03 3.20480309e+00 3.09693013e+00 6.09463595e-03 3.19856597e+00 5.36282793e-02 -8.52920599e-04 6.23712581e-03
339              3.14332802e+00 5.63291116e-03 3.38858830e+00 3.09033963e+00 6.42117965e-03 3.38222585e+00 5.29883832e-02 -7.88268491e-04 6.36244864e-03
340              3.13925677e+00 5.91736809e-03 3.59762023e+00 3.08682293e+00 6.61930927e-03 3.59114074e+00 5.24338376e-02 -7.01941176e-04 6.47949336e-03
341              3.13840517e+00 6.03246976e-03 3.82507194e+00 3.08641596e+00 6.63704549e-03 3.81849079e+00 5.19892059e-02 -6.04575728e-04 6.58114902e-03
342              3.14042502e+00 5.92925468e-03 4.05999279e+00 3.08876599e+00 6.42062420e-03 4.05334336e+00 5.16590386e-02 -4.91369525e-04 6.64942884e-03
343              3.14500016e+00 5.59126133e-03 4.29125681e+00 3.09358626e+00 5.95735403e-03 4.28457849e+00 5.14139035e-02 -3.66092707e-04 6.67832226e-03
344              3.15179640e+00 5.05805554e-03 4.50771756e+00 3.10053401e+00 5.28475686e-03 4.50104518e+00 5.12623911e-02 -2.26701324e-04 6.67238444e-03
345              3.16055329e+00 4.39446381e-03 4.70014397e+00 3.10937702e+00 4.48152756e-03 4.69349509e+00 5.11762761e-02 -8.70637509e-05 6.64887664e-03
346              3.17106965e+00 3.69747910e-03 4.86119729e+00 3.11985235e+00 3.64105740e-03 4.85457030e+00 5.12173015e-02 5.64216999e-05 6.62699052e-03
347              3.18291756e+00 3.04763499e-03 4.98302997e+00 3.13156357e+00 2.83890172e-03 4.97642079e+00 5.13539960e-02 2.08733266e-04 6.60917890e-03
348              3.19574489e+00 2.50039430e-03 5.05812179e+00 3.14413178e+00 2.12470606e-03 5.05154666e+00 5.16131099e-02 3.75688239e-04 6.57512981e-03
349              3.20874846e+00 2.04422432e-03 5.07011096e+00 3.15680097e+00 1.49889262e-03 5.06360465e+00 5.19474891e-02 5.45331701e-04 6.50630286e-03
350              3.22266367e+00 1.70587220e-03 5.02403657e+00 3.17025110e+00 1.00096687e-03 5.01764375e+00 5.24125706e-02 7.04905328e-04 6.39282097e-03
351              3.23716391e+00 1.43380764e-03 4.92494627e+00 3.18423796e+00 6.16708163e-04 4.91870651e+00 5.29259504e-02 8.17099474e-04 6.23975775e-03
352              3.25146433e+00 1.19391370e-03 4.77867851e+00 3.19796604e+00 3.21082588e-04 4.77261492e+00 5.34982901e-02 8.72831116e-04 6.06358805e-03
353              3.26461977e+00 9.53049881e-04 4.59472242e+00 3.21051390e+00 8.44565126e-05 4.58881541e+00 5.41058669e-02 8.68593368e-04 5.90701100e-03
354              3.27551388e+00 7.01704399e-04 4.38327638e+00 3.22077951e+00 -1.07362412e-04 4.37749118e+00 5.47343729e-02 8.09066811e-04 5.78520540e-03
355              3.28388156e+00 4.76391663e-04 4.16241107e+00 3.22850851e+00 -2.16257419e-04 4.15668950e+00 5.53730462e-02 6.92649082e-04 5.72156666e-03
356              3.28854729e+00 2.74048690e-04 3.93363257e+00 3.23259969e+00 -2.69184111e-04 3.92792521e+00 5.59476038e-02 5.43232801e-04 5.70736517e-03
357              3.28919042e+00 1.15397430e-04 3.70311206e+00 3.23278887e+00 -2.52478783e-04 3.69737094e+00 5.64015487e-02 3.67876212e-04 5.74112458e-03
358              3.28677673e+00 1.53699723e-05 3.48206386e+00 3.22997134e+00 -1.59356996e-04 3.47625701e+00 5.68053884e-02 1.74726968e-04 5.80685119e-03
359              3.28216610e+00 -2.12428415e-05 3.28030245e+00 3.22507131e+00 1.71935887e-06 3.27440532e+00 5.70947932e-02 -2.29622004e-05 5.89713124e-03
360              3.27617392e+00 2.03063248e-05 3.10623263e+00 3.21882183e+00 2.17864296e-04 3.10025629e+00 5.73520848e-02 -1.97557971e-04 5.97633628e-03
361              3.26893343e+00 1.66710634e-04 2.96362731e+00 3.21145669e+00 4.82641499e-04 2.95758564e+00 5.74767384e-02 -3.15930865e-04 6.04166903e-03
362              3.26054563e+00 4.15065919e-04 2.85413440e+00 3.20301571e+00 7.94020211e-04 2.84806343e+00 5.75299214e-02 -3.78954292e-04 6.07097538e-03
363              3.25076742e+00 7.51719306e-04 2.77566722e+00 3.19334957e+00 1.15407259e-03 2.76958316e+00 5.74178571e-02 -4.02353284e-04 6.08406802e-03
364              3.23979202e+00 1.15307038e-03 2.72659202e+00 3.18258084e+00 1.57293442e-03 2.72052225e+00 5.72111778e-02 -4.19864037e-04 6.06977060e-03
365              3.22776323e+00 1.59276670e-03 2.70399990e+00 3.17092926e+00 2.06644965e-03 2.69795180e+00 5.68339714e-02 -4.73682950e-04 6.04810139e-03
366              3.21531292e+00 2.05568557e-03 2.70768261e+00 3.15891176e+00 2.64334164e-03 2.70166128e+00 5.64011591e-02 -5.87656068e-04 6.02133328e-03
367              3.20279672e+00 2.56845903e-03 2.74783525e+00 3.14690755e+00 3.30924216e-03 2.74181207e+00 5.58891673e-02 -7.40783136e-04 6.02318016e-03
368              3.19019426e+00 3.14482226e-03 2.81449614e+00 3.13482023e+00 4.02332162e-03 2.80845506e+00 5.53740353e-02 -8.78499355e-04 6.04108466e-03
369              3.17829437e+00 3.76833613e-03 2.90800219e+00 3.12348854e+00 4.74150901e-03 2.90191772e+00 5.48058370e-02 -9.73172884e-04 6.08447508e-03
370              3.16782940e+00 4.40725961e-03 3.02935298e+00 3.11354203e+00 5.41809493e-03 3.02319789e+00 5.42873651e-02 -1.01083532e-03 6.15508854e-03
371              3.15908201e+00 5.00732694e-03 3.17754828e+00 3.10533192e+00 6.01177491e-03 3.17129730e+00 5.37500910e-02 -1.00444797e-03 6.25097935e-03
372              3.15144957e+00 5.48324332e-03 3.33631115e+00 3.09830759e+00 6.44718442e-03 3.32996268e+00 5.31419773e-02 -9.63941103e-04 6.34847008e-03
373              3.14655389e+00 5.87094019e-03 3.51763351e+00 3.09396997e+00 6.75404795e-03 3.51118061e+00 5.25839268e-02 -8.83107755e-04 6.45290659e-03
374              3.14457059e+00 6.12142618e-03 3.71732549e+00 3.09240810e+00 6.88436484e-03 3.71077256e+00 5.21624963e-02 -7.62938663e-04 6.55292882e-03
375              3.14524323e+00 6.16340692e-03 3.92715497e+00 3.09342082e+00 6.78072881e-03 3.92051280e+00 5.18224116e-02 -6.17321895e-04 6.64217045e-03
376              3.14842637e+00 5.95974254e-03 4.13812679e+00 3.09684934e+00 6.41458280e-03 4.13143002e+00 5.15770263e-02 -4.54840267e-04 6.69676520e-03
377              3.15380837e+00 5.51367837e-03 4.34025619e+00 3.10241120e+00 5.79866479e-03 4.33354241e+00 5.13971705e-02 -2.84986427e-04 6.71377089e-03
378              3.16112910e+00 4.87733407e-03 4.52430050e+00 3.10982636e+00 4.99364654e-03 4.51760808e+00 5.13027379e-02 -1.16312472e-04 6.69241681e-03
379              3.17010773e+00 4.14318478e-03 4.68215684e+00 3.11880267e+00 4.09584385e-03 4.67549765e+00 5.13050611e-02 4.73409289e-05 6.65919199e-03
380              3.18045494e+00 3.41847040e-03 4.80685786e+00 3.12902804e+00 3.19827861e-03 4.80023592e+00 5.14268991e-02 2.20191790e-04 6.62193540e-03
381              3.19183131e+00 2.76943636e-03 4.89128767e+00 3.14016989e+00 2.36672110e-03 4.88470653e+00 5.16614136e-02 4.02715266e-04 6.58114752e-03
382              3.20361834e+00 2.21903373e-03 4.91986050e+00 3.15162520e+00 1.62369179e-03 4.91335099e+00 5.19931374e-02 5.95341945e-04 6.50951370e-03
383              3.21640877e+00 1.79735085e-03 4.89576480e+00 3.16398702e+00 1.01733599e-03 4.88935510e+00 5.24217533e-02 7.80014855e-04 6.40969718e-03
384              3.22977777e+00 1.46709047e-03 4.82168846e+00 3.17686151e+00 5.41824940e-04 4.81541792e+00 5.29162620e-02 9.25265528e-04 6.27053834e-03
385              3.24302311e+00 1.19028634e-03 4.70213300e+00 3.18957631e+00 1.80683613e-04 4.69602255e+00 5.34467961e-02 1.00960273e-03 6.11044833e-03
386              3.25534592e+00 9.33123786e-04 4.54394753e+00 3.20130162e+00 -9.04162069e-05 4.53798868e+00 5.40443010e-02 1.02353999e-03 5.95884659e-03
387              3.26598149e+00 6.76693031e-04 4.35646351e+00 3.21132914e+00 -2.93087813e-04 4.35062000e+00 5.46523448e-02 9.69780844e-04 5.84350558e-03
388              3.27424263e+00 4.24263914e-04 4.15014885e+00 3.21899847e+00 -4.37248361e-04 4.14437674e+00 5.52441650e-02 8.61512275e-04 5.77211404e-03
389              3.28005189e+00 2.05104816e-04 3.94157793e+00 3.22423437e+00 -4.79614936e-04 3.93583531e+00 5.58175205e-02 6.84719752e-04 5.74261323e-03
390              3.28246694e+00 1.25513954e-05 3.73217403e+00 3.22617078e+00 -4.55466220e-04 3.72642889e+00 5.62961569e-02 4.68017616e-04 5.74513522e-03
391              3.28128042e+00 -1.37321540e-04 3.52734652e+00 3.22462159e+00 -3.63311733e-04 3.52156590e+00 5.66588351e-02 2.25990193e-04 5.78061543e-03
392              3.27732532e+00 -2.14802711e-04 3.33486052e+00 3.22038725e+00 -2.03769671e-04 3.32901766e+00 5.69380692e-02 -1.10330401e-05 5.84285331e-03
393              3.27169163e+00 -2.21145238e-04 3.16342242e+00 3.21454724e+00 1.28200450e-05 3.15749901e+00 5.71443894e-02 -2.33965283e-04 5.92341553e-03
394              3.26505303e+00 -1.30114378e-04 3.01919752e+00 3.20778642e+00 2.74760181e-04 3.01320126e+00 5.72666083e-02 -4.04874559e-04 5.99625579e-03
395              3.25764404e+00 7.19125371e-05 2.90583309e+00 3.20033123e+00 5.75282022e-04 2.89978000e+00 5.73128102e-02 -5.03369485e-04 6.05309358e-03
396              3.24924557e+00 3.77587798e-04 2.82273652e+00 3.19200040e+00 9.14101913e-04 2.81665079e+00 5.72451633e-02 -5.36514115e-04 6.08572808e-03
397              3.23978936e+00 7.65112722e-04 2.76892118e+00 3.18271830e+00 1.29828274e-03 2.76281738e+00 5.70710568e-02 -5.33170017e-04 6.10379850e-03
398              3.22930006e+00 1.20448168e-03 2.74196508e+00 3.17252606e+00 1.74168339e-03 2.73586154e+00 5.67739931e-02 -5.37201705e-04 6.10354272e-03
399              3.21818663e+00 1.67524678e-03 2.74146441e+00 3.16179984e+00 2.25859868e-03 2.73536573e+00 5.63867857e-02 -5.83351901e-04 6.09867626e-03
400              3.20687941e+00 2.18193010e-03 2.76658439e+00 3.15097809e+00 2.85633389e-03 2.76048992e+00 5.59013211e-02 -6.74403795e-04 6.09447413e-03
401              3.19601016e+00 2.73648187e-03 2.81827328e+00 3.14064558e+00 3.52256381e-03 2.81216517e+00 5.53645742e-02 -7.86081940e-04 6.10811244e-03
402              3.18628478e+00 3.36762445e-03 2.90829626e+00 3.13142314e+00 4.24875849e-03 2.90214391e+00 5.48616415e-02 -8.81134045e-04 6.15234602e-03
403              3.17708496e+00 4.03112458e-03 3.02333914e+00 3.12272654e+00 4.96887141e-03 3.01711251e+00 5.43584200e-02 -9.37746829e-04 6.22663388e-03
404              3.16880252e+00 4.68621843e-03 3.16034577e+00 3.11496067e+00 5.63892105e-03 3.15403882e+00 5.38418454e-02 -9.52702620e-04 6.30694904e-03
405              3.16115705e+00 5.23570070e-03 3.30425937e+00 3.10790650e+00 6.16910110e-03 3.29787092e+00 5.32505432e-02 -9.33400393e-04 6.38845104e-03
406              3.15568327e+00 5.69819040e-03 3.46551454e+00 3.10294726e+00 6.57296695e-03 3.45905158e+00 5.27360044e-02 -8.74776544e-04 6.46295467e-03
407              3.15265271e+00 6.03549133e-03 3.64134812e+00 3.10033647e+00 6.80415834e-03 3.63479860e+00 5.23162373e-02 -7.68667003e-04 6.54952576e-03
408              3.15204009e+00 6.20605855e-03 3.82616994e+00 3.10003709e+00 6.81524869e-03 3.81954128e+00 5.20029967e-02 -6.09190143e-04 6.62865683e-03
409              3.15380606e+00 6.15914491e-03 4.01353783e+00 3.10206651e+00 6.57752311e-03 4.00683849e+00 5.17395499e-02 -4.18378203e-04 6.69933990e-03
410              3.15783587e+00 5.87499673e-03 4.19565914e+00 3.10627767e+00 6.08428938e-03 4.18892378e+00 5.15581952e-02 -2.09292645e-04 6.73535965e-03
411              3.16384468e+00 5.37346753e-03 4.36436934e+00 3.11242575e+00 5.37341260e-03 4.35762938e+00 5.14189218e-02 5.49273135e-08 6.73996269e-03
412              3.17157299e+00 4.71755201e-03 4.51215951e+00 3.12015814e+00 4.51699745e-03 4.50545496e+00 5.14148508e-02 2.00554565e-04 6.70454947e-03
413              3.18058800e+00 3.99934279e-03 4.63156565e+00 3.12909474e+00 3.60551216e-03 4.62490783e+00 5.14932567e-02 3.93830633e-04 6.65782367e-03
414              3.19066728e+00 3.31896310e-03 4.71657527e+00 3.13893376e+00 2.72104207e-03 4.70997849e+00 5.17335161e-02 5.97921032e-04 6.59678000e-03
415              3.20123627e+00 2.70112686e-03 4.75347574e+00 3.14920092e+00 1.90057965e-03 4.74695543e+00 5.20353510e-02 8.00547211e-04 6.52030501e-03
416              3.21274982e+00 2.21158293e-03 4.74335046e+00 3.16030059e+00 1.20888701e-03 4.73693624e+00 5.24492261e-02 1.00269592e-03 6.41421652e-03
417              3.22484609e+00 1.82307355e-03 4.68888437e+00 3.17195046e+00 6.52996338e-04 4.68258796e+00 5.28956303e-02 1.17007722e-03 6.29641345e-03
418              3.23681097e+00 1.49930510e-03 4.59286600e+00 3.18337547e+00 2.29302890e-04 4.58670881e+00 5.34355089e-02 1.27000221e-03 6.15718799e-03
419              3.24783410e+00 1.20806656e-03 4.45955057e+00 3.19383273e+00 -7.89036780e-05 4.45351972e+00 5.40013701e-02 1.28697024e-03 6.03084930e-03
420              3.25739816e+00 9.36850540e-04 4.29569874e+00 3.20276332e+00 -2.88756833e-04 4.28978334e+00 5.46348482e-02 1.22560737e-03 5.91539947e-03
421              3.26506725e+00 6.80882263e-04 4.11037254e+00 3.20985150e+00 -4.20581648e-04 4.10453266e+00 5.52157497e-02 1.10146391e-03 5.83987250e-03
422              3.27113816e+00 4.55813622e-04 3.92160238e+00 3.21532236e+00 -4.51461393e-04 3.91581501e+00 5.58158054e-02 9.07275014e-04 5.78737350e-03
423              3.27419143e+00 2.37492017e-04 3.73025300e+00 3.21791759e+00 -4.34526016e-04 3.72448596e+00 5.62738476e-02 6.72018033e-04 5.76704713e-03
424              3.27365304e+00 3.50230179e-05 3.53973609e+00 3.21700219e+00 -3.67677341e-04 3.53397463e+00 5.66508507e-02 4.02700359e-04 5.76146093e-03
425              3.27012204e+00 -1.13967531e-04 3.35722208e+00 3.21321742e+00 -2.39570380e-04 3.35142414e+00 5.69046209e-02 1.25602849e-04 5.79794000e-03
426              3.26473207e+00 -1.90888512e-04 3.19161044e+00 3.20762306e+00 -5.23491532e-05 3.18575687e+00 5.71090121e-02 -1.38539359e-04 5.85356976e-03
427              3.25822943e+00 -1.73798082e-04 3.04981703e+00 3.20104148e+00 1.83494319e-04 3.04388730e+00 5.71879506e-02 -3.57292401e-04 5.92973755e-03
428              3.25118887e+00 -4.51003181e-05 2.93733614e+00 3.19396273e+00 4.57453243e-04 2.93133907e+00 5.72261438e-02 -5.02553562e-04 5.99706968e-03
429              3.24344829e+00 1.98467268e-04 2.85523830e+00 3.18631846e+00 7.64386948e-04 2.84918101e+00 5.71298236e-02 -5.65919680e-04 6.05728968e-03
430              3.23495945e+00 5.35947184e-04 2.80330462e+00 3.17798656e+00 1.10671843e-03 2.79720519e+00 5.69728938e-02 -5.70771244e-04 6.09943130e-03
431              3.22558441e+00 9.41577370e-04 2.77984331e+00 3.16891347e+00 1.49582342e-03 2.77370689e+00 5.66709454e-02 -5.54246052e-04 6.13642308e-03
432              3.21573842e+00 1.39165249e-03 2.78450260e+00 3.15940462e+00 1.94511477e-03 2.77834062e+00 5.63337986e-02 -5.53462280e-04 6.16198106e-03
433              3.20572681e+00 1.88435524e-03 2.81596834e+00 3.14986471e+00 2.46724650e-03 2.80977606e+00 5.58620997e-02 -5.82891262e-04 6.19227718e-03
434              3.19625992e+00 2.42303578e-03 2.87428223e+00 3.14086524e+00 3.06330514e-03 2.86806284e+00 5.53946853e-02 -6.40269364e-04 6.21939092e-03
435              3.18760255e+00 2.99839427e-03 2.95780337e+00 3.13276457e+00 3.72047194e-03 2.95153808e+00 5.48379793e-02 -7.22077670e-04 6.26529101e-03
436              3.18048425e+00 3.65305610e-03 3.07538800e+00 3.12609271e+00 4.44252614e-03 3.06906106e+00 5.43915346e-02 -7.89470042e-04 6.32693302e-03
437              3.17384432e+00 4.32028316e-03 3.21106422e+00 3.11996078e+00 5.14356899e-03 3.20466719e+00 5.38835366e-02 -8.23285835e-04 6.39702589e-03
438              3.16737106e+00 4.90572958e-03 3.34896222e+00 3.11401416e+00 5.72855648e-03 3.34251086e+00 5.33569042e-02 -8.22826896e-04 6.45135739e-03
439              3.16239864e+00 5.41193071e-03 3.49724277e+00 3.10955214e+00 6.19847207e-03 3.49073939e+00 5.28465069e-02 -7.86541363e-04 6.50338153e-03
440              3.15941381e+00 5.80440831e-03 3.65361829e+00 3.10694506e+00 6.49749592e-03 3.64706150e+00 5.24687552e-02 -6.93087609e-04 6.55679257e-03
441              3.15850558e+00 6.04213284e-03 3.81410438e+00 3.10635237e+00 6.58104806e-03 3.80748077e+00 5.21532136e-02 -5.38915226e-04 6.62361546e-03
442              3.15982037e+00 6.08913272e-03 3.97448339e+00 3.10788251e+00 6.42333142e-03 3.96780034e+00 5.19378643e-02 -3.34198705e-04 6.68305160e-03
443              3.16321040e+00 5.92274344e-03 4.12913657e+00 3.11145993e+00 6.02322845e-03 4.12240438e+00 5.17504757e-02 -1.00485005e-04 6.73219129e-03
444              3.16849064e+00 5.56313091e-03 4.27151955e+00 3.11684886e+00 5.40903227e-03 4.26477322e+00 5.16417823e-02 1.54098646e-04 6.74633937e-03
445              3.17531572e+00 5.05456781e-03 4.39498625e+00 3.12370588e+00 4.63863488e-03 4.38825649e+00 5.16098318e-02 4.15932933e-04 6.72976274e-03
446              3.18334558e+00 4.45412425e-03 4.49292425e+00 3.13162486e+00 3.78593491e-03 4.48625444e+00 5.17207253e-02 6.68189341e-04 6.66981019e-03
447              3.19223141e+00 3.83776624e-03 4.55964910e+00 3.14029599e+00 2.92285960e-03 4.55305501e+00 5.19354112e-02 9.14906637e-04 6.59409071e-03
448              3.20163269e+00 3.22812933e-03 4.58442800e+00 3.14936565e+00 2.08917856e-03 4.57793711e+00 5.22670324e-02 1.13895077e-03 6.49089172e-03
449              3.21175902e+00 2.70447829e-03 4.56860606e+00 3.15912875e+00 1.35685769e-03 4.56223058e+00 5.26302691e-02 1.34762060e-03 6.37547397e-03
450              3.22236202e+00 2.25404724e-03 4.51530996e+00 3.16929794e+00 7.43809389e-04 4.50906005e+00 5.30640752e-02 1.51023785e-03 6.24991076e-03
451              3.23281652e+00 1.86568568e-03 4.42821827e+00 3.17926878e+00 2.59758470e-04 4.42207308e+00 5.35477335e-02 1.60592721e-03 6.14519391e-03
452              3.24239863e+00 1.51787618e-03 4.31141712e+00 3.18829335e+00 -9.46403922e-05 4.30536478e+00 5.41052806e-02 1.61251658e-03 6.05234520e-03
453              3.25039330e+00 1.19905919e-03 4.16892979e+00 3.19571445e+00 -3.28515149e-04 4.16295194e+00 5.46788500e-02 1.52757434e-03 5.97784857e-03
454              3.25649679e+00 8.98189247e-04 4.00616966e+00 3.20123615e+00 -4.54457483e-04 4.00025614e+00 5.52606428e-02 1.35264673e-03 5.91352012e-03
455              3.26135141e+00 6.48704027e-04 3.83910944e+00 3.20554949e+00 -4.52843636e-04 3.83324013e+00 5.58019219e-02 1.10154766e-03 5.86930851e-03
456              3.26408790e+00 4.02247342e-04 3.67019829e+00 3.20782549e+00 -4.00871354e-04 3.66436505e+00 5.62624075e-02 8.03118697e-04 5.83324290e-03
457              3.26386488e+00 1.69073966e-04 3.50244962e+00 3.20726423e+00 -3.09429896e-04 3.49664352e+00 5.66006563e-02 4.78503862e-04 5.80609715e-03
458              3.26081017e+00 -1.92604116e-05 3.34015274e+00 3.20393574e+00 -1.72547128e-04 3.33435076e+00 5.68744326e-02 1.53286717e-04 5.80197261e-03
459              3.25566168e+00 -1.35893547e-04 3.19023594e+00 3.19861076e+00 9.32159355e-06 3.18440750e+00 5.70509226e-02 -1.45215141e-04 5.82843104e-03
460              3.24927997e+00 -1.59959054e-04 3.05947381e+00 3.19212872e+00 2.27501542e-04 3.05359668e+00 5.71512486e-02 -3.87460596e-04 5.87713147e-03
461              3.24225442e+00 -7.37790036e-05 2.95380990e+00 3.18510156e+00 4.72361034e-04 2.94786828e+00 5.71528566e-02 -5.46140038e-04 5.94162414e-03
462              3.23476391e+00 1.25982300e-04 2.87623291e+00 3.17768673e+00 7.38738876e-04 2.87022836e+00 5.70771834e-02 -6.12756576e-04 6.00455247e-03
463              3.22674756e+00 4.14797091e-04 2.82794502e+00 3.16985426e+00 1.03051739e-03 2.82187760e+00 5.68933003e-02 -6.15720298e-04 6.06742644e-03
464              3.21823901e+00 7.75167723e-04 2.80912443e+00 3.16161681e+00 1.35882320e-03 2.80299948e+00 5.66222045e-02 -5.83655480e-04 6.12494523e-03
465              3.20947574e+00 1.19147811e-03 2.81994503e+00 3.15321945e+00 1.73946165e-03 2.81376145e+00 5.62562893e-02 -5.47983535e-04 6.18358445e-03
466              3.20091169e+00 1.66557689e-03 2.85979052e+00 3.14508513e+00 2.18632417e-03 2.85355216e+00 5.58265550e-02 -5.20747279e-04 6.23835803e-03
467              3.19309677e+00 2.18724898e-03 2.92853983e+00 3.13775272e+00 2.70628118e-03 2.92223880e+00 5.53440491e-02 -5.19032199e-04 6.30102950e-03
468              3.18628645e+00 2.74790068e-03 3.02344620e+00 3.13143832e+00 3.29601365e-03 3.01708238e+00 5.48481381e-02 -5.48112971e-04 6.36381966e-03
469              3.18047574e+00 3.32970495e-03 3.13979095e+00 3.12614853e+00 3.93632959e-03 3.13336260e+00 5.43272084e-02 -6.06624643e-04 6.42835259e-03
470              3.17553175e+00 3.93019485e-03 3.27109282e+00 3.12170539e+00 4.58836642e-03 3.26461381e+00 5.38263596e-02 -6.58171567e-04 6.47901038e-03
471              3.17138390e+00 4.52162582e-03 3.41146071e+00 3.11803336e+00 5.19886890e-03 3.40493560e+00 5.33505444e-02 -6.77243082e-04 6.52510739e-03
472              3.16816400e+00 5.06825408e-03 3.55588090e+00 3.11519789e+00 5.70614080e-03 3.54932420e+00 5.29661124e-02 -6.37886727e-04 6.55669234e-03
473              3.16609812e+00 5.51341495e-03 3.70029394e+00 3.11346392e+00 6.05384844e-03 3.69370568e+00 5.26342020e-02 -5.40433483e-04 6.58826041e-03
474              3.16558428e+00 5.82362068e-03 3.84182717e+00 3.11318040e+00 6.20307065e-03 3.83520872e+00 5.24038739e-02 -3.79449972e-04 6.61845476e-03
475              3.16681128e+00 5.96057119e-03 3.97733130e+00 3.11459817e+00 6.13385569e-03 3.97067421e+00 5.22131069e-02 -1.73284496e-04 6.65708476e-03
476              3.16986624e+00 5.93036455e-03 4.10311275e+00 3.11777543e+00 5.84876184e-03 4.09643064e+00 5.20908055e-02 8.16027170e-05 6.68211501e-03
477              3.17455730e+00 5.73226939e-03 4.21440039e+00 3.12256093e+00 5.37260319e-03 4.20770729e+00 5.19963670e-02 3.59666192e-04 6.69309946e-03
478              3.18063106e+00 5.40399614e-03 4.30625630e+00 3.12860602e+00 4.74899501e-03 4.29958704e+00 5.20250441e-02 6.55001135e-04 6.66926266e-03
479              3.18764136e+00 4.97784151e-03 4.37319852e+00 3.13551157e+00 4.02965555e-03 4.36658529e+00 5.21297863e-02 9.48185962e-04 6.61323244e-03
480              3.19536066e+00 4.47016968e-03 4.40674085e+00 3.14297156e+00 3.25699939e-03 4.40022333e+00 5.23890958e-02 1.21317029e-03 6.51752121e-03
481              3.20383577e+00 3.94459944e-03 4.40676417e+00 3.15116893e+00 2.48502881e-03 4.40036253e+00 5.26668372e-02 1.45957064e-03 6.40163750e-03
482              3.21296323e+00 3.42030310e-03 4.37588640e+00 3.15993516e+00 1.75355245e-03 4.36960940e+00 5.30280683e-02 1.66675065e-03 6.27700263e-03
483              3.22218746e+00 2.91966318e-03 4.31676482e+00 3.16881204e+00 1.09731866e-03 4.31059179e+00 5.33754195e-02 1.82234453e-03 6.17302964e-03
484              3.23110202e+00 2.45484179e-03 4.23398701e+00 3.17726059e+00 5.46284311e-04 4.22788901e+00 5.38414308e-02 1.90855747e-03 6.09800077e-03
485              3.23876520e+00 2.03077626e-03 4.12984744e+00 3.18446968e+00 1.21088438e-04 4.12379452e+00 5.42955203e-02 1.90968782e-03 6.05292238e-03
486              3.24526179e+00 1.67436043e-03 4.01494308e+00 3.19040789e+00 -1.30462267e-04 4.00892427e+00 5.48538944e-02 1.80482270e-03 6.01881236e-03
487              3.24970437e+00 1.31687377e-03 3.88611126e+00 3.19435854e+00 -2.80685150e-04 3.88011174e+00 5.53458252e-02 1.59755892e-03 5.99951918e-03
488              3.25206910e+00 9.67298840e-04 3.74589588e+00 3.19622954e+00 -3.36881627e-04 3.73992962e+00 5.58395566e-02 1.30418047e-03 5.96625879e-03
489              3.25248259e+00 6.53837082e-04 3.59933041e+00 3.19627282e+00 -3.03547859e-04 3.59339902e+00 5.62097783e-02 9.57384942e-04 5.93138447e-03
490              3.25120946e+00 3.92881369e-04 3.45256625e+00 3.19463111e+00 -1.92263288e-04 3.44668403e+00 5.65783544e-02 5.85144656e-04 5.88221417e-03
491              3.24807557e+00 2.12212512e-04 3.31024799e+00 3.19125827e+00 -1.91523185e-05 3.30440253e+00 5.68173074e-02 2.31364831e-04 5.84545788e-03
492              3.24336646e+00 1.23264786e-04 3.17872070e+00 3.18633964e+00 1.95158248e-04 3.17289881e+00 5.70268210e-02 -7.18934623e-05 5.82189250e-03
493              3.23724716e+00 1.31774598e-04 3.06312142e+00 3.18017346e+00 4.27208751e-04 3.05728517e+00 5.70736964e-02 -2.95434152e-04 5.83624751e-03
494              3.23032199e+00 2.29263325e-04 2.96941975e+00 3.17325656e+00 6.59021901e-04 2.96354177e+00 5.70654317e-02 -4.29758576e-04 5.87797796e-03
495              3.22281467e+00 3.96369043e-04 2.90133246e+00 3.16591720e+00 8.84465102e-04 2.89538551e+00 5.68974621e-02 -4.88096059e-04 5.94695020e-03
496              3.21516183e+00 6.21657507e-04 2.86272301e+00 3.15847838e+00 1.11355438e-03 2.85669675e+00 5.66834476e-02 -4.91896869e-04 6.02625967e-03
497              3.20744528e+00 9.01466984e-04 2.85496476e+00 3.15111493e+00 1.36624864e-03 2.84884846e+00 5.63303465e-02 -4.64781656e-04 6.11630556e-03
498              3.20012057e+00 1.25843498e-03 2.87933916e+00 3.14413923e+00 1.66531385e-03 2.87313368e+00 5.59813386e-02 -4.06878868e-04 6.20547979e-03
499              3.19340675e+00 1.67930989e-03 2.93518139e+00 3.13786793e+00 2.03188530e-03 2.92888279e+00 5.55388201e-02 -3.52575408e-04 6.29860178e-03
500              3.18772559e+00 2.15980141e-03 3.02097317e+00 3.13259589e+00 2.48182257e-03 3.01458806e+00 5.51297033e-02 -3.22021161e-04 6.38511120e-03
501              3.18300194e+00 2.67632630e-03 3.13146164e+00 3.12835289e+00 3.01422053e-03 3.12499768e+00 5.46490514e-02 -3.37894233e-04 6.46396435e-03
502              3.17922473e+00 3.22109837e-03 3.25982441e+00 3.12500262e+00 3.60873464e-03 3.25330022e+00 5.42221098e-02 -3.87636273e-04 6.52418941e-03
503              3.17606140e+00 3.78012411e-03 3.39746975e+00 3.12228070e+00 4.22527558e-03 3.39090028e+00 5.37806992e-02 -4.45151476e-04 6.56946806e-03
504              3.17351067e+00 4.34756613e-03 3.53723634e+00 3.12007829e+00 4.81092004e-03 3.53064535e+00 5.34323774e-02 -4.63353913e-04 6.59099734e-03
505              3.17156603e+00 4.89020338e-03 3.67259111e+00 3.11845634e+00 5.30570964e-03 3.66599080e+00 5.31096907e-02 -4.15506261e-04 6.60030900e-03
506              3.17060253e+00 5.36288320e-03 3.79970602e+00 3.11771516e+00 5.66045432e-03 3.79310531e+00 5.28873683e-02 -2.97571111e-04 6.60071266e-03
507              3.17087664e+00 5.72242678e-03 3.91613444e+00 3.11818900e+00 5.84384536e-03 3.90953199e+00 5.26876412e-02 -1.21418575e-04 6.60244949e-03
508              3.17272408e+00 5.94110515e-03 4.02088121e+00 3.12015872e+00 5.84052707e-03 4.01427559e+00 5.25653627e-02 1.00578074e-04 6.60562062e-03
509              3.17616183e+00 6.01470819e-03 4.11219148e+00 3.12370534e+00 5.64841228e-03 4.10558314e+00 5.24564915e-02 3.66295909e-04 6.60834109e-03
510              3.18107582e+00 5.93714338e-03 4.18749106e+00 3.12863037e+00 5.28223893e-03 4.18089852e+00 5.24454424e-02 6.54904447e-04 6.59253572e-03
511              3.18706688e+00 5.73011819e-03 4.24326166e+00 3.13456381e+00 4.77430016e-03 4.23670829e+00 5.25030635e-02 9.55818030e-04 6.55337301e-03
512              3.19383111e+00 5.40164879e-03 4.27269896e+00 3.14115249e+00 4.16633034e-03 4.26621778e+00 5.26786147e-02 1.23531845e-03 6.48117399e-03
513              3.20130821e+00 4.99061653e-03 4.27483170e+00 3.14839115e+00 3.49219238e-03 4.26844914e+00 5.29170614e-02 1.49842415e-03 6.38256227e-03
514              3.20928566e+00 4.50987107e-03 4.25095816e+00 3.15605630e+00 2.79529075e-03 4.24468649e+00 5.32293529e-02 1.71458033e-03 6.27166313e-03
515              3.21739828e+00 3.99295253e-03 4.20326322e+00 3.16383532e+00 2.12067272e-03 4.19708502e+00 5.35629593e-02 1.87227980e-03 6.17819708e-03
516              3.22521675e+00 3.46879992e-03 4.13519678e+00 3.17126574e+00 1.50691353e-03 4.12909230e+00 5.39510119e-02 1.96188639e-03 6.10448291e-03
517              3.23233472e+00 3.00052327e-03 4.05600893e+00 3.17795654e+00 1.01578438e-03 4.04994358e+00 5.43781817e-02 1.98473889e-03 6.06534920e-03
518              3.23767145e+00 2.52824610e-03 3.96132772e+00 3.18284715e+00 6.13246112e-04 3.95528527e+00 5.48242981e-02 1.91499999e-03 6.04245333e-03
519              3.24093764e+00 2.07218689e-03 3.85070457e+00 3.18569446e+00 3.15539899e-04 3.84467028e+00 5.52431808e-02 1.75664699e-03 6.03428932e-03
520              3.24253215e+00 1.65282401e-03 3.72742674e+00 3.18685797e+00 1.32925089e-04 3.72140632e+00 5.56741791e-02 1.51989892e-03 6.02042370e-03
521              3.24278705e+00 1.27739772e-03 3.59662506e+00 3.18674330e+00 6.47547045e-05 3.59063313e+00 5.60437533e-02 1.21264302e-03 5.99192985e-03
522              3.24182484e+00 9.70552136e-04 3.46332259e+00 3.18544104e+00 9.96790592e-05 3.45738302e+00 5.63837939e-02 8.70873077e-04 5.93957301e-03
523              3.23957182e+00 7.45807072e-04 3.33322413e+00 3.18292682e+00 2.15466953e-04 3.32733810e+00 5.66450010e-02 5.30340119e-04 5.88602548e-03
524              3.23593423e+00 6.19342876e-04 3.21214818e+00 3.17908523e+00 3.81496862e-04 3.20630666e+00 5.68490020e-02 2.37846014e-04 5.84151825e-03
525              3.23075849e+00 5.88594513e-04 3.10479526e+00 3.17383224e+00 5.66356898e-04 3.09896422e+00 5.69262480e-02 2.22376149e-05 5.83104465e-03
526              3.22430586e+00 6.39519731e-04 3.01564257e+00 3.16740452e+00 7.45412714e-04 3.00979165e+00 5.69013351e-02 -1.05892983e-04 5.85092567e-03
527              3.21701678e+00 7.41110014e-04 2.94912418e+00 3.16028391e+00 9.08404886e-04 2.94321505e+00 5.67328782e-02 -1.67294872e-04 5.90912694e-03
528              3.20944398e+00 8.85278561e-04 2.90895022e+00 3.15295338e+00 1.06437076e-03 2.90296182e+00 5.64905994e-02 -1.79092194e-04 5.98839197e-03
529              3.20198697e+00 1.08834558e-03 2.89794028e+00 3.14581267e+00 1.23420639e-03 2.89185160e+00 5.61743052e-02 -1.45860811e-04 6.08868877e-03
530              3.19501666e+00 1.36789390e-03 2.91755301e+00 3.13915943e+00 1.44175804e-03 2.91136297e+00 5.58572236e-02 -7.38641428e-05 6.19004414e-03
531              3.18879035e+00 1.72022301e-03 2.96812973e+00 3.13328143e+00 1.70956700e-03 2.96183501e+00 5.55089235e-02 1.06560112e-05 6.29472054e-03
532              3.18359049e+00 2.12302888e-03 3.04879243e+00 3.12842166e+00 2.05701971e-03 3.04240595e+00 5.51688253e-02 6.60091668e-05 6.38647813e-03
533              3.17943503e+00 2.55814480e-03 3.15555746e+00 3.12464436e+00 2.49154032e-03 3.14908600e+00 5.47906767e-02 6.66044814e-05 6.47146588e-03
534              3.17625989e+00 3.00824626e-03 3.28165528e+00 3.12182764e+00 3.00199528e-03 3.27512249e+00 5.44322466e-02 6.25098397e-06 6.53278927e-03
535              3.17382838e+00 3.47592933e-03 3.41852348e+00 3.11978231e+00 3.55862649e-03 3.41194856e+00 5.40460636e-02 -8.26971602e-05 6.57491162e-03
536              3.17209682e+00 3.97393957e-03 3.55798963e+00 3.11838032e+00 4.11640168e-03 3.55139897e+00 5.37164946e-02 -1.42462108e-04 6.59065775e-03
537              3.17104337e+00 4.49678912e-03 3.69279074e+00 3.11764574e+00 4.62199136e-03 3.68619571e+00 5.33976334e-02 -1.25202239e-04 6.59502503e-03
538              3.17092846e+00 5.00890238e-03 3.81796625e+00 3.11776892e+00 5.02851735e-03 3.81138006e+00 5.31595414e-02 -1.96149635e-05 6.58618610e-03
539              3.17195382e+00 5.45754837e-03 3.93048095e+00 3.11901672e+00 5.30134703e-03 3.92390728e+00 5.29370966e-02 1.56201339e-04 6.57367470e-03
540              3.17445049e+00 5.79299428e-03 4.02942533e+00 3.12166651e+00 5.41792226e-03 4.02286523e+00 5.27839789e-02 3.75072018e-04 6.56009484e-03
541              3.17849367e+00 5.98759360e-03 4.11383787e+00 3.12584091e+00 5.36723832e-03 4.10729045e+00 5.26527590e-02 6.20355281e-04 6.54742551e-03
542              3.18399959e+00 6.02860487e-03 4.18186500e+00 3.13136263e+00 5.15349266e-03 4.17534282e+00 5.26369540e-02 8.75112202e-04 6.52217486e-03
543              3.19054172e+00 5.92849873e-03 4.23037248e+00 3.13784477e+00 4.80043264e-03 4.22389576e+00 5.26969550e-02 1.12806609e-03 6.47672371e-03
544              3.19772033e+00 5.68962703e-03 4.25183138e+00 3.14482122e+00 4.34695072e-03 4.24542561e+00 5.28991029e-02 1.34267632e-03 6.40576225e-03
545              3.20536429e+00 5.35256768e-03 4.24526619e+00 3.15220431e+00 3.82349516e-03 4.23895671e+00 5.31599744e-02 1.52907252e-03 6.30947688e-03
546              3.21321153e+00 4.93915599e-03 4.21093156e+00 3.15968210e+00 3.27286726e-03 4.20472369e+00 5.35294347e-02 1.66628873e-03 6.20787186e-03
547              3.22084370e+00 4.48847589e-03 4.15008878e+00 3.16694385e+00 2.73632518e-03 4.14397056e+00 5.38998496e-02 1.75215070e-03 6.11821853e-03
548              3.22792259e+00 4.02293239e-03 4.06609745e+00 3.17356598e+00 2.24579895e-03 4.06004874e+00 5.43566110e-02 1.77713345e-03 6.04870913e-03
549              3.23403733e+00 3.60121914e-03 3.96759762e+00 3.17921829e+00 1.84849466e-03 3.96160015e+00 5.48190438e-02 1.75272449e-03 5.99747466e-03
550              3.23819929e+00 3.17897139e-03 3.85163424e+00 3.18289685e+00 1.51957966e-03 3.84566873e+00 5.53024447e-02 1.65939173e-03 5.96550894e-03
551              3.24012764e+00 2.78036782e-03 3.72035012e+00 3.18441351e+00 1.27120925e-03 3.71440865e+00 5.57141295e-02 1.50915857e-03 5.94147080e-03
552              3.24030900e+00 2.40761326e-03 3.58034009e+00 3.18418108e+00 1.11389925e-03 3.57441626e+00 5.61279222e-02 1.29371401e-03 5.92383743e-03
553              3.23900648e+00 2.07174957e-03 3.43910140e+00 3.18253603e+00 1.04996931e-03 3.43319842e+00 5.64704513e-02 1.02178026e-03 5.90297491e-03
554              3.23634724e+00 1.79099568e-03 3.30354189e+00 3.17955959e+00 1.07367403e-03 3.29766157e+00 5.67876474e-02 7.17321651e-04 5.88032274e-03
555              3.23218524e+00 1.60272780e-03 3.17939928e+00 3.17519746e+00 1.16770007e-03 3.17353777e+00 5.69877832e-02 4.35027727e-04 5.86150873e-03
556              3.22659159e+00 1.52425405e-03 3.07157655e+00 3.16948681e+00 1.30359486e-03 3.06571624e+00 5.71047870e-02 2.20659195e-04 5.86030991e-03
557              3.21975873e+00 1.54420161e-03 2.98408760e+00 3.16270244e+00 1.44822451e-03 2.97820592e+00 5.70562902e-02 9.59771081e-05 5.88167958e-03
558              3.21218282e+00 1.62926034e-03 2.92059539e+00 3.15529159e+00 1.57446211e-03 2.91466519e+00 5.68912332e-02 5.47982207e-05 5.93019794e-03
559              3.20428782e+00 1.74715072e-03 2.88388626e+00 3.14769660e+00 1.66852724e-03 2.87789151e+00 5.65912235e-02 7.86234774e-05 5.99474646e-03
560              3.19651102e+00 1.88717653e-03 2.87579333e+00 3.14026671e+00 1.73179545e-03 2.86971573e+00 5.62443046e-02 1.55381075e-04 6.07760781e-03
561              3.18938464e+00 2.04891206e-03 2.90496369e+00 3.13350497e+00 1.78181282e-03 2.89879052e+00 5.58796675e-02 2.67099241e-04 6.17317313e-03
562              3.18262602e+00 2.20794010e-03 2.96520692e+00 3.12709054e+00 1.82897940e-03 2.95893083e+00 5.55354838e-02 3.78960698e-04 6.27609226e-03
563              3.17668074e+00 2.35423476e-03 3.05602013e+00 3.12153378e+00 1.88917743e-03 3.04964603e+00 5.51469666e-02 4.65057332e-04 6.37410217e-03
564              3.17195975e+00 2.46426466e-03 3.17558589e+00 3.11719169e+00 1.98852200e-03 3.16912318e+00 5.47680661e-02 4.75742667e-04 6.46271057e-03
565              3.16851098e+00 2.56259116e-03 3.31841793e+00 3.11416260e+00 2.15134437e-03 3.31188617e+00 5.43483808e-02 4.11246795e-04 6.53175043e-03
566              3.16572848e+00 2.68490574e-03 3.46847783e+00 3.11183352e+00 2.38342787e-03 3.46189620e+00 5.38949600e-02 3.01477875e-04 6.58162907e-03
567              3.16437659e+00 2.87720377e-03 3.62444654e+00 3.11094199e+00 2.67213260e-03 3.61782995e+00 5.34345974e-02 2.05071169e-04 6.61658425e-03
568              3.16475508e+00 3.16502558e-03 3.77966972e+00 3.11168798e+00 2.99339641e-03 3.77303345e+00 5.30670937e-02 1.71629168e-04 6.63626953e-03
569              3.16670209e+00 3.52592554e-03 3.92750917e+00 3.11394464e+00 3.31340430e-03 3.92087316e+00 5.27574519e-02 2.12521246e-04 6.63600822e-03
570              3.17017222e+00 3.90958687e-03 4.06257968e+00 3.11760782e+00 3.59937697e-03 4.05595677e+00 5.25643957e-02 3.10209906e-04 6.62291319e-03
571              3.17507637e+00 4.26613822e-03 4.18033872e+00 3.12262985e+00 3.82743706e-03 4.17373429e+00 5.24465150e-02 4.38701155e-04 6.60443113e-03
572              3.18139446e+00 4.54917357e-03 4.27644095e+00 3.12894639e+00 3.98725905e-03 4.26985754e+00 5.24480736e-02 5.61914521e-04 6.58340823e-03
573              3.18889189e+00 4.74775007e-03 4.34603275e+00 3.13634899e+00 4.07583392e-03 4.33948403e+00 5.25429017e-02 6.71916150e-04 6.54871655e-03
574              3.19716115e+00 4.85762684e-03 4.38345860e+00 3.14437502e+00 4.09379331e-03 4.37697104e+00 5.27861375e-02 7.63833530e-04 6.48755805e-03
575              3.20533534e+00 4.89287876e-03 4.37578797e+00 3.15223533e+00 4.05009535e-03 4.36939985e+00 5.31000066e-02 8.42783415e-04 6.38811906e-03
576              3.21378900e+00 4.85841084e-03 4.32491879e+00 3.16026301e+00 3.93652272e-03 4.31865821e+00 5.35259909e-02 9.21888114e-04 6.26057922e-03
577              3.22228658e+00 4.76308377e-03 4.23373793e+00 3.16828189e+00 3.76368426e-03 4.22762329e+00 5.40046907e-02 9.99399509e-04 6.11464542e-03
578              3.23045673e+00 4.61425904e-03 4.10757968e+00 3.17590514e+00 3.55011442e-03 4.10160087e+00 5.45515890e-02 1.06414462e-03 5.97880277e-03
579              3.23773500e+00 4.42453726e-03 3.95544614e+00 3.18263251e+00 3.31790937e-03 3.94958267e+00 5.51024892e-02 1.10662789e-03 5.86346970e-03
580              3.24329665e+00 4.20281313e-03 3.78743849e+00 3.18764477e+00 3.09008994e-03 3.78165928e+00 5.56518785e-02 1.11272319e-03 5.77920770e-03
581              3.24673695e+00 3.97566519e-03 3.61816978e+00 3.19058224e+00 2.89649956e-03 3.61244554e+00 5.61547010e-02 1.07916563e-03 5.72424016e-03
582              3.24721701e+00 3.74860017e-03 3.45180342e+00 3.19065088e+00 2.74351331e-03 3.44608523e+00 5.65661338e-02 1.00508687e-03 5.71818796e-03
583              3.24457041e+00 3.54211082e-03 3.29383372e+00 3.18771539e+00 2.63920558e-03 3.28808690e+00 5.68550170e-02 9.02905235e-04 5.74681890e-03
584              3.23951066e+00 3.36738237e-03 3.15089504e+00 3.18247397e+00 2.58668199e-03 3.14508053e+00 5.70366878e-02 7.80700375e-04 5.81451041e-03
585              3.23292599e+00 3.22766514e-03 3.02963827e+00 3.17581618e+00 2.57789208e-03 3.02374623e+00 5.71098151e-02 6.49773054e-04 5.89203228e-03
586              3.22545180e+00 3.13609873e-03 2.93427984e+00 3.16836270e+00 2.59009219e-03 2.92830770e+00 5.70891024e-02 5.46006534e-04 5.97213437e-03
587              3.21745028e+00 3.06786634e-03 2.86760370e+00 3.16046256e+00 2.59660665e-03 2.86156182e+00 5.69877188e-02 4.71259687e-04 6.04188298e-03
588              3.20908585e+00 3.03034661e-03 2.83010103e+00 3.15227820e+00 2.57860748e-03 2.82399769e+00 5.68076544e-02 4.51739135e-04 6.10334127e-03
589              3.20063713e+00 3.02602609e-03 2.82234038e+00 3.14408663e+00 2.51298439e-03 2.81618488e+00 5.65504946e-02 5.13041707e-04 6.15550277e-03
590              3.19244531e+00 3.02643438e-03 2.85053223e+00 3.13618949e+00 2.38546986e-03 2.84431187e+00 5.62558171e-02 6.40964518e-04 6.22035874e-03
591              3.18427268e+00 2.95706027e-03 2.90752787e+00 3.12835254e+00 2.17738706e-03 2.90124178e+00 5.59201436e-02 7.79673210e-04 6.28609104e-03
592              3.17656341e+00 2.79426090e-03 2.99022065e+00 3.12101771e+00 1.90243721e-03 2.98387624e+00 5.55457036e-02 8.91823688e-04 6.34441322e-03
593              3.16983523e+00 2.54868226e-03 3.09647192e+00 3.11470190e+00 1.59840104e-03 3.09008108e+00 5.51333244e-02 9.50281217e-04 6.39084064e-03
594              3.16449882e+00 2.26192001e-03 3.22325088e+00 3.10979789e+00 1.31345757e-03 3.21681597e+00 5.47009380e-02 9.48462442e-04 6.43490720e-03
595              3.16036347e+00 2.01100366e-03 3.35862964e+00 3.10616782e+00 1.11136995e-03 3.35215169e+00 5.41956524e-02 8.99633707e-04 6.47794840e-03
596              3.15842222e+00 1.82797698e-03 3.50785176e+00 3.10473454e+00 1.00921196e-03 3.50132999e+00 5.36876853e-02 8.18765018e-04 6.52177444e-03
597              3.15882938e+00 1.75790425e-03 3.66790681e+00 3.10563328e+00 1.03593881e-03 3.66134835e+00 5.31961037e-02 7.21965434e-04 6.55846269e-03
598              3.16123623e+00 1.81884352e-03 3.83306754e+00 3.10846838e+00 1.20016076e-03 3.82648059e+00 5.27678472e-02 6.18682757e-04 6.58694730e-03
599              3.16526055e+00 2.00004371e-03 3.99619471e+00 3.11281799e+00 1.48626397e-03 3.98958281e+00 5.24425655e-02 5.13779736e-04 6.61190562e-03
600              3.17061494e+00 2.27604149e-03 4.14835102e+00 3.11836014e+00 1.86058916e-03 4.14171595e+00 5.22548011e-02 4.15452323e-04 6.63506958e-03
601              3.17714882e+00 2.60725091e-03 4.28026153e+00 3.12493004e+00 2.27882327e-03 4.27362219e+00 5.22187821e-02 3.28427646e-04 6.63933737e-03
602              3.18467116e+00 2.95640164e-03 4.38288597e+00 3.13232908e+00 2.67708198e-03 4.37626913e+00 5.23420815e-02 2.79319661e-04 6.61684352e-03
603              3.19287698e+00 3.27699353e-03 4.44807653e+00 3.14030339e+00 3.03798506e-03 4.44151841e+00 5.25735873e-02 2.39008478e-04 6.55811524e-03
604              3.20152026e+00 3.55757482e-03 4.47025648e+00 3.14862470e+00 3.37287811e-03 4.46379140e+00 5.28955553e-02 1.84696705e-04 6.46508267e-03
605              3.21029137e+00 3.81826358e-03 4.44656190e+00 3.15698655e+00 3.66269122e-03 4.44021341e+00 5.33048223e-02 1.55572364e-04 6.34848990e-03
606              3.21804168e+00 4.06791806e-03 4.36713177e+00 3.16430434e+00 3.90733585e-03 4.36090947e+00 5.37373346e-02 1.60582204e-04 6.22230312e-03
607              3.22545441e+00 4.25736621e-03 4.24343052e+00 3.17121937e+00 4.07110997e-03 4.23734867e+00 5.42350484e-02 1.86256239e-04 6.08184957e-03
608              3.23217785e+00 4.39839303e-03 4.08574214e+00 3.17743096e+00 4.15830114e-03 4.07980641e+00 5.47468917e-02 2.40091895e-04 5.93572910e-03
609              3.23760501e+00 4.48560729e-03 3.90387208e+00 3.18235711e+00 4.17968443e-03 3.89807135e+00 5.52479001e-02 3.05922865e-04 5.80072357e-03
610              3.24205503e+00 4.52974297e-03 3.71709379e+00 3.18631812e+00 4.13556831e-03 3.71137969e+00 5.57369080e-02 3.94174667e-04 5.71409999e-03
611              3.24473965e+00 4.55197685e-03 3.53430274e+00 3.18857650e+00 4.06011067e-03 3.52861521e+00 5.61631502e-02 4.91866177e-04 5.68753641e-03
612              3.24479961e+00 4.56584103e-03 3.36300848e+00 3.18833580e+00 3.96144990e-03 3.35729885e+00 5.64638171e-02 6.04391133e-04 5.70962662e-03
613              3.24230679e+00 4.56135444e-03 3.21814934e+00 3.18564177e+00 3.84763710e-03 3.21237019e+00 5.66650153e-02 7.13717343e-04 5.77914859e-03
614              3.23769256e+00 4.53499918e-03 3.09142141e+00 3.18091800e+00 3.71755887e-03 3.08554435e+00 5.67745613e-02 8.17440307e-04 5.87706460e-03
615              3.23147622e+00 4.46437104e-03 2.99072351e+00 3.17467650e+00 3.57549885e-03 2.98473187e+00 5.67997191e-02 8.88872183e-04 5.99163452e-03
616              3.22427832e+00 4.34740533e-03 2.92016543e+00 3.16750645e+00 3.43232680e-03 2.91406432e+00 5.67718639e-02 9.15078530e-04 6.10111269e-03
617              3.21649798e+00 4.19336251e-03 2.87920603e+00 3.15976946e+00 3.28303653e-03 2.87300915e+00 5.67285258e-02 9.10325976e-04 6.19688195e-03
618              3.20818606e+00 4.00954852e-03 2.86206009e+00 3.15154900e+00 3.10223190e-03 2.85577875e+00 5.66370665e-02 9.07316619e-04 6.28134568e-03
619              3.19984132e+00 3.78967775e-03 2.87318043e+00 3.14333032e+00 2.87934981e-03 2.86686742e+00 5.65109969e-02 9.10327936e-04 6.31300253e-03
620              3.19174759e+00 3.54470595e-03 2.90651182e+00 3.13541681e+00 2.60551339e-03 2.90018858e+00 5.63307801e-02 9.39192567e-04 6.32324127e-03
621              3.18417280e+00 3.27139632e-03 2.95876628e+00 3.12809434e+00 2.27960535e-03 2.95243734e+00 5.60784564e-02 9.91790963e-04 6.32893935e-03
622              3.17748477e+00 2.96005475e-03 3.03567913e+00 3.12170931e+00 1.90128240e-03 3.02934325e+00 5.57754653e-02 1.05877235e-03 6.33587321e-03
623              3.17149285e+00 2.61937396e-03 3.12931114e+00 3.11609802e+00 1.50423151e-03 3.12296163e+00 5.53948363e-02 1.11514245e-03 6.34951392e-03
624              3.16606981e+00 2.30728681e-03 3.22862770e+00 3.11115099e+00 1.14237027e-03 3.22226870e+00 5.49188143e-02 1.16491654e-03 6.35900715e-03
625              3.16229315e+00 2.02636786e-03 3.34092617e+00 3.10786280e+00 8.32242603e-04 3.33454494e+00 5.44303548e-02 1.19412526e-03 6.38122726e-03
626              3.16054756e+00 1.80315950e-03 3.46707940e+00 3.10659671e+00 6.13384643e-04 3.46066614e+00 5.39508493e-02 1.18977486e-03 6.41325477e-03
627              3.16088036e+00 1.65378243e-03 3.60600062e+00 3.10736806e+00 5.20692300e-04 3.59954634e+00 5.35122997e-02 1.13309013e-03 6.45427657e-03
628              3.16307463e+00 1.59809311e-03 3.75384221e+00 3.10995670e+00 5.77756311e-04 3.74734941e+00 5.31179293e-02 1.02033680e-03 6.49280220e-03
629              3.16683800e+00 1.64513470e-03 3.90427982e+00 3.11403145e+00 7.90022264e-04 3.89774978e+00 5.28065507e-02 8.55112431e-04 6.53003933e-03
630              3.17178357e+00 1.79532835e-03 4.04834557e+00 3.11918871e+00 1.13856654e-03 4.04178725e+00 5.25948624e-02 6.56761814e-04 6.55831776e-03
631              3.17764772e+00 2.04041521e-03 4.17629456e+00 3.12513073e+00 1.58336519e-03 4.16972231e+00 5.25169933e-02 4.57050017e-04 6.57225137e-03
632              3.18413092e+00 2.35043326e-03 4.27804327e+00 3.13156609e+00 2.07350856e-03 4.27148240e+00 5.25648374e-02 2.76924708e-04 6.56087071e-03
633              3.19107149e+00 2.70056075e-03 4.34537386e+00 3.13832583e+00 2.56039980e-03 4.33885584e+00 5.27456618e-02 1.40160951e-04 6.51802438e-03
634              3.19827661e+00 3.05514855e-03 4.37238550e+00 3.14525918e+00 3.00659198e-03 4.36594233e+00 5.30174233e-02 4.85565656e-05 6.44316965e-03
635              3.20556628e+00 3.39068616e-03 4.35672915e+00 3.15219331e+00 3.38878454e-03 4.35038087e+00 5.33729633e-02 1.90161876e-06 6.34827131e-03
636              3.21198792e+00 3.70701660e-03 4.29099046e+00 3.15825288e+00 3.71306613e-03 4.28475365e+00 5.37350321e-02 -6.04952940e-06 6.23681295e-03
637              3.21816604e+00 3.94489349e-03 4.18509377e+00 3.16399774e+00 3.94820542e-03 4.17897427e+00 5.41682956e-02 -3.31192984e-06 6.11950035e-03
638              3.22385004e+00 4.13259497e-03 4.04786100e+00 3.16921870e+00 4.10985340e-03 4.04185625e+00 5.46313409e-02 2.27415652e-05 6.00474470e-03
639              3.22864898e+00 4.29971534e-03 3.88774938e+00 3.17352559e+00 4.21259246e-03 3.88185073e+00 5.51233843e-02 8.71228760e-05 5.89864517e-03
640              3.23280687e+00 4.44500855e-03 3.72150944e+00 3.17722042e+00 4.25059628e-03 3.71569033e+00 5.55864496e-02 1.94412270e-04 5.81910590e-03
641              3.23570746e+00 4.59688863e-03 3.55637709e+00 3.17969770e+00 4.25674853e-03 3.55059208e+00 5.60097649e-02 3.40140099e-04 5.78501009e-03
642              3.23669785e+00 4.73850399e-03 3.39962255e+00 3.18038791e+00 4.22828595e-03 3.39383770e+00 5.63099389e-02 5.10218036e-04 5.78484965e-03
643              3.23581582e+00 4.85252922e-03 3.25986292e+00 3.17926609e+00 4.15813941e-03 3.25403699e+00 5.65497321e-02 6.94389813e-04 5.82593193e-03
644              3.23300846e+00 4.91716238e-03 3.14913374e+00 3.17633387e+00 4.04412346e-03 3.14324843e+00 5.66745875e-02 8.73038917e-04 5.88530928e-03
645              3.22848651e+00 4.91568208e-03 3.05849315e+00 3.17173662e+00 3.88831682e-03 3.05251975e+00 5.67498913e-02 1.02736525e-03 5.97339621e-03
646              3.22248811e+00 4.83194845e-03 2.99212358e+00 3.16576031e+00 3.69892563e-03 2.98605418e+00 5.67278028e-02 1.13302282e-03 6.06939133e-03
647              3.21561759e+00 4.66441058e-03 2.95196619e+00 3.15893862e+00 3.48784740e-03 2.94580272e+00 5.66789710e-02 1.17656318e-03 6.16346474e-03
648              3.20812249e+00 4.41559307e-03 2.93304677e+00 3.15155899e+00 3.25751613e-03 2.92679291e+00 5.65635049e-02 1.15807695e-03 6.25385440e-03
649              3.20057323e+00 4.12749890e-03 2.93968510e+00 3.14413476e+00 3.01659792e-03 2.93338558e+00 5.64384741e-02 1.11090098e-03 6.29951470e-03
650              3.19324003e+00 3.82918165e-03 2.96605279e+00 3.13697734e+00 2.76416449e-03 2.95973434e+00 5.62626899e-02 1.06501716e-03 6.31844787e-03
651              3.18645442e+00 3.54959040e-03 3.00989603e+00 3.13039886e+00 2.49405944e-03 3.00356881e+00 5.60555512e-02 1.05553096e-03 6.32721802e-03
652              3.18035294e+00 3.28694537e-03 3.06937570e+00 3.12458006e+00 2.20017248e-03 3.06304710e+00 5.57728824e-02 1.08677289e-03 6.32859834e-03
653              3.17520146e+00 3.03976047e-03 3.14362137e+00 3.11974432e+00 1.88419603e-03 3.13728799e+00 5.54571416e-02 1.15556445e-03 6.33338676e-03
654              3.17109564e+00 2.78945508e-03 3.23088130e+00 3.11601799e+00 1.55762520e-03 3.22454292e+00 5.50776537e-02 1.23182989e-03 6.33837903e-03
655              3.16825994e+00 2.54064796e-03 3.33027617e+00 3.11356704e+00 1.24286085e-03 3.32392621e+00 5.46928987e-02 1.29778711e-03 6.34995402e-03
656              3.16672258e+00 2.29270475e-03 3.44000484e+00 3.11243793e+00 9.69078409e-04 3.43364484e+00 5.42846555e-02 1.32362634e-03 6.36000195e-03
657              3.16662030e+00 2.06255354e-03 3.55858039e+00 3.11270845e+00 7.69183600e-04 3.55220037e+00 5.39118493e-02 1.29336994e-03 6.38001976e-03
658              3.16787172e+00 1.86556741e-03 3.68273532e+00 3.11430568e+00 6.74862887e-04 3.67633394e+00 5.35660404e-02 1.19070452e-03 6.40137811e-03
659              3.17044019e+00 1.73624547e-03 3.80817424e+00 3.11714998e+00 7.09849806e-04 3.80173980e+00 5.32902082e-02 1.02639567e-03 6.43444211e-03
660              3.17411400e+00 1.70031053e-03 3.92849573e+00 3.12103552e+00 8.81741025e-04 3.92203655e+00 5.30784847e-02 8.18569500e-04 6.45917950e-03
661              3.17871180e+00 1.77772646e-03 4.03630529e+00 3.12574810e+00 1.17834374e-03 4.02982607e+00 5.29636945e-02 5.99382714e-04 6.47922365e-03
662              3.18399660e+00 1.96107674e-03 4.12379560e+00 3.13103904e+00 1.56870625e-03 4.11731973e+00 5.29575546e-02 3.92370485e-04 6.47587287e-03
663              3.18977118e+00 2.23381384e-03 4.18422945e+00 3.13669929e+00 2.01264617e-03 4.17777600e+00 5.30718942e-02 2.21167670e-04 6.45344661e-03
664              3.19579041e+00 2.56292984e-03 4.21263311e+00 3.14249509e+00 2.46799294e-03 4.20623584e+00 5.32953180e-02 9.49368928e-05 6.39726738e-03
665              3.20181886e+00 2.91810373e-03 4.20647022e+00 3.14821777e+00 2.90102666e-03 4.20014928e+00 5.36010903e-02 1.70770689e-05 6.32094308e-03
666              3.20755369e+00 3.26425760e-03 4.16605866e+00 3.15358884e+00 3.28918016e-03 4.15983255e+00 5.39648561e-02 -2.49225580e-05 6.22611149e-03
667              3.21265658e+00 3.58411728e-03 4.09424660e+00 3.15830247e+00 3.62253566e-03 4.08811376e+00 5.43541015e-02 -3.84183752e-05 6.13284373e-03
668              3.21680547e+00 3.87620116e-03 3.99554438e+00 3.16205710e+00 3.89837612e-03 3.98950291e+00 5.47483737e-02 -2.21749561e-05 6.04147705e-03
669              3.21925734e+00 4.16824334e-03 3.86899218e+00 3.16417005e+00 4.13475961e-03 3.86302273e+00 5.50872895e-02 3.34837280e-05 5.96945645e-03
670              3.22134201e+00 4.40644185e-03 3.73223069e+00 3.16590418e+00 4.27191734e-03 3.72632162e+00 5.54378232e-02 1.34524512e-04 5.90907043e-03
671              3.22298137e+00 4.62995830e-03 3.59333570e+00 3.16724209e+00 4.34486418e-03 3.58744906e+00 5.57392876e-02 2.85094115e-04 5.88663751e-03
672              3.22378651e+00 4.82940256e-03 3.45948323e+00 3.16780985e+00 4.35556782e-03 3.45360845e+00 5.59766595e-02 4.73834738e-04 5.87477694e-03
673              3.22368008e+00 4.98413622e-03 3.33844508e+00 3.16753092e+00 4.29863623e-03 3.33254455e+00 5.61491535e-02 6.85499987e-04 5.90052509e-03
674              3.22252857e+00 5.07032191e-03 3.23719048e+00 3.16625436e+00 4.17519316e-03 3.23124920e+00 5.62742152e-02 8.95128745e-04 5.94128149e-03
675              3.22006123e+00 5.07201645e-03 3.16375075e+00 3.16373677e+00 3.99474715e-03 3.15774936e+00 5.63244585e-02 1.07726930e-03 6.00138669e-03
676              3.21628304e+00 4.97416220e-03 3.11008479e+00 3.15994376e+00 3.77120365e-03 3.10400945e+00 5.63392849e-02 1.20295855e-03 6.07533814e-03
677              3.21133989e+00 4.77460606e-03 3.07438708e+00 3.15505586e+00 3.51685022e-03 3.06821011e+00 5.62840242e-02 1.25775584e-03 6.17697618e-03
678              3.20571662e+00 4.49918059e-03 3.06331503e+00 3.14950683e+00 3.25560097e-03 3.05706793e+00 5.62097899e-02 1.24357962e-03 6.24709877e-03
679              3.19988202e+00 4.19154026e-03 3.07089604e+00 3.14377268e+00 3.00488017e-03 3.06459358e+00 5.61093322e-02 1.18666009e-03 6.30246260e-03
680              3.19472477e+00 3.90173794e-03 3.09156992e+00 3.13872172e+00 2.78277454e-03 3.08524333e+00 5.60030548e-02 1.11896341e-03 6.32659005e-03
681              3.18900967e+00 3.62064481e-03 3.12879401e+00 3.13315957e+00 2.54599429e-03 3.12245675e+00 5.58501048e-02 1.07465053e-03 6.33726214e-03
682              3.18442325e+00 3.41691652e-03 3.16992996e+00 3.12873832e+00 2.34128008e-03 3.16360243e+00 5.56849229e-02 1.07563644e-03 6.32752800e-03
683              3.17990922e+00 3.21504243e-03 3.23042048e+00 3.12444483e+00 2.09489937e-03 3.22410084e+00 5.54643875e-02 1.12014307e-03 6.31964285e-03
684              3.17638804e+00 3.03066174e-03 3.29486314e+00 3.12117033e+00 1.84505171e-03 3.28855963e+00 5.52177065e-02 1.18561003e-03 6.30350390e-03
685              3.17383778e+00 2.83724552e-03 3.36769272e+00 3.11891124e+00 1.58648058e-03 3.36139604e+00 5.49265413e-02 1.25076494e-03 6.29668164e-03
686              3.17239903e+00 2.62460976e-03 3.44779624e+00 3.11776166e+00 1.33842944e-03 3.44150665e+00 5.46373680e-02 1.28618032e-03 6.28958490e-03
687              3.17211180e+00 2.39692750e-03 3.53369948e+00 3.11776152e+00 1.12669161e-03 3.52740287e+00 5.43502734e-02 1.27023589e-03 6.29661632e-03
688              3.17295726e+00 2.17277509e-03 3.62334531e+00 3.11886210e+00 9.79618229e-04 3.61703816e+00 5.40951531e-02 1.19315687e-03 6.30714473e-03
689              3.17487716e+00 1.98317292e-03 3.71427101e+00 3.12101497e+00 9.24825068e-04 3.70793993e+00 5.38621829e-02 1.05834785e-03 6.33108625e-03
690              3.17775774e+00 1.86501262e-03 3.80258724e+00 3.12407859e+00 9.83240879e-04 3.79623736e+00 5.36791505e-02 8.81771737e-04 6.34987789e-03
691              3.18141699e+00 1.84577473e-03 3.88307464e+00 3.12786351e+00 1.16218876e-03 3.87670561e+00 5.35534815e-02 6.83585967e-04 6.36902780e-03
692              3.18563165e+00 1.93928212e-03 3.94983394e+00 3.13211025e+00 1.45076960e-03 3.94346100e+00 5.35214049e-02 4.88512516e-04 6.37293408e-03
693              3.19017601e+00 2.13546448e-03 3.99763009e+00 3.13659143e+00 1.82307772e-03 3.99126509e+00 5.35845828e-02 3.12386757e-04 6.36499168e-03
694              3.19479213e+00 2.41500347e-03 4.02210533e+00 3.14104265e+00 2.24535054e-03 4.01577335e+00 5.37494759e-02 1.69652923e-04 6.33197892e-03
695              3.19926847e+00 2.75395169e-03 4.02101663e+00 3.14527023e+00 2.68233473e-03 4.01473452e+00 5.39982462e-02 7.16169539e-05 6.28210836e-03
696              3.20340533e+00 3.11807020e-03 3.99441743e+00 3.14910290e+00 3.10305185e-03 3.98820385e+00 5.43024311e-02 1.50183587e-05 6.21357182e-03
697              3.20693102e+00 3.48551814e-03 3.94368708e+00 3.15230676e+00 3.48548798e-03 3.93754364e+00 5.46242596e-02 3.01620141e-08 6.14343399e-03
698              3.20958705e+00 3.83988629e-03 3.87130843e+00 3.15465622e+00 3.81402363e-03 3.86523668e+00 5.49308261e-02 2.58626533e-05 6.07175357e-03
699              3.21130105e+00 4.17371021e-03 3.78136084e+00 3.15609691e+00 4.07597900e-03 3.77534144e+00 5.52041405e-02 9.77312087e-05 6.01940627e-03
700              3.21220597e+00 4.47550976e-03 3.67972517e+00 3.15676809e+00 4.26113966e-03 3.67374701e+00 5.54378828e-02 2.14370096e-04 5.97815512e-03
701              3.21255130e+00 4.73332750e-03 3.57334354e+00 3.15692645e+00 4.36184499e-03 3.56738204e+00 5.56248447e-02 3.71482512e-04 5.96149690e-03
702              3.21260679e+00 4.93687101e-03 3.46974459e+00 3.15683474e+00 4.37385571e-03 3.46378721e+00 5.57720422e-02 5.63015299e-04 5.95737716e-03
703              3.21249565e+00 5.07072128e-03 3.37641129e+00 3.15662117e+00 4.29691109e-03 3.37043253e+00 5.58744785e-02 7.73810187e-04 5.97875134e-03
704              3.21204576e+00 5.11714631e-03 3.29948658e+00 3.15609777e+00 4.13740163e-03 3.29347821e+00 5.59479828e-02 9.79744682e-04 6.00836993e-03
705              3.21084759e+00 5.05952280e-03 3.24224656e+00 3.15487948e+00 3.90945230e-03 3.23618986e+00 5.59681126e-02 1.15007049e-03 6.05669911e-03
706              3.20865343e+00 4.90210914e-03 3.20543790e+00 3.15270640e+00 3.63471504e-03 3.19932495e+00 5.59470293e-02 1.26739410e-03 6.11295438e-03
707              3.20551345e+00 4.65732063e-03 3.18789749e+00 3.14963007e+00 3.34030094e-03 3.18171634e+00 5.58833853e-02 1.31701969e-03 6.18114336e-03
708              3.20217843e+00 4.37915763e-03 3.18777796e+00 3.14637125e+00 3.07245187e-03 3.18153511e+00 5.58071807e-02 1.30670576e-03 6.24284578e-03
709              3.19841878e+00 4.05464768e-03 3.20020736e+00 3.14269672e+00 2.81021060e-03 3.19391357e+00 5.57220600e-02 1.24443708e-03 6.29378983e-03
710              3.19449486e+00 3.75205307e-03 3.22300750e+00 3.13886332e+00 2.58418812e-03 3.21668487e+00 5.56315439e-02 1.16786494e-03 6.32262807e-03
711              3.19067461e+00 3.50247347e-03 3.25367488e+00 3.13513370e+00 2.39889274e-03 3.24733990e+00 5.55409138e-02 1.10358073e-03 6.33498304e-03
712              3.18712469e+00 3.32206873e-03 3.29016803e+00 3.13168370e+00 2.24640177e-03 3.28384432e+00 5.54409887e-02 1.07566696e-03 6.32370862e-03
713              3.18401169e+00 3.19049532e-03 3.33152968e+00 3.12868919e+00 2.11033121e-03 3.32522526e+00 5.53225029e-02 1.08016411e-03 6.30442691e-03
714              3.18147245e+00 3.08491304e-03 3.37677240e+00 3.12628916e+00 1.97225042e-03 3.37049412e+00 5.51832926e-02 1.11266262e-03 6.27828044e-03
715              3.17965144e+00 2.96532741e-03 3.42509815e+00 3.12462443e+00 1.82050553e-03 3.41883674e+00 5.50270105e-02 1.14482188e-03 6.26140438e-03
716              3.17863381e+00 2.82283344e-03 3.47527841e+00 3.12377048e+00 1.65639622e-03 3.46903334e+00 5.48633303e-02 1.16643722e-03 6.24507062e-03
717              3.17846606e+00 2.64256022e-03 3.52632694e+00 3.12377298e+00 1.49337533e-03 3.52008665e+00 5.46930795e-02 1.14918489e-03 6.24029639e-03
718              3.17914837e+00 2.44765322e-03 3.57735876e+00 3.12461814e+00 1.35222131e-03 3.57112174e+00 5.45302240e-02 1.09543191e-03 6.23701703e-03
719              3.18066402e+00 2.25216897e-03 3.62776185e+00 3.12628833e+00 1.25806056e-03 3.62151548e+00 5.43756989e-02 9.94108412e-04 6.24636907e-03
720              3.18295625e+00 2.10406077e-03 3.67648083e+00 3.12870300e+00 1.23872331e-03 3.67022687e+00 5.42532501e-02 8.65337463e-04 6.25395052e-03
721              3.18584578e+00 2.02847439e-03 3.72112497e+00 3.13168265e+00 1.31885087e-03 3.71485727e+00 5.41631308e-02 7.09623515e-04 6.26769796e-03
722              3.18909751e+00 2.05949809e-03 3.75866941e+00 3.13495692e+00 1.50745546e-03 3.75239863e+00 5.41405893e-02 5.52042631e-04 6.27077448e-03
723              3.19244184e+00 2.19315325e-03 3.78605989e+00 3.13826217e+00 1.79453467e-03 3.77978738e+00 5.41796714e-02 3.98618577e-04 6.27251439e-03
724              3.19566531e+00 2.42831519e-03 3.80079780e+00 3.14137107e+00 2.15605320e-03 3.79454009e+00 5.42942403e-02 2.72261982e-04 6.25771485e-03
725              3.19858634e+00 2.74146565e-03 3.80131950e+00 3.14412415e+00 2.56087035e-03 3.79508486e+00 5.44621949e-02 1.80595292e-04 6.23464672e-03
726              3.20105608e+00 3.11466970e-03 3.78719720e+00 3.14638330e+00 2.97620804e-03 3.78100422e+00 5.46727849e-02 1.38461662e-04 6.19297590e-03
727              3.20290172e+00 3.51377136e-03 3.75859833e+00 3.14801895e+00 3.37155746e-03 3.75244776e+00 5.48827739e-02 1.42213902e-04 6.15057544e-03
728              3.20401292e+00 3.91568870e-03 3.71613518e+00 3.14893123e+00 3.71912102e-03 3.71003205e+00 5.50816884e-02 1.96567682e-04 6.10312143e-03
729              3.20439388e+00 4.28340425e-03 3.66171711e+00 3.14915039e+00 3.99306772e-03 3.65564897e+00 5.52434908e-02 2.90336536e-04 6.06813890e-03
730              3.20423403e+00 4.59594712e-03 3.59924504e+00 3.14885212e+00 4.17341228e-03 3.59320491e+00 5.53819098e-02 4.22534844e-04 6.04013746e-03
731              3.20377522e+00 4.83259116e-03 3.53363139e+00 3.14829787e+00 4.25285524e-03 3.52759999e+00 5.54773547e-02 5.79735921e-04 6.03139890e-03
732              3.20308368e+00 4.96796840e-03 3.46191159e+00 3.14751929e+00 4.21462556e-03 3.45588343e+00 5.55643940e-02 7.53342847e-04 6.02816210e-03
733              3.20275569e+00 5.01545947e-03 3.40294410e+00 3.14714558e+00 4.08557246e-03 3.39689786e+00 5.56101094e-02 9.29887007e-04 6.04623819e-03
734              3.20258600e+00 4.98854327e-03 3.35611272e+00 3.14692715e+00 3.89471001e-03 3.35004651e+00 5.56588545e-02 1.09383326e-03 6.06621299e-03
735              3.20229066e+00 4.90408504e-03 3.32769826e+00 3.14664605e+00 3.68077279e-03 3.32159913e+00 5.56446176e-02 1.22331225e-03 6.09913016e-03
736              3.20145595e+00 4.72429848e-03 3.31096771e+00 3.14583782e+00 3.42235582e-03 3.30483360e+00 5.56181328e-02 1.30194266e-03 6.13410830e-03
737              3.19987356e+00 4.47173875e-03 3.30797617e+00 3.14433644e+00 3.14891251e-03 3.30179181e+00 5.55371145e-02 1.32282624e-03 6.18435313e-03
738              3.19778246e+00 4.18317395e-03 3.31678609e+00 3.14230774e+00 2.88698701e-03 3.31055191e+00 5.54747211e-02 1.29618694e-03 6.23418833e-03
739              3.19534308e+00 3.89181112e-03 3.33386355e+00 3.13995874e+00 2.65871733e-03 3.32758476e+00 5.53843394e-02 1.23309379e-03 6.27878803e-03
740              3.19286191e+00 3.63493649e-03 3.35625552e+00 3.13753590e+00 2.47533312e-03 3.34995566e+00 5.53260046e-02 1.15960337e-03 6.29986546e-03
741              3.19047914e+00 3.42463371e-03 3.38152030e+00 3.13522994e+00 2.33692568e-03 3.37521426e+00 5.52492026e-02 1.08770804e-03 6.30604015e-03
742              3.18839740e+00 3.27615145e-03 3.40851115e+00 3.13319104e+00 2.23420053e-03 3.40221838e+00 5.52063538e-02 1.04195091e-03 6.29277237e-03
743              3.18664234e+00 3.17125270e-03 3.43626183e+00 3.13150184e+00 2.15174321e-03 3.42998818e+00 5.51404931e-02 1.01950949e-03 6.27364943e-03
744              3.18534199e+00 3.09575077e-03 3.46406207e+00 3.13024116e+00 2.07132020e-03 3.45781495e+00 5.51008385e-02 1.02443057e-03 6.24712130e-03
745              3.18447450e+00 3.01348128e-03 3.49081908e+00 3.12944684e+00 1.97925260e-03 3.48459321e+00 5.50276586e-02 1.03422868e-03 6.22587373e-03
746              3.18410683e+00 2.91609894e-03 3.51585286e+00 3.12913487e+00 1.87267077e-03 3.50964833e+00 5.49719639e-02 1.04342817e-03 6.20452288e-03
747              3.18417961e+00 2.78965394e-03 3.53874979e+00 3.12929960e+00 1.76038113e-03 3.53255928e+00 5.48800103e-02 1.02927281e-03 6.19050587e-03
748              3.18475305e+00 2.65178496e-03 3.55988985e+00 3.12994264e+00 1.65842898e-03 3.55370943e+00 5.48104160e-02 9.93355976e-04 6.18041601e-03
749              3.18578342e+00 2.50841764e-03 3.57988532e+00 3.13106588e+00 1.58703278e-03 3.57370429e+00 5.47175413e-02 9.21384865e-04 6.18103703e-03
750              3.18728966e+00 2.39934705e-03 3.59932581e+00 3.13263200e+00 1.57013915e-03 3.59313846e+00 5.46576697e-02 8.29207894e-04 6.18734460e-03
751              3.18923179e+00 2.34023436e-03 3.61779288e+00 3.13463257e+00 1.62441369e-03 3.61159470e+00 5.45992244e-02 7.15820673e-04 6.19818542e-03
752              3.19139031e+00 2.37500383e-03 3.63402482e+00 3.13679405e+00 1.77469744e-03 3.62781609e+00 5.45962540e-02 6.00306383e-04 6.20872932e-03
753              3.19351400e+00 2.49520663e-03 3.64648036e+00 3.13890183e+00 2.01721525e-03 3.64026317e+00 5.46121683e-02 4.77991380e-04 6.21718283e-03
754              3.19548298e+00 2.70173376e-03 3.65490061e+00 3.14079159e+00 2.32903576e-03 3.64868088e+00 5.46913914e-02 3.72698002e-04 6.21973281e-03
755              3.19711813e+00 2.97548242e-03 3.65695690e+00 3.14233001e+00 2.67904355e-03 3.65074367e+00 5.47881152e-02 2.96438868e-04 6.21322807e-03
756              3.19837017e+00 3.30749239e-03 3.65145348e+00 3.14344509e+00 3.03679201e-03 3.64525701e+00 5.49250807e-02 2.70700378e-04 6.19647258e-03
757              3.19912287e+00 3.65924803e-03 3.63761262e+00 3.14407115e+00 3.37384120e-03 3.63144120e+00 5.50517209e-02 2.85406835e-04 6.17141992e-03
758              3.19935998e+00 4.01382997e-03 3.61508742e+00 3.14417547e+00 3.66412213e-03 3.60894411e+00 5.51845048e-02 3.49707848e-04 6.14331796e-03
759              3.19910377e+00 4.32887578e-03 3.58432041e+00 3.14382114e+00 3.88408502e-03 3.57820552e+00 5.52826270e-02 4.44790755e-04 6.11488646e-03
760              3.19837799e+00 4.60052783e-03 3.54636484e+00 3.14300811e+00 4.02978666e-03 3.54027127e+00 5.53698839e-02 5.70741175e-04 6.09356318e-03
761              3.19756979e+00 4.78221195e-03 3.50484040e+00 3.14215203e+00 4.07419924e-03 3.49876291e+00 5.54177549e-02 7.08012707e-04 6.07749420e-03
762              3.19704902e+00 4.88648900e-03 3.46431946e+00 3.14157592e+00 4.02225891e-03 3.45824774e+00 5.54731017e-02 8.64230095e-04 6.07172299e-03
763              3.19685041e+00 4.89950779e-03 3.42872882e+00 3.14135659e+00 3.89119813e-03 3.42265564e+00 5.54938250e-02 1.00830967e-03 6.07317774e-03
764              3.19687187e+00 4.84078613e-03 3.40145311e+00 3.14136066e+00 3.69672025e-03 3.39536860e+00 5.55112139e-02 1.14406588e-03 6.08451473e-03
765              3.19686002e+00 4.69841044e-03 3.38484960e+00 3.14137839e+00 3.46534923e-03 3.37874147e+00 5.54816315e-02 1.23306121e-03 6.10812568e-03
766              3.19654253e+00 4.50692865e-03 3.37928838e+00 3.14109985e+00 3.21910986e-03 3.37314870e+00 5.54426867e-02 1.28781879e-03 6.13967454e-03
767              3.19576965e+00 4.27209678e-03 3.38373091e+00 3.14040246e+00 2.97800165e-03 3.37755052e+00 5.53671913e-02 1.29409512e-03 6.18039624e-03
768              3.19464140e+00 4.02949194e-03 3.39633339e+00 3.13934376e+00 2.75759618e-03 3.39011462e+00 5.52976334e-02 1.27189576e-03 6.21876171e-03
769              3.19328920e+00 3.78473254e-03 3.41459433e+00 3.13807762e+00 2.56787510e-03 3.40834128e+00 5.52115842e-02 1.21685744e-03 6.25305581e-03
770              3.19192366e+00 3.56754539e-03 3.43605822e+00 3.13676949e+00 2.41226630e-03 3.42978634e+00 5.51541702e-02 1.15527909e-03 6.27187768e-03
771              3.19065328e+00 3.37561832e-03 3.45854615e+00 3.13555550e+00 2.28898154e-03 3.45226641e+00 5.50977802e-02 1.08663678e-03 6.27973521e-03
772              3.18958819e+00 3.22784841e-03 3.48049423e+00 3.13451468e+00 2.19182164e-03 3.47422348e+00 5.50735161e-02 1.03602678e-03 6.27074763e-03
773              3.18873753e+00 3.10805543e-03 3.50051569e+00 3.13368849e+00 2.11191476e-03 3.49425973e+00 5.50490389e-02 9.96140675e-04 6.25595702e-03
774              3.18814874e+00 3.01793030e-03 3.51744503e+00 3.13310446e+00 2.03933367e-03 3.51121355e+00 5.50442855e-02 9.78596633e-04 6.23148346e-03
775              3.18780425e+00 2.92990504e-03 3.53035914e+00 3.13277190e+00 1.96741488e-03 3.52415067e+00 5.50323534e-02 9.62490164e-04 6.20847125e-03
776              3.18771307e+00 2.84765747e-03 3.53907625e+00 3.13268967e+00 1.89608898e-03 3.53289415e+00 5.50234003e-02 9.51568485e-04 6.18209665e-03
777              3.18785921e+00 2.75387142e-03 3.54417566e+00 3.13285737e+00 1.83229171e-03 3.53801076e+00 5.50018472e-02 9.21579702e-04 6.16489525e-03
778              3.18825145e+00 2.66538157e-03 3.54694637e+00 3.13327430e+00 1.78180903e-03 3.54079604e+00 5.49771467e-02 8.83572539e-04 6.15033465e-03
779              3.18893591e+00 2.58473575e-03 3.54830342e+00 3.13399158e+00 1.76733191e-03 3.54215566e+00 5.49443374e-02 8.17403838e-04 6.14776464e-03
780              3.18994177e+00 2.54814416e-03 3.54987888e+00 3.13503175e+00 1.80713172e-03 3.54372944e+00 5.49100195e-02 7.41012439e-04 6.14943947e-03
781              3.19121402e+00 2.55841014e-03 3.55307972e+00 3.13632628e+00 1.91271095e-03 3.54691824e+00 5.48877473e-02 6.45699190e-04 6.16148545e-03
782              3.19246820e+00 2.64060955e-03 3.55800472e+00 3.13759560e+00 2.08743599e-03 3.55183033e+00 5.48726015e-02 5.53173560e-04 6.17439337e-03
783              3.19367282e+00 2.78087624e-03 3.56419229e+00 3.13879300e+00 2.31712795e-03 3.55800105e+00 5.48798255e-02 4.63748293e-04 6.19124240e-03
784              3.19472536e+00 2.99002109e-03 3.57028597e+00 3.13981824e+00 2.58496751e-03 3.56408413e+00 5.49071243e-02 4.05053575e-04 6.20184318e-03
785              3.19558219e+00 3.24315064e-03 3.57496688e+00 3.14061608e+00 2.87187921e-03 3.56875681e+00 5.49661137e-02 3.71271422e-04 6.21007391e-03
786              3.19613673e+00 3.53620135e-03 3.57646432e+00 3.14110380e+00 3.15685753e-03 3.57025769e+00 5.50329369e-02 3.79343826e-04 6.20662659e-03
787              3.19638072e+00 3.83775006e-03 3.57359607e+00 3.14126410e+00 3.41953090e-03 3.56739974e+00 5.51166119e-02 4.18219160e-04 6.19633085e-03
788              3.19624658e+00 4.13423675e-03 3.56501190e+00 3.14106131e+00 3.64075326e-03 3.55883642e+00 5.51852754e-02 4.93483492e-04 6.17547880e-03
789              3.19583767e+00 4.39053987e-03 3.55049367e+00 3.14057780e+00 3.80177558e-03 3.54433862e+00 5.52598682e-02 5.88764296e-04 6.15504547e-03
790              3.19510072e+00 4.59978708e-03 3.52992747e+00 3.13979757e+00 3.89906616e-03 3.52379536e+00 5.53031530e-02 7.00720920e-04 6.13211138e-03
791              3.19442389e+00 4.72926289e-03 3.50576293e+00 3.13907094e+00 3.91058604e-03 3.49964666e+00 5.53529566e-02 8.18676852e-04 6.11627575e-03
792              3.19397364e+00 4.78401861e-03 3.48092879e+00 3.13859433e+00 3.84111665e-03 3.47482738e+00 5.53793111e-02 9.42901960e-04 6.10140130e-03
793              3.19384960e+00 4.76151953e-03 3.45865361e+00 3.13843842e+00 3.70553942e-03 3.45255499e+00 5.54111766e-02 1.05598011e-03 6.09861580e-03
794              3.19393140e+00 4.67246442e-03 3.44164198e+00 3.13852298e+00 3.52053293e-03 3.43554170e+00 5.54084200e-02 1.15193149e-03 6.10028158e-03
795              3.19401677e+00 4.52778876e-03 3.43138904e+00 3.13862020e+00 3.30400104e-03 3.42527292e+00 5.53965642e-02 1.22378772e-03 6.11612318e-03
796              3.19394038e+00 4.33365283e-03 3.42880729e+00 3.13859522e+00 3.07368565e-03 3.42267197e+00 5.53451584e-02 1.25996718e-03 6.13531841e-03
797              3.19363816e+00 4.11030044e-03 3.43374379e+00 3.13834916e+00 2.84721977e-03 3.42757798e+00 5.52890006e-02 1.26308067e-03 6.16580585e-03
798              3.19307903e+00 3.87833728e-03 3.44475963e+00 3.13786616e+00 2.63989604e-03 3.43856547e+00 5.52128724e-02 1.23844125e-03 6.19415654e-03
799              3.19241103e+00 3.65355814e-03 3.46020310e+00 3.13726098e+00 2.46190229e-03 3.45397880e+00 5.51500429e-02 1.19165584e-03 6.22429908e-03
800              3.19172189e+00 3.44791496e-03 3.47790995e+00 3.13663473e+00 2.31710254e-03 3.47166815e+00 5.50871692e-02 1.13081242e-03 6.24179678e-03
801              3.19113307e+00 3.27099937e-03 3.49612009e+00 3.13608083e+00 2.20466577e-03 3.48986638e+00 5.50522418e-02 1.06633360e-03 6.25370435e-03
802              3.19065136e+00 3.12668018e-03 3.51299346e+00 3.13562228e+00 2.12016339e-03 3.50674339e+00 5.50290833e-02 1.00651678e-03 6.25006714e-03
803              3.19031295e+00 3.01504047e-03 3.52719545e+00 3.13528317e+00 2.05729915e-03 3.52095477e+00 5.50297805e-02 9.57741324e-04 6.24068612e-03
804              3.19008574e+00 2.92878302e-03 3.53727568e+00 3.13504838e+00 2.00879084e-03 3.53105614e+00 5.50373514e-02 9.19992176e-04 6.21954216e-03
805              3.18997997e+00 2.85999315e-03 3.54260362e+00 3.13492555e+00 1.96956501e-03 3.53640437e+00 5.50544234e-02 8.90428136e-04 6.19925292e-03
806              3.18996473e+00 2.80088048e-03 3.54309779e+00 3.13489472e+00 1.93890923e-03 3.53692267e+00 5.50700124e-02 8.61971248e-04 6.17511344e-03
807              3.18998973e+00 2.74792806e-03 3.53957601e+00 3.13490913e+00 1.91683782e-03 3.53341810e+00 5.50805928e-02 8.31090244e-04 6.15790849e-03
808              3.19013847e+00 2.70621257e-03 3.53302722e+00 3.13505666e+00 1.91688837e-03 3.52688552e+00 5.50818126e-02 7.89324207e-04 6.14170301e-03
809              3.19051594e+00 2.68611960e-03 3.52575516e+00 3.13544252e+00 1.95066628e-03 3.51961808e+00 5.50734182e-02 7.35453318e-04 6.13707604e-03
810              3.19111013e+00 2.69979790e-03 3.51964841e+00 3.13604323e+00 2.02693809e-03 3.51351148e+00 5.50669001e-02 6.72859801e-04 6.13693088e-03
811              3.19178269e+00 2.75723756e-03 3.51604883e+00 3.13673417e+00 2.15266637e-03 3.50990160e+00 5.50485207e-02 6.04571189e-04 6.14723707e-03
812              3.19251024e+00 2.86280058e-03 3.51590778e+00 3.13747061e+00 2.32271925e-03 3.50974822e+00 5.50396246e-02 5.40081328e-04 6.15956111e-03
813              3.19317690e+00 3.01918503e-03 3.51903654e+00 3.13814675e+00 2.52887150e-03 3.51285892e+00 5.50301523e-02 4.90313528e-04 6.17762130e-03
814              3.19373243e+00 3.21792349e-03 3.52446660e+00 3.13868988e+00 2.75885969e-03 3.51827448e+00 5.50425495e-02 4.59063793e-04 6.19212000e-03
815              3.19412865e+00 3.45101740e-03 3.53075396e+00 3.13907075e+00 2.99700867e-03 3.52454924e+00 5.50578942e-02 4.54008723e-04 6.20472770e-03
816              3.19435444e+00 3.70199440e-03 3.53636301e+00 3.13925804e+00 3.22635467e-03 3.53015538e+00 5.50964040e-02 4.75639733e-04 6.20762440e-03
817              3.19436746e+00 3.95560655e-03 3.53969181e+00 3.13923618e+00 3.43060367e-03 3.53348760e+00 5.51312767e-02 5.25002882e-04 6.20420481e-03
818              3.19418107e+00 4.19141862e-03 3.53951757e+00 3.13900029e+00 3.59449491e-03 3.53332626e+00 5.51807806e-02 5.96923710e-04 6.19131874e-03
819              3.19380764e+00 4.38864150e-03 3.53483896e+00 3.13858963e+00 3.70316863e-03 3.52866359e+00 5.52180089e-02 6.85472869e-04 6.17536597e-03
820              3.19325816e+00 4.53737350e-03 3.52535278e+00 3.13799823e+00 3.75510992e-03 3.51919657e+00 5.52599291e-02 7.82263585e-04 6.15621751e-03
821              3.19275393e+00 4.61701268e-03 3.51212160e+00 3.13746861e+00 3.73441389e-03 3.50598249e+00 5.52853244e-02 8.82598787e-04 6.13911193e-03
822              3.19246082e+00 4.63081898e-03 3.49733394e+00 3.13714253e+00 3.64693085e-03 3.49120960e+00 5.53182954e-02 9.83888131e-04 6.12433964e-03
823              3.19238822e+00 4.57963584e-03 3.48305240e+00 3.13705679e+00 3.50635989e-03 3.47693635e+00 5.53314302e-02 1.07327595e-03 6.11605322e-03
824              3.19252210e+00 4.47435771e-03 3.47164283e+00 3.13718267e+00 3.32779081e-03 3.46552905e+00 5.53394369e-02 1.14656690e-03 6.11378638e-03
825              3.19268819e+00 4.32569753e-03 3.46436148e+00 3.13736985e+00 3.12797209e-03 3.45824039e+00 5.53183322e-02 1.19772545e-03 6.12109042e-03
826              3.19280710e+00 4.14140064e-03 3.46245088e+00 3.13752228e+00 2.92044103e-03 3.45631607e+00 5.52848220e-02 1.22095961e-03 6.13481095e-03
827              3.19277219e+00 3.93447332e-03 3.46585935e+00 3.13754200e+00 2.71946466e-03 3.45970350e+00 5.52301947e-02 1.21500866e-03 6.15585181e-03
828              3.19258722e+00 3.72648066e-03 3.47388495e+00 3.13741062e+00 2.53768457e-03 3.46770627e+00 5.51766023e-02 1.18879609e-03 6.17868192e-03
829              3.19230594e+00 3.52502656e-03 3.48518977e+00 3.13718813e+00 2.38360218e-03 3.47898658e+00 5.51178045e-02 1.14142438e-03 6.20318959e-03
830              3.19201478e+00 3.34510690e-03 3.49820293e+00 3.13693682e+00 2.26041813e-03 3.49198309e+00 5.50779557e-02 1.08468877e-03 6.21983830e-03
831              3.19175837e+00 3.18900627e-03 3.51127834e+00 3.13671096e+00 2.16773769e-03 3.50504745e+00 5.50474163e-02 1.02126858e-03 6.23089850e-03
832              3.19156668e+00 3.06562415e-03 3.52290915e+00 3.13652455e+00 2.10213485e-03 3.51667879e+00 5.50421365e-02 9.63489295e-04 6.23036020e-03
833              3.19143057e+00 2.96936235e-03 3.53175383e+00 3.13638386e+00 2.05896751e-03 3.52553075e+00 5.50467110e-02 9.10394842e-04 6.22307523e-03
834              3.19134090e+00 2.90249107e-03 3.53673218e+00 3.13626947e+00 2.03293518e-03 3.53052545e+00 5.50714338e-02 8.69555882e-04 6.20672859e-03
835              3.19126683e+00 2.85364822e-03 3.53734961e+00 3.13617231e+00 2.02047653e-03 3.53116069e+00 5.50945271e-02 8.33171692e-04 6.18892224e-03
836              3.19120559e+00 2.82331221e-03 3.53380765e+00 3.13607970e+00 2.02063374e-03 3.52763904e+00 5.51258849e-02 8.02678465e-04 6.16860705e-03
837              3.19108525e+00 2.80287810e-03 3.52682919e+00 3.13594248e+00 2.03262381e-03 3.52067639e+00 5.51427723e-02 7.70254290e-04 6.15279490e-03
838              3.19102054e+00 2.80021943e-03 3.51768131e+00 3.13586343e+00 2.06567140e-03 3.51154185e+00 5.51571142e-02 7.34548031e-04 6.13945995e-03
839              3.19110136e+00 2.81776237e-03 3.50846234e+00 3.13594724e+00 2.12711744e-03 3.50232744e+00 5.51541148e-02 6.90644926e-04 6.13490088e-03
840              3.19131766e+00 2.86625584e-03 3.50082123e+00 3.13616621e+00 2.22266100e-03 3.49468594e+00 5.51514470e-02 6.43594842e-04 6.13528736e-03
841              3.19164353e+00 2.94693200e-03 3.49638887e+00 3.13651357e+00 2.35120859e-03 3.49024417e+00 5.51299621e-02 5.95723410e-04 6.14470134e-03
842              3.19201074e+00 3.06757570e-03 3.49588623e+00 3.13689165e+00 2.50963291e-03 3.48972923e+00 5.51190923e-02 5.57942783e-04 6.15699624e-03
843              3.19234531e+00 3.22148521e-03 3.49914139e+00 3.13724805e+00 2.69125722e-03 3.49296660e+00 5.50972622e-02 5.30227987e-04 6.17478923e-03
844              3.19264364e+00 3.40657705e-03 3.50543820e+00 3.13754783e+00 2.88520785e-03 3.49924900e+00 5.50958165e-02 5.21369194e-04 6.18920318e-03
845              3.19285441e+00 3.60846694e-03 3.51338651e+00 3.13776507e+00 3.07842380e-03 3.50718455e+00 5.50893376e-02 5.30043134e-04 6.20196051e-03
846              3.19298359e+00 3.81961616e-03 3.52155386e+00 3.13787397e+00 3.25734696e-03 3.51534735e+00 5.51096151e-02 5.62269206e-04 6.20651349e-03
847              3.19297813e+00 4.02110072e-03 3.52835522e+00 3.13785670e+00 3.40934988e-03 3.52214913e+00 5.51214287e-02 6.11750838e-04 6.20609187e-03
848              3.19286372e+00 4.20292755e-03 3.53253292e+00 3.13770662e+00 3.52244750e-03 3.52633667e+00 5.51571010e-02 6.80480051e-04 6.19624514e-03
849              3.19256340e+00 4.34864167e-03 3.53261079e+00 3.13738755e+00 3.59330831e-03 3.52642740e+00 5.51758449e-02 7.55333353e-04 6.18338855e-03
850              3.19226183e+00 4.44268778e-03 3.52856709e+00 3.13704749e+00 3.60271217e-03 3.52240082e+00 5.52143373e-02 8.39975606e-04 6.16627053e-03
851              3.19201489e+00 4.47576576e-03 3.52106732e+00 3.13678273e+00 3.55166567e-03 3.51491687e+00 5.52321632e-02 9.24100088e-04 6.15044832e-03
852              3.19192205e+00 4.45695189e-03 3.51147906e+00 3.13665278e+00 3.45010024e-03 3.50534431e+00 5.52692738e-02 1.00685165e-03 6.13475054e-03
853              3.19195573e+00 4.38496093e-03 3.50126290e+00 3.13668436e+00 3.31016563e-03 3.49513688e+00 5.52713727e-02 1.07479530e-03 6.12601563e-03
854              3.19216135e+00 4.27717183e-03 3.49235257e+00 3.13687267e+00 3.14472503e-03 3.48623195e+00 5.52886755e-02 1.13244681e-03 6.12061759e-03
855              3.19239466e+00 4.12892583e-03 3.48626985e+00 3.13713300e+00 2.96652580e-03 3.48014416e+00 5.52616603e-02 1.16240003e-03 6.12569369e-03
856              3.19260650e+00 3.96080140e-03 3.48391959e+00 3.13735615e+00 2.78713073e-03 3.47778560e+00 5.52503460e-02 1.17367067e-03 6.13398677e-03
857              3.19266918e+00 3.77707814e-03 3.48520279e+00 3.13747191e+00 2.61759401e-03 3.47905121e+00 5.51972755e-02 1.15948413e-03 6.15158001e-03
858              3.19265924e+00 3.59831339e-03 3.48997687e+00 3.13748785e+00 2.46665207e-03 3.48380763e+00 5.51713929e-02 1.13166132e-03 6.16924337e-03
859              3.19253749e+00 3.42501342e-03 3.49707801e+00 3.13742206e+00 2.34025155e-03 3.49088816e+00 5.51154277e-02 1.08476186e-03 6.18985599e-03
860              3.19242989e+00 3.27380796e-03 3.50551444e+00 3.13732779e+00 2.24069843e-03 3.49931100e+00 5.51020922e-02 1.03310954e-03 6.20343267e-03
861              3.19229415e+00 3.14221088e-03 3.51374963e+00 3.13722376e+00 2.16809374e-03 3.50753612e+00 5.50703856e-02 9.74117147e-04 6.21351191e-03
862              3.19220939e+00 3.04126305e-03 3.52077387e+00 3.13712232e+00 2.12032019e-03 3.51456082e+00 5.50870714e-02 9.20942861e-04 6.21304446e-03
863              3.19208727e+00 2.96484177e-03 3.52530582e+00 3.13700256e+00 2.09473688e-03 3.51909828e+00 5.50847128e-02 8.70104882e-04 6.20753709e-03
864              3.19198638e+00 2.91786417e-03 3.52679769e+00 3.13686105e+00 2.08794754e-03 3.52060380e+00 5.51253322e-02 8.29916628e-04 6.19389060e-03
865              3.19181937e+00 2.89106010e-03 3.52480078e+00 3.13668234e+00 2.09760311e-03 3.51862076e+00 5.51370233e-02 7.93456992e-04 6.18001575e-03
866              3.19166196e+00 2.88520522e-03 3.51982709e+00 3.13648172e+00 2.12252352e-03 3.51366289e+00 5.51802425e-02 7.62681703e-04 6.16419412e-03
867              3.19140125e+00 2.89451835e-03 3.51244796e+00 3.13621829e+00 2.16118602e-03 3.50629606e+00 5.51829678e-02 7.33332334e-04 6.15189944e-03
868              3.19120749e+00 2.92188217e-03 3.50406191e+00 3.13599879e+00 2.21875950e-03 3.49792046e+00 5.52087023e-02 7.03122676e-04 6.14144978e-03
869              3.19109387e+00 2.96782765e-03 3.49607732e+00 3.13590456e+00 2.29968796e-03 3.48993872e+00 5.51893107e-02 6.68139691e-04 6.13859687e-03
870              3.19114775e+00 3.03870647e-03 3.49044225e+00 3.13595131e+00 2.40314198e-03 3.48430133e+00 5.51964402e-02 6.35564495e-04 6.14092230e-03
871              3.19123373e+00 3.13494987e-03 3.48784827e+00 3.13607334e+00 2.52814454e-03 3.48169912e+00 5.51603904e-02 6.06805332e-04 6.14914957e-03
872              3.19140456e+00 3.25842840e-03 3.48906508e+00 3.13624842e+00 2.67137748e-03 3.48290426e+00 5.51561398e-02 5.87050918e-04 6.16081524e-03
873              3.19155842e+00 3.40344957e-03 3.49372262e+00 3.13644268e+00 2.82624489e-03 3.48754698e+00 5.51157457e-02 5.77204678e-04 6.17563937e-03
874              3.19176276e+00 3.56600471e-03 3.50133580e+00 3.13664504e+00 2.98361861e-03 3.49514671e+00 5.51177191e-02 5.82386099e-04 6.18909201e-03
875              3.19190703e+00 3.73462594e-03 3.51044983e+00 3.13681524e+00 3.13323946e-03 3.50425046e+00 5.50917930e-02 6.01386482e-04 6.19937712e-03
876              3.19204791e+00 3.90283066e-03 3.51990466e+00 3.13693543e+00 3.26502928e-03 3.51370057e+00 5.51124846e-02 6.37801376e-04 6.20408470e-03
877              3.19208143e+00 4.05539987e-03 3.52809393e+00 3.13697609e+00 3.36949161e-03 3.52189163e+00 5.51053403e-02 6.85908255e-04 6.20229679e-03
878              3.19208149e+00 4.18518474e-03 3.53397396e+00 3.13693776e+00 3.43788385e-03 3.52777890e+00 5.51437365e-02 7.47300883e-04 6.19506238e-03
879              3.19193050e+00 4.27973512e-03 3.53607442e+00 3.13678360e+00 3.46942283e-03 3.52989166e+00 5.51469031e-02 8.10312288e-04 6.18275775e-03
880              3.19182775e+00 4.33241311e-03 3.53444013e+00 3.13663645e+00 3.45131981e-03 3.52827149e+00 5.51912968e-02 8.81093295e-04 6.16863537e-03
881              3.19174352e+00 4.33359164e-03 3.52940626e+00 3.13654735e+00 3.38607397e-03 3.52325351e+00 5.51961774e-02 9.47517670e-04 6.15274926e-03
882              3.19180001e+00 4.29502236e-03 3.52215455e+00 3.13656110e+00 3.28223063e-03 3.51601478e+00 5.52389056e-02 1.01279172e-03 6.13976664e-03
883              3.19192513e+00 4.21240194e-03 3.51375188e+00 3.13669236e+00 3.15020242e-03 3.50762175e+00 5.52327686e-02 1.06219952e-03 6.13012845e-03
884              3.19220595e+00 4.10586755e-03 3.50601883e+00 3.13694766e+00 3.00141320e-03 3.49989271e+00 5.52582925e-02 1.10445436e-03 6.12612606e-03
885              3.19247469e+00 3.96684549e-03 3.50002846e+00 3.13724344e+00 2.84547577e-03 3.49390019e+00 5.52312461e-02 1.12136972e-03 6.12826913e-03
886              3.19272886e+00 3.81636539e-03 3.49660837e+00 3.13749575e+00 2.69161788e-03 3.49047241e+00 5.52331173e-02 1.12474751e-03 6.13596421e-03
887              3.19284175e+00 3.65435160e-03 3.49569815e+00 3.13765396e+00 2.54892898e-03 3.48954916e+00 5.51877883e-02 1.10542262e-03 6.14899069e-03
888              3.19290891e+00 3.50180419e-03 3.49735486e+00 3.13772935e+00 2.42435292e-03 3.49119069e+00 5.51795660e-02 1.07745127e-03 6.16417241e-03
889              3.19286909e+00 3.35485039e-03 3.50071587e+00 3.13773392e+00 2.32251983e-03 3.49453577e+00 5.51351732e-02 1.03233056e-03 6.18010031e-03
890              3.19283490e+00 3.23110605e-03 3.50512059e+00 3.13769693e+00 2.24497867e-03 3.49892835e+00 5.51379648e-02 9.86127381e-04 6.19224300e-03
891              3.19273166e+00 3.12347168e-03 3.50932820e+00 3.13761684e+00 2.19168669e-03 3.50312909e+00 5.51148173e-02 9.31784992e-04 6.19911548e-03
892              3.19263608e+00 3.04616605e-03 3.51263280e+00 3.13749678e+00 2.16096424e-03 3.50643385e+00 5.51393045e-02 8.85201814e-04 6.19895022e-03
893              3.19245736e+00 2.98826088e-03 3.51405015e+00 3.13731967e+00 2.15075867e-03 3.50785638e+00 5.51376850e-02 8.37502207e-04 6.19377019e-03
894              3.19226663e+00 2.96044487e-03 3.51334301e+00 3.13709005e+00 2.15841467e-03 3.50715840e+00 5.51765734e-02 8.02030202e-04 6.18460820e-03
895              3.19198453e+00 2.94885851e-03 3.51019790e+00 3.13680151e+00 2.18213071e-03 3.50402451e+00 5.51830160e-02 7.66727801e-04 6.17339919e-03
896              3.19170364e+00 2.96154751e-03 3.50523597e+00 3.13648402e+00 2.22064930e-03 3.49907418e+00 5.52196170e-02 7.40898211e-04 6.16179098e-03
897              3.19137759e+00 2.98664452e-03 3.49906065e+00 3.13616198e+00 2.27392702e-03 3.49290811e+00 5.52156078e-02 7.12717497e-04 6.15254076e-03
898              3.19111462e+00 3.03298535e-03 3.49298463e+00 3.13588077e+00 2.34224229e-03 3.48683790e+00 5.52338507e-02 6.90743060e-04 6.14673210e-03
899              3.19087690e+00 3.09175048e-03 3.48796601e+00 3.13566647e+00 2.42625550e-03 3.48182069e+00 5.52104266e-02 6.65494975e-04 6.14532136e-03
900              3.19075931e+00 3.17310278e-03 3.48528941e+00 3.13555099e+00 2.52589428e-03 3.47914074e+00 5.52083237e-02 6.47208500e-04 6.14867703e-03
901              3.19070459e+00 3.26945685e-03 3.48552111e+00 3.13553460e+00 2.64010766e-03 3.47936432e+00 5.51699907e-02 6.29349190e-04 6.15678516e-03
902              3.19077114e+00 3.38793290e-03 3.48918141e+00 3.13561239e+00 2.76533338e-03 3.48301385e+00 5.51587521e-02 6.22599520e-04 6.16755524e-03
903              3.19087142e+00 3.51682463e-03 3.49576931e+00 3.13575202e+00 2.89569645e-03 3.48958990e+00 5.51193988e-02 6.21128178e-04 6.17940583e-03
904              3.19104626e+00 3.65851342e-03 3.50470425e+00 3.13593125e+00 3.02338796e-03 3.49851418e+00 5.51150169e-02 6.35125468e-04 6.19007173e-03
905              3.19120370e+00 3.79689009e-03 3.51466092e+00 3.13611491e+00 3.14004463e-03 3.50846351e+00 5.50887898e-02 6.56845456e-04 6.19741012e-03
906              3.19138629e+00 3.93206720e-03 3.52457835e+00 3.13628404e+00 3.23743917e-03 3.51837826e+00 5.51022442e-02 6.94628023e-04 6.20009079e-03
907              3.19150898e+00 4.04576062e-03 3.53306396e+00 3.13641445e+00 3.30823557e-03 3.52686597e+00 5.50945328e-02 7.37525043e-04 6.19799176e-03
908              3.19162797e+00 4.13824937e-03 3.53916821e+00 3.13650285e+00 3.34607247e-03 3.53297738e+00 5.51251197e-02 7.92176895e-04 6.19082585e-03
909              3.19164700e+00 4.19629163e-03 3.54164879e+00 3.13651814e+00 3.35196302e-03 3.53546912e+00 5.51288600e-02 8.44328610e-04 6.17967412e-03
910              3.19171940e+00 4.22084143e-03 3.54058146e+00 3.13655294e+00 3.31766528e-03 3.53441446e+00 5.51664627e-02 9.03176149e-04 6.16699994e-03
911              3.19181106e+00 4.20206329e-03 3.53627569e+00 3.13663648e+00 3.24631677e-03 3.53012211e+00 5.51745722e-02 9.55746518e-04 6.15357742e-03
912              3.19200539e+00 4.15270321e-03 3.52969703e+00 3.13679264e+00 3.14555939e-03 3.52355558e+00 5.52127440e-02 1.00714382e-03 6.14144459e-03
913              3.19226560e+00 4.06963677e-03 3.52197301e+00 3.13705186e+00 3.02454723e-03 3.51583991e+00 5.52137444e-02 1.04508954e-03 6.13310097e-03
914              3.19260071e+00 3.96559346e-03 3.51452011e+00 3.13736192e+00 2.89275550e-03 3.50839042e+00 5.52387843e-02 1.07283796e-03 6.12968495e-03
915              3.19286982e+00 3.83855676e-03 3.50796663e+00 3.13764657e+00 2.75882128e-03 3.50183482e+00 5.52232575e-02 1.07973548e-03 6.13181014e-03
916              3.19310158e+00 3.70731097e-03 3.50311026e+00 3.13787076e+00 2.63041534e-03 3.49697248e+00 5.52308138e-02 1.07689563e-03 6.13778306e-03
917              3.19321838e+00 3.56989251e-03 3.50008871e+00 3.13801590e+00 2.51423194e-03 3.49393986e+00 5.52024821e-02 1.05566057e-03 6.14885099e-03
918              3.19328338e+00 3.44285766e-03 3.49899328e+00 3.13807959e+00 2.41496113e-03 3.49283247e+00 5.52037916e-02 1.02789653e-03 6.16081068e-03
919              3.19323557e+00 3.32274080e-03 3.49919503e+00 3.13805917e+00 2.33561073e-03 3.49302150e+00 5.51763972e-02 9.87130067e-04 6.17353216e-03
920              3.19315489e+00 3.22306026e-03 3.50023227e+00 3.13796989e+00 2.27705248e-03 3.49405051e+00 5.51849939e-02 9.46007783e-04 6.18176177e-03
921              3.19298568e+00 3.13896227e-03 3.50124347e+00 3.13781436e+00 2.23922653e-03 3.49505643e+00 5.51713267e-02 8.99735735e-04 6.18704017e-03
922              3.19279216e+00 3.08030059e-03 3.50178424e+00 3.13759875e+00 2.22081887e-03 3.49559731e+00 5.51934110e-02 8.59481718e-04 6.18693135e-03
923              3.19251067e+00 3.04041318e-03 3.50122049e+00 3.13731807e+00 2.22040688e-03 3.49503673e+00 5.51926042e-02 8.20006307e-04 6.18375452e-03
924              3.19220347e+00 3.02463660e-03 3.49947717e+00 3.13698189e+00 2.23602216e-03 3.49330032e+00 5.52215885e-02 7.88614449e-04 6.17684990e-03
925              3.19182234e+00 3.02573635e-03 3.49645864e+00 3.13659960e+00 2.26630867e-03 3.49028885e+00 5.52227416e-02 7.59427678e-04 6.16979710e-03
926              3.19144716e+00 3.04651353e-03 3.49270491e+00 3.13620219e+00 2.31012814e-03 3.48654292e+00 5.52449673e-02 7.36385385e-04 6.16199526e-03
927              3.19105407e+00 3.08097126e-03 3.48874223e+00 3.13581909e+00 2.36700769e-03 3.48258535e+00 5.52349847e-02 7.13963571e-04 6.15688465e-03
928              3.19072723e+00 3.13195221e-03 3.48554711e+00 3.13548770e+00 2.43648630e-03 3.47939368e+00 5.52395307e-02 6.95465910e-04 6.15343077e-03
929              3.19044838e+00 3.19570263e-03 3.48382638e+00 3.13523574e+00 2.51836210e-03 3.47767163e+00 5.52126346e-02 6.77340528e-04 6.15475943e-03
930              3.19028982e+00 3.27602716e-03 3.48442743e+00 3.13508943e+00 2.61173563e-03 3.47826874e+00 5.52003884e-02 6.64291529e-04 6.15868734e-03
931              3.19021465e+00 3.36885104e-03 3.48766691e+00 3.13505115e+00 2.71481074e-03 3.48150032e+00 5.51635025e-02 6.54040304e-04 6.16659062e-03
932              3.19025559e+00 3.47627892e-03 3.49368923e+00 3.13510999e+00 2.82379314e-03 3.48751426e+00 5.51456054e-02 6.52485778e-04 6.17496425e-03
933              3.19035735e+00 3.59055721e-03 3.50195407e+00 3.13524691e+00 2.93330302e-03 3.49576947e+00 5.51104460e-02 6.57254193e-04 6.18460317e-03
934              3.19053858e+00 3.71019687e-03 3.51177170e+00 3.13543787e+00 3.03680078e-03 3.50558009e+00 5.51007104e-02 6.73396087e-04 6.19161520e-03
935              3.19073478e+00 3.82469967e-03 3.52201874e+00 3.13565542e+00 3.12769217e-03 3.51582166e+00 5.50793664e-02 6.97007497e-04 6.19707247e-03
936              3.19096322e+00 3.93168896e-03 3.53169417e+00 3.13587612e+00 3.19957155e-03 3.52549718e+00 5.50870984e-02 7.32117408e-04 6.19699046e-03
937              3.19116876e+00 4.01835974e-03 3.53966766e+00 3.13608592e+00 3.24693640e-03 3.53347387e+00 5.50828393e-02 7.71423340e-04 6.19378656e-03
938              3.19138409e+00 4.08402858e-03 3.54512090e+00 3.13627698e+00 3.26545478e-03 3.53893475e+00 5.51071079e-02 8.18573800e-04 6.18615421e-03
939              3.19153616e+00 4.12045228e-03 3.54707606e+00 3.13642135e+00 3.25699998e-03 3.54089927e+00 5.51148182e-02 8.63452300e-04 6.17678936e-03
940              3.19173492e+00 4.12770627e-03 3.54563508e+00 3.13658867e+00 3.21591232e-03 3.53947096e+00 5.51462430e-02 9.11793943e-04 6.16411987e-03
941              3.19196094e+00 4.10015990e-03 3.54119731e+00 3.13680214e+00 3.14535395e-03 3.53504435e+00 5.51587991e-02 9.54805957e-04 6.15296173e-03
942              3.19226017e+00 4.04672736e-03 3.53457530e+00 3.13706874e+00 3.05187378e-03 3.52843322e+00 5.51914239e-02 9.94853581e-04 6.14208542e-03
943              3.19260866e+00 3.96751097e-03 3.52691698e+00 3.13740833e+00 2.94353355e-03 3.52078060e+00 5.52003281e-02 1.02397742e-03 6.13637884e-03
944              3.19298206e+00 3.87060264e-03 3.51925897e+00 3.13775738e+00 2.82781077e-03 3.51312631e+00 5.52246831e-02 1.04279186e-03 6.13265896e-03
945              3.19327151e+00 3.75731449e-03 3.51213831e+00 3.13805057e+00 2.71188393e-03 3.50600344e+00 5.52209337e-02 1.04543056e-03 6.13486147e-03
946              3.19348483e+00 3.64048257e-03 3.50614830e+00 3.13825409e+00 2.60230631e-03 3.50000879e+00 5.52307313e-02 1.03817626e-03 6.13951180e-03
947              3.19357922e+00 3.52260875e-03 3.50148649e+00 3.13836173e+00 2.50475035e-03 3.49533707e+00 5.52174908e-02 1.01785840e-03 6.14941748e-03
948              3.19359558e+00 3.41351760e-03 3.49822578e+00 3.13837258e+00 2.42288517e-03 3.49206827e+00 5.52230068e-02 9.90632435e-04 6.15751684e-03
949              3.19350258e+00 3.31401919e-03 3.49601923e+00 3.13829233e+00 2.35899004e-03 3.48985109e+00 5.52102431e-02 9.55029156e-04 6.16814075e-03
950              3.19334822e+00 3.23099426e-03 3.49453948e+00 3.13812854e+00 2.31358071e-03 3.48836580e+00 5.52196832e-02 9.17413559e-04 6.17367784e-03
951              3.19310250e+00 3.16494540e-03 3.49327194e+00 3.13788836e+00 2.28639294e-03 3.48709325e+00 5.52141410e-02 8.78552453e-04 6.17868566e-03
952              3.19280675e+00 3.11846907e-03 3.49191789e+00 3.13757612e+00 2.27618242e-03 3.48574052e+00 5.52306275e-02 8.42286650e-04 6.17737078e-03
953              3.19243372e+00 3.09115985e-03 3.49016412e+00 3.13720343e+00 2.28172391e-03 3.48398779e+00 5.52302895e-02 8.09435941e-04 6.17633557e-03
954              3.19203380e+00 3.08253634e-03 3.48802841e+00 3.13678555e+00 2.30143102e-03 3.48185761e+00 5.52482486e-02 7.81105317e-04 6.17080150e-03
955              3.19158709e+00 3.09118520e-03 3.48558672e+00 3.13634198e+00 2.33418982e-03 3.47941867e+00 5.52451029e-02 7.56995380e-04 6.16805609e-03
956              3.19115266e+00 3.11536820e-03 3.48327832e+00 3.13589853e+00 2.37892363e-03 3.47711629e+00 5.52541273e-02 7.36444569e-04 6.16202833e-03
957              3.19072502e+00 3.15359364e-03 3.48154058e+00 3.13548708e+00 2.43507010e-03 3.47537993e+00 5.52379488e-02 7.18523536e-04 6.16065467e-03
958              3.19037104e+00 3.20515920e-03 3.48105791e+00 3.13513897e+00 2.50197457e-03 3.47489914e+00 5.52320714e-02 7.03184628e-04 6.15876878e-03
959              3.19008148e+00 3.26926954e-03 3.48230157e+00 3.13488040e+00 2.57908382e-03 3.47613863e+00 5.52010771e-02 6.90185719e-04 6.16293557e-03
960              3.18991022e+00 3.34589886e-03 3.48576208e+00 3.13472695e+00 2.66500678e-03 3.47959665e+00 5.51832784e-02 6.80892086e-04 6.16543204e-03
961              3.18983100e+00 3.43329618e-03 3.49151067e+00 3.13468532e+00 2.75744676e-03 3.48533662e+00 5.51456831e-02 6.75849424e-04 6.17405039e-03
962              3.18987272e+00 3.52963612e-03 3.49944843e+00 3.13474694e+00 2.85253961e-03 3.49326898e+00 5.51257729e-02 6.77096518e-04 6.17945215e-03
963              3.18998706e+00 3.63096960e-03 3.50894043e+00 3.13489502e+00 2.94552830e-03 3.50275245e+00 5.50920387e-02 6.85441292e-04 6.18798682e-03
964              3.19018774e+00 3.73316490e-03 3.51929990e+00 3.13510501e+00 3.03087727e-03 3.51310889e+00 5.50827302e-02 7.02287630e-04 6.19100651e-03
965              3.19041732e+00 3.82921041e-03 3.52949093e+00 3.13535424e+00 3.10313909e-03 3.52329562e+00 5.50630826e-02 7.26071323e-04 6.19531055e-03
966              3.19069736e+00 3.91514161e-03 3.53866067e+00 3.13562622e+00 3.15725930e-03 3.53246844e+00 5.50711432e-02 7.57882310e-04 6.19223131e-03
967              3.19097428e+00 3.98271618e-03 3.54583648e+00 3.13590627e+00 3.18907794e-03 3.53964631e+00 5.50680063e-02 7.93638248e-04 6.19017527e-03
968              3.19127560e+00 4.03022843e-03 3.55038754e+00 3.13618336e+00 3.19556674e-03 3.54420719e+00 5.50922332e-02 8.34661685e-04 6.18034875e-03
969              3.19152748e+00 4.05226150e-03 3.55147155e+00 3.13642826e+00 3.17906012e-03 3.54529921e+00 5.50992185e-02 8.73201387e-04 6.17233460e-03
970              3.19183437e+00 4.04920449e-03 3.54933668e+00 3.13670282e+00 3.13556626e-03 3.54317653e+00 5.51315448e-02 9.13638224e-04 6.16015855e-03
971              3.19216314e+00 4.01725496e-03 3.54438713e+00 3.13701952e+00 3.06811714e-03 3.53823454e+00 5.51436189e-02 9.49137824e-04 6.15259400e-03
972              3.19255156e+00 3.96328478e-03 3.53742061e+00 3.13737186e+00 2.98233713e-03 3.53127911e+00 5.51796983e-02 9.80947645e-04 6.14149949e-03
973              3.19295324e+00 3.88864480e-03 3.52948234e+00 3.13776368e+00 2.88548518e-03 3.52334450e+00 5.51895609e-02 1.00315961e-03 6.13784049e-03
974              3.19335117e+00 3.79983407e-03 3.52140777e+00 3.13813140e+00 2.78352168e-03 3.51527367e+00 5.52197656e-02 1.01631240e-03 6.13410625e-03
975              3.19363335e+00 3.69803767e-03 3.51357301e+00 3.13841416e+00 2.68262572e-03 3.50743494e+00 5.52191963e-02 1.01541194e-03 6.13807094e-03
976              3.19383008e+00 3.59507845e-03 3.50659208e+00 3.13859005e+00 2.58834848e-03 3.50045246e+00 5.52400285e-02 1.00672997e-03 6.13961670e-03
977              3.19388034e+00 3.49188871e-03 3.50057726e+00 3.13864900e+00 2.50551477e-03 3.49442807e+00 5.52313406e-02 9.86373947e-04 6.14919214e-03
978              3.19384686e+00 3.39858175e-03 3.49573580e+00 3.13859956e+00 2.43708395e-03 3.48958085e+00 5.52473035e-02 9.61497794e-04 6.15495060e-03
979              3.19367826e+00 3.31383521e-03 3.49174208e+00 3.13844111e+00 2.38486362e-03 3.48557737e+00 5.52371469e-02 9.28971587e-04 6.16471145e-03
980              3.19344387e+00 3.24543728e-03 3.48853307e+00 3.13818985e+00 2.34907776e-03 3.48236590e+00 5.52540181e-02 8.96359523e-04 6.16717184e-03
981              3.19310069e+00 3.19125213e-03 3.48570129e+00 3.13785406e+00 2.32940863e-03 3.47952902e+00 5.52466320e-02 8.61843502e-04 6.17226829e-03
982              3.19271934e+00 3.15562865e-03 3.48324359e+00 3.13745454e+00 2.32465913e-03 3.47707338e+00 5.52648013e-02 8.30969518e-04 6.17020981e-03
983              3.19225770e+00 3.13573630e-03 3.48091169e+00 3.13700023e+00 2.33381440e-03 3.47474004e+00 5.52574694e-02 8.01921893e-04 6.17164280e-03
984              3.19179066e+00 3.13362496e-03 3.47894592e+00 3.13651868e+00 2.35548430e-03 3.47277909e+00 5.52719803e-02 7.78140661e-04 6.16682710e-03
985              3.19128456e+00 3.14528820e-03 3.47737020e+00 3.13602674e+00 2.38873355e-03 3.47120354e+00 5.52578198e-02 7.56554650e-04 6.16665890e-03
986              3.19082145e+00 3.17226841e-03 3.47666406e+00 3.13555992e+00 2.43257104e-03 3.47050104e+00 5.52615358e-02 7.39697377e-04 6.16302491e-03
987              3.19037362e+00 3.21044882e-03 3.47703625e+00 3.13513929e+00 2.48646327e-03 3.47087099e+00 5.52343301e-02 7.23985552e-04 6.16525928e-03
988              3.19002059e+00 3.26209559e-03 3.47905058e+00 3.13479600e+00 2.54965626e-03 3.47288664e+00 5.52245861e-02 7.12439339e-04 6.16394280e-03
989              3.18973281e+00 3.32309792e-03 3.48287200e+00 3.13454622e+00 2.62133984e-03 3.47670256e+00 5.51865943e-02 7.01758082e-04 6.16944114e-03
990              3.18957839e+00 3.39617169e-03 3.48880444e+00 3.13441064e+00 2.69981303e-03 3.48263215e+00 5.51677442e-02 6.96358657e-04 6.17228444e-03
991              3.18951276e+00 3.47571756e-03 3.49659323e+00 3.13438694e+00 2.78261346e-03 3.49041299e+00 5.51258131e-02 6.93104100e-04 6.18024245e-03
992              3.18957841e+00 3.56409626e-03 3.50604214e+00 3.13447002e+00 2.86605802e-03 3.49985835e+00 5.51083911e-02 6.98038246e-04 6.18379019e-03
993              3.18971527e+00 3.65207302e-03 3.51639027e+00 3.13464132e+00 2.94590174e-03 3.51019969e+00 5.50739462e-02 7.06171278e-04 6.19057985e-03
994              3.18995349e+00 3.74208729e-03 3.52700875e+00 3.13488528e+00 3.01740563e-03 3.52081713e+00 5.50682018e-02 7.24681664e-04 6.19161140e-03
995              3.19022436e+00 3.82188387e-03 3.53689273e+00 3.13517569e+00 3.07604614e-03 3.53069911e+00 5.50486700e-02 7.45837729e-04 6.19361709e-03
996              3.19055921e+00 3.89460751e-03 3.54535890e+00 3.13549892e+00 3.11765597e-03 3.53917004e+00 5.50602887e-02 7.76951538e-04 6.18885807e-03
997              3.19089528e+00 3.94643363e-03 3.55154254e+00 3.13583885e+00 3.13897579e-03 3.54535735e+00 5.50564359e-02 8.07457844e-04 6.18518656e-03
998              3.19127268e+00 3.98322583e-03 3.55502375e+00 3.13618924e+00 3.13788637e-03 3.54884786e+00 5.50834414e-02 8.45339460e-04 6.17588713e-03
999              3.19160443e+00 3.99373748e-03 3.55502682e+00 3.13651524e+00 3.11689734e-03 3.54885812e+00 5.50891806e-02 8.76840141e-04 6.16869877e-03
1000             3.19199455e+00 3.98663955e-03 3.55194895e+00 3.13687081e+00 3.07312401e-03 3.54579170e+00 5.51237401e-02 9.13515536e-04 6.15724975e-03
1001             3.19239578e+00 3.95033671e-03 3.54620613e+00 3.13726036e+00 3.00945244e-03 3.54005624e+00 5.51354228e-02 9.40884272e-04 6.14989705e-03
1002             3.19287577e+00 3.90129363e-03 3.53904736e+00 3.13769972e+00 2.93079809e-03 3.53290586e+00 5.51760562e-02 9.70495535e-04 6.14150905e-03
1003             3.19330222e+00 3.82752658e-03 3.53083513e+00 3.13811499e+00 2.84366098e-03 3.52469594e+00 5.51872293e-02 9.83865600e-04 6.13918949e-03
1004             3.19367366e+00 3.74840903e-03 3.52227405e+00 3.13845237e+00 2.75358320e-03 3.51613866e+00 5.52212957e-02 9.94825825e-04 6.13539500e-03
1005             3.19390713e+00 3.65500272e-03 3.51375639e+00 3.13868377e+00 2.66595103e-03 3.50761781e+00 5.52233568e-02 9.89051692e-04 6.13857683e-03
1006             3.19405564e+00 3.56698197e-03 3.50591989e+00 3.13880600e+00 2.58522196e-03 3.49977864e+00 5.52496430e-02 9.81760009e-04 6.14125586e-03
1007             3.19405427e+00 3.47487025e-03 3.49882742e+00 3.13880824e+00 2.51502442e-03 3.49267814e+00 5.52460260e-02 9.59845834e-04 6.14927723e-03
1008             3.19396567e+00 3.39704426e-03 3.49274776e+00 3.13869852e+00 2.45752052e-03 3.48659432e+00 5.52671509e-02 9.39523743e-04 6.15344435e-03
1009             3.19373870e+00 3.32194151e-03 3.48747469e+00 3.13847730e+00 2.41405438e-03 3.48131402e+00 5.52613965e-02 9.07887134e-04 6.16067079e-03
1010             3.19344185e+00 3.26698486e-03 3.48306535e+00 3.13816214e+00 2.38483593e-03 3.47690235e+00 5.52797063e-02 8.82148926e-04 6.16299682e-03
1011             3.19303980e+00 3.21954128e-03 3.47930043e+00 3.13776558e+00 2.36971642e-03 3.47313315e+00 5.52742201e-02 8.49824863e-04 6.16728104e-03
1012             3.19259595e+00 3.19402196e-03 3.47627778e+00 3.13730689e+00 2.36773859e-03 3.47011191e+00 5.52890642e-02 8.26283370e-04 6.16586737e-03
1013             3.19208268e+00 3.17689373e-03 3.47391427e+00 3.13680290e+00 2.37807437e-03 3.46774685e+00 5.52797871e-02 7.98819360e-04 6.16742002e-03
1014             3.19156717e+00 3.18099440e-03 3.47240913e+00 3.13628074e+00 2.39958688e-03 3.46624382e+00 5.52864329e-02 7.81407519e-04 6.16531101e-03
1015             3.19103321e+00 3.19185534e-03 3.47185248e+00 3.13576458e+00 2.43147740e-03 3.46568605e+00 5.52686381e-02 7.60377948e-04 6.16643276e-03
1016             3.19054512e+00 3.22153929e-03 3.47257731e+00 3.13528193e+00 2.47287087e-03 3.46641254e+00 5.52631880e-02 7.48668417e-04 6.16476308e-03
1017             3.19009433e+00 3.25569430e-03 3.47478087e+00 3.13486035e+00 2.52316130e-03 3.46861337e+00 5.52339789e-02 7.32532998e-04 6.16750487e-03
1018             3.18973717e+00 3.30677522e-03 3.47875918e+00 3.13452187e+00 2.58149688e-03 3.47259026e+00 5.52152997e-02 7.25278334e-04 6.16891420e-03
1019             3.18946518e+00 3.36067672e-03 3.48458371e+00 3.13428733e+00 2.64690193e-03 3.47840950e+00 5.51778470e-02 7.13774787e-04 6.17421220e-03
1020             3.18931678e+00 3.43013356e-03 3.49226344e+00 3.13416411e+00 2.71758202e-03 3.48608589e+00 5.51526692e-02 7.12551544e-04 6.17755263e-03
1021             3.18927448e+00 3.49954653e-03 3.50150836e+00 3.13415935e+00 2.79117737e-03 3.49532470e+00 5.51151210e-02 7.08369159e-04 6.18366190e-03
1022             3.18935424e+00 3.58056801e-03 3.51189116e+00 3.13426058e+00 2.86436006e-03 3.50570427e+00 5.50936563e-02 7.16207956e-04 6.18688407e-03
1023             3.18952495e+00 3.65592358e-03 3.52274098e+00 3.13445966e+00 2.93334800e-03 3.51654950e+00 5.50652927e-02 7.22575588e-04 6.19147594e-03
1024             3.18978591e+00 3.73576548e-03 3.53333344e+00 3.13472922e+00 2.99409046e-03 3.52714202e+00 5.50566903e-02 7.41675020e-04 6.19141936e-03
1025             3.19010189e+00 3.80219488e-03 3.54287953e+00 3.13505711e+00 3.04288012e-03 3.53668811e+00 5.50447863e-02 7.59314760e-04 6.19141631e-03
1026             3.19047306e+00 3.86503266e-03 3.55064272e+00 3.13542190e+00 3.07621316e-03 3.54445615e+00 5.50511542e-02 7.88819502e-04 6.18657010e-03
1027             3.19087278e+00 3.90611530e-03 3.55600968e+00 3.13581749e+00 3.09151066e-03 3.54982784e+00 5.50552844e-02 8.14604640e-04 6.18183960e-03
1028             3.19129759e+00 3.93633828e-03 3.55854408e+00 3.13622161e+00 3.08720829e-03 3.55237118e+00 5.50759809e-02 8.49129993e-04 6.17290293e-03
1029             3.19170201e+00 3.94096772e-03 3.55769784e+00 3.13661205e+00 3.06561876e-03 3.55153226e+00 5.50899602e-02 8.75348964e-04 6.16558241e-03
1030             3.19214474e+00 3.93220901e-03 3.55381549e+00 3.13702706e+00 3.02462111e-03 3.54765994e+00 5.51176795e-02 9.07587903e-04 6.15554818e-03
1031             3.19261393e+00 3.89705074e-03 3.54747416e+00 3.13747510e+00 2.96686848e-03 3.54132482e+00 5.51388273e-02 9.30182264e-04 6.14933919e-03
1032             3.19312127e+00 3.85238180e-03 3.53977712e+00 3.13794818e+00 2.89671595e-03 3.53363557e+00 5.51730955e-02 9.55665845e-04 6.14155438e-03
1033             3.19357706e+00 3.78546907e-03 3.53112932e+00 3.13838217e+00 2.81962148e-03 3.52498954e+00 5.51948880e-02 9.65847584e-04 6.13977926e-03
1034             3.19393918e+00 3.71473965e-03 3.52201532e+00 3.13871631e+00 2.74043145e-03 3.51587856e+00 5.52228650e-02 9.74308193e-04 6.13675612e-03
1035             3.19417269e+00 3.63185858e-03 3.51295064e+00 3.13893448e+00 2.66385034e-03 3.50681023e+00 5.52382051e-02 9.68008238e-04 6.14040975e-03
1036             3.19427655e+00 3.55428885e-03 3.50435223e+00 3.13901741e+00 2.59363827e-03 3.49821054e+00 5.52591375e-02 9.60650584e-04 6.14168763e-03
1037             3.19424047e+00 3.47389200e-03 3.49647144e+00 3.13897191e+00 2.53286768e-03 3.49032232e+00 5.52685603e-02 9.41024317e-04 6.14912111e-03
1038             3.19408457e+00 3.40562437e-03 3.48944541e+00 3.13880042e+00 2.48332644e-03 3.48329344e+00 5.52841497e-02 9.22297934e-04 6.15197218e-03
1039             3.19380918e+00 3.34132207e-03 3.48331568e+00 3.13851955e+00 2.44613133e-03 3.47715656e+00 5.52896256e-02 8.95190737e-04 6.15912425e-03
1040             3.19343832e+00 3.29355067e-03 3.47808978e+00 3.13813813e+00 2.42139214e-03 3.47192995e+00 5.53001873e-02 8.72158527e-04 6.15982734e-03
1041             3.19298390e+00 3.25353486e-03 3.47381281e+00 3.13768211e+00 2.40890977e-03 3.46764842e+00 5.53017873e-02 8.44625096e-04 6.16439198e-03
1042             3.19247295e+00 3.23141844e-03 3.47052504e+00 3.13716731e+00 2.40790765e-03 3.46436214e+00 5.53056409e-02 8.23510790e-04 6.16290163e-03
1043             3.19192547e+00 3.21840469e-03 3.46834747e+00 3.13662482e+00 2.41775657e-03 3.46218101e+00 5.53006494e-02 8.00648126e-04 6.16645517e-03
1044             3.19136466e+00 3.22205842e-03 3.46738334e+00 3.13607029e+00 2.43752044e-03 3.46121938e+00 5.52943673e-02 7.84537988e-04 6.16395460e-03
1045             3.19081568e+00 3.23400372e-03 3.46783450e+00 3.13553738e+00 2.46665578e-03 3.46166719e+00 5.52783012e-02 7.67347939e-04 6.16730192e-03
1046             3.19030838e+00 3.26006061e-03 3.46983900e+00 3.13504842e+00 2.50442167e-03 3.46367245e+00 5.52599610e-02 7.55638936e-04 6.16654404e-03
1047             3.18986767e+00 3.29327752e-03 3.47359288e+00 3.13463484e+00 2.55024045e-03 3.46742126e+00 5.52328276e-02 7.43037078e-04 6.17162267e-03
1048             3.18951173e+00 3.33848401e-03 3.47915507e+00 3.13430784e+00 2.60326030e-03 3.47298300e+00 5.52038855e-02 7.35223709e-04 6.17207176e-03
1049             3.18926471e+00 3.38951978e-03 3.48655960e+00 3.13409535e+00 2.66245718e-03 3.48038079e+00 5.51693570e-02 7.27062601e-04 6.17881140e-03
1050             3.18913346e+00 3.45040199e-03 3.49558076e+00 3.13399593e+00 2.72610205e-03 3.48939989e+00 5.51375293e-02 7.24299940e-04 6.18087106e-03
1051             3.18912367e+00 3.51527507e-03 3.50588895e+00 3.13401862e+00 2.79191249e-03 3.49970122e+00 5.51050469e-02 7.23362579e-04 6.18772753e-03
1052             3.18922396e+00 3.58535563e-03 3.51690418e+00 3.13414416e+00 2.85678888e-03 3.51071569e+00 5.50797990e-02 7.28566741e-04 6.18849745e-03
1053             3.18942445e+00 3.65448916e-03 3.52800613e+00 3.13436818e+00 2.91746244e-03 3.52181340e+00 5.50562670e-02 7.37026718e-04 6.19273545e-03
1054             3.18971060e+00 3.72261072e-03 3.53844623e+00 3.13466545e+00 2.97040280e-03 3.53225593e+00 5.50451571e-02 7.52207924e-04 6.19029553e-03
1055             3.19006611e+00 3.78295940e-03 3.54754319e+00 3.13502862e+00 3.01234950e-03 3.54135257e+00 5.50374892e-02 7.70609898e-04 6.19062470e-03
1056             3.19047228e+00 3.83502678e-03 3.55461273e+00 3.13542947e+00 3.04033409e-03 3.54842928e+00 5.50428105e-02 7.94692692e-04 6.18344941e-03
1057             3.19091256e+00 3.87197380e-03 3.55914767e+00 3.13586341e+00 3.05218955e-03 3.55296820e+00 5.50491507e-02 8.19784253e-04 6.17946891e-03
1058             3.19138219e+00 3.89462193e-03 3.56081976e+00 3.13631273e+00 3.04673948e-03 3.55465007e+00 5.50694557e-02 8.47882454e-04 6.16969391e-03
1059             3.19183293e+00 3.89934579e-03 3.55913508e+00 3.13674789e+00 3.02619067e-03 3.55297116e+00 5.50850359e-02 8.73155119e-04 6.16392334e-03
1060             3.19231356e+00 3.88822146e-03 3.55450600e+00 3.13719989e+00 2.98880344e-03 3.54835278e+00 5.51136670e-02 8.99418013e-04 6.15321272e-03
1061             3.19281023e+00 3.85774755e-03 3.54751869e+00 3.13767521e+00 2.93694398e-03 3.54137035e+00 5.51350228e-02 9.20803573e-04 6.14833633e-03
1062             3.19333987e+00 3.81509970e-03 3.53930696e+00 3.13816797e+00 2.87445286e-03 3.53316611e+00 5.51718984e-02 9.40646835e-04 6.14084821e-03
1063             3.19380112e+00 3.75714978e-03 3.53019881e+00 3.13860588e+00 2.80612653e-03 3.52405867e+00 5.51952413e-02 9.51023247e-04 6.14013987e-03
1064             3.19415382e+00 3.69245774e-03 3.52065488e+00 3.13892615e+00 2.73614788e-03 3.51451818e+00 5.52276705e-02 9.56309861e-04 6.13670053e-03
1065             3.19435624e+00 3.62038709e-03 3.51112337e+00 3.13911346e+00 2.66859744e-03 3.50498277e+00 5.52427826e-02 9.51789650e-04 6.14059703e-03
1066             3.19442837e+00 3.55023553e-03 3.50203106e+00 3.13915911e+00 2.60678188e-03 3.49588920e+00 5.52692664e-02 9.43453652e-04 6.14185951e-03
1067             3.19434610e+00 3.48045987e-03 3.49362648e+00 3.13906743e+00 2.55337491e-03 3.48747812e+00 5.52786668e-02 9.27084956e-04 6.14836167e-03
1068             3.19414182e+00 3.41944291e-03 3.48610014e+00 3.13884260e+00 2.50983831e-03 3.47994962e+00 5.52992166e-02 9.09604599e-04 6.15051601e-03
1069             3.19380755e+00 3.36368629e-03 3.47951495e+00 3.13850483e+00 2.47710043e-03 3.47335842e+00 5.53027120e-02 8.86585865e-04 6.15653039e-03
1070             3.19338604e+00 3.32100101e-03 3.47397142e+00 3.13806956e+00 2.45520580e-03 3.46781387e+00 5.53164822e-02 8.65795213e-04 6.15754657e-03
1071             3.19287672e+00 3.28649083e-03 3.46955957e+00 3.13756340e+00 2.44401024e-03 3.46339770e+00 5.53133244e-02 8.42480588e-04 6.16186466e-03
1072             3.19232302e+00 3.26673891e-03 3.46638463e+00 3.13700497e+00 2.44286925e-03 3.46022353e+00 5.53180495e-02 8.23869659e-04 6.16109262e-03
1073             3.19173153e+00 3.25521845e-03 3.46458689e+00 3.13642619e+00 2.45125672e-03 3.45842257e+00 5.53053396e-02 8.03961735e-04 6.16431671e-03
1074             3.19114711e+00 3.25808216e-03 3.46428601e+00 3.13584832e+00 2.46853196e-03 3.45812210e+00 5.52987981e-02 7.89550206e-04 6.16391243e-03
1075             3.19058146e+00 3.26842900e-03 3.46564049e+00 3.13530674e+00 2.49426472e-03 3.45947291e+00 5.52747119e-02 7.74164283e-04 6.16757920e-03
1076             3.19007674e+00 3.29184153e-03 3.46877180e+00 3.13482027e+00 2.52784365e-03 3.46260373e+00 5.52564716e-02 7.63997889e-04 6.16806886e-03
1077             3.18964221e+00 3.32095590e-03 3.47377240e+00 3.13442096e+00 2.56887777e-03 3.46759932e+00 5.52212498e-02 7.52078127e-04 6.17307568e-03
1078             3.18931491e+00 3.36185780e-03 3.48061756e+00 3.13412042e+00 2.61653479e-03 3.47444207e+00 5.51944913e-02 7.45323012e-04 6.17549390e-03
1079             3.18909201e+00 3.40703401e-03 3.48919321e+00 3.13393802e+00 2.66986933e-03 3.48301179e+00 5.51539894e-02 7.37164684e-04 6.18142111e-03
1080             3.18899633e+00 3.46296727e-03 3.49920886e+00 3.13386974e+00 2.72719465e-03 3.49302484e+00 5.51265905e-02 7.35772620e-04 6.18401943e-03
1081             3.18900973e+00 3.51996531e-03 3.51019447e+00 3.13392066e+00 2.78632067e-03 3.50400531e+00 5.50890627e-02 7.33644635e-04 6.18915928e-03
1082             3.18914586e+00 3.58401651e-03 3.52156548e+00 3.13407594e+00 2.84445341e-03 3.51537533e+00 5.50699198e-02 7.39563096e-04 6.19015689e-03
1083             3.18937469e+00 3.64437767e-03 3.53267094e+00 3.13433072e+00 2.89866345e-03 3.52647844e+00 5.50439670e-02 7.45714222e-04 6.19250354e-03
1084             3.18969718e+00 3.70676526e-03 3.54281794e+00 3.13465777e+00 2.94576823e-03 3.53662793e+00 5.50394037e-02 7.60997023e-04 6.19000318e-03
1085             3.19001051e+00 3.75538172e-03 3.54981779e+00 3.13498209e+00 2.97932704e-03 3.54362921e+00 5.50284137e-02 7.76054683e-04 6.18857847e-03
1086             3.19042877e+00 3.80734731e-03 3.55571254e+00 3.13538847e+00 3.00697199e-03 3.54952912e+00 5.50403002e-02 8.00375324e-04 6.18342090e-03
1087             3.19089722e+00 3.84382656e-03 3.55928561e+00 3.13584869e+00 3.02195694e-03 3.55310663e+00 5.50485246e-02 8.21869616e-04 6.17897871e-03
1088             3.19138747e+00 3.87105273e-03 3.56016930e+00 3.13631413e+00 3.02213629e-03 3.55399973e+00 5.50733435e-02 8.48916439e-04 6.16956751e-03
1089             3.19192435e+00 3.87105406e-03 3.55808364e+00 3.13683782e+00 3.00240330e-03 3.55192285e+00 5.50865305e-02 8.68650761e-04 6.16078893e-03
1090             3.19244348e+00 3.85791681e-03 3.55308888e+00 3.13732671e+00 2.96749462e-03 3.54693624e+00 5.51167726e-02 8.90422187e-04 6.15263690e-03
1091             3.19294560e+00 3.82827282e-03 3.54585369e+00 3.13781252e+00 2.92225927e-03 3.53970637e+00 5.51330760e-02 9.06013547e-04 6.14731584e-03
1092             3.19347584e+00 3.79396218e-03 3.53758718e+00 3.13830180e+00 2.86908764e-03 3.53144576e+00 5.51740349e-02 9.24874543e-04 6.14141962e-03
1093             3.19391820e+00 3.74289701e-03 3.52848173e+00 3.13872331e+00 2.81112596e-03 3.52234115e+00 5.51948885e-02 9.31771045e-04 6.14057747e-03
1094             3.19425336e+00 3.68991697e-03 3.51895452e+00 3.13902143e+00 2.75131072e-03 3.51281560e+00 5.52319363e-02 9.38606246e-04 6.13892909e-03
1095             3.19442611e+00 3.62648474e-03 3.50934613e+00 3.13917976e+00 2.69279876e-03 3.50320475e+00 5.52463528e-02 9.33685982e-04 6.14138698e-03
1096             3.19446684e+00 3.56760216e-03 3.50014227e+00 3.13918975e+00 2.63821311e-03 3.49399982e+00 5.52770874e-02 9.29389045e-04 6.14245470e-03
1097             3.19434423e+00 3.50408971e-03 3.49156841e+00 3.13905922e+00 2.58998048e-03 3.48542063e+00 5.52850128e-02 9.14109229e-04 6.14777454e-03
1098             3.19410992e+00 3.45129545e-03 3.48391771e+00 3.13880203e+00 2.54961430e-03 3.47776753e+00 5.53078846e-02 9.01681150e-04 6.15017278e-03
1099             3.19380927e+00 3.40159253e-03 3.47863773e+00 3.13849982e+00 2.52092527e-03 3.47248272e+00 5.53094443e-02 8.80667265e-04 6.15501207e-03
1100             3.19338756e+00 3.36010073e-03 3.47367845e+00 3.13806446e+00 2.49672938e-03 3.46752295e+00 5.53231046e-02 8.63371356e-04 6.15550532e-03
1101             3.19284615e+00 3.32270259e-03 3.46981427e+00 3.13753317e+00 2.48191107e-03 3.46365445e+00 5.53129805e-02 8.40791515e-04 6.15981570e-03
1102             3.19228163e+00 3.30382688e-03 3.46732489e+00 3.13696391e+00 2.47559122e-03 3.46116430e+00 5.53177228e-02 8.28235668e-04 6.16058837e-03
1103             3.19168757e+00 3.28843018e-03 3.46624038e+00 3.13638325e+00 2.47778545e-03 3.46007510e+00 5.53043235e-02 8.10644726e-04 6.16527601e-03
1104             3.19110858e+00 3.28846589e-03 3.46658945e+00 3.13581079e+00 2.48768250e-03 3.46042368e+00 5.52977929e-02 8.00783392e-04 6.16577376e-03
1105             3.19055323e+00 3.29073823e-03 3.46840147e+00 3.13528037e+00 2.50469376e-03 3.46223200e+00 5.52728612e-02 7.86044473e-04 6.16946919e-03
1106             3.19007077e+00 3.30680133e-03 3.47171111e+00 3.13481524e+00 2.52814651e-03 3.46554061e+00 5.52555367e-02 7.78654822e-04 6.17050473e-03
1107             3.18966606e+00 3.32398675e-03 3.47652005e+00 3.13444412e+00 2.55780820e-03 3.47034480e+00 5.52219424e-02 7.66178552e-04 6.17524639e-03
1108             3.18937738e+00 3.35466593e-03 3.48274289e+00 3.13417886e+00 2.59327302e-03 3.47656600e+00 5.51985263e-02 7.61392904e-04 6.17688362e-03
1109             3.18919538e+00 3.38644569e-03 3.49022808e+00 3.13403364e+00 2.63415143e-03 3.48404614e+00 5.51617455e-02 7.52294252e-04 6.18193688e-03
1110             3.18914169e+00 3.43082975e-03 3.49868063e+00 3.13400279e+00 2.67951460e-03 3.49249720e+00 5.51389074e-02 7.51315153e-04 6.18343683e-03
1111             3.18919417e+00 3.47537061e-03 3.50772642e+00 3.13408753e+00 2.72810310e-03 3.50153925e+00 5.51066391e-02 7.47267513e-04 6.18716715e-03
1112             3.18935802e+00 3.53052630e-03 3.51690589e+00 3.13426684e+00 2.77799507e-03 3.51071877e+00 5.50911755e-02 7.52531236e-04 6.18712713e-03
1113             3.18959980e+00 3.58263728e-03 3.52571921e+00 3.13453134e+00 2.82693105e-03 3.51953106e+00 5.50684600e-02 7.55706231e-04 6.18815034e-03
1114             3.18992421e+00 3.64067951e-03 3.53367694e+00 3.13485912e+00 2.87235682e-03 3.52749207e+00 5.50650950e-02 7.68322687e-04 6.18487456e-03
1115             3.19028759e+00 3.68899098e-03 3.54013460e+00 3.13523318e+00 2.91004252e-03 3.53395074e+00 5.50544091e-02 7.78948456e-04 6.18385814e-03
1116             3.19070536e+00 3.73830613e-03 3.54527972e+00 3.13564213e+00 2.94056205e-03 3.53910313e+00 5.50632348e-02 7.97744082e-04 6.17659287e-03
1117             3.19113715e+00 3.77400087e-03 3.54837702e+00 3.13607227e+00 2.96082028e-03 3.54220553e+00 5.50648784e-02 8.13180595e-04 6.17148879e-03
1118             3.19158845e+00 3.80391533e-03 3.54930023e+00 3.13650338e+00 2.96909907e-03 3.54313562e+00 5.50850660e-02 8.34816253e-04 6.16461121e-03
1119             3.19202410e+00 3.81587762e-03 3.54810370e+00 3.13692962e+00 2.96483207e-03 3.54194444e+00 5.50944778e-02 8.51045548e-04 6.15926748e-03
1120             3.19245514e+00 3.81958547e-03 3.54501997e+00 3.13733248e+00 2.94841939e-03 3.53886725e+00 5.51226591e-02 8.71166082e-04 6.15271812e-03
1121             3.19284356e+00 3.80497511e-03 3.54032576e+00 3.13770786e+00 2.92143901e-03 3.53417635e+00 5.51356970e-02 8.83536102e-04 6.14941348e-03
1122             3.19320583e+00 3.78363924e-03 3.53443939e+00 3.13803891e+00 2.88580806e-03 3.52829375e+00 5.51669153e-02 8.97831178e-04 6.14563367e-03
1123             3.19349508e+00 3.74690202e-03 3.52772789e+00 3.13831498e+00 2.84405893e-03 3.52158341e+00 5.51800996e-02 9.02843099e-04 6.14448314e-03
1124             3.19372827e+00 3.70761255e-03 3.52065054e+00 3.13851837e+00 2.79856521e-03 3.51450768e+00 5.52098966e-02 9.09047344e-04 6.14285550e-03
1125             3.19386225e+00 3.65753262e-03 3.51351868e+00 3.13864284e+00 2.75189596e-03 3.50737357e+00 5.52194074e-02 9.05636659e-04 6.14510271e-03
1126             3.19392067e+00 3.60991511e-03 3.50668325e+00 3.13867444e+00 2.70623927e-03 3.50053667e+00 5.52462334e-02 9.03675841e-04 6.14658387e-03
1127             3.19385825e+00 3.55727113e-03 3.50028087e+00 3.13860623e+00 2.66369145e-03 3.49413029e+00 5.52520153e-02 8.93579684e-04 6.15057340e-03
1128             3.19370777e+00 3.51173146e-03 3.49452673e+00 3.13843352e+00 2.62571491e-03 3.48837471e+00 5.52742515e-02 8.86016558e-04 6.15201821e-03
1129             3.19343899e+00 3.46555866e-03 3.48943915e+00 3.13816487e+00 2.59355505e-03 3.48328318e+00 5.52741203e-02 8.72003607e-04 6.15596791e-03
1130             3.19310298e+00 3.42954304e-03 3.48517571e+00 3.13781269e+00 2.56782063e-03 3.47901833e+00 5.52902922e-02 8.61722413e-04 6.15737620e-03
1131             3.19267908e+00 3.39573877e-03 3.48172133e+00 3.13739544e+00 2.54892919e-03 3.47556023e+00 5.52836398e-02 8.46809580e-04 6.16109906e-03
1132             3.19222779e+00 3.37361951e-03 3.47923625e+00 3.13693560e+00 2.53681415e-03 3.47307473e+00 5.52921874e-02 8.36805366e-04 6.16151780e-03
1133             3.19173501e+00 3.35438015e-03 3.47771728e+00 3.13645755e+00 2.53139989e-03 3.47155300e+00 5.52774552e-02 8.22980267e-04 6.16428403e-03
1134             3.19126371e+00 3.34646008e-03 3.47731579e+00 3.13598652e+00 2.53225820e-03 3.47115111e+00 5.52771868e-02 8.14201886e-04 6.16467945e-03
1135             3.19080293e+00 3.34135830e-03 3.47803532e+00 3.13554886e+00 2.53929243e-03 3.47186753e+00 5.52540740e-02 8.02065871e-04 6.16779143e-03
1136             3.19041016e+00 3.34707646e-03 3.47999941e+00 3.13516347e+00 2.55215303e-03 3.47383090e+00 5.52466900e-02 7.94923436e-04 6.16851468e-03
1137             3.19006409e+00 3.35564423e-03 3.48315255e+00 3.13484728e+00 2.57087891e-03 3.47698042e+00 5.52168115e-02 7.84765325e-04 6.17212407e-03
1138             3.18981718e+00 3.37444075e-03 3.48749999e+00 3.13461320e+00 2.59514309e-03 3.48132629e+00 5.52039738e-02 7.79297657e-04 6.17370089e-03
1139             3.18963972e+00 3.39626897e-03 3.49286291e+00 3.13446871e+00 2.62466990e-03 3.48668507e+00 5.51710154e-02 7.71599078e-04 6.17783242e-03
1140             3.18957031e+00 3.42738019e-03 3.49912663e+00 3.13441191e+00 2.65859282e-03 3.49294774e+00 5.51583987e-02 7.68787364e-04 6.17888963e-03
1141             3.18956740e+00 3.46093143e-03 3.50594024e+00 3.13444063e+00 2.69599617e-03 3.49975836e+00 5.51267671e-02 7.64935265e-04 6.18188564e-03
1142             3.18966504e+00 3.50184077e-03 3.51304649e+00 3.13454543e+00 2.73525289e-03 3.50686425e+00 5.51196052e-02 7.66587880e-04 6.18224115e-03
1143             3.18981092e+00 3.54283212e-03 3.51997120e+00 3.13471669e+00 2.77472674e-03 3.51378743e+00 5.50942281e-02 7.68105376e-04 6.18377363e-03
1144             3.19004076e+00 3.58760688e-03 3.52645026e+00 3.13494453e+00 2.81234712e-03 3.52026917e+00 5.50962322e-02 7.75259763e-04 6.18109368e-03
1145             3.19029024e+00 3.62724713e-03 3.53186158e+00 3.13521126e+00 2.84484522e-03 3.52568071e+00 5.50789841e-02 7.82401912e-04 6.18086649e-03
1146             3.19045345e+00 3.65702182e-03 3.53408823e+00 3.13536507e+00 2.86277343e-03 3.52791364e+00 5.50883836e-02 7.94248389e-04 6.17459248e-03
1147             3.19082712e+00 3.69829753e-03 3.53799222e+00 3.13574711e+00 2.89323217e-03 3.53181854e+00 5.50800097e-02 8.05065359e-04 6.17368489e-03
1148             3.19106809e+00 3.72290770e-03 3.53878835e+00 3.13596675e+00 2.90330896e-03 3.53262187e+00 5.51013397e-02 8.19598739e-04 6.16648192e-03
1149             3.19129544e+00 3.74476785e-03 3.53873301e+00 3.13620572e+00 2.91304659e-03 3.53257141e+00 5.50897172e-02 8.31721263e-04 6.16159686e-03
1150             3.19154096e+00 3.76307781e-03 3.53768970e+00 3.13642882e+00 2.91815813e-03 3.53153399e+00 5.51121466e-02 8.44919672e-04 6.15570435e-03
1151             3.19190856e+00 3.76419837e-03 3.53414290e+00 3.13679694e+00 2.91175349e-03 3.52798861e+00 5.51116165e-02 8.52444875e-04 6.15429034e-03
1152             3.19219442e+00 3.76129078e-03 3.53207184e+00 3.13705675e+00 2.89914702e-03 3.52592080e+00 5.51376711e-02 8.62143757e-04 6.15103618e-03
1153             3.19259770e+00 3.73581926e-03 3.52644025e+00 3.13745382e+00 2.86911386e-03 3.52028937e+00 5.51438822e-02 8.66705399e-04 6.15088343e-03
1154             3.19298664e+00 3.70739893e-03 3.52161058e+00 3.13780594e+00 2.83582796e-03 3.51546057e+00 5.51806998e-02 8.71570965e-04 6.15001251e-03
1155             3.19327156e+00 3.67560095e-03 3.51661019e+00 3.13808528e+00 2.80210495e-03 3.51045814e+00 5.51862745e-02 8.73496000e-04 6.15204603e-03
1156             3.19341589e+00 3.65827349e-03 3.51402234e+00 3.13819654e+00 2.78181633e-03 3.50787139e+00 5.52193522e-02 8.76457153e-04 6.15094251e-03
1157             3.19344512e+00 3.61995921e-03 3.50751725e+00 3.13822558e+00 2.74578277e-03 3.50136581e+00 5.52195404e-02 8.74176437e-04 6.15144065e-03
1158             3.19344299e+00 3.60015613e-03 3.50500167e+00 3.13819612e+00 2.72724064e-03 3.49884908e+00 5.52468705e-02 8.72915488e-04 6.15259002e-03
1159             3.19321373e+00 3.56240835e-03 3.49902668e+00 3.13797300e+00 2.69496459e-03 3.49287237e+00 5.52407310e-02 8.67443760e-04 6.15430848e-03
1160             3.19311492e+00 3.54237360e-03 3.49704177e+00 3.13784867e+00 2.67920430e-03 3.49088483e+00 5.52662487e-02 8.63169302e-04 6.15694286e-03
1161             3.19290945e+00 3.51796754e-03 3.49485799e+00 3.13765075e+00 2.66166065e-03 3.48869861e+00 5.52587064e-02 8.56306887e-04 6.15938255e-03
1162             3.19269356e+00 3.49550991e-03 3.49306330e+00 3.13741462e+00 2.64516447e-03 3.48690355e+00 5.52789456e-02 8.50345444e-04 6.15975459e-03
1163             3.19240603e+00 3.47331279e-03 3.49175469e+00 3.13714331e+00 2.63029916e-03 3.48559200e+00 5.52627194e-02 8.43013635e-04 6.16268686e-03
1164             3.19212747e+00 3.45575115e-03 3.49120142e+00 3.13684908e+00 2.61777887e-03 3.48503756e+00 5.52783918e-02 8.37972289e-04 6.16385788e-03
1165             3.19179156e+00 3.43909389e-03 3.49128631e+00 3.13653460e+00 2.60819471e-03 3.48511865e+00 5.52569656e-02 8.30899178e-04 6.16766164e-03
1166             3.19148591e+00 3.42724793e-03 3.49206780e+00 3.13622004e+00 2.60177064e-03 3.48589834e+00 5.52658794e-02 8.25477288e-04 6.16945510e-03
1167             3.19115489e+00 3.41674014e-03 3.49336774e+00 3.13591622e+00 2.59869659e-03 3.48719547e+00 5.52386706e-02 8.18043549e-04 6.17227132e-03
1168             3.19088476e+00 3.41091152e-03 3.49521366e+00 3.13564329e+00 2.59871396e-03 3.48904119e+00 5.52414713e-02 8.12197553e-04 6.17247776e-03
1169             3.19061953e+00 3.40662862e-03 3.49744741e+00 3.13541022e+00 2.60184963e-03 3.49127346e+00 5.52093047e-02 8.04778993e-04 6.17394630e-03
1170             3.19043862e+00 3.40759321e-03 3.50007604e+00 3.13522971e+00 2.60780605e-03 3.49390159e+00 5.52089130e-02 7.99787153e-04 6.17445277e-03
1171             3.19028128e+00 3.41030927e-03 3.50290374e+00 3.13510382e+00 2.61658664e-03 3.49672769e+00 5.51774669e-02 7.93722634e-04 6.17604590e-03
1172             3.19021519e+00 3.41880302e-03 3.50589335e+00 3.13503579e+00 2.62782298e-03 3.49971784e+00 5.51793995e-02 7.90980038e-04 6.17551347e-03
1173             3.19017132e+00 3.42892899e-03 3.50882592e+00 3.13502057e+00 2.64137058e-03 3.50264988e+00 5.51507493e-02 7.87558405e-04 6.17603733e-03
1174             3.19020972e+00 3.44468364e-03 3.51166513e+00 3.13505431e+00 2.65676695e-03 3.50548993e+00 5.51554096e-02 7.87916698e-04 6.17520017e-03
1175             3.19025925e+00 3.46091581e-03 3.51415976e+00 3.13512855e+00 2.67328707e-03 3.50798495e+00 5.51306970e-02 7.87628735e-04 6.17481240e-03
1176             3.19038016e+00 3.48210657e-03 3.51643618e+00 3.13524051e+00 2.69107546e-03 3.51026406e+00 5.51396484e-02 7.91031108e-04 6.17212260e-03
1177             3.19049709e+00 3.50292662e-03 3.51824069e+00 3.13537728e+00 2.70942280e-03 3.51207040e+00 5.51198088e-02 7.93503814e-04 6.17029484e-03
1178             3.19067095e+00 3.52705159e-03 3.51962835e+00 3.13553781e+00 2.72777000e-03 3.51346092e+00 5.51331376e-02 7.99281585e-04 6.16742796e-03
1179             3.19083526e+00 3.54931748e-03 3.52045544e+00 3.13571745e+00 2.74549472e-03 3.51428982e+00 5.51178072e-02 8.03822762e-04 6.16561814e-03
1180             3.19105169e+00 3.57299038e-03 3.52080215e+00 3.13591582e+00 2.76186870e-03 3.51463918e+00 5.51358763e-02 8.11121684e-04 6.16297585e-03
1181             3.19125038e+00 3.59262318e-03 3.52057459e+00 3.13612488e+00 2.77616775e-03 3.51441351e+00 5.51254978e-02 8.16455436e-04 6.16107763e-03
1182             3.19148876e+00 3.61155743e-03 3.51990542e+00 3.13634064e+00 2.78777536e-03 3.51374658e+00 5.51481188e-02 8.23782069e-04 6.15884709e-03
1183             3.19169177e+00 3.62517079e-03 3.51876112e+00 3.13655042e+00 2.79632679e-03 3.51260318e+00 5.51413531e-02 8.28843998e-04 6.15793428e-03
1184             3.19191445e+00 3.63689414e-03 3.51731171e+00 3.13674744e+00 2.80157653e-03 3.51115526e+00 5.51670141e-02 8.35317613e-04 6.15644812e-03
1185             3.19208254e+00 3.64253302e-03 3.51554673e+00 3.13692051e+00 2.80370848e-03 3.50939032e+00 5.51620388e-02 8.38824541e-04 6.15640760e-03
1186             3.19225455e+00 3.64621922e-03 3.51365423e+00 3.13706578e+00 2.80283925e-03 3.50749832e+00 5.51887657e-02 8.43379961e-04 6.15591420e-03
1187             3.19235995e+00 3.64409935e-03 3.51162439e+00 3.13717662e+00 2.79943795e-03 3.50546827e+00 5.51833246e-02 8.44661399e-04 6.15612628e-03
1188             3.19246185e+00 3.64081436e-03 3.50965420e+00 3.13725248e+00 2.79373677e-03 3.50349831e+00 5.52093663e-02 8.47077595e-04 6.15589102e-03
1189             3.19249356e+00 3.63253567e-03 3.50771587e+00 3.13729112e+00 2.78629860e-03 3.50155863e+00 5.52024412e-02 8.46237077e-04 6.15724300e-03
1190             3.19252261e+00 3.62426849e-03 3.50601241e+00 3.13729580e+00 2.77757360e-03 3.49985494e+00 5.52268071e-02 8.46694890e-04 6.15746826e-03
1191             3.19248136e+00 3.61191564e-03 3.50441935e+00 3.13726370e+00 2.76786001e-03 3.49826058e+00 5.52176638e-02 8.44055626e-04 6.15877765e-03
1192             3.19243960e+00 3.60073070e-03 3.50310221e+00 3.13720065e+00 2.75737271e-03 3.49694312e+00 5.52389448e-02 8.43357986e-04 6.15908864e-03
1193             3.19233449e+00 3.58601196e-03 3.50198108e+00 3.13710833e+00 2.74642711e-03 3.49582026e+00 5.52261511e-02 8.39584854e-04 6.16081493e-03
1194             3.19223633e+00 3.57312359e-03 3.50120722e+00 3.13699274e+00 2.73523410e-03 3.49504563e+00 5.52435923e-02 8.37889487e-04 6.16159503e-03
1195             3.19208165e+00 3.55749022e-03 3.50067327e+00 3.13685372e+00 2.72376174e-03 3.49450897e+00 5.52279320e-02 8.33728484e-04 6.16429395e-03
1196             3.19194340e+00 3.54432841e-03 3.50053424e+00 3.13670136e+00 2.71257427e-03 3.49437016e+00 5.52420364e-02 8.31754145e-04 6.16408757e-03
1197             3.19175712e+00 3.52926268e-03 3.50067767e+00 3.13653454e+00 2.70213640e-03 3.49451199e+00 5.52225841e-02 8.27126284e-04 6.16567542e-03
1198             3.19159898e+00 3.51770169e-03 3.50119584e+00 3.13636648e+00 2.69293639e-03 3.49502977e+00 5.52325007e-02 8.24765300e-04 6.16607128e-03
1199             3.19141142e+00 3.50551352e-03 3.50195226e+00 3.13620095e+00 2.68535009e-03 3.49578447e+00 5.52104727e-02 8.20163433e-04 6.16778822e-03
1200             3.19127097e+00 3.49753108e-03 3.50300332e+00 3.13605239e+00 2.67960634e-03 3.49683630e+00 5.52185792e-02 8.17924739e-04 6.16701350e-03
1201             3.19111756e+00 3.48951244e-03 3.50421266e+00 3.13592257e+00 2.67588022e-03 3.49804369e+00 5.51949913e-02 8.13632224e-04 6.16896548e-03
1202             3.19102387e+00 3.48614762e-03 3.50560761e+00 3.13582162e+00 2.67413251e-03 3.49943880e+00 5.52022501e-02 8.12015109e-04 6.16881009e-03
1203             3.19092823e+00 3.48330493e-03 3.50703151e+00 3.13574829e+00 2.67442957e-03 3.50086135e+00 5.51799388e-02 8.08875353e-04 6.17016441e-03
1204             3.19089282e+00 3.48502652e-03 3.50851223e+00 3.13570415e+00 2.67651033e-03 3.50234349e+00 5.51886787e-02 8.08516190e-04 6.16874350e-03
1205             3.19085316e+00 3.48674940e-03 3.50987396e+00 3.13568601e+00 2.68024981e-03 3.50370399e+00 5.51671464e-02 8.06499586e-04 6.16996549e-03
1206             3.19087301e+00 3.49274875e-03 3.51120747e+00 3.13569556e+00 2.68534324e-03 3.50503861e+00 5.51774555e-02 8.07405511e-04 6.16885927e-03
1207             3.19088493e+00 3.49849677e-03 3.51235826e+00 3.13572629e+00 2.69163272e-03 3.50618881e+00 5.51586436e-02 8.06864049e-04 6.16945350e-03
1208             3.19094731e+00 3.50764158e-03 3.51339091e+00 3.13577584e+00 2.69877737e-03 3.50722343e+00 5.51714654e-02 8.08864211e-04 6.16748835e-03
1209             3.19099288e+00 3.51604082e-03 3.51416359e+00 3.13583863e+00 2.70658541e-03 3.50799582e+00 5.51542523e-02 8.09455406e-04 6.16776834e-03
1210             3.19108537e+00 3.52720665e-03 3.51477405e+00 3.13591624e+00 2.71480063e-03 3.50860812e+00 5.51691223e-02 8.12406017e-04 6.16592710e-03
1211             3.19115784e+00 3.53693656e-03 3.51508609e+00 3.13600320e+00 2.72315435e-03 3.50892021e+00 5.51546395e-02 8.13782207e-04 6.16588152e-03
1212             3.19127251e+00 3.54852026e-03 3.51520833e+00 3.13610069e+00 2.73130237e-03 3.50904462e+00 5.51718248e-02 8.17217891e-04 6.16370352e-03
1213             3.19136051e+00 3.55774140e-03 3.51503226e+00 3.13620130e+00 2.73886841e-03 3.50886817e+00 5.51592111e-02 8.18872992e-04 6.16409801e-03
1214             3.19148492e+00 3.56802342e-03 3.51468558e+00 3.13630645e+00 2.74568821e-03 3.50852363e+00 5.51784620e-02 8.22335213e-04 6.16195594e-03
1215             3.19157373e+00 3.57542755e-03 3.51409023e+00 3.13640583e+00 2.75135030e-03 3.50792764e+00 5.51679014e-02 8.24077246e-04 6.16259516e-03
1216             3.19168831e+00 3.58296813e-03 3.51338907e+00 3.13649955e+00 2.75556360e-03 3.50722857e+00 5.51887601e-02 8.27404533e-04 6.16050155e-03
1217             3.19175734e+00 3.58686380e-03 3.51252145e+00 3.13657927e+00 2.75827513e-03 3.50635969e+00 5.51780725e-02 8.28588675e-04 6.16175832e-03
1218             3.19184703e+00 3.59051300e-03 3.51162992e+00 3.13664794e+00 2.75945240e-03 3.50546932e+00 5.51990910e-02 8.31060599e-04 6.16060101e-03
1219             3.19188627e+00 3.59066926e-03 3.51066169e+00 3.13669788e+00 2.75926438e-03 3.50449970e+00 5.51883889e-02 8.31404873e-04 6.16198909e-03
1220             3.19194033e+00 3.59075477e-03 3.50974395e+00 3.13673162e+00 2.75775585e-03 3.50358359e+00 5.52087114e-02 8.32998926e-04 6.16036069e-03
1221             3.19194320e+00 3.58770126e-03 3.50880312e+00 3.13674650e+00 2.75526259e-03 3.50264142e+00 5.51966994e-02 8.32438662e-04 6.16170595e-03
1222             3.19196317e+00 3.58496058e-03 3.50799082e+00 3.13674710e+00 2.75189265e-03 3.50182978e+00 5.52160788e-02 8.33067936e-04 6.16103147e-03
1223             3.19193509e+00 3.57975792e-03 3.50720999e+00 3.13673167e+00 2.74793669e-03 3.50104711e+00 5.52034211e-02 8.31821225e-04 6.16287585e-03
1224             3.19192585e+00 3.57534329e-03 3.50660666e+00 3.13670450e+00 2.74344984e-03 3.50044497e+00 5.52213582e-02 8.31893455e-04 6.16168819e-03
1225             3.19187028e+00 3.56890817e-03 3.50605442e+00 3.13666366e+00 2.73866483e-03 3.49989092e+00 5.52066268e-02 8.30243333e-04 6.16349829e-03
1226             3.19183747e+00 3.56343477e-03 3.50567872e+00 3.13661541e+00 2.73370211e-03 3.49951608e+00 5.52220536e-02 8.29732665e-04 6.16263182e-03
1227             3.19176327e+00 3.55646007e-03 3.50536054e+00 3.13655694e+00 2.72868377e-03 3.49919600e+00 5.52063290e-02 8.27776293e-04 6.16453962e-03
1228             3.19171729e+00 3.55096296e-03 3.50526765e+00 3.13649606e+00 2.72369099e-03 3.49910446e+00 5.52212319e-02 8.27271965e-04 6.16319601e-03
1229             3.19163073e+00 3.54407202e-03 3.50524739e+00 3.13642644e+00 2.71897344e-03 3.49908208e+00 5.52042815e-02 8.25098583e-04 6.16531123e-03
1230             3.19157711e+00 3.53892202e-03 3.50544915e+00 3.13635964e+00 2.71461067e-03 3.49928458e+00 5.52174749e-02 8.24311343e-04 6.16456216e-03
1231             3.19148863e+00 3.53304471e-03 3.50570321e+00 3.13628900e+00 2.71089997e-03 3.49953674e+00 5.51996329e-02 8.22144744e-04 6.16646908e-03
1232             3.19143883e+00 3.52935881e-03 3.50614724e+00 3.13622681e+00 2.70780341e-03 3.49998225e+00 5.52120249e-02 8.21555395e-04 6.16499567e-03
1233             3.19135988e+00 3.52520102e-03 3.50660852e+00 3.13616658e+00 2.70563870e-03 3.50044163e+00 5.51932992e-02 8.19562319e-04 6.16689362e-03
1234             3.19137565e+00 3.52484140e-03 3.50660702e+00 3.13616658e+00 2.70563870e-03 3.50044163e+00 5.52090764e-02 8.19202702e-04 6.16539313e-03
1235             3.19132948e+00 3.52061813e-03 3.50739139e+00 3.13613706e+00 2.70352597e-03 3.50122336e+00 5.51924202e-02 8.17092161e-04 6.16802885e-03
1236             3.19130318e+00 3.52059469e-03 3.50807955e+00 3.13609972e+00 2.70302094e-03 3.50191335e+00 5.52034606e-02 8.17573752e-04 6.16619494e-03
1237             3.19128632e+00 3.51901464e-03 3.50808016e+00 3.13609972e+00 2.70302094e-03 3.50191335e+00 5.51865967e-02 8.15993696e-04 6.16681047e-03
1238             3.19128310e+00 3.52047523e-03 3.50889458e+00 3.13608408e+00 2.70368161e-03 3.50272915e+00 5.51990265e-02 8.16793625e-04 6.16543786e-03
1239             3.19126715e+00 3.51963903e-03 3.50889645e+00 3.13608408e+00 2.70368161e-03 3.50272915e+00 5.51830738e-02 8.15957425e-04 6.16730591e-03
1240             3.19127603e+00 3.52249167e-03 3.50968941e+00 3.13608091e+00 2.70548039e-03 3.50352383e+00 5.51951153e-02 8.17011281e-04 6.16557339e-03
1241             3.19125307e+00 3.52453416e-03 3.51020217e+00 3.13607504e+00 2.70792272e-03 3.50403575e+00 5.51780335e-02 8.16611448e-04 6.16641522e-03
1242             3.19126651e+00 3.52551116e-03 3.51019906e+00 3.13607504e+00 2.70792272e-03 3.50403575e+00 5.51914711e-02 8.17588445e-04 6.16330588e-03
1243             3.19125776e+00 3.52839936e-03 3.51072025e+00 3.13608180e+00 2.71151150e-03 3.50455518e+00 5.51759510e-02 8.16887868e-04 6.16506897e-03
1244             3.19127255e+00 3.53045636e-03 3.51071707e+00 3.13608180e+00 2.71151150e-03 3.50455518e+00 5.51907405e-02 8.18944865e-04 6.16188369e-03
1245             3.19126592e+00 3.53352070e-03 3.51115075e+00 3.13609143e+00 2.71545596e-03 3.50498611e+00 5.51744893e-02 8.18064746e-04 6.16464327e-03
1246             3.19129517e+00 3.53831415e-03 3.51145370e+00 3.13610520e+00 2.71862629e-03 3.50528992e+00 5.51899712e-02 8.19687856e-04 6.16377327e-03
1247             3.19127716e+00 3.53773861e-03 3.51145485e+00 3.13610520e+00 2.71862629e-03 3.50528992e+00 5.51719565e-02 8.19112323e-04 6.16492699e-03
1248             3.19131458e+00 3.54366933e-03 3.51161437e+00 3.13612678e+00 2.72287246e-03 3.50545171e+00 5.51878071e-02 8.20796874e-04 6.16266109e-03
1249             3.19129598e+00 3.54292290e-03 3.51161513e+00 3.13612678e+00 2.72287246e-03 3.50545171e+00 5.51692054e-02 8.20050442e-04 6.16342637e-03
1250             3.19134131e+00 3.54887429e-03 3.51160332e+00 3.13615539e+00 2.72702340e-03 3.50544112e+00 5.51859259e-02 8.21850890e-04 6.16219851e-03
1251             3.19136254e+00 3.55126790e-03 3.51147230e+00 3.13619110e+00 2.72985318e-03 3.50530849e+00 5.51714469e-02 8.21414714e-04 6.16381035e-03
1252             3.19137887e+00 3.55302392e-03 3.51146998e+00 3.13619110e+00 2.72985318e-03 3.50530849e+00 5.51877707e-02 8.23170731e-04 6.16148399e-03
1253             3.19139821e+00 3.55565166e-03 3.51119073e+00 3.13622451e+00 2.73317930e-03 3.50502755e+00 5.51737004e-02 8.22472365e-04 6.16318371e-03
1254             3.19141526e+00 3.55740897e-03 3.51118918e+00 3.13622451e+00 2.73317930e-03 3.50502755e+00 5.51907500e-02 8.24229672e-04 6.16162401e-03
1255             3.19143312e+00 3.55940418e-03 3.51078618e+00 3.13625582e+00 2.73597799e-03 3.50462258e+00 5.51772914e-02 8.23426194e-04 6.16360765e-03
1256             3.19145041e+00 3.56106956e-03 3.51078421e+00 3.13625582e+00 2.73597799e-03 3.50462258e+00 5.51945834e-02 8.25091570e-04 6.16163088e-03
1257             3.19146613e+00 3.56182029e-03 3.51030811e+00 3.13628547e+00 2.73784418e-03 3.50414460e+00 5.51806569e-02 8.23976104e-04 6.16351447e-03
1258             3.19148230e+00 3.56307249e-03 3.51030675e+00 3.13628547e+00 2.73784418e-03 3.50414460e+00 5.51968357e-02 8.25228307e-04 6.16214756e-03
1259             3.19149674e+00 3.56281618e-03 3.50978883e+00 3.13631367e+00 2.73881802e-03 3.50362490e+00 5.51830710e-02 8.23998165e-04 6.16393248e-03
1260             3.19154253e+00 3.56372363e-03 3.50945084e+00 3.13634206e+00 2.73872060e-03 3.50328870e+00 5.52004667e-02 8.25003030e-04 6.16214222e-03
1261             3.19152553e+00 3.56277582e-03 3.50945314e+00 3.13634206e+00 2.73872060e-03 3.50328870e+00 5.51834740e-02 8.24055227e-04 6.16443644e-03
1262             3.19156502e+00 3.56343728e-03 3.50907292e+00 3.13636388e+00 2.73817614e-03 3.50291009e+00 5.52011399e-02 8.25261140e-04 6.16283801e-03
1263             3.19154865e+00 3.56204987e-03 3.50907556e+00 3.13636388e+00 2.73817614e-03 3.50291009e+00 5.51847702e-02 8.23873734e-04 6.16547791e-03
1264             3.19158603e+00 3.56250372e-03 3.50874171e+00 3.13638327e+00 2.73726482e-03 3.50257889e+00 5.52027549e-02 8.25238894e-04 6.16282495e-03
1265             3.19156881e+00 3.56123539e-03 3.50874379e+00 3.13638327e+00 2.73726482e-03 3.50257889e+00 5.51855320e-02 8.23970563e-04 6.16490575e-03
1266             3.19160238e+00 3.56148120e-03 3.50850739e+00 3.13639893e+00 2.73601713e-03 3.50234431e+00 5.52034519e-02 8.25464071e-04 6.16308436e-03
1267             3.19158614e+00 3.56008407e-03 3.50851007e+00 3.13639893e+00 2.73601713e-03 3.50234431e+00 5.51872101e-02 8.24066941e-04 6.16576734e-03
1268             3.19161503e+00 3.56009471e-03 3.50836221e+00 3.13640996e+00 2.73458830e-03 3.50219867e+00 5.52050695e-02 8.25506409e-04 6.16353891e-03
1269             3.19159949e+00 3.55769134e-03 3.50824272e+00 3.13641137e+00 2.73346689e-03 3.50207796e+00 5.51881142e-02 8.24224451e-04 6.16475560e-03
1270             3.19161853e+00 3.55867950e-03 3.50824227e+00 3.13641137e+00 2.73346689e-03 3.50207796e+00 5.52071542e-02 8.25212610e-04 6.16430721e-03
1271             3.19160389e+00 3.55585740e-03 3.50818210e+00 3.13641380e+00 2.73203433e-03 3.50201670e+00 5.51900836e-02 8.23823064e-04 6.16539656e-03
1272             3.19162160e+00 3.55681574e-03 3.50818018e+00 3.13641380e+00 2.73203433e-03 3.50201670e+00 5.52077959e-02 8.24781404e-04 6.16347403e-03
1273             3.19159988e+00 3.55399465e-03 3.50818324e+00 3.13640921e+00 2.73060890e-03 3.50201812e+00 5.51906711e-02 8.23385745e-04 6.16511869e-03
1274             3.19161674e+00 3.55481633e-03 3.50818188e+00 3.13640921e+00 2.73060890e-03 3.50201812e+00 5.52075311e-02 8.24207429e-04 6.16376516e-03
1275             3.19159223e+00 3.55218078e-03 3.50822617e+00 3.13640173e+00 2.72941631e-03 3.50206100e+00 5.51905089e-02 8.22764477e-04 6.16516989e-03
1276             3.19160838e+00 3.55311332e-03 3.50822415e+00 3.13640173e+00 2.72941631e-03 3.50206100e+00 5.52066516e-02 8.23697010e-04 6.16314746e-03
1277             3.19158129e+00 3.55076222e-03 3.50831329e+00 3.13639246e+00 2.72847799e-03 3.50214825e+00 5.51888318e-02 8.22284236e-04 6.16503609e-03
1278             3.19159681e+00 3.55151431e-03 3.50831148e+00 3.13639246e+00 2.72847799e-03 3.50214825e+00 5.52043544e-02 8.23036328e-04 6.16323125e-03
1279             3.19158071e+00 3.55011046e-03 3.50831346e+00 3.13639246e+00 2.72847799e-03 3.50214825e+00 5.51882531e-02 8.21632479e-04 6.16520402e-03
1280             3.19158668e+00 3.55004277e-03 3.50844924e+00 3.13638492e+00 2.72762761e-03 3.50228529e+00 5.52017561e-02 8.22415160e-04 6.16394339e-03
1281             3.19157093e+00 3.54928945e-03 3.50845074e+00 3.13638492e+00 2.72762761e-03 3.50228529e+00 5.51860073e-02 8.21661837e-04 6.16545093e-03
1282             3.19157667e+00 3.54972181e-03 3.50861576e+00 3.13637611e+00 2.72724932e-03 3.50245167e+00 5.52005552e-02 8.22472488e-04 6.16408702e-03
1283             3.19156037e+00 3.54900494e-03 3.50861727e+00 3.13637611e+00 2.72724932e-03 3.50245167e+00 5.51842563e-02 8.21755622e-04 6.16559080e-03
1284             3.19156470e+00 3.54970163e-03 3.50876487e+00 3.13636545e+00 2.72701325e-03 3.50260117e+00 5.51992522e-02 8.22688378e-04 6.16369943e-03
1285             3.19154720e+00 3.54891258e-03 3.50876565e+00 3.13636545e+00 2.72701325e-03 3.50260117e+00 5.51817538e-02 8.21899334e-04 6.16447607e-03
1286             3.19154896e+00 3.54983596e-03 3.50892392e+00 3.13635149e+00 2.72682550e-03 3.50276048e+00 5.51974685e-02 8.23010467e-04 6.16343418e-03
1287             3.19153195e+00 3.54902983e-03 3.50892521e+00 3.13635149e+00 2.72682550e-03 3.50276048e+00 5.51804630e-02 8.22204334e-04 6.16473215e-03
1288             3.19154829e+00 3.55033794e-03 3.50892325e+00 3.13635149e+00 2.72682550e-03 3.50276048e+00 5.51967998e-02 8.23512443e-04 6.16276882e-03
1289             3.19151720e+00 3.54923222e-03 3.50901738e+00 3.13633650e+00 2.72665490e-03 3.50285283e+00 5.51807011e-02 8.22577313e-04 6.16455775e-03
1290             3.19153402e+00 3.55022257e-03 3.50901610e+00 3.13633650e+00 2.72665490e-03 3.50285283e+00 5.51975133e-02 8.23567669e-04 6.16327314e-03
1291             3.19150008e+00 3.54898718e-03 3.50913306e+00 3.13631804e+00 2.72635094e-03 3.50296846e+00 5.51820425e-02 8.22636237e-04 6.16459957e-03
1292             3.19151681e+00 3.55011283e-03 3.50913074e+00 3.13631804e+00 2.72635094e-03 3.50296846e+00 5.51987718e-02 8.23761885e-04 6.16228581e-03
1293             3.19147817e+00 3.54858364e-03 3.50923515e+00 3.13629533e+00 2.72586943e-03 3.50307090e+00 5.51828375e-02 8.22714213e-04 6.16424439e-03
1294             3.19149469e+00 3.54963968e-03 3.50923351e+00 3.13629533e+00 2.72586943e-03 3.50307090e+00 5.51993648e-02 8.23770247e-04 6.16260883e-03
1295             3.19147865e+00 3.54857859e-03 3.50923514e+00 3.13629533e+00 2.72586943e-03 3.50307090e+00 5.51833235e-02 8.22709155e-04 6.16423640e-03
1296             3.19146940e+00 3.54922848e-03 3.50935731e+00 3.13627065e+00 2.72536332e-03 3.50319447e+00 5.51987512e-02 8.23865161e-04 6.16283789e-03
1297             3.19145202e+00 3.54808850e-03 3.50935907e+00 3.13627065e+00 2.72536332e-03 3.50319447e+00 5.51813667e-02 8.22725181e-04 6.16459931e-03
1298             3.19145075e+00 3.54843114e-03 3.50949719e+00 3.13625360e+00 2.72468948e-03 3.50333375e+00 5.51971503e-02 8.23741663e-04 6.16344517e-03
1299             3.19143358e+00 3.54729652e-03 3.50949887e+00 3.13625360e+00 2.72468948e-03 3.50333375e+00 5.51799850e-02 8.22607041e-04 6.16512559e-03
1300             3.19144077e+00 3.54775963e-03 3.50964411e+00 3.13624348e+00 2.72396623e-03 3.50348058e+00 5.51972900e-02 8.23793409e-04 6.16352466e-03
1301             3.19142314e+00 3.54665520e-03 3.50964543e+00 3.13624348e+00 2.72396623e-03 3.50348058e+00 5.51796660e-02 8.22688972e-04 6.16484809e-03
1302             3.19144007e+00 3.54794234e-03 3.50964408e+00 3.13624348e+00 2.72396623e-03 3.50348058e+00 5.51965928e-02 8.23976113e-04 6.16349578e-03
1303             3.19142032e+00 3.54628752e-03 3.50975616e+00 3.13623915e+00 2.72341613e-03 3.50359118e+00 5.51811734e-02 8.22871388e-04 6.16498167e-03
1304             3.19143806e+00 3.54735916e-03 3.50975454e+00 3.13623915e+00 2.72341613e-03 3.50359118e+00 5.51989100e-02 8.23943025e-04 6.16336006e-03
1305             3.19141755e+00 3.54550179e-03 3.50987869e+00 3.13623441e+00 2.72270774e-03 3.50371393e+00 5.51831352e-02 8.22794054e-04 6.16476252e-03
1306             3.19143513e+00 3.54658957e-03 3.50987757e+00 3.13623441e+00 2.72270774e-03 3.50371393e+00 5.52007247e-02 8.23881830e-04 6.16364286e-03
1307             3.19141519e+00 3.54473613e-03 3.50998610e+00 3.13623064e+00 2.72212095e-03 3.50382091e+00 5.51845535e-02 8.22615182e-04 6.16519236e-03
1308             3.19143273e+00 3.54581418e-03 3.50998424e+00 3.13623064e+00 2.72212095e-03 3.50382091e+00 5.52020933e-02 8.23693235e-04 6.16332820e-03
1309             3.19141504e+00 3.54422316e-03 3.50998635e+00 3.13623064e+00 2.72212095e-03 3.50382091e+00 5.51844006e-02 8.22102217e-04 6.16544440e-03
1310             3.19142736e+00 3.54489428e-03 3.51009054e+00 3.13622679e+00 2.72166138e-03 3.50392665e+00 5.52005739e-02 8.23232904e-04 6.16389268e-03
1311             3.19140965e+00 3.54350805e-03 3.51009203e+00 3.13622679e+00 2.72166138e-03 3.50392665e+00 5.51828634e-02 8.21846669e-04 6.16538080e-03
1312             3.19142547e+00 3.54428148e-03 3.51016209e+00 3.13622693e+00 2.72136080e-03 3.50399861e+00 5.51985385e-02 8.22920672e-04 6.16347672e-03
1313             3.19140718e+00 3.54300655e-03 3.51016375e+00 3.13622693e+00 2.72136080e-03 3.50399861e+00 5.51802560e-02 8.21645742e-04 6.16513568e-03
1314             3.19142926e+00 3.54428818e-03 3.51022327e+00 3.13623196e+00 2.72124978e-03 3.50405957e+00 5.51973053e-02 8.23038397e-04 6.16369713e-03
1315             3.19141126e+00 3.54291782e-03 3.51022488e+00 3.13623196e+00 2.72124978e-03 3.50405957e+00 5.51792998e-02 8.21668044e-04 6.16530114e-03
1316             3.19142942e+00 3.54436353e-03 3.51022273e+00 3.13623196e+00 2.72124978e-03 3.50405957e+00 5.51974628e-02 8.23113746e-04 6.16315579e-03
1317             3.19142092e+00 3.54323579e-03 3.51022942e+00 3.13624068e+00 2.72147045e-03 3.50406489e+00 5.51802340e-02 8.21765338e-04 6.16452519e-03
1318             3.19143902e+00 3.54441634e-03 3.51022832e+00 3.13624068e+00 2.72147045e-03 3.50406489e+00 5.51983407e-02 8.22945886e-04 6.16342701e-03
1319             3.19143436e+00 3.54374557e-03 3.51022131e+00 3.13625212e+00 2.72191351e-03 3.50405622e+00 5.51822462e-02 8.21832060e-04 6.16509036e-03
1320             3.19145263e+00 3.54497970e-03 3.51021935e+00 3.13625212e+00 2.72191351e-03 3.50405622e+00 5.52005162e-02 8.23066188e-04 6.16313862e-03
1321             3.19144433e+00 3.54429678e-03 3.51017130e+00 3.13626140e+00 2.72259305e-03 3.50400649e+00 5.51829295e-02 8.21703734e-04 6.16481113e-03
1322             3.19146213e+00 3.54541762e-03 3.51016974e+00 3.13626140e+00 2.72259305e-03 3.50400649e+00 5.52007298e-02 8.22824572e-04 6.16324984e-03
1323             3.19144494e+00 3.54402266e-03 3.51017182e+00 3.13626140e+00 2.72259305e-03 3.50400649e+00 5.51835433e-02 8.21429607e-04 6.16532833e-03
1324             3.19146702e+00 3.54606649e-03 3.51011848e+00 3.13626707e+00 2.72338114e-03 3.50395530e+00 5.51999438e-02 8.22685343e-04 6.16318580e-03
1325             3.19144826e+00 3.54492058e-03 3.51012037e+00 3.13626707e+00 2.72338114e-03 3.50395530e+00 5.51811875e-02 8.21539441e-04 6.16507643e-03
1326             3.19147573e+00 3.54706782e-03 3.51003268e+00 3.13627826e+00 2.72439860e-03 3.50386898e+00 5.51974681e-02 8.22669219e-04 6.16370010e-03
1327             3.19145808e+00 3.54579463e-03 3.51003439e+00 3.13627826e+00 2.72439860e-03 3.50386898e+00 5.51798244e-02 8.21396035e-04 6.16540849e-03
1328             3.19149156e+00 3.54826482e-03 3.50993491e+00 3.13629383e+00 2.72556895e-03 3.50377167e+00 5.51977218e-02 8.22695875e-04 6.16324126e-03
1329             3.19147293e+00 3.54721954e-03 3.50993668e+00 3.13629383e+00 2.72556895e-03 3.50377167e+00 5.51790924e-02 8.21650591e-04 6.16501536e-03
1330             3.19150863e+00 3.54982687e-03 3.50984438e+00 3.13631122e+00 2.72685509e-03 3.50368063e+00 5.51974040e-02 8.22971787e-04 6.16375510e-03
1331             3.19149151e+00 3.54876271e-03 3.50984608e+00 3.13631122e+00 2.72685509e-03 3.50368063e+00 5.51802831e-02 8.21907620e-04 6.16545655e-03
1332             3.19150989e+00 3.55030228e-03 3.50984380e+00 3.13631122e+00 2.72685509e-03 3.50368063e+00 5.51986633e-02 8.23447196e-04 6.16317177e-03
1333             3.19150916e+00 3.55040827e-03 3.50971156e+00 3.13632715e+00 2.72814272e-03 3.50354686e+00 5.51820072e-02 8.22265550e-04 6.16469845e-03
1334             3.19152769e+00 3.55141168e-03 3.50971021e+00 3.13632715e+00 2.72814272e-03 3.50354686e+00 5.52005382e-02 8.23268959e-04 6.16334823e-03
1335             3.19152518e+00 3.55173420e-03 3.50955505e+00 3.13634078e+00 2.72947683e-03 3.50339038e+00 5.51844073e-02 8.22257370e-04 6.16467025e-03
1336             3.19154326e+00 3.55272190e-03 3.50955327e+00 3.13634078e+00 2.72947683e-03 3.50339038e+00 5.52024843e-02 8.23245072e-04 6.16289932e-03
1337             3.19153606e+00 3.55270694e-03 3.50939175e+00 3.13635049e+00 2.73067194e-03 3.50322696e+00 5.51855747e-02 8.22034995e-04 6.16478898e-03
1338             3.19155376e+00 3.55369898e-03 3.50939009e+00 3.13635049e+00 2.73067194e-03 3.50322696e+00 5.52032757e-02 8.23027039e-04 6.16312658e-03
1339             3.19154576e+00 3.55353761e-03 3.50922498e+00 3.13635868e+00 2.73174669e-03 3.50305996e+00 5.51870808e-02 8.21790920e-04 6.16501858e-03
1340             3.19156324e+00 3.55436630e-03 3.50922276e+00 3.13635868e+00 2.73174669e-03 3.50305996e+00 5.52045512e-02 8.22619603e-04 6.16280292e-03
1341             3.19155274e+00 3.55392080e-03 3.50905687e+00 3.13636527e+00 2.73260229e-03 3.50289234e+00 5.51874669e-02 8.21318505e-04 6.16452429e-03
1342             3.19156936e+00 3.55492924e-03 3.50905551e+00 3.13636527e+00 2.73260229e-03 3.50289234e+00 5.52040879e-02 8.22326942e-04 6.16316547e-03
1343             3.19155384e+00 3.55369697e-03 3.50905760e+00 3.13636527e+00 2.73260229e-03 3.50289234e+00 5.51885709e-02 8.21094675e-04 6.16526063e-03
1344             3.19157352e+00 3.55537676e-03 3.50895216e+00 3.13636938e+00 2.73320655e-03 3.50278871e+00 5.52041449e-02 8.22170216e-04 6.16344618e-03
1345             3.19155659e+00 3.55456505e-03 3.50895396e+00 3.13636938e+00 2.73320655e-03 3.50278871e+00 5.51872130e-02 8.21358502e-04 6.16524386e-03
1346             3.19157747e+00 3.55604158e-03 3.50884972e+00 3.13637395e+00 2.73359333e-03 3.50268600e+00 5.52035199e-02 8.22448257e-04 6.16371545e-03
1347             3.19156115e+00 3.55515545e-03 3.50885171e+00 3.13637395e+00 2.73359333e-03 3.50268600e+00 5.51872003e-02 8.21562124e-04 6.16570739e-03
1348             3.19158341e+00 3.55642044e-03 3.50876509e+00 3.13637938e+00 2.73372463e-03 3.50260152e+00 5.52040303e-02 8.22695813e-04 6.16356850e-03
1349             3.19156581e+00 3.55553281e-03 3.50876673e+00 3.13637938e+00 2.73372463e-03 3.50260152e+00 5.51864307e-02 8.21808182e-04 6.16520671e-03
1350             3.19158386e+00 3.55642970e-03 3.50870075e+00 3.13638045e+00 2.73357569e-03 3.50253690e+00 5.52034018e-02 8.22854015e-04 6.16384998e-03
1351             3.19156737e+00 3.55559434e-03 3.50870215e+00 3.13638045e+00 2.73357569e-03 3.50253690e+00 5.51869192e-02 8.22018647e-04 6.16525200e-03
1352             3.19158223e+00 3.55633785e-03 3.50866119e+00 3.13637766e+00 2.73316851e-03 3.50249770e+00 5.52045665e-02 8.23169343e-04 6.16349431e-03
1353             3.19155944e+00 3.55515651e-03 3.50861705e+00 3.13637146e+00 2.73265223e-03 3.50245189e+00 5.51879815e-02 8.22504278e-04 6.16515931e-03
1354             3.19157786e+00 3.55591303e-03 3.50861596e+00 3.13637146e+00 2.73265223e-03 3.50245189e+00 5.52064003e-02 8.23260802e-04 6.16406843e-03
1355             3.19155478e+00 3.55432746e-03 3.50857304e+00 3.13636441e+00 2.73186912e-03 3.50240795e+00 5.51903734e-02 8.22458340e-04 6.16509451e-03
1356             3.19157237e+00 3.55525633e-03 3.50857129e+00 3.13636441e+00 2.73186912e-03 3.50240795e+00 5.52079640e-02 8.23387216e-04 6.16334738e-03
1357             3.19154334e+00 3.55332330e-03 3.50854708e+00 3.13635231e+00 2.73090635e-03 3.50238212e+00 5.51910277e-02 8.22416945e-04 6.16495869e-03
1358             3.19156072e+00 3.55422366e-03 3.50854571e+00 3.13635231e+00 2.73090635e-03 3.50238212e+00 5.52084070e-02 8.23317310e-04 6.16358880e-03
1359             3.19153112e+00 3.55211869e-03 3.50853534e+00 3.13633915e+00 2.72984531e-03 3.50237002e+00 5.51919693e-02 8.22273375e-04 6.16532156e-03
1360             3.19154759e+00 3.55297349e-03 3.50853341e+00 3.13633915e+00 2.72984531e-03 3.50237002e+00 5.52084427e-02 8.23128176e-04 6.16339187e-03
1361             3.19153058e+00 3.55190101e-03 3.50853523e+00 3.13633915e+00 2.72984531e-03 3.50237002e+00 5.51914290e-02 8.22055695e-04 6.16521130e-03
1362             3.19153314e+00 3.55163632e-03 3.50857214e+00 3.13632678e+00 2.72863413e-03 3.50240813e+00 5.52063667e-02 8.23002192e-04 6.16401082e-03
1363             3.19151681e+00 3.55081284e-03 3.50857410e+00 3.13632678e+00 2.72863413e-03 3.50240813e+00 5.51900359e-02 8.22178709e-04 6.16596865e-03
1364             3.19152059e+00 3.55051458e-03 3.50864016e+00 3.13631505e+00 2.72742849e-03 3.50247603e+00 5.52055339e-02 8.23086090e-04 6.16413195e-03
1365             3.19150346e+00 3.54964094e-03 3.50864194e+00 3.13631505e+00 2.72742849e-03 3.50247603e+00 5.51884045e-02 8.22212450e-04 6.16590341e-03
1366             3.19151093e+00 3.54938561e-03 3.50873852e+00 3.13630640e+00 2.72620134e-03 3.50257400e+00 5.52045362e-02 8.23184269e-04 6.16452100e-03
1367             3.19149390e+00 3.54845441e-03 3.50873996e+00 3.13630640e+00 2.72620134e-03 3.50257400e+00 5.51875071e-02 8.22253071e-04 6.16595793e-03
1368             3.19150138e+00 3.54841622e-03 3.50884915e+00 3.13629695e+00 2.72505662e-03 3.50268496e+00 5.52044304e-02 8.23359604e-04 6.16419541e-03
1369             3.19148391e+00 3.54753997e-03 3.50885075e+00 3.13629695e+00 2.72505662e-03 3.50268496e+00 5.51869620e-02 8.22483348e-04 6.16579395e-03
1370             3.19150128e+00 3.54867309e-03 3.50884925e+00 3.13629695e+00 2.72505662e-03 3.50268496e+00 5.52043297e-02 8.23616473e-04 6.16429397e-03
1371             3.19147996e+00 3.54661558e-03 3.50891808e+00 3.13629107e+00 2.72406662e-03 3.50275254e+00 5.51888916e-02 8.22548956e-04 6.16554471e-03
1372             3.19149684e+00 3.54740569e-03 3.50891647e+00 3.13629107e+00 2.72406662e-03 3.50275254e+00 5.52057726e-02 8.23339072e-04 6.16393694e-03
1373             3.19147158e+00 3.54568421e-03 3.50901796e+00 3.13628230e+00 2.72317682e-03 3.50285281e+00 5.51892841e-02 8.22507396e-04 6.16515166e-03
1374             3.19148839e+00 3.54657350e-03 3.50901652e+00 3.13628230e+00 2.72317682e-03 3.50285281e+00 5.52060878e-02 8.23396679e-04 6.16371358e-03
1375             3.19146031e+00 3.54481805e-03 3.50910674e+00 3.13627043e+00 2.72240852e-03 3.50294135e+00 5.51898829e-02 8.22409522e-04 6.16539524e-03
1376             3.19147664e+00 3.54577745e-03 3.50910466e+00 3.13627043e+00 2.72240852e-03 3.50294135e+00 5.52062110e-02 8.23368924e-04 6.16331205e-03
1377             3.19144924e+00 3.54403074e-03 3.50919136e+00 3.13625998e+00 2.72178075e-03 3.50302638e+00 5.51892606e-02 8.22249996e-04 6.16498098e-03
1378             3.19146528e+00 3.54488880e-03 3.50918985e+00 3.13625998e+00 2.72178075e-03 3.50302638e+00 5.52052945e-02 8.23108054e-04 6.16347468e-03
1379             3.19144895e+00 3.54366642e-03 3.50919190e+00 3.13625998e+00 2.72178075e-03 3.50302638e+00 5.51889714e-02 8.21885671e-04 6.16552596e-03
1380             3.19145394e+00 3.54422591e-03 3.50928921e+00 3.13624940e+00 2.72134867e-03 3.50312561e+00 5.52045395e-02 8.22877239e-04 6.16359684e-03
1381             3.19143613e+00 3.54326714e-03 3.50929083e+00 3.13624940e+00 2.72134867e-03 3.50312561e+00 5.51867350e-02 8.21918474e-04 6.16521590e-03
1382             3.19144834e+00 3.54392468e-03 3.50941394e+00 3.13624550e+00 2.72107462e-03 3.50324990e+00 5.52028355e-02 8.22850063e-04 6.16404578e-03
1383             3.19143084e+00 3.54289627e-03 3.50941544e+00 3.13624550e+00 2.72107462e-03 3.50324990e+00 5.51853444e-02 8.21821658e-04 6.16554149e-03
1384             3.19144772e+00 3.54401563e-03 3.50953397e+00 3.13624549e+00 2.72105471e-03 3.50337017e+00 5.52022268e-02 8.22960919e-04 6.16379434e-03
1385             3.19142936e+00 3.54300247e-03 3.50953560e+00 3.13624549e+00 2.72105471e-03 3.50337017e+00 5.51838720e-02 8.21947754e-04 6.16542187e-03
1386             3.19144956e+00 3.54453417e-03 3.50965510e+00 3.13624823e+00 2.72121870e-03 3.50349091e+00 5.52013364e-02 8.23315468e-04 6.16419287e-03
1387             3.19143214e+00 3.54329910e-03 3.50965653e+00 3.13624823e+00 2.72121870e-03 3.50349091e+00 5.51839118e-02 8.22080393e-04 6.16562403e-03
1388             3.19145345e+00 3.54507065e-03 3.50976803e+00 3.13625108e+00 2.72157704e-03 3.50360452e+00 5.52023666e-02 8.23493616e-04 6.16350655e-03
1389             3.19144025e+00 3.54464531e-03 3.50979247e+00 3.13625567e+00 2.72208451e-03 3.50362747e+00 5.51845838e-02 8.22560795e-04 6.16499110e-03
1390             3.19145872e+00 3.54565721e-03 3.50979157e+00 3.13625567e+00 2.72208451e-03 3.50362747e+00 5.52030509e-02 8.23572698e-04 6.16409922e-03
1391             3.19144794e+00 3.54526445e-03 3.50983981e+00 3.13626143e+00 2.72280739e-03 3.50367433e+00 5.51865156e-02 8.22457067e-04 6.16547784e-03
1392             3.19146538e+00 3.54637119e-03 3.50983760e+00 3.13626143e+00 2.72280739e-03 3.50367433e+00 5.52039513e-02 8.23563802e-04 6.16327014e-03
1393             3.19145089e+00 3.54594905e-03 3.50986475e+00 3.13626432e+00 2.72360881e-03 3.50370005e+00 5.51865681e-02 8.22340239e-04 6.16470369e-03
1394             3.19146750e+00 3.54706886e-03 3.50986339e+00 3.13626432e+00 2.72360881e-03 3.50370005e+00 5.52031760e-02 8.23460046e-04 6.16334306e-03
1395             3.19145086e+00 3.54577891e-03 3.50986568e+00 3.13626432e+00 2.72360881e-03 3.50370005e+00 5.51865380e-02 8.22170098e-04 6.16563414e-03
1396             3.19146741e+00 3.54708140e-03 3.50986292e+00 3.13626432e+00 2.72360881e-03 3.50370005e+00 5.52030925e-02 8.23472591e-04 6.16286697e-03
1397             3.19145030e+00 3.54554009e-03 3.50986455e+00 3.13626432e+00 2.72360881e-03 3.50370005e+00 5.51859773e-02 8.21931275e-04 6.16450271e-03
1398             3.19146530e+00 3.54690828e-03 3.50986332e+00 3.13626432e+00 2.72360881e-03 3.50370005e+00 5.52009768e-02 8.23299469e-04 6.16326795e-03
1399             3.19144992e+00 3.54519747e-03 3.50986519e+00 3.13626432e+00 2.72360881e-03 3.50370005e+00 5.51855962e-02 8.21588657e-04 6.16514015e-03
1400             3.19146546e+00 3.54652147e-03 3.50986303e+00 3.13626432e+00 2.72360881e-03 3.50370005e+00 5.52011449e-02 8.22912663e-04 6.16298251e-03
1401             3.19144904e+00 3.54470512e-03 3.50986509e+00 3.13626432e+00 2.72360881e-03 3.50370005e+00 5.51847213e-02 8.21096306e-04 6.16504185e-03
1402             3.19146425e+00 3.54616492e-03 3.50986360e+00 3.13626432e+00 2.72360881e-03 3.50370005e+00 5.51999279e-02 8.22556112e-04 6.16355003e-03
1403             3.19144974e+00 3.54443912e-03 3.50986511e+00 3.13626432e+00 2.72360881e-03 3.50370005e+00 5.51854243e-02 8.20830304e-04 6.16506356e-03
1404             3.19146949e+00 3.54701449e-03 3.50993648e+00 3.13626908e+00 2.72475316e-03 3.50377293e+00 5.52004111e-02 8.22261332e-04 6.16355251e-03
1405             3.19145303e+00 3.54561496e-03 3.50993813e+00 3.13626908e+00 2.72475316e-03 3.50377293e+00 5.51839516e-02 8.20861796e-04 6.16520399e-03
1406             3.19148119e+00 3.54869504e-03 3.50997614e+00 3.13628179e+00 2.72590280e-03 3.50381186e+00 5.51994029e-02 8.22792237e-04 6.16427825e-03
1407             3.19146575e+00 3.54711408e-03 3.50997791e+00 3.13628179e+00 2.72590280e-03 3.50381186e+00 5.51839627e-02 8.21211282e-04 6.16604662e-03
1408             3.19149336e+00 3.55024839e-03 3.50998873e+00 3.13629379e+00 2.72702323e-03 3.50382487e+00 5.51995719e-02 8.23225154e-04 6.16385814e-03
1409             3.19147697e+00 3.54852200e-03 3.50998997e+00 3.13629379e+00 2.72702323e-03 3.50382487e+00 5.51831815e-02 8.21498772e-04 6.16509884e-03
1410             3.19149226e+00 3.55076604e-03 3.50998866e+00 3.13629379e+00 2.72702323e-03 3.50382487e+00 5.51984709e-02 8.23742808e-04 6.16378314e-03
1411             3.19149060e+00 3.55012991e-03 3.50997048e+00 3.13630587e+00 2.72827759e-03 3.50380538e+00 5.51847340e-02 8.21852321e-04 6.16509514e-03
1412             3.19150580e+00 3.55216962e-03 3.50996861e+00 3.13630587e+00 2.72827759e-03 3.50380538e+00 5.51999318e-02 8.23892036e-04 6.16322745e-03
1413             3.19150107e+00 3.55126391e-03 3.50991440e+00 3.13631466e+00 2.72930735e-03 3.50375017e+00 5.51864138e-02 8.21956564e-04 6.16422661e-03
1414             3.19151541e+00 3.55356250e-03 3.50991276e+00 3.13631466e+00 2.72930735e-03 3.50375017e+00 5.52007497e-02 8.24255153e-04 6.16258687e-03
1415             3.19150772e+00 3.55233127e-03 3.50983641e+00 3.13632044e+00 2.73016817e-03 3.50367217e+00 5.51872774e-02 8.22163095e-04 6.16423790e-03
1416             3.19152136e+00 3.55459601e-03 3.50983444e+00 3.13632044e+00 2.73016817e-03 3.50367217e+00 5.52009187e-02 8.24427839e-04 6.16226424e-03
1417             3.19151234e+00 3.55281478e-03 3.50975127e+00 3.13632531e+00 2.73072329e-03 3.50358687e+00 5.51870268e-02 8.22091491e-04 6.16439349e-03
1418             3.19152633e+00 3.55524128e-03 3.50974929e+00 3.13632531e+00 2.73072329e-03 3.50358687e+00 5.52010225e-02 8.24517999e-04 6.16241472e-03
1419             3.19151243e+00 3.55252415e-03 3.50975104e+00 3.13632531e+00 2.73072329e-03 3.50358687e+00 5.51871213e-02 8.21800863e-04 6.16416266e-03
1420             3.19152847e+00 3.55528731e-03 3.50971420e+00 3.13632859e+00 2.73110092e-03 3.50355170e+00 5.51998759e-02 8.24186391e-04 6.16250007e-03
1421             3.19151407e+00 3.55286091e-03 3.50971651e+00 3.13632859e+00 2.73110092e-03 3.50355170e+00 5.51854816e-02 8.21759990e-04 6.16480774e-03
1422             3.19153376e+00 3.55528853e-03 3.50964782e+00 3.13633526e+00 2.73137670e-03 3.50348407e+00 5.51984998e-02 8.23911829e-04 6.16375301e-03
1423             3.19152045e+00 3.55274638e-03 3.50964994e+00 3.13633526e+00 2.73137670e-03 3.50348407e+00 5.51851874e-02 8.21369677e-04 6.16586806e-03
1424             3.19154557e+00 3.55539971e-03 3.50956876e+00 3.13634659e+00 2.73153368e-03 3.50340519e+00 5.51989870e-02 8.23866027e-04 6.16356830e-03
1425             3.19153055e+00 3.55282745e-03 3.50957047e+00 3.13634659e+00 2.73153368e-03 3.50340519e+00 5.51839636e-02 8.21293768e-04 6.16528360e-03
1426             3.19154399e+00 3.55549960e-03 3.50956871e+00 3.13634659e+00 2.73153368e-03 3.50340519e+00 5.51974060e-02 8.23965920e-04 6.16351970e-03
1427             3.19154539e+00 3.55291657e-03 3.50947782e+00 3.13636091e+00 2.73154712e-03 3.50331254e+00 5.51844805e-02 8.21369451e-04 6.16528003e-03
1428             3.19156036e+00 3.55552019e-03 3.50947521e+00 3.13636091e+00 2.73154712e-03 3.50331254e+00 5.51994533e-02 8.23973077e-04 6.16266964e-03
1429             3.19155619e+00 3.55301310e-03 3.50936822e+00 3.13637036e+00 2.73143836e-03 3.50320371e+00 5.51858371e-02 8.21574736e-04 6.16451445e-03
1430             3.19157155e+00 3.55573745e-03 3.50936683e+00 3.13637036e+00 2.73143836e-03 3.50320371e+00 5.52011923e-02 8.24299087e-04 6.16312146e-03
1431             3.19156534e+00 3.55287034e-03 3.50925562e+00 3.13637743e+00 2.73115608e-03 3.50309025e+00 5.51879065e-02 8.21714257e-04 6.16536915e-03
1432             3.19158018e+00 3.55545831e-03 3.50925299e+00 3.13637743e+00 2.73115608e-03 3.50309025e+00 5.52027478e-02 8.24302224e-04 6.16273738e-03
1433             3.19156576e+00 3.55261382e-03 3.50925566e+00 3.13637743e+00 2.73115608e-03 3.50309025e+00 5.51883262e-02 8.21457736e-04 6.16540723e-03
1434             3.19157928e+00 3.55459214e-03 3.50915574e+00 3.13637795e+00 2.73072424e-03 3.50299252e+00 5.52013238e-02 8.23867902e-04 6.16321981e-03
1435             3.19156451e+00 3.55196573e-03 3.50915823e+00 3.13637795e+00 2.73072424e-03 3.50299252e+00 5.51865594e-02 8.21241487e-04 6.16571317e-03
1436             3.19157408e+00 3.55377957e-03 3.50902786e+00 3.13637382e+00 2.73024148e-03 3.50286513e+00 5.52002621e-02 8.23538085e-04 6.16273253e-03
1437             3.19155810e+00 3.55142019e-03 3.50903062e+00 3.13637382e+00 2.73024148e-03 3.50286513e+00 5.51842832e-02 8.21178712e-04 6.16549325e-03
1438             3.19157111e+00 3.55320821e-03 3.50892314e+00 3.13637229e+00 2.72975777e-03 3.50275957e+00 5.51988236e-02 8.23450436e-04 6.16356339e-03
1439             3.19155632e+00 3.55084164e-03 3.50892554e+00 3.13637229e+00 2.72975777e-03 3.50275957e+00 5.51840337e-02 8.21083863e-04 6.16596377e-03
1440             3.19156744e+00 3.55280309e-03 3.50883436e+00 3.13636848e+00 2.72922557e-03 3.50267111e+00 5.51989575e-02 8.23577515e-04 6.16324966e-03
1441             3.19155195e+00 3.55068403e-03 3.50883683e+00 3.13636848e+00 2.72922557e-03 3.50267111e+00 5.51834718e-02 8.21458459e-04 6.16571648e-03
1442             3.19156819e+00 3.55313429e-03 3.50883498e+00 3.13636848e+00 2.72922557e-03 3.50267111e+00 5.51997044e-02 8.23908712e-04 6.16387001e-03
1443             3.19155455e+00 3.55041996e-03 3.50873066e+00 3.13636909e+00 2.72870112e-03 3.50256473e+00 5.51854530e-02 8.21718833e-04 6.16593044e-03
1444             3.19157126e+00 3.55260440e-03 3.50872795e+00 3.13636909e+00 2.72870112e-03 3.50256473e+00 5.52021671e-02 8.23903280e-04 6.16321595e-03
1445             3.19155081e+00 3.54996869e-03 3.50864799e+00 3.13636411e+00 2.72812064e-03 3.50248253e+00 5.51866955e-02 8.21848053e-04 6.16546207e-03
1446             3.19156670e+00 3.55215976e-03 3.50864630e+00 3.13636411e+00 2.72812064e-03 3.50248253e+00 5.52025943e-02 8.24039125e-04 6.16377221e-03
1447             3.19154297e+00 3.54930261e-03 3.50857420e+00 3.13635518e+00 2.72747977e-03 3.50240838e+00 5.51877920e-02 8.21822842e-04 6.16582199e-03
1448             3.19155866e+00 3.55140283e-03 3.50857160e+00 3.13635518e+00 2.72747977e-03 3.50240838e+00 5.52034849e-02 8.23923057e-04 6.16322051e-03
1449             3.19153172e+00 3.54841333e-03 3.50851404e+00 3.13634376e+00 2.72680163e-03 3.50234825e+00 5.51879628e-02 8.21611693e-04 6.16579080e-03
1450             3.19154687e+00 3.55046602e-03 3.50851183e+00 3.13634376e+00 2.72680163e-03 3.50234825e+00 5.52031108e-02 8.23664389e-04 6.16358278e-03
1451             3.19152063e+00 3.54744791e-03 3.50847182e+00 3.13633191e+00 2.72614608e-03 3.50230618e+00 5.51887230e-02 8.21301834e-04 6.16564087e-03
1452             3.19153506e+00 3.54948709e-03 3.50846899e+00 3.13633191e+00 2.72614608e-03 3.50230618e+00 5.52031501e-02 8.23341009e-04 6.16281505e-03
1453             3.19151969e+00 3.54720101e-03 3.50847156e+00 3.13633191e+00 2.72614608e-03 3.50230618e+00 5.51877835e-02 8.21054931e-04 6.16538778e-03
1454             3.19152149e+00 3.54843870e-03 3.50846926e+00 3.13632040e+00 2.72543738e-03 3.50230540e+00 5.52010932e-02 8.23001319e-04 6.16385654e-03
1455             3.19150748e+00 3.54657758e-03 3.50847173e+00 3.13632040e+00 2.72543738e-03 3.50230540e+00 5.51870873e-02 8.21140198e-04 6.16632389e-03
1456             3.19150673e+00 3.54773126e-03 3.50851350e+00 3.13630637e+00 2.72478682e-03 3.50234989e+00 5.52003582e-02 8.22944439e-04 6.16361007e-03
1457             3.19149085e+00 3.54571895e-03 3.50851564e+00 3.13630637e+00 2.72478682e-03 3.50234989e+00 5.51844845e-02 8.20932124e-04 6.16575201e-03
1458             3.19149188e+00 3.54716856e-03 3.50858788e+00 3.13629315e+00 2.72417869e-03 3.50242372e+00 5.51987338e-02 8.22989874e-04 6.16415741e-03
1459             3.19147664e+00 3.54510998e-03 3.50858974e+00 3.13629315e+00 2.72417869e-03 3.50242372e+00 5.51834940e-02 8.20931290e-04 6.16602437e-03
1460             3.19147752e+00 3.54669241e-03 3.50868698e+00 3.13627927e+00 2.72363680e-03 3.50252346e+00 5.51982530e-02 8.23055610e-04 6.16351771e-03
1461             3.19146169e+00 3.54491591e-03 3.50868913e+00 3.13627927e+00 2.72363680e-03 3.50252346e+00 5.51824205e-02 8.21279111e-04 6.16567332e-03
1462             3.19146255e+00 3.54651465e-03 3.50882474e+00 3.13626521e+00 2.72316209e-03 3.50266048e+00 5.51973424e-02 8.23352553e-04 6.16425862e-03
1463             3.19144788e+00 3.54460138e-03 3.50882635e+00 3.13626521e+00 2.72316209e-03 3.50266048e+00 5.51826704e-02 8.21439288e-04 6.16586515e-03
1464             3.19146319e+00 3.54691837e-03 3.50882416e+00 3.13626521e+00 2.72316209e-03 3.50266048e+00 5.51979797e-02 8.23756273e-04 6.16367194e-03
1465             3.19143563e+00 3.54470986e-03 3.50891122e+00 3.13625249e+00 2.72283487e-03 3.50274577e+00 5.51831419e-02 8.21874992e-04 6.16544206e-03
1466             3.19145033e+00 3.54668627e-03 3.50890956e+00 3.13625249e+00 2.72283487e-03 3.50274577e+00 5.51978417e-02 8.23851398e-04 6.16378920e-03
1467             3.19142371e+00 3.54461326e-03 3.50904858e+00 3.13624007e+00 2.72258292e-03 3.50288322e+00 5.51836466e-02 8.22030334e-04 6.16535603e-03
1468             3.19143789e+00 3.54653169e-03 3.50904597e+00 3.13624007e+00 2.72258292e-03 3.50288322e+00 5.51978283e-02 8.23948770e-04 6.16275193e-03
1469             3.19140828e+00 3.54441062e-03 3.50919495e+00 3.13622497e+00 2.72242725e-03 3.50303006e+00 5.51833035e-02 8.21983370e-04 6.16488752e-03
1470             3.19142215e+00 3.54624458e-03 3.50919323e+00 3.13622497e+00 2.72242725e-03 3.50303006e+00 5.51971751e-02 8.23817333e-04 6.16316092e-03
1471             3.19139785e+00 3.54427653e-03 3.50935888e+00 3.13621429e+00 2.72240836e-03 3.50319352e+00 5.51835579e-02 8.21868164e-04 6.16535952e-03
1472             3.19141138e+00 3.54618078e-03 3.50935660e+00 3.13621429e+00 2.72240836e-03 3.50319352e+00 5.51970879e-02 8.23772416e-04 6.16307304e-03
1473             3.19139046e+00 3.54423171e-03 3.50952874e+00 3.13620752e+00 2.72252705e-03 3.50336347e+00 5.51829332e-02 8.21704652e-04 6.16527110e-03
1474             3.19140064e+00 3.54620182e-03 3.50966174e+00 3.13620468e+00 2.72273260e-03 3.50349842e+00 5.51959618e-02 8.23469220e-04 6.16331307e-03
1475             3.19138473e+00 3.54417751e-03 3.50966357e+00 3.13620468e+00 2.72273260e-03 3.50349842e+00 5.51800529e-02 8.21444902e-04 6.16514902e-03
1476             3.19139534e+00 3.54659795e-03 3.50983616e+00 3.13620128e+00 2.72308754e-03 3.50367326e+00 5.51940609e-02 8.23510413e-04 6.16289180e-03
1477             3.19137906e+00 3.54436533e-03 3.50983829e+00 3.13620128e+00 2.72308754e-03 3.50367326e+00 5.51777800e-02 8.21277792e-04 6.16502699e-03
1478             3.19139746e+00 3.54707795e-03 3.51000873e+00 3.13620488e+00 2.72358147e-03 3.50384530e+00 5.51925812e-02 8.23496482e-04 6.16342255e-03
1479             3.19138230e+00 3.54479379e-03 3.51001056e+00 3.13620488e+00 2.72358147e-03 3.50384530e+00 5.51774226e-02 8.21212320e-04 6.16525857e-03
1480             3.19139731e+00 3.54730088e-03 3.51000787e+00 3.13620488e+00 2.72358147e-03 3.50384530e+00 5.51924384e-02 8.23719406e-04 6.16256410e-03
1481             3.19138176e+00 3.54474030e-03 3.51001018e+00 3.13620488e+00 2.72358147e-03 3.50384530e+00 5.51768844e-02 8.21158828e-04 6.16487035e-03
1482             3.19139635e+00 3.54732356e-03 3.51000834e+00 3.13620488e+00 2.72358147e-03 3.50384530e+00 5.51914694e-02 8.23742090e-04 6.16303401e-03
1483             3.19138264e+00 3.54496706e-03 3.51001043e+00 3.13620488e+00 2.72358147e-03 3.50384530e+00 5.51777597e-02 8.21385587e-04 6.16512565e-03
1484             3.19139675e+00 3.54756711e-03 3.51000783e+00 3.13620488e+00 2.72358147e-03 3.50384530e+00 5.51918778e-02 8.23985644e-04 6.16252429e-03
1485             3.19138250e+00 3.54526156e-03 3.51001004e+00 3.13620488e+00 2.72358147e-03 3.50384530e+00 5.51776192e-02 8.21680089e-04 6.16473724e-03
1486             3.19139674e+00 3.54805135e-03 3.51000806e+00 3.13620488e+00 2.72358147e-03 3.50384530e+00 5.51918652e-02 8.24469878e-04 6.16275037e-03
1487             3.19138334e+00 3.54598355e-03 3.51001029e+00 3.13620488e+00 2.72358147e-03 3.50384530e+00 5.51784666e-02 8.22402080e-04 6.16498847e-03
1488             3.19139734e+00 3.54872862e-03 3.51000775e+00 3.13620488e+00 2.72358147e-03 3.50384530e+00 5.51924604e-02 8.25147152e-04 6.16244628e-03
1489             3.19138591e+00 3.54750017e-03 3.51019934e+00 3.13620628e+00 2.72427909e-03 3.50403494e+00 5.51796301e-02 8.23221081e-04 6.16439520e-03
1490             3.19139950e+00 3.54944044e-03 3.51019737e+00 3.13620628e+00 2.72427909e-03 3.50403494e+00 5.51932232e-02 8.25161351e-04 6.16243051e-03
1491             3.19139260e+00 3.54763174e-03 3.51032496e+00 3.13621190e+00 2.72467843e-03 3.50416055e+00 5.51806961e-02 8.22953307e-04 6.16440548e-03
1492             3.19140633e+00 3.54960595e-03 3.51032220e+00 3.13621190e+00 2.72467843e-03 3.50416055e+00 5.51944282e-02 8.24927514e-04 6.16165042e-03
1493             3.19140058e+00 3.54793130e-03 3.51040372e+00 3.13621970e+00 2.72526977e-03 3.50423924e+00 5.51808826e-02 8.22661526e-04 6.16448631e-03
1494             3.19141420e+00 3.54975907e-03 3.51040178e+00 3.13621970e+00 2.72526977e-03 3.50423924e+00 5.51945056e-02 8.24489297e-04 6.16254076e-03
1495             3.19140061e+00 3.54745049e-03 3.51040388e+00 3.13621970e+00 2.72526977e-03 3.50423924e+00 5.51809122e-02 8.22180717e-04 6.16464562e-03
1496             3.19142416e+00 3.54987799e-03 3.51050412e+00 3.13623082e+00 2.72589100e-03 3.50434185e+00 5.51933339e-02 8.23986984e-04 6.16226990e-03
1497             3.19140972e+00 3.54800675e-03 3.51050654e+00 3.13623082e+00 2.72589100e-03 3.50434185e+00 5.51788995e-02 8.22115747e-04 6.16469488e-03
1498             3.19144422e+00 3.55067036e-03 3.51052747e+00 3.13625181e+00 2.72678755e-03 3.50436468e+00 5.51924005e-02 8.23882814e-04 6.16279637e-03
1499             3.19143033e+00 3.54875062e-03 3.51052976e+00 3.13625181e+00 2.72678755e-03 3.50436468e+00 5.51785173e-02 8.21963071e-04 6.16508520e-03
1500             3.19147079e+00 3.55151886e-03 3.51051048e+00 3.13627833e+00 2.72772562e-03 3.50434787e+00 5.51924601e-02 8.23793243e-04 6.16261200e-03
1501             3.19145676e+00 3.54986496e-03 3.51051276e+00 3.13627833e+00 2.72772562e-03 3.50434787e+00 5.51784380e-02 8.22139346e-04 6.16488384e-03
1502             3.19149848e+00 3.55264715e-03 3.51045907e+00 3.13630551e+00 2.72869556e-03 3.50429598e+00 5.51929657e-02 8.23951591e-04 6.16308950e-03
1503             3.19148521e+00 3.55089471e-03 3.51046135e+00 3.13630551e+00 2.72869556e-03 3.50429598e+00 5.51796976e-02 8.22199149e-04 6.16537124e-03
1504             3.19149920e+00 3.55285309e-03 3.51045872e+00 3.13630551e+00 2.72869556e-03 3.50429598e+00 5.51936854e-02 8.24157529e-04 6.16274095e-03
1505             3.19150922e+00 3.55213398e-03 3.51035383e+00 3.13632850e+00 2.72970282e-03 3.50418938e+00 5.51807147e-02 8.22431160e-04 6.16444835e-03
1506             3.19152396e+00 3.55387857e-03 3.51035198e+00 3.13632850e+00 2.72970282e-03 3.50418938e+00 5.51954532e-02 8.24175752e-04 6.16260387e-03
1507             3.19153196e+00 3.55315022e-03 3.51017666e+00 3.13634926e+00 2.73058893e-03 3.50401219e+00 5.51827041e-02 8.22561294e-04 6.16446958e-03
1508             3.19154718e+00 3.55495228e-03 3.51017449e+00 3.13634926e+00 2.73058893e-03 3.50401219e+00 5.51979153e-02 8.24363352e-04 6.16229361e-03
1509             3.19155226e+00 3.55393918e-03 3.50995968e+00 3.13636781e+00 2.73130085e-03 3.50379492e+00 5.51844436e-02 8.22638330e-04 6.16475721e-03
1510             3.19156687e+00 3.55565663e-03 3.50995790e+00 3.13636781e+00 2.73130085e-03 3.50379492e+00 5.51990608e-02 8.24355784e-04 6.16298309e-03
1511             3.19155399e+00 3.55383524e-03 3.50996006e+00 3.13636781e+00 2.73130085e-03 3.50379492e+00 5.51861787e-02 8.22534386e-04 6.16514237e-03
1512             3.19156689e+00 3.55593551e-03 3.50995723e+00 3.13636781e+00 2.73130085e-03 3.50379492e+00 5.51990732e-02 8.24634658e-04 6.16230580e-03
1513             3.19155370e+00 3.55383893e-03 3.50995981e+00 3.13636781e+00 2.73130085e-03 3.50379492e+00 5.51858898e-02 8.22538083e-04 6.16488640e-03
1514             3.19156650e+00 3.55571402e-03 3.50995768e+00 3.13636781e+00 2.73130085e-03 3.50379492e+00 5.51986850e-02 8.24413170e-04 6.16276187e-03
1515             3.19155402e+00 3.55368953e-03 3.50995969e+00 3.13636781e+00 2.73130085e-03 3.50379492e+00 5.51862115e-02 8.22388677e-04 6.16477101e-03
1516             3.19157857e+00 3.55578430e-03 3.50976018e+00 3.13638076e+00 2.73176931e-03 3.50359752e+00 5.51978068e-02 8.24014988e-04 6.16265917e-03
1517             3.19156485e+00 3.55400798e-03 3.50976272e+00 3.13638076e+00 2.73176931e-03 3.50359752e+00 5.51840916e-02 8.22238662e-04 6.16520669e-03
1518             3.19159313e+00 3.55571955e-03 3.50950739e+00 3.13639676e+00 2.73204352e-03 3.50334398e+00 5.51963629e-02 8.23676035e-04 6.16340912e-03
1519             3.19158042e+00 3.55398950e-03 3.50950964e+00 3.13639676e+00 2.73204352e-03 3.50334398e+00 5.51836552e-02 8.21945979e-04 6.16565911e-03
1520             3.19159327e+00 3.55579869e-03 3.50950702e+00 3.13639676e+00 2.73204352e-03 3.50334398e+00 5.51965073e-02 8.23755174e-04 6.16303987e-03
1521             3.19157989e+00 3.55397725e-03 3.50950934e+00 3.13639676e+00 2.73204352e-03 3.50334398e+00 5.51831293e-02 8.21933729e-04 6.16535756e-03
1522             3.19159325e+00 3.55626261e-03 3.50950767e+00 3.13639676e+00 2.73204352e-03 3.50334398e+00 5.51964888e-02 8.24219095e-04 6.16369053e-03
1523             3.19158147e+00 3.55486308e-03 3.50950964e+00 3.13639676e+00 2.73204352e-03 3.50334398e+00 5.51847019e-02 8.22819561e-04 6.16566117e-03
1524             3.19159532e+00 3.55732233e-03 3.50950699e+00 3.13639676e+00 2.73204352e-03 3.50334398e+00 5.51985565e-02 8.25278812e-04 6.16301023e-03
1525             3.19160579e+00 3.55595569e-03 3.50927888e+00 3.13641919e+00 2.73202304e-03 3.50311386e+00 5.51866064e-02 8.23932652e-04 6.16501484e-03
1526             3.19162076e+00 3.55760858e-03 3.50927725e+00 3.13641919e+00 2.73202304e-03 3.50311386e+00 5.52015731e-02 8.25585536e-04 6.16338642e-03
1527             3.19161988e+00 3.55535272e-03 3.50904125e+00 3.13643141e+00 2.73159961e-03 3.50287618e+00 5.51884688e-02 8.23753116e-04 6.16507203e-03
1528             3.19163382e+00 3.55674281e-03 3.50903921e+00 3.13643141e+00 2.73159961e-03 3.50287618e+00 5.52024077e-02 8.25143200e-04 6.16303007e-03
1529             3.19162399e+00 3.55403578e-03 3.50881505e+00 3.13643628e+00 2.73097908e-03 3.50264961e+00 5.51877139e-02 8.23056700e-04 6.16544011e-03
1530             3.19163762e+00 3.55544278e-03 3.50881325e+00 3.13643628e+00 2.73097908e-03 3.50264961e+00 5.52013425e-02 8.24463699e-04 6.16363528e-03
1531             3.19162378e+00 3.55335361e-03 3.50881581e+00 3.13643628e+00 2.73097908e-03 3.50264961e+00 5.51875018e-02 8.22374532e-04 6.16619342e-03
1532             3.19163868e+00 3.55404037e-03 3.50860423e+00 3.13643898e+00 2.73017734e-03 3.50244095e+00 5.51996984e-02 8.23863036e-04 6.16328964e-03
1533             3.19162405e+00 3.55232977e-03 3.50860625e+00 3.13643898e+00 2.73017734e-03 3.50244095e+00 5.51850667e-02 8.22152434e-04 6.16530321e-03
1534             3.19163701e+00 3.55292946e-03 3.50842815e+00 3.13643946e+00 2.72937065e-03 3.50226420e+00 5.51975494e-02 8.23558810e-04 6.16394573e-03
1535             3.19162402e+00 3.55106840e-03 3.50843060e+00 3.13643946e+00 2.72937065e-03 3.50226420e+00 5.51845541e-02 8.21697743e-04 6.16639509e-03
1536             3.19163614e+00 3.55197397e-03 3.50827694e+00 3.13643835e+00 2.72855982e-03 3.50211322e+00 5.51977953e-02 8.23414147e-04 6.16371960e-03
1537             3.19162179e+00 3.55023535e-03 3.50827903e+00 3.13643835e+00 2.72855982e-03 3.50211322e+00 5.51834433e-02 8.21675535e-04 6.16580635e-03
1538             3.19163583e+00 3.55221458e-03 3.50827731e+00 3.13643835e+00 2.72855982e-03 3.50211322e+00 5.51974789e-02 8.23654762e-04 6.16408532e-03
1539             3.19162267e+00 3.54941858e-03 3.50811270e+00 3.13643789e+00 2.72779433e-03 3.50194671e+00 5.51847842e-02 8.21624245e-04 6.16598945e-03
1540             3.19163740e+00 3.55134022e-03 3.50811010e+00 3.13643789e+00 2.72779433e-03 3.50194671e+00 5.51995093e-02 8.23545887e-04 6.16338471e-03
1541             3.19161297e+00 3.54879055e-03 3.50801238e+00 3.13642750e+00 2.72701703e-03 3.50184677e+00 5.51854664e-02 8.21773520e-04 6.16561029e-03
1542             3.19162792e+00 3.55068095e-03 3.50801039e+00 3.13642750e+00 2.72701703e-03 3.50184677e+00 5.52004211e-02 8.23663924e-04 6.16361262e-03
1543             3.19159595e+00 3.54798956e-03 3.50793606e+00 3.13640839e+00 2.72620139e-03 3.50177028e+00 5.51875606e-02 8.21788172e-04 6.16578008e-03
1544             3.19161007e+00 3.54981450e-03 3.50793335e+00 3.13640839e+00 2.72620139e-03 3.50177028e+00 5.52016840e-02 8.23613115e-04 6.16306912e-03
1545             3.19159574e+00 3.54768733e-03 3.50793622e+00 3.13640839e+00 2.72620139e-03 3.50177028e+00 5.51873572e-02 8.21485944e-04 6.16593774e-03
1546             3.19158590e+00 3.54870119e-03 3.50788570e+00 3.13638576e+00 2.72529376e-03 3.50172163e+00 5.52001363e-02 8.23407429e-04 6.16407073e-03
1547             3.19157163e+00 3.54676617e-03 3.50788786e+00 3.13638576e+00 2.72529376e-03 3.50172163e+00 5.51858685e-02 8.21472407e-04 6.16623827e-03
1548             3.19155557e+00 3.54773045e-03 3.50789415e+00 3.13635709e+00 2.72455680e-03 3.50173084e+00 5.51984708e-02 8.23173651e-04 6.16330867e-03
1549             3.19153976e+00 3.54566954e-03 3.50789638e+00 3.13635709e+00 2.72455680e-03 3.50173084e+00 5.51826649e-02 8.21112733e-04 6.16554074e-03
1550             3.19152604e+00 3.54686540e-03 3.50797081e+00 3.13632964e+00 2.72387777e-03 3.50180677e+00 5.51963947e-02 8.22987629e-04 6.16404069e-03
1551             3.19151252e+00 3.54506662e-03 3.50797298e+00 3.13632964e+00 2.72387777e-03 3.50180677e+00 5.51828798e-02 8.21188852e-04 6.16621259e-03
1552             3.19152615e+00 3.54717785e-03 3.50797046e+00 3.13632964e+00 2.72387777e-03 3.50180677e+00 5.51965065e-02 8.23300079e-04 6.16369005e-03
1553             3.19149284e+00 3.54470072e-03 3.50803684e+00 3.13630862e+00 2.72329687e-03 3.50187104e+00 5.51842168e-02 8.21403849e-04 6.16580641e-03
1554             3.19150547e+00 3.54657198e-03 3.50803511e+00 3.13630862e+00 2.72329687e-03 3.50187104e+00 5.51968427e-02 8.23275113e-04 6.16407456e-03
1555             3.19147176e+00 3.54432793e-03 3.50818799e+00 3.13628650e+00 2.72273633e-03 3.50202205e+00 5.51852680e-02 8.21591592e-04 6.16593788e-03
1556             3.19148418e+00 3.54612362e-03 3.50818493e+00 3.13628650e+00 2.72273633e-03 3.50202205e+00 5.51976852e-02 8.23387287e-04 6.16287297e-03
1557             3.19144332e+00 3.54353850e-03 3.50837262e+00 3.13625767e+00 2.72218477e-03 3.50220708e+00 5.51856557e-02 8.21353730e-04 6.16553633e-03
1558             3.19145463e+00 3.54536925e-03 3.50837072e+00 3.13625767e+00 2.72218477e-03 3.50220708e+00 5.51969646e-02 8.23184483e-04 6.16364024e-03
1559             3.19144370e+00 3.54321999e-03 3.50837318e+00 3.13625767e+00 2.72218477e-03 3.50220708e+00 5.51860347e-02 8.21035223e-04 6.16609941e-03
1560             3.19142379e+00 3.54456421e-03 3.50855152e+00 3.13622722e+00 2.72160254e-03 3.50238807e+00 5.51965754e-02 8.22961664e-04 6.16344967e-03
1561             3.19141022e+00 3.54254464e-03 3.50855401e+00 3.13622722e+00 2.72160254e-03 3.50238807e+00 5.51830035e-02 8.20942100e-04 6.16593741e-03
1562             3.19139610e+00 3.54399329e-03 3.50878630e+00 3.13620196e+00 2.72123793e-03 3.50262240e+00 5.51941373e-02 8.22755353e-04 6.16390123e-03
1563             3.19138263e+00 3.54187577e-03 3.50878833e+00 3.13620196e+00 2.72123793e-03 3.50262240e+00 5.51806709e-02 8.20637833e-04 6.16592819e-03
1564             3.19137127e+00 3.54378025e-03 3.50904220e+00 3.13617835e+00 2.72104275e-03 3.50287896e+00 5.51929157e-02 8.22737495e-04 6.16323207e-03
1565             3.19135758e+00 3.54177394e-03 3.50904429e+00 3.13617835e+00 2.72104275e-03 3.50287896e+00 5.51792266e-02 8.20731194e-04 6.16532334e-03
1566             3.19137027e+00 3.54417531e-03 3.50904253e+00 3.13617835e+00 2.72104275e-03 3.50287896e+00 5.51919133e-02 8.23132557e-04 6.16356730e-03
1567             3.19134412e+00 3.54211430e-03 3.50928938e+00 3.13616287e+00 2.72108536e-03 3.50312370e+00 5.51812471e-02 8.21028938e-04 6.16568484e-03
1568             3.19135608e+00 3.54418988e-03 3.50928684e+00 3.13616287e+00 2.72108536e-03 3.50312370e+00 5.51932100e-02 8.23104519e-04 6.16313623e-03
1569             3.19133553e+00 3.54245552e-03 3.50956226e+00 3.13615332e+00 2.72113953e-03 3.50339711e+00 5.51822132e-02 8.21315993e-04 6.16514717e-03
1570             3.19134726e+00 3.54471376e-03 3.50956012e+00 3.13615332e+00 2.72113953e-03 3.50339711e+00 5.51939453e-02 8.23574231e-04 6.16301047e-03
1571             3.19132846e+00 3.54297436e-03 3.50982950e+00 3.13614519e+00 2.72136886e-03 3.50366434e+00 5.51832756e-02 8.21605506e-04 6.16515868e-03
1572             3.19134010e+00 3.54511333e-03 3.50982660e+00 3.13614519e+00 2.72136886e-03 3.50366434e+00 5.51949098e-02 8.23744470e-04 6.16226324e-03
1573             3.19132814e+00 3.54296352e-03 3.50982937e+00 3.13614519e+00 2.72136886e-03 3.50366434e+00 5.51829565e-02 8.21594669e-04 6.16502728e-03
1574             3.19133186e+00 3.54538206e-03 3.51009281e+00 3.13613764e+00 2.72161213e-03 3.50392968e+00 5.51942189e-02 8.23769921e-04 6.16313061e-03
1575             3.19131968e+00 3.54320273e-03 3.51009468e+00 3.13613764e+00 2.72161213e-03 3.50392968e+00 5.51820432e-02 8.21590594e-04 6.16500325e-03
1576             3.19133017e+00 3.54566843e-03 3.51030886e+00 3.13613720e+00 2.72208219e-03 3.50414650e+00 5.51929688e-02 8.23586234e-04 6.16236268e-03
1577             3.19131671e+00 3.54335662e-03 3.51031142e+00 3.13613720e+00 2.72208219e-03 3.50414650e+00 5.51795105e-02 8.21274429e-04 6.16491896e-03
1578             3.19133642e+00 3.54626344e-03 3.51051339e+00 3.13614483e+00 2.72272430e-03 3.50435061e+00 5.51915948e-02 8.23539136e-04 6.16278456e-03
1579             3.19132370e+00 3.54409579e-03 3.51051532e+00 3.13614483e+00 2.72272430e-03 3.50435061e+00 5.51788750e-02 8.21371486e-04 6.16470726e-03
1580             3.19135123e+00 3.54753074e-03 3.51068865e+00 3.13615911e+00 2.72354451e-03 3.50452639e+00 5.51921188e-02 8.23986227e-04 6.16225986e-03
1581             3.19133775e+00 3.54522540e-03 3.51069108e+00 3.13615911e+00 2.72354451e-03 3.50452639e+00 5.51786387e-02 8.21680887e-04 6.16469663e-03
1582             3.19135081e+00 3.54781477e-03 3.51068936e+00 3.13615911e+00 2.72354451e-03 3.50452639e+00 5.51917019e-02 8.24270257e-04 6.16296966e-03
1583             3.19135985e+00 3.54665443e-03 3.51083963e+00 3.13617940e+00 2.72463735e-03 3.50467494e+00 5.51804524e-02 8.22017078e-04 6.16468679e-03
1584             3.19137299e+00 3.54893338e-03 3.51083706e+00 3.13617940e+00 2.72463735e-03 3.50467494e+00 5.51935857e-02 8.24296028e-04 6.16212222e-03
1585             3.19138565e+00 3.54793774e-03 3.51091030e+00 3.13620339e+00 2.72568586e-03 3.50474593e+00 5.51822661e-02 8.22251880e-04 6.16437189e-03
1586             3.19139907e+00 3.55038256e-03 3.51090841e+00 3.13620339e+00 2.72568586e-03 3.50474593e+00 5.51956894e-02 8.24696705e-04 6.16248208e-03
1587             3.19141335e+00 3.54918086e-03 3.51092146e+00 3.13622952e+00 2.72682408e-03 3.50475714e+00 5.51838293e-02 8.22356778e-04 6.16431521e-03
1588             3.19142634e+00 3.55140762e-03 3.51091871e+00 3.13622952e+00 2.72682408e-03 3.50475714e+00 5.51968262e-02 8.24583542e-04 6.16156623e-03
1589             3.19144111e+00 3.55002621e-03 3.51087470e+00 3.13625708e+00 2.72794143e-03 3.50471057e+00 5.51840346e-02 8.22084774e-04 6.16412735e-03
1590             3.19145372e+00 3.55226994e-03 3.51087281e+00 3.13625708e+00 2.72794143e-03 3.50471057e+00 5.51966374e-02 8.24328506e-04 6.16223919e-03
1591             3.19147162e+00 3.55090949e-03 3.51077181e+00 3.13628687e+00 2.72907377e-03 3.50460745e+00 5.51847480e-02 8.21835717e-04 6.16436217e-03
1592             3.19148402e+00 3.55316632e-03 3.51076911e+00 3.13628687e+00 2.72907377e-03 3.50460745e+00 5.51971426e-02 8.24092545e-04 6.16166237e-03
1593             3.19147112e+00 3.55069999e-03 3.51077145e+00 3.13628687e+00 2.72907377e-03 3.50460745e+00 5.51842505e-02 8.21626217e-04 6.16399642e-03
1594             3.19150930e+00 3.55410409e-03 3.51070015e+00 3.13631363e+00 2.73011299e-03 3.50453787e+00 5.51956659e-02 8.23991101e-04 6.16227734e-03
1595             3.19149710e+00 3.55191314e-03 3.51070265e+00 3.13631363e+00 2.73011299e-03 3.50453787e+00 5.51834651e-02 8.21800152e-04 6.16478194e-03
1596             3.19153609e+00 3.55507097e-03 3.51054142e+00 3.13634071e+00 2.73101797e-03 3.50437917e+00 5.51953813e-02 8.24052993e-04 6.16225763e-03
1597             3.19152333e+00 3.55284370e-03 3.51054410e+00 3.13634071e+00 2.73101797e-03 3.50437917e+00 5.51826183e-02 8.21825729e-04 6.16493077e-03
1598             3.19156974e+00 3.55582869e-03 3.51034784e+00 3.13637522e+00 2.73181677e-03 3.50418446e+00 5.51945224e-02 8.24011921e-04 6.16337737e-03
1599             3.19155769e+00 3.55360553e-03 3.51035012e+00 3.13637522e+00 2.73181677e-03 3.50418446e+00 5.51824716e-02 8.21788761e-04 6.16566544e-03
1600             3.19159983e+00 3.55662227e-03 3.51010474e+00 3.13640549e+00 2.73246493e-03 3.50394195e+00 5.51943387e-02 8.24157347e-04 6.16279194e-03
1601             3.19158717e+00 3.55445553e-03 3.51010691e+00 3.13640549e+00 2.73246493e-03 3.50394195e+00 5.51816761e-02 8.21990600e-04 6.16496866e-03
1602             3.19162654e+00 3.55730006e-03 3.50983683e+00 3.13643246e+00 2.73294392e-03 3.50367369e+00 5.51940757e-02 8.24356142e-04 6.16313854e-03
1603             3.19163272e+00 3.55555304e-03 3.50960955e+00 3.13644953e+00 2.73317647e-03 3.50344438e+00 5.51831907e-02 8.22376562e-04 6.16517337e-03
1604             3.19164683e+00 3.55756168e-03 3.50960721e+00 3.13644953e+00 2.73317647e-03 3.50344438e+00 5.51973013e-02 8.24385210e-04 6.16283341e-03
1605             3.19165458e+00 3.55567752e-03 3.50931371e+00 3.13646927e+00 2.73326839e-03 3.50314871e+00 5.51853100e-02 8.22409137e-04 6.16500233e-03
1606             3.19166793e+00 3.55778724e-03 3.50931185e+00 3.13646927e+00 2.73326839e-03 3.50314871e+00 5.51986530e-02 8.24518856e-04 6.16313968e-03
1607             3.19166865e+00 3.55568438e-03 3.50902012e+00 3.13648125e+00 2.73319209e-03 3.50285505e+00 5.51873985e-02 8.22492288e-04 6.16506930e-03
1608             3.19168113e+00 3.55756476e-03 3.50901740e+00 3.13648125e+00 2.73319209e-03 3.50285505e+00 5.51998812e-02 8.24372673e-04 6.16235390e-03
1609             3.19166929e+00 3.55529155e-03 3.50902007e+00 3.13648125e+00 2.73319209e-03 3.50285505e+00 5.51880365e-02 8.22099463e-04 6.16501857e-03
1610             3.19168025e+00 3.55752610e-03 3.50901793e+00 3.13648125e+00 2.73319209e-03 3.50285505e+00 5.51990042e-02 8.24334008e-04 6.16288265e-03
1611             3.19166943e+00 3.55503068e-03 3.50902039e+00 3.13648125e+00 2.73319209e-03 3.50285505e+00 5.51881839e-02 8.21838588e-04 6.16534056e-03
1612             3.19168048e+00 3.55728310e-03 3.50901758e+00 3.13648125e+00 2.73319209e-03 3.50285505e+00 5.51992287e-02 8.24091012e-04 6.16252593e-03
1613             3.19166828e+00 3.55478298e-03 3.50901985e+00 3.13648125e+00 2.73319209e-03 3.50285505e+00 5.51870270e-02 8.21590897e-04 6.16480107e-03
1614             3.19167904e+00 3.55690189e-03 3.50901808e+00 3.13648125e+00 2.73319209e-03 3.50285505e+00 5.51977926e-02 8.23709804e-04 6.16302712e-03
1615             3.19166884e+00 3.55428209e-03 3.50902023e+00 3.13648125e+00 2.73319209e-03 3.50285505e+00 5.51875861e-02 8.21089998e-04 6.16518343e-03
1616             3.19168875e+00 3.55587747e-03 3.50869532e+00 3.13649131e+00 2.73312415e-03 3.50253231e+00 5.51974413e-02 8.22753327e-04 6.16300879e-03
1617             3.19167780e+00 3.55398576e-03 3.50869811e+00 3.13649131e+00 2.73312415e-03 3.50253231e+00 5.51864931e-02 8.20861612e-04 6.16579589e-03
1618             3.19168873e+00 3.55559918e-03 3.50843700e+00 3.13649178e+00 2.73272584e-03 3.50227299e+00 5.51969442e-02 8.22873340e-04 6.16401481e-03
1619             3.19167815e+00 3.55380038e-03 3.50843889e+00 3.13649178e+00 2.73272584e-03 3.50227299e+00 5.51863667e-02 8.21074541e-04 6.16589990e-03
1620             3.19168234e+00 3.55536471e-03 3.50820523e+00 3.13648509e+00 2.73215120e-03 3.50204194e+00 5.51972504e-02 8.23213503e-04 6.16329025e-03
1621             3.19167046e+00 3.55357237e-03 3.50820737e+00 3.13648509e+00 2.73215120e-03 3.50204194e+00 5.51853758e-02 8.21421163e-04 6.16543070e-03
1622             3.19168178e+00 3.55591045e-03 3.50820567e+00 3.13648509e+00 2.73215120e-03 3.50204194e+00 5.51966894e-02 8.23759244e-04 6.16372915e-03
1623             3.19166190e+00 3.55318720e-03 3.50797288e+00 3.13647522e+00 2.73131251e-03 3.50180730e+00 5.51866734e-02 8.21874690e-04 6.16558130e-03
1624             3.19167355e+00 3.55503076e-03 3.50797065e+00 3.13647522e+00 2.73131251e-03 3.50180730e+00 5.51983231e-02 8.23718254e-04 6.16334246e-03
1625             3.19164160e+00 3.55225351e-03 3.50782719e+00 3.13645421e+00 2.73021960e-03 3.50166176e+00 5.51873877e-02 8.22033916e-04 6.16542965e-03
1626             3.19165324e+00 3.55403149e-03 3.50782514e+00 3.13645421e+00 2.73021960e-03 3.50166176e+00 5.51990303e-02 8.23811892e-04 6.16337204e-03
1627             3.19161177e+00 3.55086342e-03 3.50772908e+00 3.13642307e+00 2.72889550e-03 3.50156372e+00 5.51886957e-02 8.21967918e-04 6.16535999e-03
1628             3.19162266e+00 3.55256200e-03 3.50772637e+00 3.13642307e+00 2.72889550e-03 3.50156372e+00 5.51995879e-02 8.23666498e-04 6.16264754e-03
1629             3.19157541e+00 3.54913120e-03 3.50769301e+00 3.13638728e+00 2.72743762e-03 3.50152795e+00 5.51881307e-02 8.21693580e-04 6.16506485e-03
1630             3.19158560e+00 3.55064086e-03 3.50769091e+00 3.13638728e+00 2.72743762e-03 3.50152795e+00 5.51983124e-02 8.23203236e-04 6.16296114e-03
1631             3.19157486e+00 3.54850379e-03 3.50769321e+00 3.13638728e+00 2.72743762e-03 3.50152795e+00 5.51875770e-02 8.21066169e-04 6.16526287e-03
1632             3.19154788e+00 3.54887848e-03 3.50770380e+00 3.13635109e+00 2.72584229e-03 3.50154096e+00 5.51967906e-02 8.23036186e-04 6.16283688e-03
1633             3.19153524e+00 3.54701654e-03 3.50770635e+00 3.13635109e+00 2.72584229e-03 3.50154096e+00 5.51841519e-02 8.21174247e-04 6.16538911e-03
1634             3.19151025e+00 3.54720041e-03 3.50782121e+00 3.13631650e+00 2.72436554e-03 3.50165731e+00 5.51937477e-02 8.22834871e-04 6.16390055e-03
1635             3.19149821e+00 3.54517216e-03 3.50782338e+00 3.13631650e+00 2.72436554e-03 3.50165731e+00 5.51817080e-02 8.20806626e-04 6.16607313e-03
1636             3.19147420e+00 3.54575173e-03 3.50799405e+00 3.13628183e+00 2.72298434e-03 3.50183033e+00 5.51923633e-02 8.22767390e-04 6.16372148e-03
1637             3.19146093e+00 3.54380947e-03 3.50799594e+00 3.13628183e+00 2.72298434e-03 3.50183033e+00 5.51790938e-02 8.20825131e-04 6.16561154e-03
1638             3.19144206e+00 3.54473311e-03 3.50822431e+00 3.13625101e+00 2.72181055e-03 3.50206038e+00 5.51910451e-02 8.22922556e-04 6.16393527e-03
1639             3.19143008e+00 3.54282606e-03 3.50822644e+00 3.13625101e+00 2.72181055e-03 3.50206038e+00 5.51790712e-02 8.21015511e-04 6.16606642e-03
1640             3.19144217e+00 3.54518389e-03 3.50822423e+00 3.13625101e+00 2.72181055e-03 3.50206038e+00 5.51911627e-02 8.23373339e-04 6.16385194e-03
1641             3.19140612e+00 3.54206065e-03 3.50840683e+00 3.13622631e+00 2.72085749e-03 3.50224106e+00 5.51798149e-02 8.21203158e-04 6.16577033e-03
1642             3.19141851e+00 3.54415192e-03 3.50840500e+00 3.13622631e+00 2.72085749e-03 3.50224106e+00 5.51922082e-02 8.23294435e-04 6.16393267e-03
1643             3.19138527e+00 3.54153093e-03 3.50864428e+00 3.13620387e+00 2.72021655e-03 3.50247848e+00 5.51814059e-02 8.21314384e-04 6.16579768e-03
1644             3.19139671e+00 3.54372587e-03 3.50864116e+00 3.13620387e+00 2.72021655e-03 3.50247848e+00 5.51928454e-02 8.23509319e-04 6.16267148e-03
1645             3.19135965e+00 3.54127839e-03 3.50889400e+00 3.13617785e+00 2.71977115e-03 3.50272881e+00 5.51818009e-02 8.21507239e-04 6.16518928e-03
1646             3.19137075e+00 3.54326578e-03 3.50889195e+00 3.13617785e+00 2.71977115e-03 3.50272881e+00 5.51929027e-02 8.23494631e-04 6.16313916e-03
1647             3.19136010e+00 3.54111749e-03 3.50889432e+00 3.13617785e+00 2.71977115e-03 3.50272881e+00 5.51822460e-02 8.21346341e-04 6.16551533e-03
1648             3.19137137e+00 3.54348245e-03 3.50889135e+00 3.13617785e+00 2.71977115e-03 3.50272881e+00 5.51935232e-02 8.23711301e-04 6.16254366e-03
1649             3.19135958e+00 3.54089750e-03 3.50889401e+00 3.13617785e+00 2.71977115e-03 3.50272881e+00 5.51817281e-02 8.21126353e-04 6.16520659e-03
1650             3.19137040e+00 3.54309385e-03 3.50889169e+00 3.13617785e+00 2.71977115e-03 3.50272881e+00 5.51925467e-02 8.23322704e-04 6.16288003e-03
1651             3.19135905e+00 3.54054950e-03 3.50889362e+00 3.13617785e+00 2.71977115e-03 3.50272881e+00 5.51812045e-02 8.20778353e-04 6.16480757e-03
1652             3.19134192e+00 3.54221950e-03 3.50915780e+00 3.13614993e+00 2.71939922e-03 3.50299492e+00 5.51919874e-02 8.22820275e-04 6.16288058e-03
1653             3.19132817e+00 3.54012406e-03 3.50916031e+00 3.13614993e+00 2.71939922e-03 3.50299492e+00 5.51782399e-02 8.20724842e-04 6.16539064e-03
1654             3.19132500e+00 3.54237449e-03 3.50945406e+00 3.13613484e+00 2.71962926e-03 3.50329029e+00 5.51901607e-02 8.22745225e-04 6.16376789e-03
1655             3.19131308e+00 3.54040023e-03 3.50945630e+00 3.13613484e+00 2.71962926e-03 3.50329029e+00 5.51782377e-02 8.20770964e-04 6.16601129e-03
1656             3.19131836e+00 3.54330994e-03 3.50972312e+00 3.13612727e+00 2.72014584e-03 3.50356016e+00 5.51910896e-02 8.23164099e-04 6.16296600e-03
1657             3.19130482e+00 3.54142950e-03 3.50972503e+00 3.13612727e+00 2.72014584e-03 3.50356016e+00 5.51775426e-02 8.21283662e-04 6.16487205e-03
1658             3.19131772e+00 3.54391929e-03 3.50972307e+00 3.13612727e+00 2.72014584e-03 3.50356016e+00 5.51904487e-02 8.23773453e-04 6.16291890e-03
1659             3.19130505e+00 3.54296508e-03 3.50997074e+00 3.13612487e+00 2.72098436e-03 3.50380587e+00 5.51801781e-02 8.21980725e-04 6.16486808e-03
1660             3.19131705e+00 3.54497276e-03 3.50996827e+00 3.13612487e+00 2.72098436e-03 3.50380587e+00 5.51921747e-02 8.23988404e-04 6.16239542e-03
1661             3.19130980e+00 3.54417200e-03 3.51019981e+00 3.13612874e+00 2.72190563e-03 3.50403548e+00 5.51810506e-02 8.22266374e-04 6.16432937e-03
1662             3.19132186e+00 3.54620756e-03 3.51019790e+00 3.13612874e+00 2.72190563e-03 3.50403548e+00 5.51931177e-02 8.24301937e-04 6.16241151e-03
1663             3.19131984e+00 3.54549549e-03 3.51039505e+00 3.13613672e+00 2.72296167e-03 3.50423060e+00 5.51831194e-02 8.22533817e-04 6.16444548e-03
1664             3.19133141e+00 3.54735995e-03 3.51039247e+00 3.13613672e+00 2.72296167e-03 3.50423060e+00 5.51946866e-02 8.24398280e-04 6.16186276e-03
1665             3.19132000e+00 3.54531161e-03 3.51039510e+00 3.13613672e+00 2.72296167e-03 3.50423060e+00 5.51832752e-02 8.22349936e-04 6.16449921e-03
1666             3.19133995e+00 3.54839899e-03 3.51057630e+00 3.13614578e+00 2.72406371e-03 3.50441386e+00 5.51941679e-02 8.24335280e-04 6.16244251e-03
1667             3.19132837e+00 3.54643228e-03 3.51057831e+00 3.13614578e+00 2.72406371e-03 3.50441386e+00 5.51825828e-02 8.22368568e-04 6.16444847e-03
1668             3.19135550e+00 3.54925583e-03 3.51068862e+00 3.13616156e+00 2.72522364e-03 3.50452678e+00 5.51939418e-02 8.24032194e-04 6.16183766e-03
1669             3.19134273e+00 3.54727264e-03 3.51069101e+00 3.13616156e+00 2.72522364e-03 3.50452678e+00 5.51811684e-02 8.22049005e-04 6.16423287e-03
1670             3.19138177e+00 3.55059392e-03 3.51078446e+00 3.13618864e+00 2.72653877e-03 3.50462187e+00 5.51931309e-02 8.24055158e-04 6.16259490e-03
1671             3.19137007e+00 3.54867949e-03 3.51078680e+00 3.13618864e+00 2.72653877e-03 3.50462187e+00 5.51814256e-02 8.22140720e-04 6.16493009e-03
1672             3.19138200e+00 3.55081712e-03 3.51078418e+00 3.13618864e+00 2.72653877e-03 3.50462187e+00 5.51933637e-02 8.24278357e-04 6.16231153e-03
1673             3.19140146e+00 3.55023101e-03 3.51083828e+00 3.13621926e+00 2.72794572e-03 3.50467404e+00 5.51822038e-02 8.22285294e-04 6.16423875e-03
1674             3.19141425e+00 3.55237837e-03 3.51083634e+00 3.13621926e+00 2.72794572e-03 3.50467404e+00 5.51949994e-02 8.24432651e-04 6.16230067e-03
1675             3.19143880e+00 3.55189574e-03 3.51082793e+00 3.13625369e+00 2.72920938e-03 3.50466352e+00 5.51851060e-02 8.22686364e-04 6.16441112e-03
1676             3.19145178e+00 3.55388396e-03 3.51082559e+00 3.13625369e+00 2.72920938e-03 3.50466352e+00 5.51980840e-02 8.24674586e-04 6.16207399e-03
1677             3.19147474e+00 3.55302152e-03 3.51075669e+00 3.13628774e+00 2.73033840e-03 3.50459234e+00 5.51870008e-02 8.22683123e-04 6.16434756e-03
1678             3.19148679e+00 3.55488417e-03 3.51075481e+00 3.13628774e+00 2.73033840e-03 3.50459234e+00 5.51990513e-02 8.24545776e-04 6.16246396e-03
1679             3.19147623e+00 3.55265583e-03 3.51075688e+00 3.13628774e+00 2.73033840e-03 3.50459234e+00 5.51884846e-02 8.22317438e-04 6.16453913e-03
1680             3.19151355e+00 3.55590294e-03 3.51067084e+00 3.13631444e+00 2.73140643e-03 3.50450892e+00 5.51991091e-02 8.24496511e-04 6.16192064e-03
1681             3.19150162e+00 3.55372988e-03 3.51067350e+00 3.13631444e+00 2.73140643e-03 3.50450892e+00 5.51871806e-02 8.22323446e-04 6.16458568e-03
1682             3.19154078e+00 3.55653092e-03 3.51051049e+00 3.13634268e+00 2.73237216e-03 3.50434787e+00 5.51981036e-02 8.24158764e-04 6.16261234e-03
1683             3.19152982e+00 3.55439205e-03 3.51051273e+00 3.13634268e+00 2.73237216e-03 3.50434787e+00 5.51871424e-02 8.22019888e-04 6.16485471e-03
1684             3.19157285e+00 3.55735698e-03 3.51030749e+00 3.13637445e+00 2.73325782e-03 3.50414497e+00 5.51983911e-02 8.24099166e-04 6.16252459e-03
1685             3.19156092e+00 3.55527424e-03 3.51030988e+00 3.13637445e+00 2.73325782e-03 3.50414497e+00 5.51864628e-02 8.22016419e-04 6.16491731e-03
1686             3.19157322e+00 3.55768826e-03 3.51030784e+00 3.13637445e+00 2.73325782e-03 3.50414497e+00 5.51987638e-02 8.24430447e-04 6.16286866e-03
1687             3.19159643e+00 3.55635660e-03 3.51010831e+00 3.13640777e+00 2.73410667e-03 3.50394359e+00 5.51886595e-02 8.22249932e-04 6.16472060e-03
1688             3.19160933e+00 3.55872551e-03 3.51010591e+00 3.13640777e+00 2.73410667e-03 3.50394359e+00 5.52015552e-02 8.24618833e-04 6.16232046e-03
1689             3.19162703e+00 3.55710298e-03 3.50986761e+00 3.13643655e+00 2.73463363e-03 3.50370306e+00 5.51904816e-02 8.22469348e-04 6.16454298e-03
1690             3.19164075e+00 3.55955371e-03 3.50986611e+00 3.13643655e+00 2.73463363e-03 3.50370306e+00 5.52042009e-02 8.24920081e-04 6.16304277e-03
1691             3.19165439e+00 3.55744968e-03 3.50959847e+00 3.13646152e+00 2.73492149e-03 3.50343323e+00 5.51928743e-02 8.22528192e-04 6.16524148e-03
1692             3.19166716e+00 3.55976365e-03 3.50959574e+00 3.13646152e+00 2.73492149e-03 3.50343323e+00 5.52056452e-02 8.24842161e-04 6.16250796e-03
1693             3.19167149e+00 3.55720845e-03 3.50930264e+00 3.13647824e+00 2.73492578e-03 3.50313774e+00 5.51932485e-02 8.22282669e-04 6.16489990e-03
1694             3.19168391e+00 3.55951552e-03 3.50930080e+00 3.13647824e+00 2.73492578e-03 3.50313774e+00 5.52056767e-02 8.24589739e-04 6.16305144e-03
1695             3.19167244e+00 3.55679945e-03 3.50930281e+00 3.13647824e+00 2.73492578e-03 3.50313774e+00 5.51942024e-02 8.21873671e-04 6.16506104e-03
1696             3.19169049e+00 3.55877753e-03 3.50904715e+00 3.13648584e+00 2.73464647e-03 3.50288455e+00 5.52046561e-02 8.24131057e-04 6.16259265e-03
1697             3.19167809e+00 3.55633849e-03 3.50904992e+00 3.13648584e+00 2.73464647e-03 3.50288455e+00 5.51922500e-02 8.21692011e-04 6.16536723e-03
1698             3.19169157e+00 3.55795027e-03 3.50879349e+00 3.13648861e+00 2.73422198e-03 3.50262994e+00 5.52029557e-02 8.23728287e-04 6.16354262e-03
1699             3.19168019e+00 3.55556054e-03 3.50879602e+00 3.13648861e+00 2.73422198e-03 3.50262994e+00 5.51915781e-02 8.21338559e-04 6.16607589e-03
1700             3.19169240e+00 3.55718031e-03 3.50855599e+00 3.13648966e+00 2.73357504e-03 3.50239237e+00 5.52027403e-02 8.23605269e-04 6.16362191e-03
1701             3.19167963e+00 3.55487457e-03 3.50855807e+00 3.13648966e+00 2.73357504e-03 3.50239237e+00 5.51899657e-02 8.21299530e-04 6.16570498e-03
1702             3.19168756e+00 3.55648112e-03 3.50835755e+00 3.13648593e+00 2.73274865e-03 3.50219338e+00 5.52016339e-02 8.23732470e-04 6.16416902e-03
1703             3.19167650e+00 3.55424509e-03 3.50835988e+00 3.13648593e+00 2.73274865e-03 3.50219338e+00 5.51905705e-02 8.21496441e-04 6.16649325e-03
1704             3.19167759e+00 3.55575910e-03 3.50818794e+00 3.13647531e+00 2.73173621e-03 3.50202403e+00 5.52022843e-02 8.24022888e-04 6.16390557e-03
1705             3.19166560e+00 3.55353353e-03 3.50819008e+00 3.13647531e+00 2.73173621e-03 3.50202403e+00 5.51902883e-02 8.21797319e-04 6.16605127e-03
1706             3.19167795e+00 3.55616979e-03 3.50818851e+00 3.13647531e+00 2.73173621e-03 3.50202403e+00 5.52026428e-02 8.24433585e-04 6.16448228e-03
1707             3.19165877e+00 3.55270979e-03 3.50802501e+00 3.13646740e+00 2.73062020e-03 3.50185869e+00 5.51913682e-02 8.22089589e-04 6.16632281e-03
1708             3.19167188e+00 3.55485918e-03 3.50802257e+00 3.13646740e+00 2.73062020e-03 3.50185869e+00 5.52044783e-02 8.24238986e-04 6.16387968e-03
1709             3.19164298e+00 3.55148838e-03 3.50791160e+00 3.13645094e+00 2.72944550e-03 3.50174589e+00 5.51920378e-02 8.22042874e-04 6.16570892e-03
1710             3.19165573e+00 3.55381623e-03 3.50790968e+00 3.13645094e+00 2.72944550e-03 3.50174589e+00 5.52047863e-02 8.24370726e-04 6.16378888e-03
1711             3.19161987e+00 3.55020136e-03 3.50783985e+00 3.13642692e+00 2.72819349e-03 3.50167386e+00 5.51929526e-02 8.22007869e-04 6.16599578e-03
1712             3.19163260e+00 3.55249113e-03 3.50783730e+00 3.13642692e+00 2.72819349e-03 3.50167386e+00 5.52056798e-02 8.24297637e-04 6.16344056e-03
1713             3.19159094e+00 3.54853536e-03 3.50781508e+00 3.13639812e+00 2.72684349e-03 3.50164892e+00 5.51928146e-02 8.21691866e-04 6.16616089e-03
1714             3.19160304e+00 3.55072963e-03 3.50781314e+00 3.13639812e+00 2.72684349e-03 3.50164892e+00 5.52049213e-02 8.23886134e-04 6.16421689e-03
1715             3.19156026e+00 3.54704500e-03 3.50783196e+00 3.13636694e+00 2.72556651e-03 3.50166585e+00 5.51933245e-02 8.21478482e-04 6.16611149e-03
1716             3.19154252e+00 3.54796345e-03 3.50791794e+00 3.13633795e+00 2.72458236e-03 3.50175442e+00 5.52045670e-02 8.23381092e-04 6.16351727e-03
1717             3.19152830e+00 3.54579821e-03 3.50792036e+00 3.13633795e+00 2.72458236e-03 3.50175442e+00 5.51903485e-02 8.21215850e-04 6.16594215e-03
1718             3.19150389e+00 3.54677298e-03 3.50803431e+00 3.13630222e+00 2.72345498e-03 3.50186989e+00 5.52016695e-02 8.23318003e-04 6.16441990e-03
1719             3.19149211e+00 3.54448658e-03 3.50803681e+00 3.13630222e+00 2.72345498e-03 3.50186989e+00 5.51898892e-02 8.21031600e-04 6.16692732e-03
1720             3.19147337e+00 3.54574406e-03 3.50818455e+00 3.13627218e+00 2.72248103e-03 3.50202021e+00 5.52011958e-02 8.23263033e-04 6.16434276e-03
1721             3.19145968e+00 3.54348905e-03 3.50818652e+00 3.13627218e+00 2.72248103e-03 3.50202021e+00 5.51875007e-02 8.21008019e-04 6.16630376e-03
1722             3.19147139e+00 3.54586065e-03 3.50818467e+00 3.13627218e+00 2.72248103e-03 3.50202021e+00 5.51992144e-02 8.23379621e-04 6.16446135e-03
1723             3.19146034e+00 3.54328121e-03 3.50818713e+00 3.13627218e+00 2.72248103e-03 3.50202021e+00 5.51881642e-02 8.20800181e-04 6.16692088e-03
1724             3.19147188e+00 3.54580277e-03 3.50818450e+00 3.13627218e+00 2.72248103e-03 3.50202021e+00 5.51997047e-02 8.23321744e-04 6.16428369e-03
1725             3.19145981e+00 3.54342885e-03 3.50818641e+00 3.13627218e+00 2.72248103e-03 3.50202021e+00 5.51876328e-02 8.20947822e-04 6.16620017e-03
1726             3.19147066e+00 3.54590345e-03 3.50818470e+00 3.13627218e+00 2.72248103e-03 3.50202021e+00 5.51984871e-02 8.23422416e-04 6.16448479e-03
1727             3.19145983e+00 3.54354751e-03 3.50818687e+00 3.13627218e+00 2.72248103e-03 3.50202021e+00 5.51876541e-02 8.21066479e-04 6.16666100e-03
1728             3.19147054e+00 3.54624153e-03 3.50818414e+00 3.13627218e+00 2.72248103e-03 3.50202021e+00 5.51983615e-02 8.23760498e-04 6.16392580e-03
1729             3.19145875e+00 3.54424496e-03 3.50818634e+00 3.13627218e+00 2.72248103e-03 3.50202021e+00 5.51865780e-02 8.21763931e-04 6.16613270e-03
1730             3.19146987e+00 3.54711098e-03 3.50818444e+00 3.13627218e+00 2.72248103e-03 3.50202021e+00 5.51976987e-02 8.24629945e-04 6.16422727e-03
1731             3.19143354e+00 3.54401267e-03 3.50830453e+00 3.13624620e+00 2.72132211e-03 3.50213891e+00 5.51873445e-02 8.22690554e-04 6.16561941e-03
1732             3.19144454e+00 3.54579368e-03 3.50830187e+00 3.13624620e+00 2.72132211e-03 3.50213891e+00 5.51983401e-02 8.24471563e-04 6.16295965e-03
1733             3.19140791e+00 3.54256777e-03 3.50851993e+00 3.13622022e+00 2.72037991e-03 3.50235468e+00 5.51876899e-02 8.22187860e-04 6.16524246e-03
1734             3.19141969e+00 3.54459568e-03 3.50851779e+00 3.13622022e+00 2.72037991e-03 3.50235468e+00 5.51994771e-02 8.24215769e-04 6.16310659e-03
1735             3.19138253e+00 3.54165635e-03 3.50876915e+00 3.13619307e+00 2.71988281e-03 3.50260380e+00 5.51894645e-02 8.21773536e-04 6.16535573e-03
1736             3.19139347e+00 3.54365004e-03 3.50876683e+00 3.13619307e+00 2.71988281e-03 3.50260380e+00 5.52004062e-02 8.23767226e-04 6.16303022e-03
1737             3.19138244e+00 3.54081635e-03 3.50876925e+00 3.13619307e+00 2.71988281e-03 3.50260380e+00 5.51893702e-02 8.20933537e-04 6.16545260e-03
1738             3.19136648e+00 3.54260157e-03 3.50902794e+00 3.13616652e+00 2.71954186e-03 3.50286444e+00 5.51999581e-02 8.23059715e-04 6.16350018e-03
1739             3.19135399e+00 3.54051585e-03 3.50903009e+00 3.13616652e+00 2.71954186e-03 3.50286444e+00 5.51874663e-02 8.20973986e-04 6.16564853e-03
1740             3.19134719e+00 3.54302201e-03 3.50929704e+00 3.13614851e+00 2.71987892e-03 3.50313397e+00 5.51986847e-02 8.23143085e-04 6.16307146e-03
1741             3.19133391e+00 3.54080383e-03 3.50929911e+00 3.13614851e+00 2.71987892e-03 3.50313397e+00 5.51854074e-02 8.20924907e-04 6.16513785e-03
1742             3.19134027e+00 3.54373874e-03 3.50959186e+00 3.13614276e+00 2.72059206e-03 3.50342803e+00 5.51975052e-02 8.23146686e-04 6.16382454e-03
1743             3.19132828e+00 3.54148684e-03 3.50959437e+00 3.13614276e+00 2.72059206e-03 3.50342803e+00 5.51855177e-02 8.20894782e-04 6.16633848e-03
1744             3.19134374e+00 3.54497841e-03 3.50986126e+00 3.13614577e+00 2.72163993e-03 3.50369714e+00 5.51979726e-02 8.23338479e-04 6.16411802e-03
1745             3.19133045e+00 3.54278518e-03 3.50986323e+00 3.13614577e+00 2.72163993e-03 3.50369714e+00 5.51846816e-02 8.21145250e-04 6.16609092e-03
1746             3.19134336e+00 3.54542839e-03 3.50986130e+00 3.13614577e+00 2.72163993e-03 3.50369714e+00 5.51975900e-02 8.23788460e-04 6.16416173e-03
1747             3.19133955e+00 3.54437459e-03 3.51006239e+00 3.13615266e+00 2.72292411e-03 3.50389658e+00 5.51868936e-02 8.21450481e-04 6.16581000e-03
1748             3.19135136e+00 3.54668364e-03 3.51005995e+00 3.13615266e+00 2.72292411e-03 3.50389658e+00 5.51987062e-02 8.23759532e-04 6.16336902e-03
1749             3.19134959e+00 3.54603070e-03 3.51023598e+00 3.13616215e+00 2.72424073e-03 3.50407077e+00 5.51874376e-02 8.21789968e-04 6.16520923e-03
1750             3.19136145e+00 3.54847016e-03 3.51023377e+00 3.13616215e+00 2.72424073e-03 3.50407077e+00 5.51992993e-02 8.24229425e-04 6.16300312e-03
1751             3.19136197e+00 3.54766129e-03 3.51038652e+00 3.13617352e+00 2.72568600e-03 3.50422134e+00 5.51884486e-02 8.21975292e-04 6.16518433e-03
1752             3.19137362e+00 3.55014194e-03 3.51038412e+00 3.13617352e+00 2.72568600e-03 3.50422134e+00 5.52001002e-02 8.24455944e-04 6.16278206e-03
1753             3.19137737e+00 3.54909853e-03 3.51049699e+00 3.13618858e+00 2.72703860e-03 3.50433170e+00 5.51887981e-02 8.22059936e-04 6.16528386e-03
1754             3.19138900e+00 3.55136720e-03 3.51049472e+00 3.13618858e+00 2.72703860e-03 3.50433170e+00 5.52004206e-02 8.24328606e-04 6.16302228e-03
1755             3.19137792e+00 3.54885115e-03 3.51049708e+00 3.13618858e+00 2.72703860e-03 3.50433170e+00 5.51893418e-02 8.21812550e-04 6.16537946e-03
1756             3.19140033e+00 3.55263159e-03 3.51059150e+00 3.13620033e+00 2.72832106e-03 3.50442873e+00 5.52000072e-02 8.24310531e-04 6.16276870e-03
1757             3.19138685e+00 3.55034355e-03 3.51059358e+00 3.13620033e+00 2.72832106e-03 3.50442873e+00 5.51865278e-02 8.22022489e-04 6.16485228e-03
1758             3.19141634e+00 3.55376200e-03 3.51063566e+00 3.13621805e+00 2.72941809e-03 3.50447263e+00 5.51982853e-02 8.24343911e-04 6.16302533e-03
1759             3.19140362e+00 3.55126849e-03 3.51063823e+00 3.13621805e+00 2.72941809e-03 3.50447263e+00 5.51855679e-02 8.21850403e-04 6.16559099e-03
1760             3.19144091e+00 3.55473284e-03 3.51065146e+00 3.13624323e+00 2.73042171e-03 3.50448826e+00 5.51976780e-02 8.24311135e-04 6.16319997e-03
1761             3.19142718e+00 3.55237896e-03 3.51065358e+00 3.13624323e+00 2.73042171e-03 3.50448826e+00 5.51839467e-02 8.21957247e-04 6.16531575e-03
1762             3.19147048e+00 3.55565458e-03 3.51064442e+00 3.13627378e+00 2.73126782e-03 3.50448086e+00 5.51967007e-02 8.24386761e-04 6.16355368e-03
1763             3.19145788e+00 3.55337176e-03 3.51064684e+00 3.13627378e+00 2.73126782e-03 3.50448086e+00 5.51841019e-02 8.22103939e-04 6.16597345e-03
1764             3.19147100e+00 3.55605428e-03 3.51064402e+00 3.13627378e+00 2.73126782e-03 3.50448086e+00 5.51972267e-02 8.24786466e-04 6.16315913e-03
1765             3.19148877e+00 3.55442487e-03 3.51059100e+00 3.13630408e+00 2.73200667e-03 3.50442605e+00 5.51846909e-02 8.22418198e-04 6.16495301e-03
1766             3.19150264e+00 3.55675666e-03 3.51058934e+00 3.13630408e+00 2.73200667e-03 3.50442605e+00 5.51985642e-02 8.24749991e-04 6.16328650e-03
1767             3.19152186e+00 3.55502551e-03 3.51048006e+00 3.13633490e+00 2.73254372e-03 3.50431495e+00 5.51869617e-02 8.22481793e-04 6.16511552e-03
1768             3.19153518e+00 3.55735792e-03 3.51047742e+00 3.13633490e+00 2.73254372e-03 3.50431495e+00 5.52002858e-02 8.24814202e-04 6.16246727e-03
1769             3.19154976e+00 3.55530196e-03 3.51032940e+00 3.13636205e+00 2.73284228e-03 3.50416464e+00 5.51877085e-02 8.22459676e-04 6.16476400e-03
1770             3.19156295e+00 3.55751376e-03 3.51032743e+00 3.13636205e+00 2.73284228e-03 3.50416464e+00 5.52008996e-02 8.24671481e-04 6.16279256e-03
1771             3.19157453e+00 3.55517442e-03 3.51014496e+00 3.13638575e+00 2.73300366e-03 3.50397996e+00 5.51887872e-02 8.22170757e-04 6.16500881e-03
1772             3.19158745e+00 3.55736596e-03 3.51014212e+00 3.13638575e+00 2.73300366e-03 3.50397996e+00 5.52017062e-02 8.24362300e-04 6.16216830e-03
1773             3.19157405e+00 3.55469918e-03 3.51014438e+00 3.13638575e+00 2.73300366e-03 3.50397996e+00 5.51882999e-02 8.21695515e-04 6.16442776e-03
1774             3.19160395e+00 3.55677177e-03 3.50999287e+00 3.13640409e+00 2.73296404e-03 3.50382990e+00 5.51998626e-02 8.23807728e-04 6.16297529e-03
1775             3.19159217e+00 3.55454272e-03 3.50999516e+00 3.13640409e+00 2.73296404e-03 3.50382990e+00 5.51880801e-02 8.21578675e-04 6.16526356e-03
1776             3.19161937e+00 3.55651425e-03 3.50978708e+00 3.13641986e+00 2.73287339e-03 3.50362445e+00 5.51995067e-02 8.23640856e-04 6.16263236e-03
1777             3.19160732e+00 3.55434477e-03 3.50978957e+00 3.13641986e+00 2.73287339e-03 3.50362445e+00 5.51874572e-02 8.21471375e-04 6.16512670e-03
1778             3.19163773e+00 3.55623177e-03 3.50957873e+00 3.13643871e+00 2.73266697e-03 3.50341539e+00 5.51990222e-02 8.23564796e-04 6.16333621e-03
1779             3.19162606e+00 3.55414824e-03 3.50958103e+00 3.13643871e+00 2.73266697e-03 3.50341539e+00 5.51873500e-02 8.21481267e-04 6.16564037e-03
1780             3.19165157e+00 3.55609053e-03 3.50936044e+00 3.13645203e+00 2.73233635e-03 3.50319743e+00 5.51995391e-02 8.23754184e-04 6.16301849e-03
1781             3.19163904e+00 3.55396445e-03 3.50936233e+00 3.13645203e+00 2.73233635e-03 3.50319743e+00 5.51870066e-02 8.21628106e-04 6.16490732e-03
1782             3.19165134e+00 3.55633895e-03 3.50936056e+00 3.13645203e+00 2.73233635e-03 3.50319743e+00 5.51993137e-02 8.24002605e-04 6.16313889e-03
1783             3.19165366e+00 3.55380472e-03 3.50914902e+00 3.13646559e+00 2.73191577e-03 3.50298387e+00 5.51880699e-02 8.21888954e-04 6.16515785e-03
1784             3.19166737e+00 3.55598509e-03 3.50914685e+00 3.13646559e+00 2.73191577e-03 3.50298387e+00 5.52017767e-02 8.24069316e-04 6.16298140e-03
1785             3.19166173e+00 3.55347041e-03 3.50892532e+00 3.13647197e+00 2.73133846e-03 3.50276019e+00 5.51897570e-02 8.22131954e-04 6.16512869e-03
1786             3.19167491e+00 3.55563332e-03 3.50892361e+00 3.13647197e+00 2.73133846e-03 3.50276019e+00 5.52029430e-02 8.24294856e-04 6.16341814e-03
1787             3.19166389e+00 3.55294609e-03 3.50870672e+00 3.13647238e+00 2.73067804e-03 3.50254140e+00 5.51915062e-02 8.22268045e-04 6.16531588e-03
1788             3.19167680e+00 3.55490165e-03 3.50870404e+00 3.13647238e+00 2.73067804e-03 3.50254140e+00 5.52044147e-02 8.24223610e-04 6.16263564e-03
1789             3.19165680e+00 3.55187567e-03 3.50849748e+00 3.13646465e+00 2.72986212e-03 3.50233259e+00 5.51921434e-02 8.22013547e-04 6.16489520e-03
1790             3.19166891e+00 3.55373974e-03 3.50849569e+00 3.13646465e+00 2.72986212e-03 3.50233259e+00 5.52042516e-02 8.23877619e-04 6.16310486e-03
1791             3.19165790e+00 3.55140093e-03 3.50849799e+00 3.13646465e+00 2.72986212e-03 3.50233259e+00 5.51932443e-02 8.21538816e-04 6.16539708e-03
1792             3.19165491e+00 3.55240364e-03 3.50833660e+00 3.13645131e+00 2.72888393e-03 3.50217350e+00 5.52035971e-02 8.23519708e-04 6.16310105e-03
1793             3.19164265e+00 3.55037961e-03 3.50833898e+00 3.13645131e+00 2.72888393e-03 3.50217350e+00 5.51913395e-02 8.21495678e-04 6.16547386e-03
1794             3.19163613e+00 3.55128859e-03 3.50820997e+00 3.13643422e+00 2.72795385e-03 3.50204610e+00 5.52019174e-02 8.23334739e-04 6.16386732e-03
1795             3.19162454e+00 3.54921438e-03 3.50821252e+00 3.13643422e+00 2.72795385e-03 3.50204610e+00 5.51903248e-02 8.21260529e-04 6.16641889e-03
1796             3.19161926e+00 3.55032042e-03 3.50811936e+00 3.13641763e+00 2.72700293e-03 3.50195550e+00 5.52016211e-02 8.23317498e-04 6.16385632e-03
1797             3.19160665e+00 3.54823869e-03 3.50812129e+00 3.13641763e+00 2.72700293e-03 3.50195550e+00 5.51890188e-02 8.21235763e-04 6.16578584e-03
1798             3.19160015e+00 3.54957813e-03 3.50807691e+00 3.13639957e+00 2.72608581e-03 3.50191273e+00 5.52005869e-02 8.23492317e-04 6.16417948e-03
1799             3.19158859e+00 3.54746765e-03 3.50807912e+00 3.13639957e+00 2.72608581e-03 3.50191273e+00 5.51890280e-02 8.21381835e-04 6.16638871e-03
1800             3.19157813e+00 3.54891751e-03 3.50807307e+00 3.13637740e+00 2.72519589e-03 3.50190897e+00 5.52007310e-02 8.23721621e-04 6.16410022e-03
1801             3.19154804e+00 3.54643699e-03 3.50810550e+00 3.13635888e+00 2.72459754e-03 3.50193960e+00 5.51891592e-02 8.21839444e-04 6.16589575e-03
1802             3.19156046e+00 3.54838154e-03 3.50810371e+00 3.13635888e+00 2.72459754e-03 3.50193960e+00 5.52015808e-02 8.23783998e-04 6.16410557e-03
1803             3.19152607e+00 3.54573663e-03 3.50814655e+00 3.13633537e+00 2.72394894e-03 3.50198054e+00 5.51906908e-02 8.21787687e-04 6.16600855e-03
1804             3.19153872e+00 3.54775716e-03 3.50814419e+00 3.13633537e+00 2.72394894e-03 3.50198054e+00 5.52033472e-02 8.23808220e-04 6.16365198e-03
1805             3.19150240e+00 3.54514026e-03 3.50822033e+00 3.13631061e+00 2.72337272e-03 3.50205446e+00 5.51917832e-02 8.21767537e-04 6.16587335e-03
1806             3.19151435e+00 3.54719476e-03 3.50821834e+00 3.13631061e+00 2.72337272e-03 3.50205446e+00 5.52037414e-02 8.23822040e-04 6.16388457e-03
1807             3.19150345e+00 3.54493830e-03 3.50822083e+00 3.13631061e+00 2.72337272e-03 3.50205446e+00 5.51928351e-02 8.21565571e-04 6.16637110e-03
1808             3.19151460e+00 3.54731197e-03 3.50821808e+00 3.13631061e+00 2.72337272e-03 3.50205446e+00 5.52039829e-02 8.23939245e-04 6.16361955e-03
1809             3.19150341e+00 3.54473109e-03 3.50822044e+00 3.13631061e+00 2.72337272e-03 3.50205446e+00 5.51927977e-02 8.21358363e-04 6.16597934e-03
1810             3.19151408e+00 3.54697029e-03 3.50821846e+00 3.13631061e+00 2.72337272e-03 3.50205446e+00 5.52034654e-02 8.23597567e-04 6.16399838e-03
1811             3.19150276e+00 3.54441174e-03 3.50822080e+00 3.13631061e+00 2.72337272e-03 3.50205446e+00 5.51921475e-02 8.21039014e-04 6.16634769e-03
1812             3.19151400e+00 3.54671751e-03 3.50821821e+00 3.13631061e+00 2.72337272e-03 3.50205446e+00 5.52033883e-02 8.23344787e-04 6.16375693e-03
1813             3.19150198e+00 3.54397229e-03 3.50822051e+00 3.13631061e+00 2.72337272e-03 3.50205446e+00 5.51913694e-02 8.20599561e-04 6.16605302e-03
1814             3.19151271e+00 3.54600862e-03 3.50821871e+00 3.13631061e+00 2.72337272e-03 3.50205446e+00 5.52021002e-02 8.22635897e-04 6.16425757e-03
1815             3.19150181e+00 3.54314475e-03 3.50822088e+00 3.13631061e+00 2.72337272e-03 3.50205446e+00 5.51911976e-02 8.19772029e-04 6.16642587e-03
1816             3.19148811e+00 3.54431555e-03 3.50828169e+00 3.13628644e+00 2.72274864e-03 3.50211757e+00 5.52016694e-02 8.21566914e-04 6.16412886e-03
1817             3.19147590e+00 3.54249438e-03 3.50828380e+00 3.13628644e+00 2.72274864e-03 3.50211757e+00 5.51894639e-02 8.19745744e-04 6.16623102e-03
1818             3.19146582e+00 3.54480123e-03 3.50843527e+00 3.13626450e+00 2.72269651e-03 3.50227118e+00 5.52013165e-02 8.22104712e-04 6.16408515e-03
1819             3.19145388e+00 3.54285605e-03 3.50843734e+00 3.13626450e+00 2.72269651e-03 3.50227118e+00 5.51893719e-02 8.20159536e-04 6.16615946e-03
1820             3.19144290e+00 3.54587162e-03 3.50862412e+00 3.13624139e+00 2.72283031e-03 3.50246045e+00 5.52015181e-02 8.23041313e-04 6.16366700e-03
1821             3.19142997e+00 3.54393365e-03 3.50862599e+00 3.13624139e+00 2.72283031e-03 3.50246045e+00 5.51885840e-02 8.21103338e-04 6.16553721e-03
1822             3.19144252e+00 3.54685445e-03 3.50862458e+00 3.13624139e+00 2.72283031e-03 3.50246045e+00 5.52011357e-02 8.24024142e-04 6.16412701e-03
1823             3.19140894e+00 3.54502979e-03 3.50878314e+00 3.13621823e+00 2.72307120e-03 3.50261708e+00 5.51907085e-02 8.21958596e-04 6.16605492e-03
1824             3.19142056e+00 3.54701665e-03 3.50878068e+00 3.13621823e+00 2.72307120e-03 3.50261708e+00 5.52023347e-02 8.23945447e-04 6.16359386e-03
1825             3.19138819e+00 3.54516484e-03 3.50899805e+00 3.13619715e+00 2.72316756e-03 3.50283282e+00 5.51910341e-02 8.21997281e-04 6.16523332e-03
1826             3.19139938e+00 3.54729353e-03 3.50899581e+00 3.13619715e+00 2.72316756e-03 3.50283282e+00 5.52022270e-02 8.24125969e-04 6.16299064e-03
1827             3.19136732e+00 3.54530752e-03 3.50921305e+00 3.13617546e+00 2.72331536e-03 3.50304775e+00 5.51918645e-02 8.21992161e-04 6.16530710e-03
1828             3.19137881e+00 3.54741153e-03 3.50921004e+00 3.13617546e+00 2.72331536e-03 3.50304775e+00 5.52033465e-02 8.24096178e-04 6.16229701e-03
1829             3.19135363e+00 3.54545220e-03 3.50943697e+00 3.13616147e+00 2.72353709e-03 3.50327224e+00 5.51921634e-02 8.21915110e-04 6.16472076e-03
1830             3.19136420e+00 3.54737879e-03 3.50943502e+00 3.13616147e+00 2.72353709e-03 3.50327224e+00 5.52027340e-02 8.23841699e-04 6.16277536e-03
1831             3.19135406e+00 3.54506510e-03 3.50943775e+00 3.13616147e+00 2.72353709e-03 3.50327224e+00 5.51925904e-02 8.21528009e-04 6.16550571e-03
1832             3.19135405e+00 3.54740227e-03 3.50968174e+00 3.13615111e+00 2.72380488e-03 3.50351866e+00 5.52029423e-02 8.23597394e-04 6.16307992e-03
1833             3.19134127e+00 3.54544684e-03 3.50968394e+00 3.13615111e+00 2.72380488e-03 3.50351866e+00 5.51901640e-02 8.21641960e-04 6.16527119e-03
1834             3.19135081e+00 3.54765039e-03 3.50994374e+00 3.13614964e+00 2.72425657e-03 3.50378034e+00 5.52011728e-02 8.23393828e-04 6.16340596e-03
1835             3.19133878e+00 3.54560066e-03 3.50994615e+00 3.13614964e+00 2.72425657e-03 3.50378034e+00 5.51891476e-02 8.21344094e-04 6.16581212e-03
1836             3.19135462e+00 3.54794741e-03 3.51019447e+00 3.13615430e+00 2.72488134e-03 3.50403114e+00 5.52003112e-02 8.23066068e-04 6.16332938e-03
1837             3.19134188e+00 3.54605662e-03 3.51019641e+00 3.13615430e+00 2.72488134e-03 3.50403114e+00 5.51875802e-02 8.21175274e-04 6.16526866e-03
1838             3.19136729e+00 3.54874960e-03 3.51043770e+00 3.13616808e+00 2.72567917e-03 3.50427400e+00 5.51992184e-02 8.23070421e-04 6.16370643e-03
1839             3.19135615e+00 3.54697927e-03 3.51044021e+00 3.13616808e+00 2.72567917e-03 3.50427400e+00 5.51880732e-02 8.21300100e-04 6.16621573e-03
1840             3.19136777e+00 3.54912089e-03 3.51043751e+00 3.13616808e+00 2.72567917e-03 3.50427400e+00 5.51996904e-02 8.23441715e-04 6.16351612e-03
1841             3.19137308e+00 3.54807053e-03 3.51060865e+00 3.13618352e+00 2.72657230e-03 3.50444344e+00 5.51895595e-02 8.21498227e-04 6.16520861e-03
1842             3.19138436e+00 3.54998142e-03 3.51060686e+00 3.13618352e+00 2.72657230e-03 3.50444344e+00 5.52008425e-02 8.23409116e-04 6.16342366e-03
1843             3.19139456e+00 3.54919903e-03 3.51073098e+00 3.13620284e+00 2.72752163e-03 3.50456556e+00 5.51917274e-02 8.21677399e-04 6.16541687e-03
1844             3.19140575e+00 3.55117489e-03 3.51072813e+00 3.13620284e+00 2.72752163e-03 3.50456556e+00 5.52029174e-02 8.23653262e-04 6.16256810e-03
1845             3.19141213e+00 3.55017153e-03 3.51080051e+00 3.13621984e+00 2.72849619e-03 3.50463566e+00 5.51922889e-02 8.21675336e-04 6.16485171e-03
1846             3.19142301e+00 3.55209204e-03 3.51079850e+00 3.13621984e+00 2.72849619e-03 3.50463566e+00 5.52031702e-02 8.23595843e-04 6.16284104e-03
1847             3.19143218e+00 3.55104158e-03 3.51081964e+00 3.13623880e+00 2.72950776e-03 3.50465449e+00 5.51933755e-02 8.21533825e-04 6.16515007e-03
1848             3.19144281e+00 3.55296186e-03 3.51081693e+00 3.13623880e+00 2.72950776e-03 3.50465449e+00 5.52040094e-02 8.23454104e-04 6.16243954e-03
1849             3.19143179e+00 3.55068669e-03 3.51081936e+00 3.13623880e+00 2.72950776e-03 3.50465449e+00 5.51929834e-02 8.21178930e-04 6.16487296e-03
1850             3.19145793e+00 3.55368561e-03 3.51085021e+00 3.13625531e+00 2.73049388e-03 3.50468711e+00 5.52026200e-02 8.23191737e-04 6.16309146e-03
1851             3.19144659e+00 3.55184005e-03 3.51085251e+00 3.13625531e+00 2.73049388e-03 3.50468711e+00 5.51912832e-02 8.21346176e-04 6.16539858e-03
1852             3.19147783e+00 3.55473737e-03 3.51080077e+00 3.13627564e+00 2.73139160e-03 3.50463792e+00 5.52021834e-02 8.23345776e-04 6.16284945e-03
1853             3.19146595e+00 3.55278447e-03 3.51080307e+00 3.13627564e+00 2.73139160e-03 3.50463792e+00 5.51903043e-02 8.21392876e-04 6.16515653e-03
1854             3.19150418e+00 3.55571798e-03 3.51072060e+00 3.13630279e+00 2.73222162e-03 3.50455712e+00 5.52013940e-02 8.23496355e-04 6.16347628e-03
1855             3.19149308e+00 3.55376943e-03 3.51072300e+00 3.13630279e+00 2.73222162e-03 3.50455712e+00 5.51902933e-02 8.21547801e-04 6.16587690e-03
1856             3.19153285e+00 3.55671176e-03 3.51059961e+00 3.13633096e+00 2.73288023e-03 3.50443638e+00 5.52018970e-02 8.23831533e-04 6.16322979e-03
1857             3.19152079e+00 3.55480133e-03 3.51060153e+00 3.13633096e+00 2.73288023e-03 3.50443638e+00 5.51898368e-02 8.21921102e-04 6.16514736e-03
1858             3.19153261e+00 3.55719660e-03 3.51059972e+00 3.13633096e+00 2.73288023e-03 3.50443638e+00 5.52016540e-02 8.24316370e-04 6.16334601e-03
1859             3.19155096e+00 3.55572170e-03 3.51046562e+00 3.13636005e+00 2.73346979e-03 3.50430034e+00 5.51909091e-02 8.22251917e-04 6.16527437e-03
1860             3.19156423e+00 3.55783994e-03 3.51046324e+00 3.13636005e+00 2.73346979e-03 3.50430034e+00 5.52041829e-02 8.24370154e-04 6.16290323e-03
1861             3.19157913e+00 3.55616014e-03 3.51026068e+00 3.13638657e+00 2.73373830e-03 3.50409588e+00 5.51925622e-02 8.22421833e-04 6.16479424e-03
1862             3.19159248e+00 3.55831499e-03 3.51025916e+00 3.13638657e+00 2.73373830e-03 3.50409588e+00 5.52059156e-02 8.24576690e-04 6.16327655e-03
1863             3.19160450e+00 3.55611881e-03 3.51001967e+00 3.13641006e+00 2.73371827e-03 3.50385441e+00 5.51944378e-02 8.22400548e-04 6.16526035e-03
1864             3.19161705e+00 3.55816807e-03 3.51001721e+00 3.13641006e+00 2.73371827e-03 3.50385441e+00 5.52069878e-02 8.24449803e-04 6.16279492e-03
1865             3.19162293e+00 3.55556939e-03 3.50975584e+00 3.13642847e+00 2.73346097e-03 3.50359079e+00 5.51944588e-02 8.22108418e-04 6.16505085e-03
1866             3.19163510e+00 3.55751268e-03 3.50975390e+00 3.13642847e+00 2.73346097e-03 3.50359079e+00 5.52066290e-02 8.24051715e-04 6.16311690e-03
1867             3.19163768e+00 3.55466590e-03 3.50947087e+00 3.13644281e+00 2.73300352e-03 3.50330559e+00 5.51948714e-02 8.21662380e-04 6.16527857e-03
1868             3.19165267e+00 3.55592516e-03 3.50928707e+00 3.13644604e+00 2.73240796e-03 3.50312407e+00 5.52066386e-02 8.23517201e-04 6.16300118e-03
1869             3.19163934e+00 3.55380702e-03 3.50928935e+00 3.13644604e+00 2.73240796e-03 3.50312407e+00 5.51933066e-02 8.21399060e-04 6.16528532e-03
1870             3.19165651e+00 3.55515064e-03 3.50905542e+00 3.13645186e+00 2.73164656e-03 3.50289184e+00 5.52046569e-02 8.23504082e-04 6.16357958e-03
1871             3.19164494e+00 3.55294580e-03 3.50905808e+00 3.13645186e+00 2.73164656e-03 3.50289184e+00 5.51930838e-02 8.21299239e-04 6.16624139e-03
1872             3.19165945e+00 3.55434188e-03 3.50883175e+00 3.13645498e+00 2.73081550e-03 3.50266812e+00 5.52044690e-02 8.23526385e-04 6.16363581e-03
1873             3.19164730e+00 3.55215003e-03 3.50883400e+00 3.13645498e+00 2.73081550e-03 3.50266812e+00 5.51923231e-02 8.21334532e-04 6.16587660e-03
1874             3.19165935e+00 3.55452841e-03 3.50883219e+00 3.13645498e+00 2.73081550e-03 3.50266812e+00 5.52043703e-02 8.23712907e-04 6.16407209e-03
1875             3.19164802e+00 3.55195124e-03 3.50883470e+00 3.13645498e+00 2.73081550e-03 3.50266812e+00 5.51930427e-02 8.21135742e-04 6.16658043e-03
1876             3.19165995e+00 3.55453871e-03 3.50883233e+00 3.13645498e+00 2.73081550e-03 3.50266812e+00 5.52049669e-02 8.23723211e-04 6.16421147e-03
1877             3.19164759e+00 3.55206374e-03 3.50883415e+00 3.13645498e+00 2.73081550e-03 3.50266812e+00 5.51926157e-02 8.21248242e-04 6.16603011e-03
1878             3.19165966e+00 3.55480641e-03 3.50883222e+00 3.13645498e+00 2.73081550e-03 3.50266812e+00 5.52046780e-02 8.23990914e-04 6.16410353e-03
1879             3.19164821e+00 3.55252888e-03 3.50883478e+00 3.13645498e+00 2.73081550e-03 3.50266812e+00 5.51932294e-02 8.21713384e-04 6.16665789e-03
1880             3.19166024e+00 3.55541672e-03 3.50883237e+00 3.13645498e+00 2.73081550e-03 3.50266812e+00 5.52052603e-02 8.24601222e-04 6.16424709e-03
1881             3.19164798e+00 3.55306802e-03 3.50883441e+00 3.13645498e+00 2.73081550e-03 3.50266812e+00 5.51930025e-02 8.22252524e-04 6.16628906e-03
1882             3.19165941e+00 3.55585682e-03 3.50883242e+00 3.13645498e+00 2.73081550e-03 3.50266812e+00 5.52044269e-02 8.25041319e-04 6.16429936e-03
1883             3.19165617e+00 3.55280859e-03 3.50851608e+00 3.13646328e+00 2.72981172e-03 3.50235043e+00 5.51928901e-02 8.22996870e-04 6.16565723e-03
1884             3.19166882e+00 3.55482464e-03 3.50851321e+00 3.13646328e+00 2.72981172e-03 3.50235043e+00 5.52055419e-02 8.25012918e-04 6.16278326e-03
1885             3.19165080e+00 3.55118720e-03 3.50827422e+00 3.13645740e+00 2.72874875e-03 3.50210925e+00 5.51933977e-02 8.22438453e-04 6.16497024e-03
1886             3.19166413e+00 3.55322530e-03 3.50827262e+00 3.13645740e+00 2.72874875e-03 3.50210925e+00 5.52067283e-02 8.24476555e-04 6.16336432e-03
1887             3.19164099e+00 3.54958346e-03 3.50807527e+00 3.13644599e+00 2.72762693e-03 3.50190938e+00 5.51950046e-02 8.21956530e-04 6.16588861e-03
1888             3.19165405e+00 3.55162234e-03 3.50807288e+00 3.13644599e+00 2.72762693e-03 3.50190938e+00 5.52080626e-02 8.23995412e-04 6.16350169e-03
1889             3.19164146e+00 3.54898579e-03 3.50807508e+00 3.13644599e+00 2.72762693e-03 3.50190938e+00 5.51954722e-02 8.21358863e-04 6.16570089e-03
1890             3.19163599e+00 3.54970651e-03 3.50789409e+00 3.13642953e+00 2.72647295e-03 3.50173015e+00 5.52064579e-02 8.23233559e-04 6.16393610e-03
1891             3.19162331e+00 3.54758973e-03 3.50789669e+00 3.13642953e+00 2.72647295e-03 3.50173015e+00 5.51937798e-02 8.21116775e-04 6.16654040e-03
1892             3.19161148e+00 3.54870880e-03 3.50779171e+00 3.13640689e+00 2.72552956e-03 3.50162760e+00 5.52045923e-02 8.23179241e-04 6.16411398e-03
1893             3.19159874e+00 3.54642474e-03 3.50779396e+00 3.13640689e+00 2.72552956e-03 3.50162760e+00 5.51918479e-02 8.20895179e-04 6.16635894e-03
1894             3.19158938e+00 3.54797813e-03 3.50776331e+00 3.13638575e+00 2.72491333e-03 3.50159836e+00 5.52036315e-02 8.23064803e-04 6.16494873e-03
1895             3.19157737e+00 3.54564336e-03 3.50776554e+00 3.13638575e+00 2.72491333e-03 3.50159836e+00 5.51916188e-02 8.20730026e-04 6.16718691e-03
1896             3.19156702e+00 3.54768777e-03 3.50777836e+00 3.13636328e+00 2.72456286e-03 3.50161383e+00 5.52037384e-02 8.23124905e-04 6.16453599e-03
1897             3.19155436e+00 3.54559294e-03 3.50778036e+00 3.13636328e+00 2.72456286e-03 3.50161383e+00 5.51910788e-02 8.21030081e-04 6.16653937e-03
1898             3.19156714e+00 3.54808565e-03 3.50777878e+00 3.13636328e+00 2.72456286e-03 3.50161383e+00 5.52038566e-02 8.23522782e-04 6.16495241e-03
1899             3.19153631e+00 3.54558139e-03 3.50775883e+00 3.13634367e+00 2.72440787e-03 3.50159217e+00 5.51926369e-02 8.21173521e-04 6.16665941e-03
1900             3.19154937e+00 3.54777960e-03 3.50775643e+00 3.13634367e+00 2.72440787e-03 3.50159217e+00 5.52056966e-02 8.23371729e-04 6.16425747e-03
1901             3.19151153e+00 3.54569462e-03 3.50782812e+00 3.13631818e+00 2.72437428e-03 3.50166237e+00 5.51933560e-02 8.21320343e-04 6.16575544e-03
1902             3.19152362e+00 3.54801944e-03 3.50782618e+00 3.13631818e+00 2.72437428e-03 3.50166237e+00 5.52054445e-02 8.23645162e-04 6.16381455e-03
1903             3.19147850e+00 3.54598241e-03 3.50794802e+00 3.13628437e+00 2.72440886e-03 3.50178189e+00 5.51941304e-02 8.21573552e-04 6.16612515e-03
1904             3.19149090e+00 3.54829056e-03 3.50794528e+00 3.13628437e+00 2.72440886e-03 3.50178189e+00 5.52065290e-02 8.23881700e-04 6.16338857e-03
1905             3.19144520e+00 3.54618634e-03 3.50812171e+00 3.13625056e+00 2.72451514e-03 3.50195588e+00 5.51946352e-02 8.21671206e-04 6.16583203e-03
1906             3.19145642e+00 3.54829714e-03 3.50811998e+00 3.13625056e+00 2.72451514e-03 3.50195588e+00 5.52058612e-02 8.23782003e-04 6.16410602e-03
1907             3.19144549e+00 3.54584291e-03 3.50812251e+00 3.13625056e+00 2.72451514e-03 3.50195588e+00 5.51949243e-02 8.21327769e-04 6.16663347e-03
1908             3.19142426e+00 3.54832180e-03 3.50829749e+00 3.13621819e+00 2.72463469e-03 3.50213351e+00 5.52060714e-02 8.23687111e-04 6.16397739e-03
1909             3.19141031e+00 3.54599131e-03 3.50829956e+00 3.13621819e+00 2.72463469e-03 3.50213351e+00 5.51921225e-02 8.21356626e-04 6.16605279e-03
1910             3.19139475e+00 3.54840185e-03 3.50855140e+00 3.13619129e+00 2.72479550e-03 3.50238715e+00 5.52034605e-02 8.23606348e-04 6.16424644e-03
1911             3.19138168e+00 3.54608880e-03 3.50855348e+00 3.13619129e+00 2.72479550e-03 3.50238715e+00 5.51903923e-02 8.21293293e-04 6.16633075e-03
1912             3.19137040e+00 3.54864178e-03 3.50884502e+00 3.13616807e+00 2.72501435e-03 3.50268099e+00 5.52023300e-02 8.23627431e-04 6.16403328e-03
1913             3.19135698e+00 3.54643492e-03 3.50884688e+00 3.13616807e+00 2.72501435e-03 3.50268099e+00 5.51889189e-02 8.21420575e-04 6.16589303e-03
1914             3.19135501e+00 3.54907586e-03 3.50918185e+00 3.13615329e+00 2.72524485e-03 3.50301760e+00 5.52017131e-02 8.23831004e-04 6.16424940e-03
1915             3.19134253e+00 3.54692804e-03 3.50918408e+00 3.13615329e+00 2.72524485e-03 3.50301760e+00 5.51892334e-02 8.21683185e-04 6.16647708e-03
1916             3.19135525e+00 3.54940934e-03 3.50918173e+00 3.13615329e+00 2.72524485e-03 3.50301760e+00 5.52019505e-02 8.24164487e-04 6.16412920e-03
1917             3.19133493e+00 3.54752375e-03 3.50947158e+00 3.13614461e+00 2.72551117e-03 3.50330571e+00 5.51903187e-02 8.22012574e-04 6.16586843e-03
1918             3.19134727e+00 3.54963182e-03 3.50946966e+00 3.13614461e+00 2.72551117e-03 3.50330571e+00 5.52026640e-02 8.24120647e-04 6.16395557e-03
1919             3.19133338e+00 3.54800405e-03 3.50977544e+00 3.13614150e+00 2.72578284e-03 3.50360977e+00 5.51918842e-02 8.22221218e-04 6.16566486e-03
1920             3.19134434e+00 3.55009378e-03 3.50977250e+00 3.13614150e+00 2.72578284e-03 3.50360977e+00 5.52028458e-02 8.24310939e-04 6.16272143e-03
1921             3.19132847e+00 3.54825820e-03 3.51006110e+00 3.13613673e+00 2.72605992e-03 3.50389594e+00 5.51917357e-02 8.22198285e-04 6.16516693e-03
1922             3.19133969e+00 3.55021219e-03 3.51005891e+00 3.13613673e+00 2.72605992e-03 3.50389594e+00 5.52029593e-02 8.24152274e-04 6.16297843e-03
1923             3.19132932e+00 3.54830226e-03 3.51031793e+00 3.13613706e+00 2.72641806e-03 3.50415275e+00 5.51922594e-02 8.21884196e-04 6.16517768e-03
1924             3.19134017e+00 3.55034676e-03 3.51031546e+00 3.13613706e+00 2.72641806e-03 3.50415275e+00 5.52031140e-02 8.23928700e-04 6.16270314e-03
1925             3.19132830e+00 3.54792966e-03 3.51031781e+00 3.13613706e+00 2.72641806e-03 3.50415275e+00 5.51912392e-02 8.21511604e-04 6.16506095e-03
1926             3.19133976e+00 3.55037521e-03 3.51057386e+00 3.13613732e+00 2.72676358e-03 3.50441101e+00 5.52024371e-02 8.23611637e-04 6.16284806e-03
1927             3.19132730e+00 3.54820448e-03 3.51057603e+00 3.13613732e+00 2.72676358e-03 3.50441101e+00 5.51899742e-02 8.21440901e-04 6.16502350e-03
1928             3.19134843e+00 3.55084726e-03 3.51078079e+00 3.13614687e+00 2.72726439e-03 3.50461801e+00 5.52015631e-02 8.23582878e-04 6.16278772e-03
1929             3.19133501e+00 3.54863138e-03 3.51078290e+00 3.13614687e+00 2.72726439e-03 3.50461801e+00 5.51881398e-02 8.21366997e-04 6.16489566e-03
1930             3.19136612e+00 3.55155842e-03 3.51095590e+00 3.13616554e+00 2.72783292e-03 3.50479286e+00 5.52005779e-02 8.23725498e-04 6.16304248e-03
1931             3.19135320e+00 3.54930088e-03 3.51095813e+00 3.13616554e+00 2.72783292e-03 3.50479286e+00 5.51876609e-02 8.21467958e-04 6.16527004e-03
1932             3.19138973e+00 3.55244440e-03 3.51107382e+00 3.13618895e+00 2.72845432e-03 3.50491109e+00 5.52007838e-02 8.23990081e-04 6.16273186e-03
1933             3.19137646e+00 3.55029542e-03 3.51107582e+00 3.13618895e+00 2.72845432e-03 3.50491109e+00 5.51875170e-02 8.21841102e-04 6.16473129e-03
1934             3.19141979e+00 3.55344303e-03 3.51115057e+00 3.13621873e+00 2.72908075e-03 3.50498741e+00 5.52010567e-02 8.24362286e-04 6.16316393e-03
1935             3.19143570e+00 3.55190913e-03 3.51110999e+00 3.13624623e+00 2.72958345e-03 3.50494473e+00 5.51894667e-02 8.22325674e-04 6.16526439e-03
1936             3.19145004e+00 3.55422736e-03 3.51110760e+00 3.13624623e+00 2.72958345e-03 3.50494473e+00 5.52038051e-02 8.24643903e-04 6.16286936e-03
1937             3.19147529e+00 3.55252696e-03 3.51105576e+00 3.13628365e+00 2.73016366e-03 3.50489109e+00 5.51916367e-02 8.22363305e-04 6.16467137e-03
1938             3.19148824e+00 3.55487003e-03 3.51105360e+00 3.13628365e+00 2.73016366e-03 3.50489109e+00 5.52045838e-02 8.24706374e-04 6.16251387e-03
1939             3.19150741e+00 3.55306564e-03 3.51093882e+00 3.13631424e+00 2.73067268e-03 3.50477422e+00 5.51931794e-02 8.22392961e-04 6.16460847e-03
1940             3.19152084e+00 3.55529885e-03 3.51093625e+00 3.13631424e+00 2.73067268e-03 3.50477422e+00 5.52066085e-02 8.24626163e-04 6.16203878e-03
1941             3.19150835e+00 3.55280982e-03 3.51093869e+00 3.13631424e+00 2.73067268e-03 3.50477422e+00 5.51941147e-02 8.22137133e-04 6.16447273e-03
1942             3.19151987e+00 3.55546921e-03 3.51093665e+00 3.13631424e+00 2.73067268e-03 3.50477422e+00 5.52056336e-02 8.24796527e-04 6.16243821e-03
1943             3.19150920e+00 3.55274278e-03 3.51093892e+00 3.13631424e+00 2.73067268e-03 3.50477422e+00 5.51949641e-02 8.22070097e-04 6.16470711e-03
1944             3.19152123e+00 3.55528634e-03 3.51093586e+00 3.13631424e+00 2.73067268e-03 3.50477422e+00 5.52069933e-02 8.24613655e-04 6.16164790e-03
1945             3.19150917e+00 3.55256284e-03 3.51093828e+00 3.13631424e+00 2.73067268e-03 3.50477422e+00 5.51949373e-02 8.21890161e-04 6.16406858e-03
1946             3.19152087e+00 3.55511504e-03 3.51093642e+00 3.13631424e+00 2.73067268e-03 3.50477422e+00 5.52066348e-02 8.24442362e-04 6.16220787e-03
1947             3.19151001e+00 3.55233378e-03 3.51093892e+00 3.13631424e+00 2.73067268e-03 3.50477422e+00 5.51957784e-02 8.21661098e-04 6.16470082e-03
1948             3.19152140e+00 3.55462994e-03 3.51093622e+00 3.13631424e+00 2.73067268e-03 3.50477422e+00 5.52071610e-02 8.23957258e-04 6.16200654e-03
1949             3.19150967e+00 3.55162146e-03 3.51093844e+00 3.13631424e+00 2.73067268e-03 3.50477422e+00 5.51954383e-02 8.20948782e-04 6.16422641e-03
1950             3.19154658e+00 3.55418295e-03 3.51090235e+00 3.13634007e+00 2.73116451e-03 3.50473911e+00 5.52065079e-02 8.23018437e-04 6.16324278e-03
1951             3.19153558e+00 3.55205897e-03 3.51090527e+00 3.13634007e+00 2.73116451e-03 3.50473911e+00 5.51955105e-02 8.20894460e-04 6.16615541e-03
1952             3.19157765e+00 3.55482943e-03 3.51071580e+00 3.13637148e+00 2.73155735e-03 3.50455219e+00 5.52061683e-02 8.23272080e-04 6.16361380e-03
1953             3.19156507e+00 3.55265834e-03 3.51071869e+00 3.13637148e+00 2.73155735e-03 3.50455219e+00 5.51935886e-02 8.21100991e-04 6.16650234e-03
1954             3.19160945e+00 3.55542787e-03 3.51047170e+00 3.13640495e+00 2.73181296e-03 3.50430774e+00 5.52045009e-02 8.23614919e-04 6.16395439e-03
1955             3.19159738e+00 3.55333217e-03 3.51047324e+00 3.13640495e+00 2.73181296e-03 3.50430774e+00 5.51924284e-02 8.21519219e-04 6.16549667e-03
1956             3.19160872e+00 3.55602756e-03 3.51047051e+00 3.13640495e+00 2.73181296e-03 3.50430774e+00 5.52037706e-02 8.24214607e-04 6.16276696e-03
1957             3.19162915e+00 3.55402588e-03 3.51020216e+00 3.13643679e+00 2.73186478e-03 3.50403701e+00 5.51923550e-02 8.22161099e-04 6.16515130e-03
1958             3.19164249e+00 3.55609635e-03 3.51020047e+00 3.13643679e+00 2.73186478e-03 3.50403701e+00 5.52056992e-02 8.24231568e-04 6.16346061e-03
1959             3.19165480e+00 3.55386382e-03 3.50987550e+00 3.13646032e+00 2.73155227e-03 3.50371016e+00 5.51944814e-02 8.22311557e-04 6.16533852e-03
1960             3.19166794e+00 3.55607369e-03 3.50987323e+00 3.13646032e+00 2.73155227e-03 3.50371016e+00 5.52076211e-02 8.24521423e-04 6.16306582e-03
1961             3.19167191e+00 3.55328822e-03 3.50952686e+00 3.13647654e+00 2.73100696e-03 3.50336157e+00 5.51953676e-02 8.22281260e-04 6.16528894e-03
1962             3.19168376e+00 3.55528081e-03 3.50952462e+00 3.13647654e+00 2.73100696e-03 3.50336157e+00 5.52072158e-02 8.24273844e-04 6.16304386e-03
1963             3.19167823e+00 3.55213056e-03 3.50917602e+00 3.13648347e+00 2.73035893e-03 3.50301077e+00 5.51947600e-02 8.21771629e-04 6.16525097e-03
1964             3.19168991e+00 3.55408406e-03 3.50917327e+00 3.13648347e+00 2.73035893e-03 3.50301077e+00 5.52064375e-02 8.23725123e-04 6.16249992e-03
1965             3.19167772e+00 3.55173834e-03 3.50917538e+00 3.13648347e+00 2.73035893e-03 3.50301077e+00 5.51942472e-02 8.21379405e-04 6.16461262e-03
1966             3.19169056e+00 3.55296923e-03 3.50889069e+00 3.13648622e+00 2.72956970e-03 3.50272751e+00 5.52043458e-02 8.23399534e-04 6.16318281e-03
1967             3.19167983e+00 3.55101165e-03 3.50889326e+00 3.13648622e+00 2.72956970e-03 3.50272751e+00 5.51936091e-02 8.21441953e-04 6.16574461e-03
1968             3.19168565e+00 3.55203739e-03 3.50862159e+00 3.13648203e+00 2.72882246e-03 3.50245809e+00 5.52036180e-02 8.23214927e-04 6.16349492e-03
1969             3.19167438e+00 3.54998629e-03 3.50862453e+00 3.13648203e+00 2.72882246e-03 3.50245809e+00 5.51923487e-02 8.21163825e-04 6.16643604e-03
1970             3.19168097e+00 3.55111036e-03 3.50837770e+00 3.13647828e+00 2.72804681e-03 3.50221308e+00 5.52026898e-02 8.23063552e-04 6.16461286e-03
1971             3.19166992e+00 3.54914034e-03 3.50837959e+00 3.13647828e+00 2.72804681e-03 3.50221308e+00 5.51916371e-02 8.21093535e-04 6.16650350e-03
1972             3.19166880e+00 3.55055435e-03 3.50816060e+00 3.13646700e+00 2.72734300e-03 3.50199671e+00 5.52017969e-02 8.23211348e-04 6.16389553e-03
1973             3.19165701e+00 3.54874207e-03 3.50816272e+00 3.13646700e+00 2.72734300e-03 3.50199671e+00 5.51900148e-02 8.21399073e-04 6.16601516e-03
1974             3.19166867e+00 3.55089700e-03 3.50816078e+00 3.13646700e+00 2.72734300e-03 3.50199671e+00 5.52016678e-02 8.23553999e-04 6.16406744e-03
1975             3.19164768e+00 3.54827296e-03 3.50795389e+00 3.13645662e+00 2.72671680e-03 3.50178783e+00 5.51910627e-02 8.21556161e-04 6.16605870e-03
1976             3.19166048e+00 3.55023740e-03 3.50795184e+00 3.13645662e+00 2.72671680e-03 3.50178783e+00 5.52038536e-02 8.23520598e-04 6.16401131e-03
1977             3.19163005e+00 3.54770584e-03 3.50782495e+00 3.13643774e+00 2.72611478e-03 3.50165886e+00 5.51923027e-02 8.21591065e-04 6.16608311e-03
1978             3.19164250e+00 3.54970786e-03 3.50782285e+00 3.13643774e+00 2.72611478e-03 3.50165886e+00 5.52047594e-02 8.23593086e-04 6.16399068e-03
1979             3.19160365e+00 3.54720427e-03 3.50772744e+00 3.13641024e+00 2.72561451e-03 3.50156135e+00 5.51934100e-02 8.21589762e-04 6.16609134e-03
1980             3.19161565e+00 3.54915470e-03 3.50772474e+00 3.13641024e+00 2.72561451e-03 3.50156135e+00 5.52054094e-02 8.23540193e-04 6.16339168e-03
1981             3.19156964e+00 3.54663801e-03 3.50767327e+00 3.13637603e+00 2.72512090e-03 3.50150768e+00 5.51936109e-02 8.21517110e-04 6.16558632e-03
1982             3.19158108e+00 3.54839214e-03 3.50767129e+00 3.13637603e+00 2.72512090e-03 3.50150768e+00 5.52050526e-02 8.23271242e-04 6.16361268e-03
1983             3.19157027e+00 3.54629190e-03 3.50767380e+00 3.13637603e+00 2.72512090e-03 3.50150768e+00 5.51942429e-02 8.21171003e-04 6.16611976e-03
1984             3.19154292e+00 3.54769411e-03 3.50764746e+00 3.13633813e+00 2.72463838e-03 3.50148378e+00 5.52047939e-02 8.23055723e-04 6.16367949e-03
1985             3.19153003e+00 3.54585153e-03 3.50764999e+00 3.13633813e+00 2.72463838e-03 3.50148378e+00 5.51919086e-02 8.21213142e-04 6.16621254e-03
1986             3.19150385e+00 3.54732070e-03 3.50772950e+00 3.13630087e+00 2.72427648e-03 3.50156519e+00 5.52029747e-02 8.23044221e-04 6.16431196e-03
1987             3.19149133e+00 3.54535333e-03 3.50773153e+00 3.13630087e+00 2.72427648e-03 3.50156519e+00 5.51904536e-02 8.21076851e-04 6.16634381e-03
1988             3.19146696e+00 3.54710772e-03 3.50787173e+00 3.13626488e+00 2.72405060e-03 3.50170762e+00 5.52020863e-02 8.23057123e-04 6.16411152e-03
1989             3.19145404e+00 3.54508549e-03 3.50787385e+00 3.13626488e+00 2.72405060e-03 3.50170762e+00 5.51891658e-02 8.21034894e-04 6.16623177e-03
1990             3.19143478e+00 3.54710379e-03 3.50808320e+00 3.13623325e+00 2.72392572e-03 3.50191856e+00 5.52015318e-02 8.23178070e-04 6.16464719e-03
1991             3.19142266e+00 3.54523569e-03 3.50808523e+00 3.13623325e+00 2.72392572e-03 3.50191856e+00 5.51894071e-02 8.21309964e-04 6.16667615e-03
1992             3.19143576e+00 3.54764155e-03 3.50808264e+00 3.13623325e+00 2.72392572e-03 3.50191856e+00 5.52025142e-02 8.23715825e-04 6.16408733e-03
1993             3.19139680e+00 3.54554799e-03 3.50825568e+00 3.13620563e+00 2.72385855e-03 3.50208953e+00 5.51911708e-02 8.21689440e-04 6.16615019e-03
1994             3.19140951e+00 3.54760697e-03 3.50825415e+00 3.13620563e+00 2.72385855e-03 3.50208953e+00 5.52038853e-02 8.23748428e-04 6.16462690e-03
1995             3.19137298e+00 3.54572108e-03 3.50850635e+00 3.13618020e+00 2.72389604e-03 3.50234036e+00 5.51927732e-02 8.21825044e-04 6.16599117e-03
1996             3.19138443e+00 3.54781100e-03 3.50850340e+00 3.13618020e+00 2.72389604e-03 3.50234036e+00 5.52042301e-02 8.23914964e-04 6.16304627e-03
1997             3.19134475e+00 3.54566858e-03 3.50878866e+00 3.13615191e+00 2.72396234e-03 3.50262322e+00 5.51928345e-02 8.21706247e-04 6.16543936e-03
1998             3.19135664e+00 3.54775343e-03 3.50878676e+00 3.13615191e+00 2.72396234e-03 3.50262322e+00 5.52047290e-02 8.23791096e-04 6.16354009e-03
1999             3.19132333e+00 3.54578829e-03 3.50909586e+00 3.13612927e+00 2.72416401e-03 3.50292985e+00 5.51940604e-02 8.21624287e-04 6.16601085e-03
2000             3.19133498e+00 3.54780529e-03 3.50909294e+00 3.13612927e+00 2.72416401e-03 3.50292985e+00 5.52057072e-02 8.23641282e-04 6.16308687e-03
