# Moment        
# CofR          : (0.00000000e+00 0.00000000e+00 0.00000000e+00)
#
# Time          	total_x total_y total_z	pressure_x pressure_y pressure_z	viscous_x viscous_y viscous_z
1                3.76988866e-03 -1.28708927e+00 5.75203512e-04 3.76028890e-03 -1.28616366e+00 5.45555924e-04 9.59976328e-06 -9.25607132e-04 2.96475878e-05
2                9.63845068e-03 -9.14326276e-01 1.55469075e-03 9.63270434e-03 -9.13689961e-01 1.53417697e-03 5.74634151e-06 -6.36314823e-04 2.05137869e-05
3                2.19946933e-02 -7.66157337e-01 2.02555550e-03 2.19838732e-02 -7.65513383e-01 2.04974896e-03 1.08200857e-05 -6.43953517e-04 -2.41934615e-05
4                3.50770513e-02 -7.19170277e-01 2.48666298e-03 3.50694693e-02 -7.18558665e-01 2.52967203e-03 7.58198498e-06 -6.11611578e-04 -4.30090535e-05
5                4.80298545e-02 -6.94628340e-01 2.96224367e-03 4.80278095e-02 -6.94063314e-01 2.99646363e-03 2.04501429e-06 -5.65026038e-04 -3.42199647e-05
6                6.10794988e-02 -6.86577853e-01 3.29824102e-03 6.10821581e-02 -6.86038150e-01 3.33407951e-03 -2.65936462e-06 -5.39703688e-04 -3.58384891e-05
7                7.37449874e-02 -6.89258003e-01 3.50178476e-03 7.37508239e-02 -6.88697194e-01 3.54833329e-03 -5.83654470e-06 -5.60809225e-04 -4.65485296e-05
8                8.58174843e-02 -7.09949604e-01 3.70302931e-03 8.58270243e-02 -7.09289424e-01 3.73689645e-03 -9.54002139e-06 -6.60180322e-04 -3.38671404e-05
9                9.76929012e-02 -7.54859875e-01 3.91123010e-03 9.77137107e-02 -7.54010941e-01 3.92668830e-03 -2.08095354e-05 -8.48934555e-04 -1.54582050e-05
10               1.07989163e-01 -7.77130577e-01 4.27764541e-03 1.08011590e-01 -7.76018649e-01 4.32831479e-03 -2.24267904e-05 -1.11192844e-03 -5.06693768e-05
11               1.15930935e-01 -7.61357376e-01 4.79783573e-03 1.15958606e-01 -7.60074302e-01 4.88465029e-03 -2.76712858e-05 -1.28307313e-03 -8.68145614e-05
12               1.21806418e-01 -7.80585775e-01 5.48423689e-03 1.21837379e-01 -7.78926966e-01 5.52228006e-03 -3.09612649e-05 -1.65880969e-03 -3.80431742e-05
13               1.25342372e-01 -8.39145195e-01 6.24875907e-03 1.25387668e-01 -8.37274050e-01 6.31763540e-03 -4.52959960e-05 -1.87114486e-03 -6.88763357e-05
14               1.25975919e-01 -9.25685950e-01 7.16087540e-03 1.25986956e-01 -9.23733221e-01 7.19231684e-03 -1.10365287e-05 -1.95272983e-03 -3.14414371e-05
15               1.25384786e-01 -1.02085532e+00 7.74778283e-03 1.25407679e-01 -1.01873039e+00 7.80645934e-03 -2.28925953e-05 -2.12492994e-03 -5.86765100e-05
16               1.23604487e-01 -1.14284878e+00 8.19516945e-03 1.23647333e-01 -1.14040795e+00 8.22966359e-03 -4.28454717e-05 -2.44083753e-03 -3.44941397e-05
17               1.22129849e-01 -1.26635331e+00 8.28898938e-03 1.22160043e-01 -1.26366903e+00 8.30696094e-03 -3.01935741e-05 -2.68428334e-03 -1.79715543e-05
18               1.22754770e-01 -1.37366209e+00 8.10243094e-03 1.22797550e-01 -1.37076542e+00 8.10773667e-03 -4.27797886e-05 -2.89667905e-03 -5.30572703e-06
19               1.23006368e-01 -1.46419899e+00 7.95729277e-03 1.23035283e-01 -1.46119857e+00 7.94608980e-03 -2.89154923e-05 -3.00041771e-03 1.12029673e-05
20               1.23937358e-01 -1.53473615e+00 7.66328746e-03 1.23958064e-01 -1.53174968e+00 7.64688799e-03 -2.07065887e-05 -2.98646894e-03 1.63994655e-05
21               1.26652829e-01 -1.57980730e+00 7.24006543e-03 1.26661369e-01 -1.57699588e+00 7.23314845e-03 -8.54006702e-06 -2.81142187e-03 6.91697352e-06
22               1.30583571e-01 -1.58792428e+00 6.77639649e-03 1.30599456e-01 -1.58533694e+00 6.74818434e-03 -1.58852110e-05 -2.58734135e-03 2.82121496e-05
23               1.35817505e-01 -1.55512620e+00 6.34378175e-03 1.35827211e-01 -1.55274979e+00 6.29283977e-03 -9.70576520e-06 -2.37641224e-03 5.09419864e-05
24               1.41949573e-01 -1.47733308e+00 6.01620406e-03 1.41955460e-01 -1.47515636e+00 5.94122762e-03 -5.88772336e-06 -2.17671753e-03 7.49764404e-05
25               1.48142276e-01 -1.36533884e+00 5.88991596e-03 1.48153087e-01 -1.36336139e+00 5.81979025e-03 -1.08114722e-05 -1.97745137e-03 7.01257129e-05
26               1.53127401e-01 -1.21292198e+00 5.95485774e-03 1.53140397e-01 -1.21114193e+00 5.86617087e-03 -1.29961544e-05 -1.78004625e-03 8.86868614e-05
27               1.57783614e-01 -1.02465283e+00 5.92560803e-03 1.57791870e-01 -1.02311398e+00 5.83082675e-03 -8.25564029e-06 -1.53884479e-03 9.47812832e-05
28               1.62473553e-01 -8.16309446e-01 5.78386991e-03 1.62485598e-01 -8.14930866e-01 5.66346677e-03 -1.20449082e-05 -1.37857971e-03 1.20403139e-04
29               1.66400553e-01 -6.07076730e-01 5.62661968e-03 1.66421389e-01 -6.05785712e-01 5.45851373e-03 -2.08367362e-05 -1.29101787e-03 1.68105947e-04
30               1.68749854e-01 -4.16583818e-01 5.41972821e-03 1.68782188e-01 -4.15348689e-01 5.23730363e-03 -3.23340994e-05 -1.23512833e-03 1.82424577e-04
31               1.68644343e-01 -2.50854138e-01 5.28804235e-03 1.68704593e-01 -2.49683125e-01 5.08454770e-03 -6.02494731e-05 -1.17101300e-03 2.03494647e-04
32               1.64444760e-01 -1.20359766e-01 5.36077374e-03 1.64518467e-01 -1.19172324e-01 5.16251392e-03 -7.37069969e-05 -1.18744145e-03 1.98259818e-04
33               1.56390483e-01 -2.45690417e-02 5.60464128e-03 1.56465710e-01 -2.32592328e-02 5.42648074e-03 -7.52267620e-05 -1.30980887e-03 1.78160540e-04
34               1.45015101e-01 2.46091373e-02 5.95576672e-03 1.45095935e-01 2.60860464e-02 5.79881023e-03 -8.08339868e-05 -1.47690910e-03 1.56956490e-04
35               1.32067153e-01 2.21256870e-02 6.28605423e-03 1.32148639e-01 2.37361862e-02 6.16194869e-03 -8.14858405e-05 -1.61049929e-03 1.24105535e-04
36               1.20332130e-01 -2.66532926e-02 6.48646632e-03 1.20418507e-01 -2.48721440e-02 6.37596838e-03 -8.63761895e-05 -1.78114856e-03 1.10497932e-04
37               1.14073225e-01 -1.08894043e-01 6.41603730e-03 1.14139221e-01 -1.06995685e-01 6.32720625e-03 -6.59958051e-05 -1.89835842e-03 8.88310558e-05
38               1.14349995e-01 -2.01231895e-01 6.08797204e-03 1.14393932e-01 -1.99252310e-01 6.03081446e-03 -4.39369384e-05 -1.97958581e-03 5.71575806e-05
39               1.20890346e-01 -2.84753367e-01 5.63880722e-03 1.20903045e-01 -2.82757280e-01 5.59624377e-03 -1.26987132e-05 -1.99608699e-03 4.25634511e-05
40               1.30185889e-01 -3.49942111e-01 5.44145362e-03 1.30167369e-01 -3.47976282e-01 5.33423806e-03 1.85205501e-05 -1.96582845e-03 1.07215563e-04
41               1.38526590e-01 -4.02338561e-01 5.41493394e-03 1.38485542e-01 -4.00393246e-01 5.25487963e-03 4.10480739e-05 -1.94531462e-03 1.60054309e-04
42               1.45512537e-01 -4.46258617e-01 5.31870199e-03 1.45443915e-01 -4.44381681e-01 5.17148143e-03 6.86217218e-05 -1.87693676e-03 1.47220558e-04
43               1.48881252e-01 -4.82777214e-01 5.38226168e-03 1.48820802e-01 -4.81025440e-01 5.20718104e-03 6.04491425e-05 -1.75177374e-03 1.75080639e-04
44               1.49397679e-01 -5.16294756e-01 5.48108098e-03 1.49351367e-01 -5.14632447e-01 5.29407381e-03 4.63121227e-05 -1.66230951e-03 1.87007168e-04
45               1.46657154e-01 -5.50586772e-01 5.87888301e-03 1.46630927e-01 -5.48973964e-01 5.72669218e-03 2.62276417e-05 -1.61280802e-03 1.52190833e-04
46               1.39611035e-01 -5.90687070e-01 6.46313651e-03 1.39607351e-01 -5.89084329e-01 6.33746420e-03 3.68413760e-06 -1.60274090e-03 1.25672309e-04
47               1.32418462e-01 -6.36660284e-01 6.65570325e-03 1.32436302e-01 -6.35035869e-01 6.57509098e-03 -1.78395392e-05 -1.62441482e-03 8.06122715e-05
48               1.27285348e-01 -6.85419582e-01 6.61887851e-03 1.27320428e-01 -6.83749117e-01 6.55675700e-03 -3.50800797e-05 -1.67046586e-03 6.21215101e-05
49               1.23174683e-01 -7.34636361e-01 6.73701132e-03 1.23227482e-01 -7.32895885e-01 6.66546611e-03 -5.27995969e-05 -1.74047608e-03 7.15452040e-05
50               1.20195440e-01 -7.81152857e-01 6.95081101e-03 1.20262983e-01 -7.79326727e-01 6.87275973e-03 -6.75434727e-05 -1.82613044e-03 7.80512841e-05
51               1.20119267e-01 -8.20090880e-01 7.00098036e-03 1.20195069e-01 -8.18172812e-01 6.90766364e-03 -7.58024290e-05 -1.91806764e-03 9.33167217e-05
52               1.22587930e-01 -8.47206569e-01 6.83937142e-03 1.22656019e-01 -8.45197637e-01 6.73468443e-03 -6.80888965e-05 -2.00893180e-03 1.04686993e-04
53               1.26863642e-01 -8.58888521e-01 6.54602108e-03 1.26912423e-01 -8.56833024e-01 6.44275907e-03 -4.87806591e-05 -2.05549738e-03 1.03262008e-04
54               1.32909311e-01 -8.51191020e-01 6.25231950e-03 1.32939736e-01 -8.49145732e-01 6.15451369e-03 -3.04253323e-05 -2.04528741e-03 9.78058054e-05
55               1.39727525e-01 -8.16583040e-01 6.11803827e-03 1.39747089e-01 -8.14588959e-01 6.01808285e-03 -1.95635738e-05 -1.99408154e-03 9.99554286e-05
56               1.46486179e-01 -7.62476247e-01 6.24163652e-03 1.46501539e-01 -7.60575786e-01 6.13424643e-03 -1.53601404e-05 -1.90046078e-03 1.07390086e-04
57               1.52376576e-01 -6.91867804e-01 6.60067518e-03 1.52390904e-01 -6.90081282e-01 6.49047985e-03 -1.43281643e-05 -1.78652195e-03 1.10195330e-04
58               1.56756503e-01 -6.12062137e-01 7.02519347e-03 1.56768258e-01 -6.10412423e-01 6.94085070e-03 -1.17552409e-05 -1.64971362e-03 8.43427639e-05
59               1.59452901e-01 -5.21118002e-01 7.45054157e-03 1.59467670e-01 -5.19610130e-01 7.41008101e-03 -1.47686647e-05 -1.50787243e-03 4.04605641e-05
60               1.59873137e-01 -4.21917643e-01 7.90070113e-03 1.59896627e-01 -4.20547633e-01 7.89738140e-03 -2.34900877e-05 -1.37001016e-03 3.31973733e-06
61               1.58198885e-01 -3.21612072e-01 8.37126245e-03 1.58237753e-01 -3.20348840e-01 8.40392085e-03 -3.88673762e-05 -1.26323296e-03 -3.26584017e-05
62               1.54865646e-01 -2.27335769e-01 8.88107352e-03 1.54920587e-01 -2.26146755e-01 8.93713452e-03 -5.49415750e-05 -1.18901342e-03 -5.60609954e-05
63               1.50566985e-01 -1.48973861e-01 9.34860856e-03 1.50637829e-01 -1.47815833e-01 9.40250106e-03 -7.08445551e-05 -1.15802753e-03 -5.38924990e-05
64               1.46300044e-01 -8.69632887e-02 9.79085697e-03 1.46377221e-01 -8.58163209e-02 9.83862389e-03 -7.71766963e-05 -1.14696786e-03 -4.77669216e-05
65               1.43132942e-01 -4.80515239e-02 1.01769419e-02 1.43212805e-01 -4.69011062e-02 1.02030698e-02 -7.98631387e-05 -1.15041775e-03 -2.61279041e-05
66               1.42110739e-01 -3.45632072e-02 1.04593641e-02 1.42191537e-01 -3.34113308e-02 1.04687248e-02 -8.07976352e-05 -1.15187642e-03 -9.36068219e-06
67               1.43837104e-01 -4.39171053e-02 1.06008930e-02 1.43915840e-01 -4.27663844e-02 1.06098641e-02 -7.87361015e-05 -1.15072089e-03 -8.97113458e-06
68               1.47829157e-01 -7.22714512e-02 1.06183837e-02 1.47904884e-01 -7.11285896e-02 1.06426730e-02 -7.57267540e-05 -1.14286161e-03 -2.42893493e-05
69               1.53003409e-01 -1.13074329e-01 1.05718390e-02 1.53075831e-01 -1.11920776e-01 1.06174701e-02 -7.24218976e-05 -1.15355306e-03 -4.56310873e-05
70               1.58324869e-01 -1.63616994e-01 1.05228809e-02 1.58386371e-01 -1.62408007e-01 1.05590051e-02 -6.15018920e-05 -1.20898758e-03 -3.61242171e-05
71               1.63169265e-01 -2.21507511e-01 1.04946315e-02 1.63221356e-01 -2.20201048e-01 1.05055799e-02 -5.20913816e-05 -1.30646298e-03 -1.09484505e-05
72               1.67244822e-01 -2.83226263e-01 1.04980860e-02 1.67291068e-01 -2.81821920e-01 1.04809206e-02 -4.62464623e-05 -1.40434375e-03 1.71654000e-05
73               1.69957314e-01 -3.45014956e-01 1.05852590e-02 1.70008047e-01 -3.43515616e-01 1.05314392e-02 -5.07334729e-05 -1.49934037e-03 5.38197956e-05
74               1.71226207e-01 -4.04113571e-01 1.07350825e-02 1.71281072e-01 -4.02534090e-01 1.06546851e-02 -5.48645898e-05 -1.57948164e-03 8.03974419e-05
75               1.71364900e-01 -4.58369459e-01 1.09510312e-02 1.71414906e-01 -4.56739570e-01 1.08564671e-02 -5.00061191e-05 -1.62988876e-03 9.45641017e-05
76               1.70995233e-01 -5.05766501e-01 1.12017573e-02 1.71039188e-01 -5.04111487e-01 1.11089061e-02 -4.39553374e-05 -1.65501358e-03 9.28512001e-05
77               1.70670503e-01 -5.44902121e-01 1.14697700e-02 1.70705294e-01 -5.43244527e-01 1.13792253e-02 -3.47904695e-05 -1.65759373e-03 9.05446440e-05
78               1.71406189e-01 -5.74802217e-01 1.17242155e-02 1.71433988e-01 -5.73155478e-01 1.16383051e-02 -2.77994184e-05 -1.64673885e-03 8.59104815e-05
79               1.72714420e-01 -5.95407994e-01 1.20758867e-02 1.72744113e-01 -5.93776339e-01 1.19885602e-02 -2.96927065e-05 -1.63165497e-03 8.73265112e-05
80               1.72782432e-01 -6.08428357e-01 1.25206657e-02 1.72821236e-01 -6.06805385e-01 1.24192902e-02 -3.88041933e-05 -1.62297218e-03 1.01375455e-04
81               1.73478371e-01 -6.16258320e-01 1.24798752e-02 1.73515972e-01 -6.14638011e-01 1.23767471e-02 -3.76008507e-05 -1.62030923e-03 1.03128108e-04
82               1.76989979e-01 -6.17957112e-01 1.18706294e-02 1.77022273e-01 -6.16346879e-01 1.17949838e-02 -3.22947563e-05 -1.61023269e-03 7.56455937e-05
83               1.82667023e-01 -6.11808461e-01 1.11193063e-02 1.82699399e-01 -6.10215597e-01 1.10677130e-02 -3.23765949e-05 -1.59286422e-03 5.15932758e-05
84               1.88966607e-01 -5.97130353e-01 1.05311623e-02 1.88999973e-01 -5.95555363e-01 1.04874508e-02 -3.33663247e-05 -1.57498912e-03 4.37115200e-05
85               1.95052472e-01 -5.74359109e-01 1.01313513e-02 1.95084903e-01 -5.72799304e-01 1.00826909e-02 -3.24308165e-05 -1.55980429e-03 4.86604558e-05
86               2.00678232e-01 -5.43856120e-01 9.85950457e-03 2.00709787e-01 -5.42314656e-01 9.80041294e-03 -3.15548509e-05 -1.54146343e-03 5.90916253e-05
87               2.05312338e-01 -5.05812194e-01 9.69498683e-03 2.05344097e-01 -5.04294676e-01 9.62279114e-03 -3.17587974e-05 -1.51751835e-03 7.21956861e-05
88               2.08236670e-01 -4.61028955e-01 9.63829034e-03 2.08269604e-01 -4.59539531e-01 9.54848008e-03 -3.29335663e-05 -1.48942310e-03 8.98102579e-05
89               2.09180319e-01 -4.11041017e-01 9.62605621e-03 2.09214251e-01 -4.09580361e-01 9.51608081e-03 -3.39315794e-05 -1.46065582e-03 1.09975394e-04
90               2.08274690e-01 -3.58225770e-01 9.58994546e-03 2.08310054e-01 -3.56795776e-01 9.45831509e-03 -3.53635220e-05 -1.42999392e-03 1.31630373e-04
91               2.06138387e-01 -3.04193003e-01 9.47667752e-03 2.06173588e-01 -3.02796344e-01 9.32522017e-03 -3.52009239e-05 -1.39665905e-03 1.51457351e-04
92               2.03177608e-01 -2.50066717e-01 9.29907407e-03 2.03214012e-01 -2.48707537e-01 9.12745526e-03 -3.64038118e-05 -1.35917995e-03 1.71618808e-04
93               1.99710895e-01 -1.96738618e-01 9.06330608e-03 1.99748798e-01 -1.95416200e-01 8.88500619e-03 -3.79024327e-05 -1.32241830e-03 1.78299883e-04
94               1.95942998e-01 -1.48177528e-01 8.80642341e-03 1.95981366e-01 -1.46889264e-01 8.62991216e-03 -3.83681054e-05 -1.28826413e-03 1.76511252e-04
95               1.91293235e-01 -1.00047916e-01 8.55270770e-03 1.91332448e-01 -9.87938127e-02 8.39480048e-03 -3.92123738e-05 -1.25410346e-03 1.57907218e-04
96               1.85529036e-01 -5.64942011e-02 8.33389095e-03 1.85568851e-01 -5.52731263e-02 8.19078842e-03 -3.98150085e-05 -1.22107484e-03 1.43102527e-04
97               1.78667269e-01 -2.14109685e-02 8.14345357e-03 1.78709908e-01 -2.02144654e-02 8.02454235e-03 -4.26395292e-05 -1.19650308e-03 1.18911220e-04
98               1.70907394e-01 1.63534741e-03 8.03087920e-03 1.70955594e-01 2.82032076e-03 7.92809891e-03 -4.81999366e-05 -1.18497336e-03 1.02780286e-04
99               1.62355207e-01 9.63942885e-03 8.04371083e-03 1.62414541e-01 1.08350360e-02 7.95980093e-03 -5.93348387e-05 -1.19560717e-03 8.39099007e-05
100              1.54003923e-01 8.55328240e-04 8.20533582e-03 1.54074513e-01 2.06689617e-03 8.12841265e-03 -7.05891917e-05 -1.21156793e-03 7.69231774e-05
101              1.46323054e-01 -2.82239709e-02 8.46867346e-03 1.46401100e-01 -2.69873226e-02 8.40485501e-03 -7.80459825e-05 -1.23664827e-03 6.38184499e-05
102              1.39539034e-01 -6.65212992e-02 8.77917788e-03 1.39619062e-01 -6.52533649e-02 8.72592955e-03 -8.00274216e-05 -1.26793433e-03 5.32483290e-05
103              1.34082547e-01 -1.16968651e-01 9.01982806e-03 1.34162050e-01 -1.15666758e-01 8.98692237e-03 -7.95033931e-05 -1.30189326e-03 3.29056934e-05
104              1.30172098e-01 -1.77320758e-01 9.20232618e-03 1.30250358e-01 -1.75986592e-01 9.19463694e-03 -7.82606535e-05 -1.33416560e-03 7.68924413e-06
105              1.27426113e-01 -2.43418016e-01 9.38969428e-03 1.27502112e-01 -2.42058361e-01 9.39370351e-03 -7.59995417e-05 -1.35965503e-03 -4.00922771e-06
106              1.25805552e-01 -3.11096173e-01 9.56242029e-03 1.25877975e-01 -3.09713571e-01 9.57498143e-03 -7.24224318e-05 -1.38260193e-03 -1.25611490e-05
107              1.25434120e-01 -3.76141871e-01 9.71980211e-03 1.25506459e-01 -3.74733418e-01 9.73701279e-03 -7.23398165e-05 -1.40845341e-03 -1.72106824e-05
108              1.26509653e-01 -4.32276467e-01 9.85852308e-03 1.26582772e-01 -4.30830662e-01 9.87790931e-03 -7.31195545e-05 -1.44580449e-03 -1.93862383e-05
109              1.29117884e-01 -4.82248566e-01 9.99859205e-03 1.29192207e-01 -4.80761847e-01 1.00200551e-02 -7.43233143e-05 -1.48671883e-03 -2.14630918e-05
110              1.33090221e-01 -5.22967550e-01 1.01874507e-02 1.33164530e-01 -5.21435833e-01 1.02006406e-02 -7.43090206e-05 -1.53171737e-03 -1.31899536e-05
111              1.38424643e-01 -5.53170969e-01 1.04377690e-02 1.38492949e-01 -5.51604745e-01 1.04424570e-02 -6.83061251e-05 -1.56622431e-03 -4.68798569e-06
112              1.44649417e-01 -5.72440007e-01 1.07973564e-02 1.44711414e-01 -5.70858670e-01 1.07869178e-02 -6.19972984e-05 -1.58133611e-03 1.04385781e-05
113              1.51023291e-01 -5.81754696e-01 1.12556185e-02 1.51077546e-01 -5.80181548e-01 1.12165584e-02 -5.42555159e-05 -1.57314817e-03 3.90601260e-05
114              1.56533661e-01 -5.80193636e-01 1.16404458e-02 1.56580297e-01 -5.78633398e-01 1.15685005e-02 -4.66362398e-05 -1.56023875e-03 7.19453021e-05
115              1.62588570e-01 -5.69761348e-01 1.16696715e-02 1.62623588e-01 -5.68224337e-01 1.15634421e-02 -3.50182545e-05 -1.53701051e-03 1.06229494e-04
116              1.70142478e-01 -5.50991248e-01 1.13211993e-02 1.70167012e-01 -5.49479558e-01 1.11870887e-02 -2.45334963e-05 -1.51169055e-03 1.34110540e-04
117              1.78746365e-01 -5.24081380e-01 1.07981197e-02 1.78765516e-01 -5.22598172e-01 1.06392473e-02 -1.91510982e-05 -1.48320795e-03 1.58872400e-04
118              1.87645140e-01 -4.90063550e-01 1.02671446e-02 1.87662186e-01 -4.88611627e-01 1.00959199e-02 -1.70464068e-05 -1.45192297e-03 1.71224679e-04
119              1.95787378e-01 -4.50672797e-01 9.84033500e-03 1.95803588e-01 -4.49252689e-01 9.66162153e-03 -1.62101911e-05 -1.42010781e-03 1.78713477e-04
120              2.02216522e-01 -4.07771666e-01 9.51286736e-03 2.02233633e-01 -4.06380497e-01 9.33290870e-03 -1.71114832e-05 -1.39116915e-03 1.79958659e-04
121              2.06444153e-01 -3.63109245e-01 9.22781010e-03 2.06462287e-01 -3.61742926e-01 9.04960039e-03 -1.81346347e-05 -1.36631892e-03 1.78209706e-04
122              2.08187227e-01 -3.18244399e-01 8.95668038e-03 2.08207773e-01 -3.16896977e-01 8.78677151e-03 -2.05459663e-05 -1.34742132e-03 1.69908866e-04
123              2.07412044e-01 -2.77303833e-01 8.70059830e-03 2.07437277e-01 -2.75968725e-01 8.53421022e-03 -2.52324436e-05 -1.33510813e-03 1.66388088e-04
124              2.04681153e-01 -2.37073061e-01 8.42642138e-03 2.04711535e-01 -2.35747852e-01 8.26716283e-03 -3.03818810e-05 -1.32520875e-03 1.59258554e-04
125              2.00296619e-01 -1.99720262e-01 8.16631515e-03 2.00332874e-01 -1.98400195e-01 8.00798564e-03 -3.62547499e-05 -1.32006690e-03 1.58329511e-04
126              1.94839274e-01 -1.66517947e-01 7.93343566e-03 1.94879174e-01 -1.65199717e-01 7.77858529e-03 -3.98995109e-05 -1.31823023e-03 1.54850368e-04
127              1.88750210e-01 -1.38023113e-01 7.75274300e-03 1.88791796e-01 -1.36704119e-01 7.59240746e-03 -4.15861966e-05 -1.31899438e-03 1.60335541e-04
128              1.82677138e-01 -1.14652582e-01 7.59437328e-03 1.82718024e-01 -1.13333683e-01 7.43456277e-03 -4.08858080e-05 -1.31889870e-03 1.59810517e-04
129              1.76761665e-01 -9.68262121e-02 7.48491670e-03 1.76800898e-01 -9.55074955e-02 7.31895102e-03 -3.92332735e-05 -1.31871655e-03 1.65965681e-04
130              1.70777815e-01 -8.44952898e-02 7.41433132e-03 1.70816445e-01 -8.31704710e-02 7.24818913e-03 -3.86296143e-05 -1.32481881e-03 1.66142193e-04
131              1.65133046e-01 -7.93357227e-02 7.39215233e-03 1.65171205e-01 -7.80088641e-02 7.22164306e-03 -3.81595678e-05 -1.32685861e-03 1.70509272e-04
132              1.59634387e-01 -8.09491451e-02 7.41102462e-03 1.59673525e-01 -7.96157760e-02 7.24796486e-03 -3.91377795e-05 -1.33336906e-03 1.63059762e-04
133              1.53955775e-01 -9.20796517e-02 7.51407894e-03 1.53996688e-01 -9.07337862e-02 7.36143588e-03 -4.09125329e-05 -1.34586553e-03 1.52643063e-04
134              1.48385075e-01 -1.10210656e-01 7.67308216e-03 1.48427825e-01 -1.08848252e-01 7.54275685e-03 -4.27498360e-05 -1.36240407e-03 1.30325315e-04
135              1.43095302e-01 -1.35313948e-01 7.85708020e-03 1.43140047e-01 -1.33933719e-01 7.75288704e-03 -4.47447356e-05 -1.38022928e-03 1.04193159e-04
136              1.38365097e-01 -1.67162062e-01 8.02529346e-03 1.38411936e-01 -1.65766679e-01 7.95325047e-03 -4.68388355e-05 -1.39538369e-03 7.20429849e-05
137              1.34303114e-01 -2.01779532e-01 8.17454527e-03 1.34351197e-01 -2.00370754e-01 8.13095408e-03 -4.80837626e-05 -1.40877823e-03 4.35911864e-05
138              1.30938672e-01 -2.40520330e-01 8.31104242e-03 1.30988424e-01 -2.39100972e-01 8.29798887e-03 -4.97516217e-05 -1.41935746e-03 1.30535509e-05
139              1.28058679e-01 -2.81594783e-01 8.50213084e-03 1.28111286e-01 -2.80168341e-01 8.50827871e-03 -5.26075458e-05 -1.42644157e-03 -6.14787502e-06
140              1.25756685e-01 -3.22977714e-01 8.73405797e-03 1.25810882e-01 -3.21547646e-01 8.75463140e-03 -5.41962078e-05 -1.43006742e-03 -2.05734266e-05
141              1.24051530e-01 -3.62925127e-01 9.00948707e-03 1.24104513e-01 -3.61486602e-01 9.03119407e-03 -5.29826124e-05 -1.43852532e-03 -2.17070061e-05
142              1.23087810e-01 -3.97861892e-01 9.27225329e-03 1.23138175e-01 -3.96403816e-01 9.29996455e-03 -5.03652998e-05 -1.45807594e-03 -2.77112585e-05
143              1.22999353e-01 -4.30053277e-01 9.53271366e-03 1.23046564e-01 -4.28574721e-01 9.56261390e-03 -4.72113532e-05 -1.47855547e-03 -2.99002363e-05
144              1.23958257e-01 -4.57069993e-01 9.78986235e-03 1.24003090e-01 -4.55571237e-01 9.82984003e-03 -4.48323974e-05 -1.49875574e-03 -3.99776740e-05
145              1.25964033e-01 -4.77611887e-01 1.00859520e-02 1.26008281e-01 -4.76098015e-01 1.01328106e-02 -4.42486576e-05 -1.51387250e-03 -4.68586021e-05
146              1.28974833e-01 -4.90981628e-01 1.04494836e-02 1.29018466e-01 -4.89461603e-01 1.05017780e-02 -4.36330270e-05 -1.52002576e-03 -5.22943173e-05
147              1.32757819e-01 -4.96791587e-01 1.09296281e-02 1.32802779e-01 -4.95278004e-01 1.09750422e-02 -4.49596534e-05 -1.51358365e-03 -4.54140943e-05
148              1.36338226e-01 -4.94172391e-01 1.14909906e-02 1.36383776e-01 -4.92665348e-01 1.15225755e-02 -4.55497114e-05 -1.50704213e-03 -3.15848408e-05
149              1.39222206e-01 -4.82332667e-01 1.19890119e-02 1.39266972e-01 -4.80837996e-01 1.19982178e-02 -4.47657350e-05 -1.49467112e-03 -9.20587678e-06
150              1.42209890e-01 -4.64201906e-01 1.21300636e-02 1.42248980e-01 -4.62723903e-01 1.21176682e-02 -3.90900344e-05 -1.47800347e-03 1.23953408e-05
151              1.46875927e-01 -4.40321408e-01 1.18274586e-02 1.46910278e-01 -4.38867595e-01 1.17961168e-02 -3.43513595e-05 -1.45381238e-03 3.13417361e-05
152              1.53448974e-01 -4.10862629e-01 1.13015371e-02 1.53482132e-01 -4.09441239e-01 1.12621021e-02 -3.31579974e-05 -1.42139027e-03 3.94350340e-05
153              1.60713312e-01 -3.78951932e-01 1.08853623e-02 1.60747019e-01 -3.77563355e-01 1.08360802e-02 -3.37072601e-05 -1.38857709e-03 4.92821096e-05
154              1.68041583e-01 -3.44967300e-01 1.06446768e-02 1.68072278e-01 -3.43603650e-01 1.06003401e-02 -3.06947382e-05 -1.36364985e-03 4.43367748e-05
155              1.74676784e-01 -3.10467390e-01 1.05693506e-02 1.74703087e-01 -3.09118963e-01 1.05277090e-02 -2.63032937e-05 -1.34842691e-03 4.16416063e-05
156              1.80309835e-01 -2.77413382e-01 1.05726586e-02 1.80333117e-01 -2.76069472e-01 1.05367055e-02 -2.32818049e-05 -1.34390953e-03 3.59530799e-05
157              1.84414816e-01 -2.49192039e-01 1.06258777e-02 1.84439438e-01 -2.47848048e-01 1.05824329e-02 -2.46224119e-05 -1.34399072e-03 4.34447547e-05
158              1.87274439e-01 -2.23465474e-01 1.06791338e-02 1.87301072e-01 -2.22119122e-01 1.06231733e-02 -2.66327675e-05 -1.34635196e-03 5.59605111e-05
159              1.88913788e-01 -2.01418967e-01 1.06971442e-02 1.88944578e-01 -2.00067860e-01 1.06172851e-02 -3.07907181e-05 -1.35110638e-03 7.98590838e-05
160              1.89582161e-01 -1.83406307e-01 1.06513609e-02 1.89615247e-01 -1.82050524e-01 1.05466482e-02 -3.30860622e-05 -1.35578328e-03 1.04712718e-04
161              1.89584246e-01 -1.69117109e-01 1.05576638e-02 1.89618807e-01 -1.67758986e-01 1.04214875e-02 -3.45605673e-05 -1.35812325e-03 1.36176221e-04
162              1.89336388e-01 -1.58186519e-01 1.04111696e-02 1.89368188e-01 -1.56828972e-01 1.02483295e-02 -3.18008117e-05 -1.35754689e-03 1.62840160e-04
163              1.88985789e-01 -1.50495212e-01 1.02315451e-02 1.89012870e-01 -1.49139305e-01 1.00486088e-02 -2.70811766e-05 -1.35590632e-03 1.82936314e-04
164              1.88549426e-01 -1.45879286e-01 1.00116422e-02 1.88569848e-01 -1.44522793e-01 9.82555124e-03 -2.04224028e-05 -1.35649339e-03 1.86090969e-04
165              1.87405413e-01 -1.46369551e-01 9.77878147e-03 1.87420309e-01 -1.45013862e-01 9.60104661e-03 -1.48957857e-05 -1.35568878e-03 1.77734855e-04
166              1.85716635e-01 -1.49990315e-01 9.51702100e-03 1.85725244e-01 -1.48630929e-01 9.35331585e-03 -8.60926408e-06 -1.35938645e-03 1.63705147e-04
167              1.83642192e-01 -1.57227910e-01 9.21875324e-03 1.83649219e-01 -1.55859107e-01 9.07276465e-03 -7.02719295e-06 -1.36880245e-03 1.45988586e-04
168              1.81300820e-01 -1.68931042e-01 8.90688725e-03 1.81308372e-01 -1.67547856e-01 8.78093133e-03 -7.55207714e-06 -1.38318607e-03 1.25955914e-04
169              1.78694209e-01 -1.85735992e-01 8.60161141e-03 1.78705903e-01 -1.84334001e-01 8.49732637e-03 -1.16939282e-05 -1.40199131e-03 1.04285042e-04
170              1.75600301e-01 -2.07809968e-01 8.32155772e-03 1.75616212e-01 -2.06387534e-01 8.23972596e-03 -1.59105257e-05 -1.42243357e-03 8.18317556e-05
171              1.71794095e-01 -2.34473270e-01 8.08598914e-03 1.71815500e-01 -2.33031810e-01 8.02546533e-03 -2.14049735e-05 -1.44146021e-03 6.05238095e-05
172              1.67466125e-01 -2.62421443e-01 7.89414636e-03 1.67493853e-01 -2.60966291e-01 7.85690885e-03 -2.77280473e-05 -1.45515222e-03 3.72375050e-05
173              1.62285960e-01 -2.92447786e-01 7.79573591e-03 1.62320647e-01 -2.90985841e-01 7.77766345e-03 -3.46873076e-05 -1.46194497e-03 1.80724564e-05
174              1.56588900e-01 -3.23153790e-01 7.78423615e-03 1.56628098e-01 -3.21690621e-01 7.78840760e-03 -3.91984460e-05 -1.46316929e-03 -4.17144992e-06
175              1.50679109e-01 -3.53321537e-01 7.85126097e-03 1.50718853e-01 -3.51857883e-01 7.87215027e-03 -3.97434090e-05 -1.46365346e-03 -2.08892972e-05
176              1.44967725e-01 -3.80265824e-01 7.95093212e-03 1.45005998e-01 -3.78792045e-01 7.98839327e-03 -3.82728977e-05 -1.47377931e-03 -3.74611564e-05
177              1.39408580e-01 -4.05814898e-01 8.07429765e-03 1.39446312e-01 -4.04329419e-01 8.12292196e-03 -3.77322497e-05 -1.48547935e-03 -4.86243073e-05
178              1.34560048e-01 -4.28079735e-01 8.20081892e-03 1.34598476e-01 -4.26581614e-01 8.26326456e-03 -3.84281986e-05 -1.49812019e-03 -6.24456449e-05
179              1.30780036e-01 -4.45673348e-01 8.38614823e-03 1.30820302e-01 -4.44165147e-01 8.46042850e-03 -4.02659542e-05 -1.50820103e-03 -7.42802649e-05
180              1.27850717e-01 -4.57621564e-01 8.69796461e-03 1.27893246e-01 -4.56109631e-01 8.78174582e-03 -4.25287232e-05 -1.51193335e-03 -8.37812054e-05
181              1.25473460e-01 -4.62938485e-01 9.16780935e-03 1.25518987e-01 -4.61434554e-01 9.25024789e-03 -4.55268313e-05 -1.50393146e-03 -8.24385374e-05
182              1.23749338e-01 -4.59164401e-01 9.73994851e-03 1.23797104e-01 -4.57671783e-01 9.82108483e-03 -4.77655501e-05 -1.49261788e-03 -8.11363201e-05
183              1.21945184e-01 -4.48924259e-01 1.03427673e-02 1.21994480e-01 -4.47448454e-01 1.04146134e-02 -4.92958313e-05 -1.47580469e-03 -7.18460911e-05
184              1.20796749e-01 -4.33532692e-01 1.07791153e-02 1.20844626e-01 -4.32077191e-01 1.08499322e-02 -4.78766747e-05 -1.45550145e-03 -7.08169177e-05
185              1.21433658e-01 -4.12873219e-01 1.09700942e-02 1.21480314e-01 -4.11446851e-01 1.10408782e-02 -4.66560943e-05 -1.42636816e-03 -7.07839774e-05
186              1.24640392e-01 -3.87086229e-01 1.09862306e-02 1.24687443e-01 -3.85692365e-01 1.10612376e-02 -4.70510487e-05 -1.39386460e-03 -7.50069703e-05
187              1.30219452e-01 -3.57613395e-01 1.10035507e-02 1.30266882e-01 -3.56247904e-01 1.10774823e-02 -4.74293179e-05 -1.36549129e-03 -7.39316582e-05
188              1.37036404e-01 -3.27929539e-01 1.11682140e-02 1.37078250e-01 -3.26580163e-01 1.12454962e-02 -4.18462985e-05 -1.34937572e-03 -7.72821737e-05
189              1.44802688e-01 -2.99216034e-01 1.14350258e-02 1.44837944e-01 -2.97871044e-01 1.15044430e-02 -3.52556672e-05 -1.34499056e-03 -6.94172080e-05
190              1.53055482e-01 -2.72511809e-01 1.17317803e-02 1.53084478e-01 -2.71162821e-01 1.17850203e-02 -2.89961897e-05 -1.34898798e-03 -5.32400053e-05
191              1.60739713e-01 -2.50400960e-01 1.20584740e-02 1.60768140e-01 -2.49044808e-01 1.20717178e-02 -2.84268621e-05 -1.35615235e-03 -1.32437859e-05
192              1.68122008e-01 -2.30992362e-01 1.23346571e-02 1.68149328e-01 -2.29627338e-01 1.22999749e-02 -2.73195220e-05 -1.36502399e-03 3.46822215e-05
193              1.75079631e-01 -2.14956550e-01 1.24930761e-02 1.75106720e-01 -2.13582297e-01 1.23941567e-02 -2.70887001e-05 -1.37425359e-03 9.89194716e-05
194              1.81601581e-01 -2.02140350e-01 1.24987013e-02 1.81626283e-01 -2.00758190e-01 1.23419517e-02 -2.47017188e-05 -1.38215985e-03 1.56749586e-04
195              1.87694772e-01 -1.91913296e-01 1.23750309e-02 1.87715842e-01 -1.90528628e-01 1.21611313e-02 -2.10708626e-05 -1.38466752e-03 2.13899607e-04
196              1.93479605e-01 -1.83667854e-01 1.21262528e-02 1.93493559e-01 -1.82284600e-01 1.18758581e-02 -1.39547339e-05 -1.38325393e-03 2.50394743e-04
197              1.99186259e-01 -1.76706176e-01 1.17786680e-02 1.99192531e-01 -1.75325692e-01 1.15066686e-02 -6.27236012e-06 -1.38048435e-03 2.71999423e-04
198              2.03725735e-01 -1.72732962e-01 1.13665562e-02 2.03722772e-01 -1.71358252e-01 1.11041534e-02 2.96262566e-06 -1.37470982e-03 2.62402851e-04
199              2.06604997e-01 -1.70545112e-01 1.09536325e-02 2.06594230e-01 -1.69175477e-01 1.07126967e-02 1.07670833e-05 -1.36963497e-03 2.40935821e-04
200              2.08097177e-01 -1.70718702e-01 1.04872785e-02 2.08078100e-01 -1.69349251e-01 1.02813053e-02 1.90767516e-05 -1.36945037e-03 2.05973144e-04
201              2.08302501e-01 -1.74261775e-01 9.97975216e-03 2.08280219e-01 -1.72886947e-01 9.80091819e-03 2.22820611e-05 -1.37482798e-03 1.78833972e-04
202              2.07407032e-01 -1.82257332e-01 9.41671325e-03 2.07384479e-01 -1.80868875e-01 9.26788833e-03 2.25538784e-05 -1.38845683e-03 1.48824920e-04
203              2.05298525e-01 -1.95724348e-01 8.82726719e-03 2.05280734e-01 -1.94316369e-01 8.70121651e-03 1.77916341e-05 -1.40797918e-03 1.26050682e-04
204              2.01766012e-01 -2.14945906e-01 8.23354505e-03 2.01754798e-01 -2.13514893e-01 8.13124842e-03 1.12138740e-05 -1.43101253e-03 1.02296631e-04
205              1.96517813e-01 -2.39318324e-01 7.69470850e-03 1.96517180e-01 -2.37866874e-01 7.60834536e-03 6.32253056e-07 -1.45145024e-03 8.63631350e-05
206              1.90346766e-01 -2.65513506e-01 7.19347396e-03 1.90356264e-01 -2.64048664e-01 7.13262476e-03 -9.49804593e-06 -1.46484278e-03 6.08491956e-05
207              1.82600968e-01 -2.94231182e-01 6.83567328e-03 1.82620073e-01 -2.92760804e-01 6.79907507e-03 -1.91043709e-05 -1.47037787e-03 3.65982087e-05
208              1.73869515e-01 -3.23934022e-01 6.60739704e-03 1.73894574e-01 -3.22462551e-01 6.60149877e-03 -2.50581876e-05 -1.47147136e-03 5.89827659e-06
209              1.64420253e-01 -3.53176472e-01 6.51129006e-03 1.64447016e-01 -3.51705040e-01 6.53288377e-03 -2.67628330e-05 -1.47143211e-03 -2.15937027e-05
210              1.54884734e-01 -3.79363048e-01 6.49703594e-03 1.54911178e-01 -3.77883928e-01 6.54573876e-03 -2.64436712e-05 -1.47911948e-03 -4.87028150e-05
211              1.44889303e-01 -4.04057014e-01 6.56173930e-03 1.44918569e-01 -4.02569906e-01 6.63386895e-03 -2.92667064e-05 -1.48710866e-03 -7.21296501e-05
212              1.35113377e-01 -4.25471125e-01 6.69831304e-03 1.35146510e-01 -4.23974356e-01 6.79436101e-03 -3.31334836e-05 -1.49676927e-03 -9.60479733e-05
213              1.26046922e-01 -4.42191108e-01 6.94908587e-03 1.26084890e-01 -4.40686558e-01 7.06978604e-03 -3.79676949e-05 -1.50454986e-03 -1.20700174e-04
214              1.17110726e-01 -4.53447522e-01 7.40357963e-03 1.17156093e-01 -4.51942684e-01 7.54195235e-03 -4.53675253e-05 -1.50483842e-03 -1.38372721e-04
215              1.09278658e-01 -4.56117845e-01 8.02190597e-03 1.09332851e-01 -4.54618979e-01 8.16980572e-03 -5.41923111e-05 -1.49886528e-03 -1.47899746e-04
216              1.02110055e-01 -4.52070607e-01 8.75377315e-03 1.02171128e-01 -4.50584048e-01 8.90719763e-03 -6.10727590e-05 -1.48655894e-03 -1.53424480e-04
217              9.59113858e-02 -4.42365794e-01 9.48623019e-03 9.59789687e-02 -4.40896031e-01 9.64120792e-03 -6.75829128e-05 -1.46976321e-03 -1.54977730e-04
218              9.15187181e-02 -4.27519920e-01 1.01177643e-02 9.15875762e-02 -4.26073081e-01 1.02786474e-02 -6.88581269e-05 -1.44683923e-03 -1.60883099e-04
219              9.02822787e-02 -4.07357193e-01 1.06046055e-02 9.03499407e-02 -4.05941791e-01 1.07655649e-02 -6.76620385e-05 -1.41540172e-03 -1.60959347e-04
220              9.28874330e-02 -3.82346341e-01 1.10183366e-02 9.29520791e-02 -3.80962237e-01 1.11796752e-02 -6.46461105e-05 -1.38410336e-03 -1.61338588e-04
221              9.85611475e-02 -3.55437304e-01 1.15269446e-02 9.86182628e-02 -3.54077772e-01 1.16789532e-02 -5.71152317e-05 -1.35953194e-03 -1.52008642e-04
222              1.07329500e-01 -3.27312648e-01 1.20723492e-02 1.07372372e-01 -3.25964555e-01 1.22185947e-02 -4.28725191e-05 -1.34809301e-03 -1.46245584e-04
223              1.18458244e-01 -2.99418384e-01 1.26033875e-02 1.18487662e-01 -2.98072911e-01 1.27335373e-02 -2.94183701e-05 -1.34547290e-03 -1.30149754e-04
224              1.31178116e-01 -2.73427587e-01 1.30844314e-02 1.31199116e-01 -2.72075142e-01 1.31853733e-02 -2.10005677e-05 -1.35244511e-03 -1.00941880e-04
225              1.43819271e-01 -2.51929270e-01 1.35378826e-02 1.43839932e-01 -2.50568372e-01 1.35885353e-02 -2.06613457e-05 -1.36089834e-03 -5.06526846e-05
226              1.56683818e-01 -2.32969692e-01 1.39116577e-02 1.56702492e-01 -2.31599923e-01 1.38958424e-02 -1.86738860e-05 -1.36976901e-03 1.58152927e-05
227              1.69164895e-01 -2.17255752e-01 1.41512314e-02 1.69183072e-01 -2.15877255e-01 1.40515824e-02 -1.81773922e-05 -1.37849712e-03 9.96490332e-05
228              1.80913554e-01 -2.04669155e-01 1.42183592e-02 1.80929587e-01 -2.03283895e-01 1.40395723e-02 -1.60328857e-05 -1.38525980e-03 1.78786884e-04
229              1.91863635e-01 -1.94688341e-01 1.41115186e-02 1.91875012e-01 -1.93301490e-01 1.38656407e-02 -1.13774145e-05 -1.38685080e-03 2.45877962e-04
230              2.02678967e-01 -1.86191390e-01 1.38305138e-02 2.02682389e-01 -1.84804204e-01 1.35377058e-02 -3.42244697e-06 -1.38718580e-03 2.92807968e-04
231              2.11844547e-01 -1.80111752e-01 1.34667622e-02 2.11838917e-01 -1.78730198e-01 1.31544199e-02 5.62957915e-06 -1.38155377e-03 3.12342284e-04
232              2.19438871e-01 -1.76675198e-01 1.30095037e-02 2.19422162e-01 -1.75298975e-01 1.27077357e-02 1.67086518e-05 -1.37622325e-03 3.01767982e-04
233              2.25097781e-01 -1.74947884e-01 1.24875351e-02 2.25069920e-01 -1.73573939e-01 1.22142771e-02 2.78606213e-05 -1.37394486e-03 2.73257986e-04
234              2.29182936e-01 -1.75685709e-01 1.18593160e-02 2.29143344e-01 -1.74309293e-01 1.16190902e-02 3.95923865e-05 -1.37641536e-03 2.40225809e-04
235              2.31931779e-01 -1.79900226e-01 1.11113786e-02 2.31885566e-01 -1.78515330e-01 1.08976971e-02 4.62129078e-05 -1.38489650e-03 2.13681490e-04
236              2.33571692e-01 -1.88634346e-01 1.02416141e-02 2.33521715e-01 -1.87233952e-01 1.00490718e-02 4.99776243e-05 -1.40039422e-03 1.92542224e-04
237              2.33772973e-01 -2.02703090e-01 9.29530572e-03 2.33724070e-01 -2.01282059e-01 9.12493624e-03 4.89037191e-05 -1.42103069e-03 1.70369486e-04
238              2.31775992e-01 -2.22228750e-01 8.35475511e-03 2.31733262e-01 -2.20785173e-01 8.19982563e-03 4.27300684e-05 -1.44357752e-03 1.54929485e-04
239              2.28039852e-01 -2.44440749e-01 7.45558702e-03 2.28009118e-01 -2.42979069e-01 7.32368371e-03 3.07345602e-05 -1.46167997e-03 1.31903310e-04
240              2.21268678e-01 -2.70442005e-01 6.72681541e-03 2.21252037e-01 -2.68969025e-01 6.62137265e-03 1.66406609e-05 -1.47297993e-03 1.05442763e-04
241              2.11701267e-01 -2.98709620e-01 6.17899738e-03 2.11699043e-01 -2.97232684e-01 6.10939719e-03 2.22381978e-06 -1.47693618e-03 6.96001887e-05
242              1.99939762e-01 -3.27625480e-01 5.79877035e-03 1.99947664e-01 -3.26147840e-01 5.77457151e-03 -7.90188516e-06 -1.47763973e-03 2.41988417e-05
243              1.86339229e-01 -3.55893691e-01 5.56845313e-03 1.86351909e-01 -3.54416113e-01 5.59060201e-03 -1.26799773e-05 -1.47757844e-03 -2.21488775e-05
244              1.71987372e-01 -3.81041117e-01 5.43927613e-03 1.72004314e-01 -3.79556342e-01 5.50434085e-03 -1.69418258e-05 -1.48477444e-03 -6.50647163e-05
245              1.56205355e-01 -4.04501022e-01 5.42184842e-03 1.56230120e-01 -4.03009461e-01 5.52497210e-03 -2.47650817e-05 -1.49156135e-03 -1.03123683e-04
246              1.40081210e-01 -4.24548219e-01 5.50705822e-03 1.40113361e-01 -4.23047949e-01 5.65207215e-03 -3.21502365e-05 -1.50027032e-03 -1.45013937e-04
247              1.24045796e-01 -4.39672491e-01 5.76831632e-03 1.24088970e-01 -4.38167341e-01 5.95020855e-03 -4.31743285e-05 -1.50515065e-03 -1.81892228e-04
248              1.07462764e-01 -4.48900075e-01 6.28229349e-03 1.07521207e-01 -4.47398347e-01 6.48659833e-03 -5.84437898e-05 -1.50172756e-03 -2.04304843e-04
249              9.23974045e-02 -4.49378723e-01 6.96107219e-03 9.24719788e-02 -4.47887048e-01 7.18222856e-03 -7.45742627e-05 -1.49167549e-03 -2.21156374e-04
250              7.91597982e-02 -4.43156945e-01 7.73274724e-03 7.92468377e-02 -4.41681171e-01 7.96390575e-03 -8.70394892e-05 -1.47577376e-03 -2.31158505e-04
251              6.87578006e-02 -4.31565630e-01 8.53140988e-03 6.88530755e-02 -4.30109561e-01 8.77079810e-03 -9.52749577e-05 -1.45606877e-03 -2.39388217e-04
252              6.14798819e-02 -4.15049076e-01 9.42794577e-03 6.15776475e-02 -4.13618405e-01 9.67255218e-03 -9.77656325e-05 -1.43067128e-03 -2.44606412e-04
253              5.84474862e-02 -3.93677653e-01 1.03467989e-02 5.85414757e-02 -3.92278791e-01 1.05900032e-02 -9.39894779e-05 -1.39886133e-03 -2.43204268e-04
254              6.05989028e-02 -3.68147769e-01 1.12253347e-02 6.06795980e-02 -3.66776401e-01 1.14592260e-02 -8.06951345e-05 -1.37136829e-03 -2.33891238e-04
255              6.71980725e-02 -3.41417365e-01 1.21042343e-02 6.72579905e-02 -3.40063782e-01 1.23201882e-02 -5.99179345e-05 -1.35358382e-03 -2.15953870e-04
256              7.85998067e-02 -3.14261099e-01 1.28737777e-02 7.86352963e-02 -3.12913379e-01 1.30666229e-02 -3.54896423e-05 -1.34771994e-03 -1.92845197e-04
257              9.38891039e-02 -2.87960111e-01 1.35435391e-02 9.39059826e-02 -2.86611050e-01 1.37028197e-02 -1.68787069e-05 -1.34906092e-03 -1.59280652e-04
258              1.10785298e-01 -2.65131426e-01 1.42036388e-02 1.10794180e-01 -2.63775031e-01 1.43100340e-02 -8.88141878e-06 -1.35639502e-03 -1.06395254e-04
259              1.28999382e-01 -2.44559160e-01 1.48406436e-02 1.29003551e-01 -2.43193627e-01 1.48781032e-02 -4.16967540e-06 -1.36553259e-03 -3.74596190e-05
260              1.47253900e-01 -2.27135970e-01 1.53802106e-02 1.47253696e-01 -2.25760552e-01 1.53316068e-02 2.04023543e-07 -1.37541765e-03 4.86038768e-05
261              1.64889089e-01 -2.13053039e-01 1.57137686e-02 1.64887293e-01 -2.11669243e-01 1.55764572e-02 1.79610559e-06 -1.38379588e-03 1.37311483e-04
262              1.81475890e-01 -2.01707854e-01 1.58168842e-02 1.81472233e-01 -2.00318857e-01 1.55966698e-02 3.65688985e-06 -1.38899723e-03 2.20214449e-04
263              1.96782038e-01 -1.92577059e-01 1.57140789e-02 1.96774962e-01 -1.91188287e-01 1.54312958e-02 7.07595891e-06 -1.38877149e-03 2.82783157e-04
264              2.11503051e-01 -1.84621368e-01 1.54349101e-02 2.11489293e-01 -1.83234021e-01 1.51134811e-02 1.37579813e-05 -1.38734721e-03 3.21429016e-04
265              2.23551146e-01 -1.78886707e-01 1.50788970e-02 2.23530839e-01 -1.77506226e-01 1.47526122e-02 2.03069488e-05 -1.38048044e-03 3.26284758e-04
266              2.33593652e-01 -1.75853099e-01 1.45911190e-02 2.33562895e-01 -1.74477427e-01 1.42898283e-02 3.07572630e-05 -1.37567185e-03 3.01290705e-04
267              2.41532452e-01 -1.74787420e-01 1.39866315e-02 2.41489653e-01 -1.73412735e-01 1.37256486e-02 4.27992035e-05 -1.37468522e-03 2.60982883e-04
268              2.47784548e-01 -1.76499277e-01 1.32233305e-02 2.47729434e-01 -1.75120599e-01 1.29943802e-02 5.51130967e-05 -1.37867735e-03 2.28950291e-04
269              2.52880547e-01 -1.82180353e-01 1.22473054e-02 2.52817280e-01 -1.80790757e-01 1.20437427e-02 6.32673344e-05 -1.38959614e-03 2.03562622e-04
270              2.56875837e-01 -1.92640342e-01 1.10813039e-02 2.56806635e-01 -1.91233156e-01 1.08955344e-02 6.92026285e-05 -1.40718622e-03 1.85769501e-04
271              2.59016025e-01 -2.08441209e-01 9.81152072e-03 2.58947019e-01 -2.07012191e-01 9.64335689e-03 6.90056958e-05 -1.42901805e-03 1.68163833e-04
272              2.58184851e-01 -2.29378878e-01 8.56047711e-03 2.58124041e-01 -2.27928689e-01 8.39933889e-03 6.08092068e-05 -1.45018873e-03 1.61138227e-04
273              2.54930750e-01 -2.52587853e-01 7.37303606e-03 2.54885241e-01 -2.51121709e-01 7.23420811e-03 4.55084917e-05 -1.46614366e-03 1.38827953e-04
274              2.47559549e-01 -2.79051334e-01 6.40882299e-03 2.47532780e-01 -2.77575581e-01 6.30530202e-03 2.67686187e-05 -1.47575340e-03 1.03520973e-04
275              2.36281096e-01 -3.07247788e-01 5.67171206e-03 2.36273753e-01 -3.05767976e-01 5.61676721e-03 7.34317666e-06 -1.47981248e-03 5.49448457e-05
276              2.21798885e-01 -3.35638669e-01 5.12750784e-03 2.21804899e-01 -3.34157633e-01 5.13075989e-03 -6.01458680e-06 -1.48103581e-03 -3.25204314e-06
277              2.04559391e-01 -3.62987746e-01 4.75682406e-03 2.04573461e-01 -3.61506624e-01 4.81767099e-03 -1.40701044e-05 -1.48112114e-03 -6.08469310e-05
278              1.86049849e-01 -3.86969360e-01 4.51082320e-03 1.86071214e-01 -3.85481917e-01 4.62409686e-03 -2.13648060e-05 -1.48744315e-03 -1.13273669e-04
279              1.65257128e-01 -4.08951839e-01 4.42433102e-03 1.65288891e-01 -4.07458150e-01 4.58609051e-03 -3.17624154e-05 -1.49368850e-03 -1.61759487e-04
280              1.43202183e-01 -4.27137073e-01 4.51149632e-03 1.43245296e-01 -4.25636307e-01 4.72105930e-03 -4.31123695e-05 -1.50076636e-03 -2.09562981e-04
281              1.19631032e-01 -4.40431093e-01 4.85752321e-03 1.19692274e-01 -4.38931174e-01 5.10194453e-03 -6.12416823e-05 -1.49991882e-03 -2.44421317e-04
282              9.70899544e-02 -4.45351511e-01 5.44044796e-03 9.71711694e-02 -4.43855169e-01 5.70674440e-03 -8.12149976e-05 -1.49634162e-03 -2.66296444e-04
283              7.62586009e-02 -4.43489600e-01 6.13957907e-03 7.63569108e-02 -4.42007086e-01 6.42137638e-03 -9.83099184e-05 -1.48251395e-03 -2.81797307e-04
284              5.89775713e-02 -4.35699880e-01 6.85332075e-03 5.90860746e-02 -4.34235299e-01 7.14799348e-03 -1.08503281e-04 -1.46458119e-03 -2.94672736e-04
285              4.60342229e-02 -4.22650619e-01 7.73697166e-03 4.61496340e-02 -4.21209104e-01 8.03993585e-03 -1.15411015e-04 -1.44151413e-03 -3.02964190e-04
286              3.74721241e-02 -4.04751234e-01 8.90243905e-03 3.75872749e-02 -4.03336710e-01 9.20813102e-03 -1.15150759e-04 -1.41452338e-03 -3.05691969e-04
287              3.44920114e-02 -3.82405528e-01 1.01961467e-02 3.45949028e-02 -3.81019531e-01 1.05005419e-02 -1.02891344e-04 -1.38599616e-03 -3.04395173e-04
288              3.79579105e-02 -3.56536457e-01 1.14589652e-02 3.80362802e-02 -3.55171968e-01 1.17514176e-02 -7.83696502e-05 -1.36448846e-03 -2.92452392e-04
289              4.71004613e-02 -3.30089505e-01 1.26490121e-02 4.71488658e-02 -3.28736829e-01 1.29169135e-02 -4.84044619e-05 -1.35267570e-03 -2.67901371e-04
290              6.20162657e-02 -3.03942853e-01 1.36520709e-02 6.20369610e-02 -3.02592165e-01 1.38886292e-02 -2.06953720e-05 -1.35068820e-03 -2.36558323e-04
291              8.12378123e-02 -2.79108809e-01 1.45288030e-02 8.12403155e-02 -2.77755000e-01 1.47219736e-02 -2.50316624e-06 -1.35380960e-03 -1.93170534e-04
292              1.01986647e-01 -2.57914492e-01 1.53625174e-02 1.01984170e-01 -2.56553285e-01 1.54907022e-02 2.47764177e-06 -1.36120715e-03 -1.28184712e-04
293              1.24119974e-01 -2.39066990e-01 1.61285173e-02 1.24115481e-01 -2.37696556e-01 1.61735625e-02 4.49267869e-06 -1.37043398e-03 -4.50452042e-05
294              1.46196062e-01 -2.23437895e-01 1.67523418e-02 1.46191080e-01 -2.22058323e-01 1.66963250e-02 4.98213880e-06 -1.37957198e-03 5.60168016e-05
295              1.67217872e-01 -2.10984331e-01 1.71564366e-02 1.67214151e-01 -2.09596962e-01 1.69929843e-02 3.72111853e-06 -1.38736855e-03 1.63452266e-04
296              1.86789271e-01 -2.01126887e-01 1.72995281e-02 1.86785327e-01 -1.99735278e-01 1.70387861e-02 3.94370437e-06 -1.39160885e-03 2.60741976e-04
297              2.05847117e-01 -1.92552117e-01 1.71874399e-02 2.05838716e-01 -1.91158319e-01 1.68482663e-02 8.40037717e-06 -1.39379744e-03 3.39173644e-04
298              2.22220522e-01 -1.86151263e-01 1.69028183e-02 2.22204309e-01 -1.84762784e-01 1.65215332e-02 1.62131570e-05 -1.38847848e-03 3.81285104e-04
299              2.36862719e-01 -1.82035221e-01 1.64313007e-02 2.36834755e-01 -1.80652198e-01 1.60424600e-02 2.79633516e-05 -1.38302223e-03 3.88840693e-04
300              2.49498588e-01 -1.79511557e-01 1.58220987e-02 2.49454032e-01 -1.78131106e-01 1.54608587e-02 4.45559171e-05 -1.38045152e-03 3.61239990e-04
301              2.60016210e-01 -1.79392613e-01 1.50581353e-02 2.59952769e-01 -1.78011433e-01 1.47297471e-02 6.34408777e-05 -1.38117983e-03 3.28388245e-04
302              2.69098855e-01 -1.82543667e-01 1.40288236e-02 2.69017077e-01 -1.81156186e-01 1.37337344e-02 8.17772295e-05 -1.38748088e-03 2.95089150e-04
303              2.76980768e-01 -1.89831393e-01 1.27102168e-02 2.76885637e-01 -1.88430900e-01 1.24391597e-02 9.51311497e-05 -1.40049259e-03 2.71057081e-04
304              2.83256270e-01 -2.01930801e-01 1.11591927e-02 2.83153002e-01 -2.00510875e-01 1.09127979e-02 1.03268353e-04 -1.41992544e-03 2.46394811e-04
305              2.86546983e-01 -2.19087503e-01 9.53333563e-03 2.86447110e-01 -2.17646498e-01 9.30528134e-03 9.98727974e-05 -1.44100450e-03 2.28054291e-04
306              2.86973835e-01 -2.38936373e-01 7.95539173e-03 2.86887454e-01 -2.37476341e-01 7.75102042e-03 8.63807564e-05 -1.46003181e-03 2.04371307e-04
307              2.82105524e-01 -2.62874046e-01 6.61235413e-03 2.82042906e-01 -2.61400508e-01 6.44421864e-03 6.26178867e-05 -1.47353819e-03 1.68135494e-04
308              2.71761572e-01 -2.89519918e-01 5.52705951e-03 2.71725413e-01 -2.88038057e-01 5.41144104e-03 3.61585559e-05 -1.48186076e-03 1.15618469e-04
309              2.56474092e-01 -3.17251463e-01 4.68183922e-03 2.56462476e-01 -3.15766800e-01 4.63304368e-03 1.16156983e-05 -1.48466356e-03 4.87955372e-05
310              2.37149502e-01 -3.44635082e-01 4.03613335e-03 2.37154702e-01 -3.43150272e-01 4.06179016e-03 -5.20048652e-06 -1.48480958e-03 -2.56568067e-05
311              2.14348353e-01 -3.70435670e-01 3.58839604e-03 2.14365527e-01 -3.68952087e-01 3.68451238e-03 -1.71743986e-05 -1.48358328e-03 -9.61163414e-05
312              1.88757732e-01 -3.93672974e-01 3.32955352e-03 1.88785866e-01 -3.92187619e-01 3.48952830e-03 -2.81341013e-05 -1.48535503e-03 -1.59974786e-04
313              1.61328769e-01 -4.13244022e-01 3.25759172e-03 1.61371023e-01 -4.11754518e-01 3.48341398e-03 -4.22531496e-05 -1.48950429e-03 -2.25822266e-04
314              1.32925179e-01 -4.28092174e-01 3.42064708e-03 1.32986314e-01 -4.26599383e-01 3.70228465e-03 -6.11354120e-05 -1.49279044e-03 -2.81637576e-04
315              1.04423009e-01 -4.37432704e-01 3.80635246e-03 1.04508521e-01 -4.35941128e-01 4.13260798e-03 -8.55125491e-05 -1.49157620e-03 -3.26255524e-04
316              7.67031940e-02 -4.39212095e-01 4.48151812e-03 7.68118755e-02 -4.37725940e-01 4.83226234e-03 -1.08681473e-04 -1.48615470e-03 -3.50744219e-04
317              5.14722752e-02 -4.34790756e-01 5.29434701e-03 5.15995532e-02 -4.33318398e-01 5.65679860e-03 -1.27277930e-04 -1.47235777e-03 -3.62451585e-04
318              3.13596638e-02 -4.24802630e-01 6.16415162e-03 3.14956558e-02 -4.23350276e-01 6.52862522e-03 -1.35991994e-04 -1.45235428e-03 -3.64473605e-04
319              1.72693518e-02 -4.09887227e-01 7.30662757e-03 1.74087755e-02 -4.08460718e-01 7.67433112e-03 -1.39423723e-04 -1.42650908e-03 -3.67703544e-04
320              9.13103922e-03 -3.90705298e-01 8.85922957e-03 9.26128924e-03 -3.89304960e-01 9.22074812e-03 -1.30250022e-04 -1.40033761e-03 -3.61518546e-04
321              7.91327268e-03 -3.67880279e-01 1.05845234e-02 8.01828313e-03 -3.66502719e-01 1.09362435e-02 -1.05010442e-04 -1.37756050e-03 -3.51720082e-04
322              1.33584322e-02 -3.43739249e-01 1.22961760e-02 1.34256908e-02 -3.42376158e-01 1.26165352e-02 -6.72586270e-05 -1.36309111e-03 -3.20359152e-04
323              2.67065888e-02 -3.18703206e-01 1.37023411e-02 2.67364602e-02 -3.17346518e-01 1.39908024e-02 -2.98713983e-05 -1.35668743e-03 -2.88461312e-04
324              4.67386639e-02 -2.93800137e-01 1.48563017e-02 4.67390767e-02 -2.92444116e-01 1.51013151e-02 -4.12752674e-07 -1.35602075e-03 -2.45013401e-04
325              7.14134117e-02 -2.70557632e-01 1.58569444e-02 7.13976835e-02 -2.69197051e-01 1.60480402e-02 1.57282847e-05 -1.36058086e-03 -1.91095866e-04
326              9.83976196e-02 -2.50086497e-01 1.67927680e-02 9.83763704e-02 -2.48716693e-01 1.69040821e-02 2.12492211e-05 -1.36980454e-03 -1.11314111e-04
327              1.24658878e-01 -2.33985930e-01 1.76376483e-02 1.24640044e-01 -2.32608944e-01 1.76580983e-02 1.88337073e-05 -1.37698566e-03 -2.04500775e-05
328              1.50964271e-01 -2.20218366e-01 1.83137630e-02 1.50947205e-01 -2.18834683e-01 1.82230327e-02 1.70663038e-05 -1.38368341e-03 9.07303450e-05
329              1.76069134e-01 -2.09057858e-01 1.87287679e-02 1.76054307e-01 -2.07668991e-01 1.85347390e-02 1.48268300e-05 -1.38886719e-03 1.94028898e-04
330              2.00274120e-01 -1.99499536e-01 1.88889345e-02 2.00261121e-01 -1.98104318e-01 1.85989534e-02 1.29987541e-05 -1.39521773e-03 2.89981069e-04
331              2.20711896e-01 -1.92541807e-01 1.88363382e-02 2.20697638e-01 -1.91147578e-01 1.84858393e-02 1.42579261e-05 -1.39422854e-03 3.50498876e-04
332              2.37950200e-01 -1.87272494e-01 1.86408118e-02 2.37928471e-01 -1.85882237e-01 1.82525687e-02 2.17285869e-05 -1.39025675e-03 3.88243092e-04
333              2.53681479e-01 -1.84468107e-01 1.81390266e-02 2.53646518e-01 -1.83080787e-01 1.77630598e-02 3.49613508e-05 -1.38732004e-03 3.75966788e-04
334              2.67349823e-01 -1.83471851e-01 1.74257465e-02 2.67296433e-01 -1.82084150e-01 1.70749832e-02 5.33895949e-05 -1.38770182e-03 3.50763370e-04
335              2.79422133e-01 -1.85203959e-01 1.64171525e-02 2.79348408e-01 -1.83811638e-01 1.60964247e-02 7.37255272e-05 -1.39232119e-03 3.20727797e-04
336              2.90699855e-01 -1.90385737e-01 1.50295836e-02 2.90605869e-01 -1.88983676e-01 1.47323859e-02 9.39860238e-05 -1.40206144e-03 2.97197637e-04
337              3.01012801e-01 -1.99572658e-01 1.32919762e-02 3.00901711e-01 -1.98155395e-01 1.30154184e-02 1.11090060e-04 -1.41726282e-03 2.76557803e-04
338              3.09240994e-01 -2.13026042e-01 1.13462704e-02 3.09121802e-01 -2.11590117e-01 1.10850260e-02 1.19191636e-04 -1.43592558e-03 2.61244477e-04
339              3.15043355e-01 -2.28892034e-01 9.40846778e-03 3.14929960e-01 -2.27438033e-01 9.17093294e-03 1.13395020e-04 -1.45400117e-03 2.37534835e-04
340              3.15036811e-01 -2.48932626e-01 7.69840339e-03 3.14943301e-01 -2.47462973e-01 7.49050424e-03 9.35100537e-05 -1.46965349e-03 2.07899149e-04
341              3.08363161e-01 -2.72212601e-01 6.24001894e-03 3.08299091e-01 -2.70730725e-01 6.07903165e-03 6.40704077e-05 -1.48187599e-03 1.60987286e-04
342              2.95030753e-01 -2.97360241e-01 5.04446298e-03 2.94998614e-01 -2.95870760e-01 4.95130446e-03 3.21389137e-05 -1.48948097e-03 9.31585211e-05
343              2.75728117e-01 -3.23034769e-01 4.08867178e-03 2.75724232e-01 -3.21543400e-01 4.07891150e-03 3.88481123e-06 -1.49136875e-03 9.76027938e-06
344              2.51314041e-01 -3.47903618e-01 3.36326633e-03 2.51330715e-01 -3.46413729e-01 3.43883168e-03 -1.66737220e-05 -1.48988902e-03 -7.55653485e-05
345              2.22722721e-01 -3.70881079e-01 2.85222026e-03 2.22754924e-01 -3.69393890e-01 3.00488134e-03 -3.22031646e-05 -1.48718909e-03 -1.52661077e-04
346              1.90885499e-01 -3.91061590e-01 2.54696155e-03 1.90931452e-01 -3.89574857e-01 2.77226147e-03 -4.59538122e-05 -1.48673335e-03 -2.25299926e-04
347              1.56931859e-01 -4.07390924e-01 2.47035706e-03 1.56995998e-01 -4.05903401e-01 2.75843299e-03 -6.41390205e-05 -1.48752309e-03 -2.88075923e-04
348              1.22031313e-01 -4.18875625e-01 2.63919444e-03 1.22118359e-01 -4.17388320e-01 2.98291213e-03 -8.70466578e-05 -1.48730434e-03 -3.43717685e-04
349              8.68903166e-02 -4.23593308e-01 3.19456245e-03 8.70044440e-02 -4.22111215e-01 3.57153603e-03 -1.14127387e-04 -1.48209270e-03 -3.76973579e-04
350              5.34612393e-02 -4.22301629e-01 3.93637123e-03 5.36014028e-02 -4.20831215e-01 4.33541328e-03 -1.40163499e-04 -1.47041412e-03 -3.99042046e-04
351              2.49046828e-02 -4.15501542e-01 4.70025364e-03 2.50613041e-02 -4.14049825e-01 5.10869601e-03 -1.56621320e-04 -1.45171750e-03 -4.08442368e-04
352              3.82924832e-03 -4.03662281e-01 5.62675824e-03 3.99184974e-03 -4.02233877e-01 6.04112085e-03 -1.62601424e-04 -1.42840481e-03 -4.14362607e-04
353              -9.44178488e-03 -3.87664359e-01 7.03910860e-03 -9.28469630e-03 -3.86258824e-01 7.45072394e-03 -1.57088575e-04 -1.40553464e-03 -4.11615333e-04
354              -1.52775094e-02 -3.68402320e-01 8.97312324e-03 -1.51442118e-02 -3.67016558e-01 9.37822273e-03 -1.33297628e-04 -1.38576124e-03 -4.05099483e-04
355              -1.43084848e-02 -3.47821741e-01 1.11648104e-02 -1.42159215e-02 -3.46450000e-01 1.15380799e-02 -9.25633183e-05 -1.37174167e-03 -3.73269530e-04
356              -4.25564409e-03 -3.25783463e-01 1.30586198e-02 -4.21038890e-03 -3.24420453e-01 1.33922788e-02 -4.52551842e-05 -1.36301014e-03 -3.33659052e-04
357              1.44956599e-02 -3.02968673e-01 1.45695056e-02 1.45001773e-02 -3.01608979e-01 1.48525940e-02 -4.51745719e-06 -1.35969398e-03 -2.83088398e-04
358              3.99195016e-02 -2.80859378e-01 1.57944307e-02 3.98974709e-02 -2.79498013e-01 1.60201695e-02 2.20307313e-05 -1.36136498e-03 -2.25738865e-04
359              6.96124609e-02 -2.60594867e-01 1.68430695e-02 6.95777731e-02 -2.59226693e-01 1.69934729e-02 3.46877471e-05 -1.36817396e-03 -1.50403343e-04
360              1.01121418e-01 -2.43058085e-01 1.77769539e-02 1.01085510e-01 -2.41682230e-01 1.78406638e-02 3.59072881e-05 -1.37585539e-03 -6.37099176e-05
361              1.32305797e-01 -2.28434932e-01 1.85949575e-02 1.32274495e-01 -2.27050943e-01 1.85530541e-02 3.13018033e-05 -1.38398833e-03 4.19034349e-05
362              1.61914440e-01 -2.16664501e-01 1.92100422e-02 1.61889064e-01 -2.15275564e-01 1.90608922e-02 2.53759752e-05 -1.38893738e-03 1.49149955e-04
363              1.89091794e-01 -2.07243566e-01 1.95905704e-02 1.89071586e-01 -2.05850770e-01 1.93386604e-02 2.02080302e-05 -1.39279525e-03 2.51909974e-04
364              2.13217494e-01 -1.99892989e-01 1.97455168e-02 2.13199415e-01 -1.98499259e-01 1.94129496e-02 1.80791566e-05 -1.39372987e-03 3.32567226e-04
365              2.33908956e-01 -1.94264042e-01 1.97219773e-02 2.33888475e-01 -1.92870142e-01 1.93318565e-02 2.04808704e-05 -1.39389927e-03 3.90120777e-04
366              2.51494962e-01 -1.90531069e-01 1.95036209e-02 2.51465809e-01 -1.89137629e-01 1.90945890e-02 2.91528238e-05 -1.39343918e-03 4.09031899e-04
367              2.67355402e-01 -1.89747365e-01 1.89271314e-02 2.67311835e-01 -1.88351604e-01 1.85348655e-02 4.35672783e-05 -1.39576182e-03 3.92265953e-04
368              2.81333875e-01 -1.91263564e-01 1.80177448e-02 2.81271093e-01 -1.89862786e-01 1.76560459e-02 6.27820187e-05 -1.40077780e-03 3.61698897e-04
369              2.94295920e-01 -1.95602437e-01 1.66957557e-02 2.94211747e-01 -1.94193149e-01 1.63627603e-02 8.41732298e-05 -1.40928829e-03 3.32995394e-04
370              3.06754773e-01 -2.03227579e-01 1.49321156e-02 3.06649106e-01 -2.01806008e-01 1.46281234e-02 1.05667548e-04 -1.42157061e-03 3.03992196e-04
371              3.17919006e-01 -2.14298745e-01 1.28573396e-02 3.17800025e-01 -2.12862164e-01 1.25757568e-02 1.18980781e-04 -1.43658120e-03 2.81582779e-04
372              3.27457966e-01 -2.27213132e-01 1.07245414e-02 3.27336140e-01 -2.25761355e-01 1.04731502e-02 1.21825598e-04 -1.45177659e-03 2.51391245e-04
373              3.31752526e-01 -2.43791389e-01 8.76091965e-03 3.31645004e-01 -2.42325158e-01 8.54275412e-03 1.07522254e-04 -1.46623020e-03 2.18165533e-04
374              3.29321874e-01 -2.63516079e-01 7.01240344e-03 3.29241886e-01 -2.62036457e-01 6.84266645e-03 7.99873611e-05 -1.47962207e-03 1.69736994e-04
375              3.19508113e-01 -2.85400585e-01 5.53320997e-03 3.19465512e-01 -2.83909731e-01 5.43185416e-03 4.26007850e-05 -1.49085410e-03 1.01355814e-04
376              3.02452183e-01 -3.08364794e-01 4.33674837e-03 3.02446841e-01 -3.06867388e-01 4.32153004e-03 5.34188894e-06 -1.49740603e-03 1.52183328e-05
377              2.78819464e-01 -3.31188497e-01 3.41848585e-03 2.78844800e-01 -3.29689926e-01 3.49474126e-03 -2.53353448e-05 -1.49857128e-03 -7.62554122e-05
378              2.49645297e-01 -3.52769248e-01 2.74507069e-03 2.49692296e-01 -3.51273929e-01 2.90757932e-03 -4.69992013e-05 -1.49531839e-03 -1.62508631e-04
379              2.16204996e-01 -3.72133438e-01 2.27736872e-03 2.16266959e-01 -3.70642090e-01 2.52114642e-03 -6.19636408e-05 -1.49134755e-03 -2.43777703e-04
380              1.79507070e-01 -3.88379309e-01 2.04498504e-03 1.79584662e-01 -3.86891295e-01 2.36165525e-03 -7.75917009e-05 -1.48801394e-03 -3.16670206e-04
381              1.40686334e-01 -4.00549650e-01 2.07175591e-03 1.40785175e-01 -3.99064668e-01 2.45170319e-03 -9.88418743e-05 -1.48498214e-03 -3.79947277e-04
382              1.00377319e-01 -4.06806382e-01 2.52702677e-03 1.00502129e-01 -4.05327648e-01 2.94845568e-03 -1.24810412e-04 -1.47873473e-03 -4.21428913e-04
383              6.11516437e-02 -4.07610832e-01 3.17631906e-03 6.13054701e-02 -4.06142701e-01 3.62394022e-03 -1.53826489e-04 -1.46813120e-03 -4.47621162e-04
384              2.63391847e-02 -4.03157894e-01 3.84651707e-03 2.65149059e-02 -4.01706192e-01 4.30759470e-03 -1.75721192e-04 -1.45170213e-03 -4.61077623e-04
385              -7.96096711e-04 -3.93833631e-01 4.61734622e-03 -6.09863361e-04 -3.92403093e-01 5.07924690e-03 -1.86233350e-04 -1.43053740e-03 -4.61900677e-04
386              -1.85183053e-02 -3.80269746e-01 5.76864832e-03 -1.83385724e-02 -3.78860396e-01 6.22940909e-03 -1.79732993e-04 -1.40934950e-03 -4.60760776e-04
387              -2.70964544e-02 -3.63411249e-01 7.54915218e-03 -2.69407111e-02 -3.62019570e-01 7.99399065e-03 -1.55743299e-04 -1.39167948e-03 -4.44838470e-04
388              -2.70311288e-02 -3.44272709e-01 9.80324454e-03 -2.69182968e-02 -3.42894010e-01 1.02179339e-02 -1.12832011e-04 -1.37869862e-03 -4.14689312e-04
389              -1.93498592e-02 -3.24649044e-01 1.21772626e-02 -1.92901472e-02 -3.23279177e-01 1.25417240e-02 -5.97119502e-05 -1.36986723e-03 -3.64461393e-04
390              -2.64434225e-03 -3.04377060e-01 1.41481154e-02 -2.63729740e-03 -3.03012800e-01 1.44548506e-02 -7.04485525e-06 -1.36425999e-03 -3.06735148e-04
391              2.21674871e-02 -2.84014556e-01 1.56293370e-02 2.21359695e-02 -2.82652348e-01 1.58729030e-02 3.15176130e-05 -1.36220804e-03 -2.43565925e-04
392              5.27567766e-02 -2.64582995e-01 1.67478160e-02 5.27041669e-02 -2.63218227e-01 1.69179610e-02 5.26096719e-05 -1.36476801e-03 -1.70144929e-04
393              8.64382980e-02 -2.47154355e-01 1.76488354e-02 8.63813876e-02 -2.45782857e-01 1.77396180e-02 5.69103931e-05 -1.37149787e-03 -9.07825650e-05
394              1.20545038e-01 -2.32319888e-01 1.84399485e-02 1.20493547e-01 -2.30940154e-01 1.84387593e-02 5.14916324e-05 -1.37973403e-03 1.18922596e-06
395              1.53212103e-01 -2.20289920e-01 1.91126071e-02 1.53171659e-01 -2.18902728e-01 1.90134585e-02 4.04447408e-05 -1.38719117e-03 9.91486536e-05
396              1.83110258e-01 -2.10727721e-01 1.96445161e-02 1.83079922e-01 -2.09334890e-01 1.94474281e-02 3.03360600e-05 -1.39283068e-03 1.97088035e-04
397              2.09370281e-01 -2.03398313e-01 2.00126349e-02 2.09349440e-01 -2.02001410e-01 1.97334041e-02 2.08405815e-05 -1.39690304e-03 2.79230767e-04
398              2.31569219e-01 -1.97976514e-01 2.02228566e-02 2.31552363e-01 -1.96577272e-01 1.98777356e-02 1.68562480e-05 -1.39924214e-03 3.45121024e-04
399              2.50023998e-01 -1.94560987e-01 2.02424096e-02 2.50005695e-01 -1.93160085e-01 1.98621070e-02 1.83023850e-05 -1.40090181e-03 3.80302601e-04
400              2.65440786e-01 -1.93266577e-01 2.00377143e-02 2.65412726e-01 -1.91863190e-01 1.96431489e-02 2.80600558e-05 -1.40338651e-03 3.94565418e-04
401              2.78850568e-01 -1.94499450e-01 1.95048739e-02 2.78806930e-01 -1.93090987e-01 1.91216026e-02 4.36376944e-05 -1.40846285e-03 3.83271330e-04
402              2.91605630e-01 -1.99579091e-01 1.83823748e-02 2.91542528e-01 -1.98162098e-01 1.80309439e-02 6.31027381e-05 -1.41699347e-03 3.51430862e-04
403              3.04286923e-01 -2.07186836e-01 1.67194201e-02 3.04203025e-01 -2.05757659e-01 1.64023439e-02 8.38978458e-05 -1.42917653e-03 3.17076204e-04
404              3.16557879e-01 -2.17339887e-01 1.46626525e-02 3.16458219e-01 -2.15897905e-01 1.43736713e-02 9.96600488e-05 -1.44198117e-03 2.88981153e-04
405              3.28241112e-01 -2.28650599e-01 1.25004361e-02 3.28134190e-01 -2.27195826e-01 1.22389386e-02 1.06921869e-04 -1.45477331e-03 2.61497498e-04
406              3.36099256e-01 -2.42746422e-01 1.04024189e-02 3.35998622e-01 -2.41280502e-01 1.01767185e-02 1.00634858e-04 -1.46592034e-03 2.25700335e-04
407              3.38288336e-01 -2.59404167e-01 8.44452257e-03 3.38209748e-01 -2.57925877e-01 8.26829169e-03 7.85880272e-05 -1.47829059e-03 1.76230884e-04
408              3.33376398e-01 -2.78024948e-01 6.72216979e-03 3.33332377e-01 -2.76535260e-01 6.61540222e-03 4.40208650e-05 -1.48968770e-03 1.06767571e-04
409              3.20707175e-01 -2.97878378e-01 5.29766780e-03 3.20704056e-01 -2.96378562e-01 5.27602419e-03 3.11982284e-06 -1.49981582e-03 2.16436084e-05
410              3.00403461e-01 -3.18003320e-01 4.17929987e-03 3.00438686e-01 -3.16498379e-01 4.25253474e-03 -3.52244254e-05 -1.50494023e-03 -7.32348685e-05
411              2.73126701e-01 -3.37402149e-01 3.34426122e-03 2.73192496e-01 -3.35896843e-01 3.50720171e-03 -6.57947299e-05 -1.50530635e-03 -1.62940489e-04
412              2.40139820e-01 -3.55165739e-01 2.73311324e-03 2.40224960e-01 -3.53665394e-01 2.98114317e-03 -8.51394055e-05 -1.50034523e-03 -2.48029926e-04
413              2.02702027e-01 -3.70349202e-01 2.32626383e-03 2.02802738e-01 -3.68855150e-01 2.64957368e-03 -1.00711141e-04 -1.49405226e-03 -3.23309848e-04
414              1.62016132e-01 -3.82157426e-01 2.14456040e-03 1.62135049e-01 -3.80670894e-01 2.53652509e-03 -1.18916346e-04 -1.48653183e-03 -3.91964689e-04
415              1.18450075e-01 -3.88977675e-01 2.40478107e-03 1.18592044e-01 -3.87499846e-01 2.83431105e-03 -1.41969477e-04 -1.47782945e-03 -4.29529979e-04
416              7.51444541e-02 -3.90947237e-01 2.83643300e-03 7.53126359e-02 -3.89481783e-01 3.29792692e-03 -1.68181800e-04 -1.46545488e-03 -4.61493927e-04
417              3.59471258e-02 -3.88272934e-01 3.29166760e-03 3.61394869e-02 -3.86821836e-01 3.76411844e-03 -1.92361071e-04 -1.45109780e-03 -4.72450843e-04
418              4.08227422e-03 -3.81118160e-01 3.86905617e-03 4.28813798e-03 -3.79685493e-01 4.34267531e-03 -2.05863759e-04 -1.43266662e-03 -4.73619138e-04
419              -1.84101092e-02 -3.69843075e-01 4.81638219e-03 -1.82093712e-02 -3.68428321e-01 5.27633261e-03 -2.00737988e-04 -1.41475461e-03 -4.59950421e-04
420              -3.03871920e-02 -3.55149626e-01 6.28918365e-03 -3.02133888e-02 -3.53751999e-01 6.72779860e-03 -1.73803195e-04 -1.39762620e-03 -4.38614942e-04
421              -3.23052851e-02 -3.38000533e-01 8.33988430e-03 -3.21764979e-02 -3.36615309e-01 8.73659237e-03 -1.28787210e-04 -1.38522388e-03 -3.96708076e-04
422              -2.65320619e-02 -3.20424183e-01 1.08188834e-02 -2.64586133e-02 -3.19049074e-01 1.11625812e-02 -7.34485774e-05 -1.37510887e-03 -3.43697749e-04
423              -1.18665936e-02 -3.02015992e-01 1.30862897e-02 -1.18523413e-02 -3.00647906e-01 1.33645091e-02 -1.42522590e-05 -1.36808626e-03 -2.78219389e-04
424              1.13340608e-02 -2.83002521e-01 1.48510060e-02 1.12989392e-02 -2.81640682e-01 1.50645130e-02 3.51216038e-05 -1.36183906e-03 -2.13506967e-04
425              4.11396170e-02 -2.64365382e-01 1.61430803e-02 4.10738244e-02 -2.63004087e-01 1.62822395e-02 6.57925948e-05 -1.36129543e-03 -1.39159148e-04
426              7.49664409e-02 -2.47252506e-01 1.70937013e-02 7.48898099e-02 -2.45887875e-01 1.71635498e-02 7.66309842e-05 -1.36463129e-03 -6.98484729e-05
427              1.09963934e-01 -2.32419698e-01 1.78847139e-02 1.09892604e-01 -2.31046945e-01 1.78755542e-02 7.13304539e-05 -1.37275313e-03 9.15970727e-06
428              1.43801050e-01 -2.20377148e-01 1.85914455e-02 1.43743723e-01 -2.18995956e-01 1.85035699e-02 5.73271852e-05 -1.38119154e-03 8.78755766e-05
429              1.74771364e-01 -2.11009340e-01 1.92304883e-02 1.74730593e-01 -2.09619875e-01 1.90572639e-02 4.07707759e-05 -1.38946567e-03 1.73224401e-04
430              2.01897241e-01 -2.04176097e-01 1.97598480e-02 2.01870852e-01 -2.02780259e-01 1.95120723e-02 2.63888463e-05 -1.39583779e-03 2.47775740e-04
431              2.24806545e-01 -1.99628759e-01 2.01487101e-02 2.24791705e-01 -1.98226925e-01 1.98354185e-02 1.48401636e-05 -1.40183361e-03 3.13291617e-04
432              2.43829004e-01 -1.97459673e-01 2.03515686e-02 2.43819510e-01 -1.96052840e-01 1.99917013e-02 9.49401876e-06 -1.40683305e-03 3.59867359e-04
433              2.59709977e-01 -1.97685055e-01 2.03177180e-02 2.59698621e-01 -1.96271738e-01 1.99280332e-02 1.13559688e-05 -1.41331707e-03 3.89684752e-04
434              2.73553369e-01 -2.00548084e-01 1.99509139e-02 2.73530783e-01 -1.99127837e-01 1.95512470e-02 2.25866421e-05 -1.42024673e-03 3.99666878e-04
435              2.86547987e-01 -2.05971710e-01 1.91448414e-02 2.86507731e-01 -2.04541890e-01 1.87525027e-02 4.02561526e-05 -1.42981974e-03 3.92338663e-04
436              2.99709565e-01 -2.14938187e-01 1.76692956e-02 2.99649556e-01 -2.13497592e-01 1.73033926e-02 6.00093617e-05 -1.44059480e-03 3.65902931e-04
437              3.13090221e-01 -2.25667421e-01 1.56966849e-02 3.13014221e-01 -2.24215527e-01 1.53581057e-02 7.59999009e-05 -1.45189425e-03 3.38579268e-04
438              3.26291481e-01 -2.36738620e-01 1.35871215e-02 3.26205973e-01 -2.35277895e-01 1.32761146e-02 8.55079562e-05 -1.46072452e-03 3.11006978e-04
439              3.36491639e-01 -2.49535255e-01 1.14682465e-02 3.36407606e-01 -2.48066436e-01 1.11959833e-02 8.40321831e-05 -1.46881924e-03 2.72263194e-04
440              3.41865499e-01 -2.63970850e-01 9.40519935e-03 3.41796157e-01 -2.62493291e-01 9.19292874e-03 6.93422504e-05 -1.47755905e-03 2.12270609e-04
441              3.40487799e-01 -2.79715452e-01 7.52420057e-03 3.40446402e-01 -2.78227028e-01 7.39188389e-03 4.13966519e-05 -1.48842401e-03 1.32316678e-04
442              3.31118063e-01 -2.96332892e-01 5.91534078e-03 3.31114795e-01 -2.94834452e-01 5.87678112e-03 3.26842813e-06 -1.49844041e-03 3.85596625e-05
443              3.13301213e-01 -3.13130795e-01 4.62421493e-03 3.13339070e-01 -3.11624319e-01 4.68391351e-03 -3.78572771e-05 -1.50647622e-03 -5.96985768e-05
444              2.87393047e-01 -3.29304770e-01 3.63691590e-03 2.87468494e-01 -3.27795626e-01 3.79442747e-03 -7.54470643e-05 -1.50914352e-03 -1.57511570e-04
445              2.54420208e-01 -3.44035575e-01 2.91401340e-03 2.54525039e-01 -3.42528798e-01 3.16376710e-03 -1.04831362e-04 -1.50677633e-03 -2.49753698e-04
446              2.15795766e-01 -3.56485697e-01 2.41508721e-03 2.15923066e-01 -3.54987891e-01 2.74921820e-03 -1.27300099e-04 -1.49780629e-03 -3.34130995e-04
447              1.72933267e-01 -3.65902308e-01 2.14336493e-03 1.73081135e-01 -3.64415471e-01 2.54825394e-03 -1.47868284e-04 -1.48683763e-03 -4.04889008e-04
448              1.26313805e-01 -3.71047627e-01 2.29996807e-03 1.26483899e-01 -3.69574675e-01 2.74352775e-03 -1.70094276e-04 -1.47295222e-03 -4.43559681e-04
449              7.97950417e-02 -3.72039370e-01 2.59142622e-03 7.99892455e-02 -3.70581336e-01 3.06089425e-03 -1.94203823e-04 -1.45803437e-03 -4.69468031e-04
450              3.74422970e-02 -3.69151293e-01 2.89697515e-03 3.76563210e-02 -3.67709459e-01 3.38337969e-03 -2.14023951e-04 -1.44183327e-03 -4.86404543e-04
451              2.67602475e-03 -3.62683155e-01 3.34893433e-03 2.90017325e-03 -3.61255309e-01 3.83354199e-03 -2.24148499e-04 -1.42784580e-03 -4.84607654e-04
452              -2.19721677e-02 -3.52946828e-01 4.14247665e-03 -2.17567976e-02 -3.51532355e-01 4.61179849e-03 -2.15370025e-04 -1.41447333e-03 -4.69321845e-04
453              -3.52417573e-02 -3.40262488e-01 5.45048528e-03 -3.50567860e-02 -3.38860026e-01 5.88229543e-03 -1.84971324e-04 -1.40246220e-03 -4.31810151e-04
454              -3.69355228e-02 -3.25184482e-01 7.29610378e-03 -3.68026845e-02 -3.23792873e-01 7.67338303e-03 -1.32838302e-04 -1.39160937e-03 -3.77279248e-04
455              -2.98783453e-02 -3.09655697e-01 9.68742840e-03 -2.98072677e-02 -3.08272366e-01 9.99716803e-03 -7.10776584e-05 -1.38333018e-03 -3.09739626e-04
456              -1.40468193e-02 -2.93528158e-01 1.20682606e-02 -1.40398150e-02 -2.92152575e-01 1.23085480e-02 -7.00436990e-06 -1.37558304e-03 -2.40287441e-04
457              9.89225775e-03 -2.76858929e-01 1.40562232e-02 9.84403715e-03 -2.75491244e-01 1.42308264e-02 4.82205973e-05 -1.36768511e-03 -1.74603207e-04
458              4.01993731e-02 -2.60159617e-01 1.55376671e-02 4.01147362e-02 -2.58796638e-01 1.56499235e-02 8.46368846e-05 -1.36297881e-03 -1.12256373e-04
459              7.43549543e-02 -2.44359758e-01 1.65986626e-02 7.42569906e-02 -2.42996761e-01 1.66517711e-02 9.79636683e-05 -1.36299747e-03 -5.31084813e-05
460              1.09669425e-01 -2.30276817e-01 1.74074913e-02 1.09575836e-01 -2.28909077e-01 1.74026718e-02 9.35890671e-05 -1.36773994e-03 4.81943979e-06
461              1.43588942e-01 -2.18556620e-01 1.81220614e-02 1.43514081e-01 -2.17181168e-01 1.80569375e-02 7.48606624e-05 -1.37545262e-03 6.51239389e-05
462              1.74127083e-01 -2.09408330e-01 1.88096295e-02 1.74074323e-01 -2.08024665e-01 1.86780974e-02 5.27600570e-05 -1.38366463e-03 1.31532140e-04
463              2.00474629e-01 -2.02899929e-01 1.94315978e-02 2.00444747e-01 -2.01508161e-01 1.92354857e-02 2.98812509e-05 -1.39176752e-03 1.96112128e-04
464              2.22501391e-01 -1.99055924e-01 1.99302845e-02 2.22490202e-01 -1.97656122e-01 1.96706829e-02 1.11886024e-05 -1.39980251e-03 2.59601613e-04
465              2.40755086e-01 -1.98028856e-01 2.02314130e-02 2.40756661e-01 -1.96620438e-01 1.99150672e-02 -1.57493603e-06 -1.40841778e-03 3.16345846e-04
466              2.56244429e-01 -1.99909474e-01 2.02544894e-02 2.56249315e-01 -1.98491498e-01 1.98906164e-02 -4.88550310e-06 -1.41797596e-03 3.63873053e-04
467              2.70107193e-01 -2.04828256e-01 1.99136783e-02 2.70105746e-01 -2.03398840e-01 1.95178718e-02 1.44739489e-06 -1.42941571e-03 3.95806427e-04
468              2.83496084e-01 -2.12474777e-01 1.91316484e-02 2.83479772e-01 -2.11033629e-01 1.87183470e-02 1.63118499e-05 -1.44114863e-03 4.13301437e-04
469              2.97164110e-01 -2.22306933e-01 1.78782543e-02 2.97129580e-01 -2.20854420e-01 1.74609795e-02 3.45307621e-05 -1.45251291e-03 4.17274876e-04
470              3.11140854e-01 -2.33623027e-01 1.62047278e-02 3.11089719e-01 -2.32161895e-01 1.57993341e-02 5.11354526e-05 -1.46113205e-03 4.05393645e-04
471              3.24450854e-01 -2.45914849e-01 1.42396509e-02 3.24390114e-01 -2.44446686e-01 1.38594593e-02 6.07399965e-05 -1.46816316e-03 3.80191607e-04
472              3.35493704e-01 -2.58857195e-01 1.21269292e-02 3.35431942e-01 -2.57384034e-01 1.17952587e-02 6.17622190e-05 -1.47316038e-03 3.31670566e-04
473              3.42117086e-01 -2.72264044e-01 1.00352948e-02 3.42064857e-01 -2.70785088e-01 9.77219186e-03 5.22290944e-05 -1.47895627e-03 2.63102951e-04
474              3.42299204e-01 -2.86005244e-01 8.09712876e-03 3.42267564e-01 -2.84519826e-01 7.92294799e-03 3.16391591e-05 -1.48541814e-03 1.74180775e-04
475              3.34372324e-01 -2.99798498e-01 6.42837394e-03 3.34372657e-01 -2.98305036e-01 6.34784387e-03 -3.32844931e-07 -1.49346204e-03 8.05300677e-05
476              3.17584590e-01 -3.13224009e-01 5.06581761e-03 3.17621921e-01 -3.11724626e-01 5.08523928e-03 -3.73305275e-05 -1.49938238e-03 -1.94216628e-05
477              2.92017404e-01 -3.25691459e-01 4.00787173e-03 2.92092770e-01 -3.24188985e-01 4.12274138e-03 -7.53659336e-05 -1.50247428e-03 -1.14869651e-04
478              2.58579891e-01 -3.36571089e-01 3.21251840e-03 2.58689475e-01 -3.35071686e-01 3.42578616e-03 -1.09584327e-04 -1.49940276e-03 -2.13267758e-04
479              2.18652972e-01 -3.45150383e-01 2.65425544e-03 2.18792665e-01 -3.43659891e-01 2.95488556e-03 -1.39693221e-04 -1.49049181e-03 -3.00630128e-04
480              1.72191233e-01 -3.50510492e-01 2.54749581e-03 1.72356528e-01 -3.49034157e-01 2.90984810e-03 -1.65294515e-04 -1.47633500e-03 -3.62352291e-04
481              1.23300362e-01 -3.52595545e-01 2.54568017e-03 1.23492342e-01 -3.51135882e-01 2.94999796e-03 -1.91980714e-04 -1.45966348e-03 -4.04317789e-04
482              7.63186776e-02 -3.51644144e-01 2.48621246e-03 7.65328486e-02 -3.50201400e-01 2.93146411e-03 -2.14171033e-04 -1.44274397e-03 -4.45251655e-04
483              3.47958071e-02 -3.47841094e-01 2.52065412e-03 3.50240055e-02 -3.46412096e-01 2.98803378e-03 -2.28198437e-04 -1.42899802e-03 -4.67379657e-04
484              1.61189317e-03 -3.41619654e-01 2.85005598e-03 1.84050668e-03 -3.40200853e-01 3.32202025e-03 -2.28613504e-04 -1.41880089e-03 -4.71964278e-04
485              -2.12619219e-02 -3.33010434e-01 3.66111533e-03 -2.10505767e-02 -3.31599191e-01 4.10600839e-03 -2.11345133e-04 -1.41124344e-03 -4.44893058e-04
486              -3.41159360e-02 -3.23166090e-01 5.07693876e-03 -3.39413184e-02 -3.21761707e-01 5.47441363e-03 -1.74617639e-04 -1.40438289e-03 -3.97474875e-04
487              -3.56503559e-02 -3.11454006e-01 6.84626311e-03 -3.55289212e-02 -3.10054897e-01 7.16636464e-03 -1.21434649e-04 -1.39910954e-03 -3.20101533e-04
488              -2.64042181e-02 -2.98116313e-01 8.81906963e-03 -2.63448771e-02 -2.96724455e-01 9.06740688e-03 -5.93410710e-05 -1.39185826e-03 -2.48337252e-04
489              -8.17349804e-03 -2.83685191e-01 1.08385991e-02 -8.17687552e-03 -2.82300599e-01 1.10149923e-02 3.37748031e-06 -1.38459135e-03 -1.76393237e-04
490              1.74040435e-02 -2.68792264e-01 1.26651986e-02 1.73467491e-02 -2.67416723e-01 1.27883245e-02 5.72943246e-05 -1.37554086e-03 -1.23125884e-04
491              4.80362564e-02 -2.53854725e-01 1.42030842e-02 4.79434680e-02 -2.52486145e-01 1.42740770e-02 9.27884153e-05 -1.36858027e-03 -7.09928353e-05
492              8.14218858e-02 -2.39608049e-01 1.54064668e-02 8.13134223e-02 -2.38244250e-01 1.54372216e-02 1.08463545e-04 -1.36379943e-03 -3.07548355e-05
493              1.15052790e-01 -2.26617170e-01 1.63637479e-02 1.14948439e-01 -2.25252458e-01 1.63493585e-02 1.04350114e-04 -1.36471290e-03 1.43893951e-05
494              1.46773876e-01 -2.15625424e-01 1.71701244e-02 1.46688409e-01 -2.14255880e-01 1.71152605e-02 8.54661939e-05 -1.36954433e-03 5.48638993e-05
495              1.74941143e-01 -2.07046338e-01 1.79182922e-02 1.74882626e-01 -2.05668364e-01 1.78087214e-02 5.85165532e-05 -1.37797426e-03 1.09570861e-04
496              1.98960935e-01 -2.01402316e-01 1.85907867e-02 1.98931182e-01 -2.00014298e-01 1.84273573e-02 2.97530731e-05 -1.38801729e-03 1.63429421e-04
497              2.18928952e-01 -1.98901179e-01 1.91442879e-02 2.18924319e-01 -1.97501444e-01 1.89173912e-02 4.63291428e-06 -1.39973473e-03 2.26896733e-04
498              2.35778883e-01 -1.99842511e-01 1.94653091e-02 2.35790505e-01 -1.98430211e-01 1.91728002e-02 -1.16222380e-05 -1.41230017e-03 2.92508921e-04
499              2.50689253e-01 -2.04226973e-01 1.94587910e-02 2.50707099e-01 -2.02800741e-01 1.90967509e-02 -1.78461678e-05 -1.42623174e-03 3.62040123e-04
500              2.64938924e-01 -2.11919997e-01 1.90395304e-02 2.64950325e-01 -2.10479777e-01 1.86186576e-02 -1.14013290e-05 -1.44022078e-03 4.20872823e-04
501              2.79435481e-01 -2.22233295e-01 1.81815002e-02 2.79433296e-01 -2.20780129e-01 1.77156851e-02 2.18511557e-06 -1.45316588e-03 4.65815092e-04
502              2.94448131e-01 -2.34339025e-01 1.69240463e-02 2.94428680e-01 -2.32875874e-01 1.64304893e-02 1.94510179e-05 -1.46315037e-03 4.93556968e-04
503              3.09528412e-01 -2.47249789e-01 1.53393393e-02 3.09494401e-01 -2.45779608e-01 1.48447046e-02 3.40106521e-05 -1.47018037e-03 4.94634787e-04
504              3.23448739e-01 -2.60277586e-01 1.35311544e-02 3.23404456e-01 -2.58803760e-01 1.30630946e-02 4.42826446e-05 -1.47382659e-03 4.68059819e-04
505              3.34427334e-01 -2.72869266e-01 1.16051631e-02 3.34381484e-01 -2.71393154e-01 1.11944464e-02 4.58500688e-05 -1.47611237e-03 4.10716758e-04
506              3.40398513e-01 -2.84844227e-01 9.68771184e-03 3.40359409e-01 -2.83365919e-01 9.35638724e-03 3.91036405e-05 -1.47830840e-03 3.31324603e-04
507              3.39428482e-01 -2.96113711e-01 7.89330570e-03 3.39407283e-01 -2.94632428e-01 7.65833314e-03 2.11988302e-05 -1.48128306e-03 2.34972566e-04
508              3.29894745e-01 -3.06691189e-01 6.33430730e-03 3.29900935e-01 -3.05206170e-01 6.19974715e-03 -6.18946089e-06 -1.48501937e-03 1.34560149e-04
509              3.10942314e-01 -3.16413725e-01 5.06628854e-03 3.10982705e-01 -3.14925572e-01 5.03634078e-03 -4.03905911e-05 -1.48815262e-03 2.99477641e-05
510              2.82638206e-01 -3.24952177e-01 4.10279998e-03 2.82715554e-01 -3.23464526e-01 4.17726858e-03 -7.73480579e-05 -1.48765100e-03 -7.44686022e-05
511              2.46091654e-01 -3.31830481e-01 3.39872453e-03 2.46205666e-01 -3.30348501e-01 3.57568553e-03 -1.14011840e-04 -1.48198036e-03 -1.76961006e-04
512              2.00918484e-01 -3.36299752e-01 3.16615830e-03 2.01067299e-01 -3.34828633e-01 3.41657101e-03 -1.48815084e-04 -1.47111814e-03 -2.50412713e-04
513              1.51885838e-01 -3.38210001e-01 2.97366264e-03 1.52068144e-01 -3.36753665e-01 3.28373504e-03 -1.82306404e-04 -1.45633561e-03 -3.10072402e-04
514              1.03463097e-01 -3.37646181e-01 2.67028942e-03 1.03672179e-01 -3.36205655e-01 3.02723263e-03 -2.09082024e-04 -1.44052656e-03 -3.56943212e-04
515              5.94717154e-02 -3.34769990e-01 2.37402287e-03 5.96968147e-02 -3.33342380e-01 2.76628627e-03 -2.25099268e-04 -1.42761002e-03 -3.92263395e-04
516              2.32128212e-02 -3.29849999e-01 2.29228094e-03 2.34394522e-02 -3.28432545e-01 2.70036276e-03 -2.26630984e-04 -1.41745468e-03 -4.08081818e-04
517              -3.79976234e-03 -3.23753098e-01 2.67230522e-03 -3.58787407e-03 -3.22341801e-01 3.07411137e-03 -2.11888265e-04 -1.41129762e-03 -4.01806145e-04
518              -1.99563431e-02 -3.15681797e-01 3.54363911e-03 -1.97769391e-02 -3.14275608e-01 3.90536436e-03 -1.79403990e-04 -1.40618901e-03 -3.61725245e-04
519              -2.49888079e-02 -3.05514405e-01 4.90714444e-03 -2.48561388e-02 -3.04112036e-01 5.20981080e-03 -1.32669067e-04 -1.40236935e-03 -3.02666362e-04
520              -1.96463532e-02 -2.93663518e-01 6.60699195e-03 -1.95701035e-02 -2.92265882e-01 6.83627690e-03 -7.62496682e-05 -1.39763553e-03 -2.29284949e-04
521              -5.08424913e-03 -2.80696957e-01 8.40751621e-03 -5.06791969e-03 -2.79305561e-01 8.57535529e-03 -1.63294330e-05 -1.39139610e-03 -1.67839078e-04
522              1.67653574e-02 -2.67097518e-01 1.01651002e-02 1.67278231e-02 -2.65714477e-01 1.02799372e-02 3.75342913e-05 -1.38304025e-03 -1.14837078e-04
523              4.35654821e-02 -2.53450507e-01 1.17705090e-02 4.34891309e-02 -2.52075576e-01 1.18500287e-02 7.63512791e-05 -1.37493077e-03 -7.95197124e-05
524              7.28157455e-02 -2.40343752e-01 1.31660172e-02 7.27181636e-02 -2.38975344e-01 1.32143013e-02 9.75818213e-05 -1.36840792e-03 -4.82841160e-05
525              1.02510560e-01 -2.28234594e-01 1.42936097e-02 1.02411735e-01 -2.26868246e-01 1.43202809e-02 9.88253537e-05 -1.36634813e-03 -2.66712543e-05
526              1.30701448e-01 -2.17639183e-01 1.52161393e-02 1.30615917e-01 -2.16270835e-01 1.52127201e-02 8.55302687e-05 -1.36834783e-03 3.41916795e-06
527              1.56041095e-01 -2.09130259e-01 1.59912080e-02 1.55980695e-01 -2.07754786e-01 1.59555497e-02 6.04004373e-05 -1.37547300e-03 3.56582350e-05
528              1.77870341e-01 -2.03219273e-01 1.66634721e-02 1.77839151e-01 -2.01833936e-01 1.65816885e-02 3.11898545e-05 -1.38533759e-03 8.17836673e-05
529              1.96309276e-01 -2.00333231e-01 1.72090550e-02 1.96307466e-01 -1.98935354e-01 1.70673557e-02 1.80987779e-06 -1.39787793e-03 1.41699286e-04
530              2.12083987e-01 -2.00768897e-01 1.75600263e-02 2.12103950e-01 -1.99357931e-01 1.73359590e-02 -1.99626391e-05 -1.41096622e-03 2.24067325e-04
531              2.26453345e-01 -2.04692030e-01 1.76089155e-02 2.26484277e-01 -2.03266832e-01 1.72928620e-02 -3.09319506e-05 -1.42519747e-03 3.16053536e-04
532              2.40473674e-01 -2.12061906e-01 1.72998222e-02 2.40501823e-01 -2.10623200e-01 1.68902170e-02 -2.81490865e-05 -1.43870544e-03 4.09605186e-04
533              2.54953614e-01 -2.22380716e-01 1.66005332e-02 2.54970133e-01 -2.20928866e-01 1.61126529e-02 -1.65187985e-05 -1.45185026e-03 4.87880380e-04
534              2.70111203e-01 -2.34810466e-01 1.55525640e-02 2.70109463e-01 -2.33348662e-01 1.50086333e-02 1.74039087e-06 -1.46180389e-03 5.43930738e-04
535              2.85532603e-01 -2.48335455e-01 1.42258479e-02 2.85512566e-01 -2.46866547e-01 1.36638801e-02 2.00371707e-05 -1.46890867e-03 5.61967763e-04
536              3.00144234e-01 -2.62062992e-01 1.27188375e-02 3.00109246e-01 -2.60590651e-01 1.21750818e-02 3.49879367e-05 -1.47234040e-03 5.43755696e-04
537              3.12194287e-01 -2.75277254e-01 1.11330504e-02 3.12153338e-01 -2.73803018e-01 1.06404752e-02 4.09491895e-05 -1.47423653e-03 4.92575118e-04
538              3.19814019e-01 -2.87593502e-01 9.55760602e-03 3.19775739e-01 -2.86118569e-01 9.14046542e-03 3.82802696e-05 -1.47493290e-03 4.17140603e-04
539              3.21083205e-01 -2.98848112e-01 8.08738016e-03 3.21057097e-01 -2.97372482e-01 7.76692529e-03 2.61071744e-05 -1.47563032e-03 3.20454869e-04
540              3.14260972e-01 -3.09096744e-01 6.82466568e-03 3.14255473e-01 -3.07620004e-01 6.60900637e-03 5.49945912e-06 -1.47674038e-03 2.15659310e-04
541              2.98141153e-01 -3.18317208e-01 5.84095288e-03 2.98163652e-01 -3.16839549e-01 5.73272332e-03 -2.24987819e-05 -1.47765838e-03 1.08229559e-04
542              2.72586417e-01 -3.26303781e-01 5.15322288e-03 2.72640919e-01 -3.24827804e-01 5.15000182e-03 -5.45021292e-05 -1.47597746e-03 3.22105944e-06
543              2.38607493e-01 -3.32625242e-01 4.70526469e-03 2.38696943e-01 -3.31155563e-01 4.79930825e-03 -8.94501733e-05 -1.46967917e-03 -9.40435634e-05
544              1.96484322e-01 -3.36416433e-01 4.63084933e-03 1.96608195e-01 -3.34957200e-01 4.79266710e-03 -1.23873090e-04 -1.45923362e-03 -1.61817779e-04
545              1.51058875e-01 -3.37463877e-01 4.48985664e-03 1.51216856e-01 -3.36019105e-01 4.69941174e-03 -1.57981109e-04 -1.44477249e-03 -2.09555102e-04
546              1.07324987e-01 -3.35704475e-01 4.10229602e-03 1.07509087e-01 -3.34273998e-01 4.35043943e-03 -1.84100838e-04 -1.43047652e-03 -2.48143414e-04
547              6.93340727e-02 -3.31185967e-01 3.59455889e-03 6.95331389e-02 -3.29767990e-01 3.86801148e-03 -1.99066223e-04 -1.41797694e-03 -2.73452590e-04
548              4.03488092e-02 -3.24187424e-01 3.21737414e-03 4.05468442e-02 -3.22778987e-01 3.49554107e-03 -1.98034976e-04 -1.40843756e-03 -2.78166931e-04
549              2.14724059e-02 -3.15517451e-01 3.30731274e-03 2.16514703e-02 -3.14117224e-01 3.56715393e-03 -1.79064386e-04 -1.40022696e-03 -2.59841185e-04
550              1.36008948e-02 -3.04556363e-01 3.88054229e-03 1.37426158e-02 -3.03162564e-01 4.09178764e-03 -1.41721033e-04 -1.39379914e-03 -2.11245345e-04
551              1.60273516e-02 -2.91520649e-01 4.91065153e-03 1.61196801e-02 -2.90133473e-01 5.06155862e-03 -9.23284068e-05 -1.38717625e-03 -1.50907092e-04
552              2.69163423e-02 -2.77252074e-01 6.22297496e-03 2.69526453e-02 -2.75870228e-01 6.30972119e-03 -3.63030210e-05 -1.38184613e-03 -8.67462244e-05
553              4.43164964e-02 -2.62607249e-01 7.57860916e-03 4.43000347e-02 -2.61230639e-01 7.61519530e-03 1.64616650e-05 -1.37661053e-03 -3.65861372e-05
554              6.58323807e-02 -2.48320831e-01 8.83890285e-03 6.57744343e-02 -2.46948333e-01 8.84155295e-03 5.79463998e-05 -1.37249764e-03 -2.65010057e-06
555              8.92728988e-02 -2.34946698e-01 9.91214322e-03 8.91916508e-02 -2.33577477e-01 9.90297408e-03 8.12479403e-05 -1.36922027e-03 9.16913371e-06
556              1.12611566e-01 -2.22945671e-01 1.07907970e-02 1.12524311e-01 -2.21576687e-01 1.07851327e-02 8.72553335e-05 -1.36898393e-03 5.66425752e-06
557              1.34112152e-01 -2.12727890e-01 1.15344604e-02 1.34036291e-01 -2.11356279e-01 1.15417557e-02 7.58616914e-05 -1.37161060e-03 -7.29527141e-06
558              1.52325733e-01 -2.04698861e-01 1.22217636e-02 1.52272356e-01 -2.03320498e-01 1.22414659e-02 5.33763962e-05 -1.37836365e-03 -1.97023257e-05
559              1.66586276e-01 -1.99187261e-01 1.28845489e-02 1.66563005e-01 -1.97800690e-01 1.29048691e-02 2.32701060e-05 -1.38657097e-03 -2.03202383e-05
560              1.77040647e-01 -1.96461912e-01 1.34993147e-02 1.77049126e-01 -1.95064467e-01 1.34988017e-02 -8.47845135e-06 -1.39744500e-03 5.13005349e-07
561              1.85177712e-01 -1.97535666e-01 1.40160071e-02 1.85214600e-01 -1.96126785e-01 1.39745709e-02 -3.68878788e-05 -1.40888160e-03 4.14362231e-05
562              1.91320671e-01 -2.01840391e-01 1.43578910e-02 1.91377985e-01 -2.00418069e-01 1.42497103e-02 -5.73140659e-05 -1.42232262e-03 1.08180696e-04
563              1.96921238e-01 -2.09637910e-01 1.44253569e-02 1.96987592e-01 -2.08201939e-01 1.42411318e-02 -6.63532341e-05 -1.43597084e-03 1.84225037e-04
564              2.03449715e-01 -2.20858543e-01 1.41529959e-02 2.03511010e-01 -2.19408395e-01 1.38973809e-02 -6.12943436e-05 -1.45014811e-03 2.55614992e-04
565              2.11885469e-01 -2.34887758e-01 1.35498306e-02 2.11930769e-01 -2.33425574e-01 1.32397298e-02 -4.53003358e-05 -1.46218371e-03 3.10100837e-04
566              2.21915576e-01 -2.49809707e-01 1.28390242e-02 2.21939651e-01 -2.48337643e-01 1.24893601e-02 -2.40746110e-05 -1.47206370e-03 3.49664113e-04
567              2.33353619e-01 -2.65694671e-01 1.19899675e-02 2.33358481e-01 -2.64215852e-01 1.16264495e-02 -4.86191489e-06 -1.47881914e-03 3.63517976e-04
568              2.44970292e-01 -2.81841197e-01 1.10822566e-02 2.44960076e-01 -2.80358071e-01 1.07311166e-02 1.02154100e-05 -1.48312589e-03 3.51140023e-04
569              2.54842954e-01 -2.97529497e-01 1.02032145e-02 2.54823937e-01 -2.96045612e-01 9.88562116e-03 1.90166819e-05 -1.48388523e-03 3.17593325e-04
570              2.61166169e-01 -3.12249341e-01 9.41898284e-03 2.61145565e-01 -3.10766046e-01 9.14800626e-03 2.06040285e-05 -1.48329535e-03 2.70976576e-04
571              2.62372811e-01 -3.25558599e-01 8.78877049e-03 2.62358777e-01 -3.24076633e-01 8.57296741e-03 1.40331016e-05 -1.48196619e-03 2.15803077e-04
572              2.57617824e-01 -3.36993810e-01 8.34780422e-03 2.57616361e-01 -3.35512840e-01 8.18394354e-03 1.46208107e-06 -1.48096968e-03 1.63860681e-04
573              2.46900997e-01 -3.45953229e-01 8.09746064e-03 2.46915771e-01 -3.44475609e-01 7.98033129e-03 -1.47734503e-05 -1.47762006e-03 1.17129359e-04
574              2.30823181e-01 -3.51646771e-01 8.00198622e-03 2.30855823e-01 -3.50176886e-01 7.92460113e-03 -3.26419229e-05 -1.46988451e-03 7.73850891e-05
575              2.09848168e-01 -3.52491416e-01 8.10986046e-03 2.09899328e-01 -3.51035745e-01 8.06052270e-03 -5.11602865e-05 -1.45567108e-03 4.93377609e-05
576              1.86234424e-01 -3.48748496e-01 8.17763712e-03 1.86306145e-01 -3.47310923e-01 8.15079600e-03 -7.17211608e-05 -1.43757261e-03 2.68411157e-05
577              1.62749942e-01 -3.40665751e-01 8.06114828e-03 1.62843277e-01 -3.39248958e-01 8.05118766e-03 -9.33349678e-05 -1.41679221e-03 9.96061398e-06
578              1.41912435e-01 -3.28790474e-01 7.75464947e-03 1.42022154e-01 -3.27392137e-01 7.75456444e-03 -1.09718788e-04 -1.39833691e-03 8.50241990e-08
579              1.25922174e-01 -3.14066934e-01 7.30784669e-03 1.26038168e-01 -3.12685149e-01 7.31364373e-03 -1.15993792e-04 -1.38178434e-03 -5.79703722e-06
580              1.16271678e-01 -2.97480574e-01 6.84085129e-03 1.16379560e-01 -2.96111741e-01 6.84498178e-03 -1.07881605e-04 -1.36883306e-03 -4.13049106e-06
581              1.12758850e-01 -2.80629083e-01 6.59686843e-03 1.12846683e-01 -2.79270590e-01 6.59198179e-03 -8.78331737e-05 -1.35849259e-03 4.88663448e-06
582              1.14604208e-01 -2.63712863e-01 6.57181221e-03 1.14663029e-01 -2.62358055e-01 6.54656926e-03 -5.88210093e-05 -1.35480866e-03 2.52429442e-05
583              1.20538559e-01 -2.47284137e-01 6.72243151e-03 1.20566104e-01 -2.45928719e-01 6.67740878e-03 -2.75454863e-05 -1.35541848e-03 4.50227273e-05
584              1.29194959e-01 -2.32179579e-01 6.94897232e-03 1.29193748e-01 -2.30817189e-01 6.89167770e-03 1.21050553e-06 -1.36238977e-03 5.72946239e-05
585              1.39065997e-01 -2.19175830e-01 7.18800404e-03 1.39044823e-01 -2.17805028e-01 7.13747174e-03 2.11735605e-05 -1.37080246e-03 5.05323006e-05
586              1.48560457e-01 -2.08655575e-01 7.42809522e-03 1.48531409e-01 -2.07274744e-01 7.40346253e-03 2.90473655e-05 -1.38083090e-03 2.46326853e-05
587              1.56382004e-01 -2.00841047e-01 7.67931323e-03 1.56356842e-01 -1.99451611e-01 7.69861208e-03 2.51624785e-05 -1.38943555e-03 -1.92988487e-05
588              1.61624439e-01 -1.95717226e-01 7.96587506e-03 1.61613779e-01 -1.94319592e-01 8.03367601e-03 1.06602868e-05 -1.39763433e-03 -6.78009575e-05
589              1.63533167e-01 -1.93353948e-01 8.32295154e-03 1.63544315e-01 -1.91949604e-01 8.43073503e-03 -1.11480325e-05 -1.40434470e-03 -1.07783488e-04
590              1.61608755e-01 -1.94318189e-01 8.85962534e-03 1.61645861e-01 -1.92905241e-01 8.98449713e-03 -3.71058375e-05 -1.41294785e-03 -1.24871791e-04
591              1.56474437e-01 -1.97903917e-01 9.45561285e-03 1.56538176e-01 -1.96482415e-01 9.56873495e-03 -6.37395247e-05 -1.42150232e-03 -1.13122100e-04
592              1.49334468e-01 -2.04050635e-01 1.00533918e-02 1.49421213e-01 -2.02620496e-01 1.01396925e-02 -8.67448796e-05 -1.43013918e-03 -8.63006387e-05
593              1.41592512e-01 -2.12810891e-01 1.06091559e-02 1.41693400e-01 -2.11372911e-01 1.06590064e-02 -1.00888068e-04 -1.43797973e-03 -4.98504615e-05
594              1.35138184e-01 -2.24065520e-01 1.10507030e-02 1.35240865e-01 -2.22618250e-01 1.10587920e-02 -1.02680274e-04 -1.44727031e-03 -8.08899235e-06
595              1.31076814e-01 -2.36610230e-01 1.13618984e-02 1.31170624e-01 -2.35153214e-01 1.13265284e-02 -9.38098912e-05 -1.45701547e-03 3.53700088e-05
596              1.31423470e-01 -2.51312551e-01 1.14698079e-02 1.31499061e-01 -2.49845909e-01 1.13902397e-02 -7.55914963e-05 -1.46664172e-03 7.95681609e-05
597              1.36452503e-01 -2.67860606e-01 1.14440315e-02 1.36504513e-01 -2.66386838e-01 1.13236342e-02 -5.20099115e-05 -1.47376777e-03 1.20397276e-04
598              1.45516281e-01 -2.85567705e-01 1.13558096e-02 1.45542631e-01 -2.84088981e-01 1.11943451e-02 -2.63495726e-05 -1.47872355e-03 1.61464523e-04
599              1.57629909e-01 -3.03634978e-01 1.12494850e-02 1.57634163e-01 -3.02152917e-01 1.10532105e-02 -4.25401945e-06 -1.48206099e-03 1.96274521e-04
600              1.71582452e-01 -3.21036217e-01 1.11778789e-02 1.71569688e-01 -3.19550560e-01 1.09567039e-02 1.27645652e-05 -1.48565755e-03 2.21175010e-04
601              1.86104149e-01 -3.36674679e-01 1.11846138e-02 1.86079648e-01 -3.35187976e-01 1.09463326e-02 2.45008388e-05 -1.48670281e-03 2.38281232e-04
602              2.00088581e-01 -3.49432094e-01 1.12777593e-02 2.00055601e-01 -3.47947245e-01 1.10268221e-02 3.29796335e-05 -1.48484904e-03 2.50937161e-04
603              2.12816398e-01 -3.58255999e-01 1.14276333e-02 2.12777022e-01 -3.56777932e-01 1.11670547e-02 3.93760437e-05 -1.47806740e-03 2.60578511e-04
604              2.23704677e-01 -3.62404967e-01 1.16143551e-02 2.23660829e-01 -3.60937711e-01 1.13470012e-02 4.38473611e-05 -1.46725592e-03 2.67353970e-04
605              2.31834247e-01 -3.61477053e-01 1.18410577e-02 2.31791541e-01 -3.60024655e-01 1.15697417e-02 4.27062061e-05 -1.45239797e-03 2.71316015e-04
606              2.36015216e-01 -3.54188817e-01 1.20619940e-02 2.35979772e-01 -3.52753155e-01 1.17945106e-02 3.54434723e-05 -1.43566255e-03 2.67483389e-04
607              2.35426944e-01 -3.42122522e-01 1.21104315e-02 2.35406262e-01 -3.40707399e-01 1.18602666e-02 2.06816181e-05 -1.41512337e-03 2.50164912e-04
608              2.30575482e-01 -3.26310620e-01 1.17941097e-02 2.30577056e-01 -3.24917448e-01 1.15736737e-02 -1.57464476e-06 -1.39317176e-03 2.20436025e-04
609              2.22872901e-01 -3.07766894e-01 1.09988150e-02 2.22899535e-01 -3.06394779e-01 1.08194076e-02 -2.66334783e-05 -1.37211474e-03 1.79407311e-04
610              2.14666576e-01 -2.88843333e-01 9.76412126e-03 2.14718933e-01 -2.87484653e-01 9.63089446e-03 -5.23576065e-05 -1.35868046e-03 1.33226800e-04
611              2.06621814e-01 -2.70327699e-01 8.41420008e-03 2.06694820e-01 -2.68974649e-01 8.32741718e-03 -7.30061473e-05 -1.35304970e-03 8.67828984e-05
612              1.99136326e-01 -2.52848346e-01 7.25051301e-03 1.99224774e-01 -2.51494538e-01 7.20175664e-03 -8.84477553e-05 -1.35380807e-03 4.87563714e-05
613              1.92514549e-01 -2.37851757e-01 6.47445100e-03 1.92606056e-01 -2.36491813e-01 6.45233400e-03 -9.15075044e-05 -1.35994402e-03 2.21170094e-05
614              1.85861347e-01 -2.24652964e-01 6.05850407e-03 1.85948738e-01 -2.23283003e-01 6.05396995e-03 -8.73914968e-05 -1.36996018e-03 4.53411912e-06
615              1.79263436e-01 -2.14077293e-01 5.89782912e-03 1.79339577e-01 -2.12694712e-01 5.90380252e-03 -7.61408877e-05 -1.38258140e-03 -5.97339665e-06
616              1.72992093e-01 -2.06476373e-01 5.83960427e-03 1.73055787e-01 -2.05080862e-01 5.86010182e-03 -6.36947385e-05 -1.39551172e-03 -2.04975510e-05
617              1.66729138e-01 -2.01693942e-01 5.83279369e-03 1.66783841e-01 -2.00286998e-01 5.87465164e-03 -5.47025441e-05 -1.40694396e-03 -4.18579526e-05
618              1.59671785e-01 -1.99092030e-01 5.87196473e-03 1.59722580e-01 -1.97674281e-01 5.94566828e-03 -5.07948187e-05 -1.41774873e-03 -7.37035586e-05
619              1.52500615e-01 -1.98984102e-01 5.96266587e-03 1.52553866e-01 -1.97561972e-01 6.07130443e-03 -5.32507401e-05 -1.42212986e-03 -1.08638556e-04
620              1.44806966e-01 -2.00765199e-01 6.14600913e-03 1.44867479e-01 -1.99340626e-01 6.28751457e-03 -6.05126153e-05 -1.42457342e-03 -1.41505443e-04
621              1.36410313e-01 -2.04214855e-01 6.46627226e-03 1.36480680e-01 -2.02787946e-01 6.63108284e-03 -7.03664997e-05 -1.42690950e-03 -1.64810580e-04
622              1.27164466e-01 -2.10010426e-01 7.03063568e-03 1.27246077e-01 -2.08580814e-01 7.20447989e-03 -8.16110063e-05 -1.42961182e-03 -1.73844209e-04
623              1.17562137e-01 -2.17450167e-01 7.76504434e-03 1.17654101e-01 -2.16016391e-01 7.93351399e-03 -9.19638432e-05 -1.43377642e-03 -1.68469653e-04
624              1.08216394e-01 -2.25548449e-01 8.51922229e-03 1.08316805e-01 -2.24110361e-01 8.67074576e-03 -1.00411760e-04 -1.43808748e-03 -1.51523469e-04
625              1.00370469e-01 -2.35508933e-01 9.27360645e-03 1.00473699e-01 -2.34065134e-01 9.39194523e-03 -1.03229731e-04 -1.44379919e-03 -1.18338783e-04
626              9.49505023e-02 -2.47606142e-01 1.00100679e-02 9.50481387e-02 -2.46155410e-01 1.00789789e-02 -9.76364226e-05 -1.45073208e-03 -6.89110836e-05
627              9.30485829e-02 -2.61796684e-01 1.06668212e-02 9.31303190e-02 -2.60338472e-01 1.06727938e-02 -8.17361859e-05 -1.45821214e-03 -5.97259003e-06
628              9.57159715e-02 -2.77653903e-01 1.11865002e-02 9.57749175e-02 -2.76188932e-01 1.11192191e-02 -5.89460181e-05 -1.46497036e-03 6.72810553e-05
629              1.03648244e-01 -2.94404436e-01 1.15542000e-02 1.03680832e-01 -2.92933690e-01 1.14126603e-02 -3.25887985e-05 -1.47074567e-03 1.41539737e-04
630              1.16917222e-01 -3.10931816e-01 1.18046405e-02 1.16922639e-01 -3.09456616e-01 1.15935588e-02 -5.41705161e-06 -1.47520015e-03 2.11081655e-04
631              1.34946698e-01 -3.26034267e-01 1.19869507e-02 1.34926434e-01 -3.24556832e-01 1.17229303e-02 2.02638854e-05 -1.47743443e-03 2.64020440e-04
632              1.56605782e-01 -3.38453539e-01 1.21523441e-02 1.56562655e-01 -3.36976794e-01 1.18487518e-02 4.31269153e-05 -1.47674434e-03 3.03592316e-04
633              1.80457125e-01 -3.47165045e-01 1.23198701e-02 1.80396928e-01 -3.45693181e-01 1.19949459e-02 6.01971112e-05 -1.47186409e-03 3.24924189e-04
634              2.04557582e-01 -3.51428376e-01 1.25230808e-02 2.04485985e-01 -3.49965444e-01 1.21862675e-02 7.15965423e-05 -1.46293227e-03 3.36813276e-04
635              2.26907404e-01 -3.50948601e-01 1.27417498e-02 2.26831050e-01 -3.49497717e-01 1.24028200e-02 7.63538834e-05 -1.45088407e-03 3.38929823e-04
636              2.45509837e-01 -3.44773746e-01 1.29025167e-02 2.45436191e-01 -3.43337603e-01 1.25693857e-02 7.36462276e-05 -1.43614368e-03 3.33131010e-04
637              2.58494533e-01 -3.34309498e-01 1.29171692e-02 2.58431010e-01 -3.32890230e-01 1.25999716e-02 6.35232989e-05 -1.41926791e-03 3.17197590e-04
638              2.64492413e-01 -3.20469934e-01 1.27349894e-02 2.64450613e-01 -3.19067931e-01 1.24388097e-02 4.18004993e-05 -1.40200331e-03 2.96179641e-04
639              2.63416506e-01 -3.04145517e-01 1.22081287e-02 2.63405267e-01 -3.02760545e-01 1.19485059e-02 1.12393081e-05 -1.38497197e-03 2.59622813e-04
640              2.57501923e-01 -2.87325259e-01 1.11986214e-02 2.57527520e-01 -2.85953245e-01 1.09811255e-02 -2.55969126e-05 -1.37201387e-03 2.17495871e-04
641              2.47781273e-01 -2.70637008e-01 9.92601090e-03 2.47841816e-01 -2.69271597e-01 9.76309852e-03 -6.05426279e-05 -1.36541056e-03 1.62912381e-04
642              2.35530328e-01 -2.54744424e-01 8.60230408e-03 2.35622149e-01 -2.53380964e-01 8.48348601e-03 -9.18206022e-05 -1.36345967e-03 1.18818071e-04
643              2.22249582e-01 -2.40622068e-01 7.38869697e-03 2.22361892e-01 -2.39255267e-01 7.31312226e-03 -1.12309865e-04 -1.36680033e-03 7.55747073e-05
644              2.09289228e-01 -2.29298422e-01 6.47321099e-03 2.09408655e-01 -2.27926209e-01 6.41726966e-03 -1.19427030e-04 -1.37221302e-03 5.59413289e-05
645              1.96104361e-01 -2.19942521e-01 5.87251402e-03 1.96221576e-01 -2.18561254e-01 5.82997365e-03 -1.17214781e-04 -1.38126681e-03 4.25403716e-05
646              1.83299558e-01 -2.12912091e-01 5.53258815e-03 1.83406769e-01 -2.11520061e-01 5.48826072e-03 -1.07211571e-04 -1.39203037e-03 4.43274228e-05
647              1.71643855e-01 -2.08371954e-01 5.30097486e-03 1.71735112e-01 -2.06968714e-01 5.26612123e-03 -9.12569879e-05 -1.40323988e-03 3.48536324e-05
648              1.60706156e-01 -2.05774022e-01 5.12174864e-03 1.60781440e-01 -2.04359154e-01 5.10348311e-03 -7.52836664e-05 -1.41486771e-03 1.82655349e-05
649              1.51381550e-01 -2.05447441e-01 5.00520046e-03 1.51444050e-01 -2.04026343e-01 5.02702857e-03 -6.24997001e-05 -1.42109832e-03 -2.18281062e-05
650              1.42742518e-01 -2.06810231e-01 5.00080700e-03 1.42798835e-01 -2.05385887e-01 5.06947711e-03 -5.63176462e-05 -1.42434427e-03 -6.86701116e-05
651              1.34235826e-01 -2.09771785e-01 5.14779022e-03 1.34293032e-01 -2.08345165e-01 5.27295676e-03 -5.72058191e-05 -1.42662069e-03 -1.25166539e-04
652              1.25192429e-01 -2.14228315e-01 5.52316241e-03 1.25256688e-01 -2.12799525e-01 5.69039745e-03 -6.42591011e-05 -1.42879037e-03 -1.67235045e-04
653              1.15356892e-01 -2.20238978e-01 6.12997923e-03 1.15431434e-01 -2.18807220e-01 6.32992406e-03 -7.45422707e-05 -1.43175711e-03 -1.99944825e-04
654              1.04662182e-01 -2.27728152e-01 6.96307543e-03 1.04747513e-01 -2.26293260e-01 7.16999970e-03 -8.53307889e-05 -1.43489177e-03 -2.06924266e-04
655              9.36728868e-02 -2.36770517e-01 7.93918692e-03 9.37661998e-02 -2.35331887e-01 8.13806265e-03 -9.33130483e-05 -1.43863022e-03 -1.98875732e-04
656              8.34324521e-02 -2.47287963e-01 8.97363554e-03 8.35289754e-02 -2.45845973e-01 9.13694535e-03 -9.65233135e-05 -1.44199047e-03 -1.63309809e-04
657              7.56041595e-02 -2.59250490e-01 9.94139551e-03 7.56951031e-02 -2.57804084e-01 1.00548104e-02 -9.09436495e-05 -1.44640605e-03 -1.13414915e-04
658              7.20333496e-02 -2.72321106e-01 1.07603619e-02 7.21111924e-02 -2.70870365e-01 1.08022201e-02 -7.78428281e-05 -1.45074060e-03 -4.18581823e-05
659              7.45168612e-02 -2.86020390e-01 1.13657180e-02 7.45745467e-02 -2.84563929e-01 1.13300227e-02 -5.76854953e-05 -1.45646085e-03 3.56953767e-05
660              8.41135257e-02 -2.99553993e-01 1.17745180e-02 8.41468141e-02 -2.98093204e-01 1.16546487e-02 -3.32883779e-05 -1.46078917e-03 1.19869351e-04
661              1.01041723e-01 -3.12025493e-01 1.20253228e-02 1.01047006e-01 -3.10561349e-01 1.18318188e-02 -5.28310186e-06 -1.46414380e-03 1.93504050e-04
662              1.24431596e-01 -3.22476088e-01 1.21937626e-02 1.24408888e-01 -3.21011828e-01 1.19359683e-02 2.27079729e-05 -1.46426019e-03 2.57794273e-04
663              1.52505563e-01 -3.30077539e-01 1.23428612e-02 1.52457226e-01 -3.28615882e-01 1.20387924e-02 4.83373616e-05 -1.46165672e-03 3.04068795e-04
664              1.82835512e-01 -3.34197414e-01 1.25164037e-02 1.82768156e-01 -3.32742936e-01 1.21779858e-02 6.73562074e-05 -1.45447832e-03 3.38417894e-04
665              2.12617608e-01 -3.34505699e-01 1.27125838e-02 2.12537849e-01 -3.33061356e-01 1.23564214e-02 7.97594270e-05 -1.44434354e-03 3.56162380e-04
666              2.39027351e-01 -3.30994944e-01 1.29098226e-02 2.38943988e-01 -3.29563384e-01 1.25440613e-02 8.33635079e-05 -1.43155998e-03 3.65761367e-04
667              2.59627053e-01 -3.23955805e-01 1.30275669e-02 2.59549072e-01 -3.22537255e-01 1.26676823e-02 7.79803899e-05 -1.41855050e-03 3.59884581e-04
668              2.72700956e-01 -3.13876072e-01 1.29643072e-02 2.72638869e-01 -3.12470830e-01 1.26221515e-02 6.20869857e-05 -1.40524202e-03 3.42155704e-04
669              2.76854047e-01 -3.00528738e-01 1.26873102e-02 2.76818933e-01 -2.99134985e-01 1.23784712e-02 3.51137400e-05 -1.39375272e-03 3.08838985e-04
670              2.74011740e-01 -2.86302311e-01 1.19174537e-02 2.74012453e-01 -2.84918675e-01 1.16519320e-02 -7.12230743e-07 -1.38363589e-03 2.65521674e-04
671              2.65082245e-01 -2.71959292e-01 1.08594975e-02 2.65122436e-01 -2.70580143e-01 1.06537829e-02 -4.01905570e-05 -1.37914964e-03 2.05714603e-04
672              2.51462608e-01 -2.58167239e-01 9.64991116e-03 2.51540153e-01 -2.56791321e-01 9.49830549e-03 -7.75451646e-05 -1.37591816e-03 1.51605672e-04
673              2.35282366e-01 -2.45800217e-01 8.38125092e-03 2.35389672e-01 -2.44422305e-01 8.28039415e-03 -1.07305444e-04 -1.37791214e-03 1.00856763e-04
674              2.18316934e-01 -2.35582698e-01 7.21930158e-03 2.18444342e-01 -2.34201212e-01 7.15154575e-03 -1.27408051e-04 -1.38148599e-03 6.77558341e-05
675              2.02242006e-01 -2.28111473e-01 6.30943567e-03 2.02373952e-01 -2.26723919e-01 6.25823679e-03 -1.31946070e-04 -1.38755414e-03 5.11988775e-05
676              1.86682627e-01 -2.22617951e-01 5.67323375e-03 1.86810961e-01 -2.21222730e-01 5.62475514e-03 -1.28333811e-04 -1.39522184e-03 4.84786161e-05
677              1.72015832e-01 -2.18934545e-01 5.23462328e-03 1.72131159e-01 -2.17527015e-01 5.19046450e-03 -1.15327692e-04 -1.40753005e-03 4.41587826e-05
678              1.59900551e-01 -2.17545908e-01 4.95098366e-03 1.59995442e-01 -2.16129562e-01 4.91634796e-03 -9.48913865e-05 -1.41634568e-03 3.46356962e-05
679              1.49913054e-01 -2.17802571e-01 4.75411236e-03 1.49986961e-01 -2.16378826e-01 4.74919554e-03 -7.39072352e-05 -1.42374446e-03 4.91681325e-06
680              1.42496476e-01 -2.19196219e-01 4.69818191e-03 1.42555498e-01 -2.17769086e-01 4.73418909e-03 -5.90212350e-05 -1.42713212e-03 -3.60071768e-05
681              1.33576256e-01 -2.22022108e-01 4.79079416e-03 1.33628081e-01 -2.20592673e-01 4.88118691e-03 -5.18248824e-05 -1.42943497e-03 -9.03927476e-05
682              1.27253242e-01 -2.25154998e-01 5.07532447e-03 1.27305662e-01 -2.23725707e-01 5.21485840e-03 -5.24201973e-05 -1.42929136e-03 -1.39533929e-04
683              1.17508332e-01 -2.30220910e-01 5.71137275e-03 1.17566562e-01 -2.28790702e-01 5.89526598e-03 -5.82301829e-05 -1.43020738e-03 -1.83893232e-04
684              1.07855907e-01 -2.35685551e-01 6.50989986e-03 1.07923062e-01 -2.34255775e-01 6.71920874e-03 -6.71544668e-05 -1.42977577e-03 -2.09308886e-04
685              9.72714356e-02 -2.42205337e-01 7.48845222e-03 9.73476346e-02 -2.40774685e-01 7.70460403e-03 -7.61989267e-05 -1.43065231e-03 -2.16151804e-04
686              8.66575744e-02 -2.49772162e-01 8.56591869e-03 8.67416952e-02 -2.48340893e-01 8.76183096e-03 -8.41207366e-05 -1.43126984e-03 -1.95912265e-04
687              7.76819766e-02 -2.58315238e-01 9.62404571e-03 7.77686657e-02 -2.56881543e-01 9.77674868e-03 -8.66891048e-05 -1.43369545e-03 -1.52702971e-04
688              7.24009360e-02 -2.67647524e-01 1.05513321e-02 7.24832446e-02 -2.66211197e-01 1.06379942e-02 -8.23085311e-05 -1.43632731e-03 -8.66620996e-05
689              7.28183185e-02 -2.77508151e-01 1.12690644e-02 7.28872960e-02 -2.76067391e-01 1.12779856e-02 -6.89775011e-05 -1.44076034e-03 -8.92127873e-06
690              8.05283760e-02 -2.87417437e-01 1.17516131e-02 8.05767499e-02 -2.85973056e-01 1.16753712e-02 -4.83739623e-05 -1.44438030e-03 7.62419635e-05
691              9.61161425e-02 -2.96732527e-01 1.20293419e-02 9.61375718e-02 -2.95284736e-01 1.18702026e-02 -2.14292992e-05 -1.44779040e-03 1.59139384e-04
692              1.18928149e-01 -3.04717597e-01 1.21677142e-02 1.18920888e-01 -3.03268913e-01 1.19323062e-02 7.26145362e-06 -1.44868398e-03 2.35408062e-04
693              1.47151218e-01 -3.10726496e-01 1.22349467e-02 1.47115142e-01 -3.09278958e-01 1.19381714e-02 3.60765932e-05 -1.44753780e-03 2.96775281e-04
694              1.78306784e-01 -3.14194839e-01 1.22727013e-02 1.78247100e-01 -3.12751950e-01 1.19300506e-02 5.96845205e-05 -1.44288938e-03 3.42650714e-04
695              2.09463152e-01 -3.14824473e-01 1.23072980e-02 2.09387443e-01 -3.13388455e-01 1.19378088e-02 7.57095943e-05 -1.43601744e-03 3.69489208e-04
696              2.37441867e-01 -3.12584001e-01 1.23640537e-02 2.37361175e-01 -3.11157270e-01 1.19823681e-02 8.06912006e-05 -1.42673141e-03 3.81685641e-04
697              2.59564469e-01 -3.07581767e-01 1.23958907e-02 2.59488986e-01 -3.06164648e-01 1.20174276e-02 7.54827698e-05 -1.41711824e-03 3.78463164e-04
698              2.74009009e-01 -3.00073320e-01 1.23156773e-02 2.73949574e-01 -2.98666387e-01 1.19559751e-02 5.94343972e-05 -1.40693259e-03 3.59702269e-04
699              2.79871947e-01 -2.90535245e-01 1.20360071e-02 2.79838093e-01 -2.89136288e-01 1.17117221e-02 3.38544570e-05 -1.39895686e-03 3.24284994e-04
700              2.77371628e-01 -2.79677324e-01 1.15048314e-02 2.77371442e-01 -2.78285236e-01 1.12294779e-02 1.85437537e-07 -1.39208740e-03 2.75353523e-04
701              2.67668084e-01 -2.68330930e-01 1.07240365e-02 2.67705061e-01 -2.66942353e-01 1.05088472e-02 -3.69764508e-05 -1.38857668e-03 2.15189293e-04
702              2.52556944e-01 -2.57387568e-01 9.74464055e-03 2.52631083e-01 -2.56000732e-01 9.58996218e-03 -7.41392383e-05 -1.38683637e-03 1.54678373e-04
703              2.34289089e-01 -2.47704407e-01 8.63571070e-03 2.34394145e-01 -2.46315609e-01 8.53780076e-03 -1.05056085e-04 -1.38879787e-03 9.79099427e-05
704              2.14969177e-01 -2.39911231e-01 7.53253165e-03 2.15096675e-01 -2.38519598e-01 7.47521057e-03 -1.27498860e-04 -1.39163253e-03 5.73210818e-05
705              1.96143157e-01 -2.34249352e-01 6.58126403e-03 1.96281329e-01 -2.32852538e-01 6.54872971e-03 -1.38171768e-04 -1.39681457e-03 3.25343136e-05
706              1.78825070e-01 -2.30687298e-01 5.87332857e-03 1.78962050e-01 -2.29284251e-01 5.84845463e-03 -1.36979872e-04 -1.40304750e-03 2.48739404e-05
707              1.63749160e-01 -2.29032466e-01 5.39418862e-03 1.63873100e-01 -2.27621334e-01 5.37135504e-03 -1.23940602e-04 -1.41113172e-03 2.28335842e-05
708              1.52596899e-01 -2.29058283e-01 5.11913206e-03 1.52700833e-01 -2.27639565e-01 5.09955072e-03 -1.03933965e-04 -1.41871745e-03 1.95813443e-05
709              1.42776752e-01 -2.30219839e-01 4.93963313e-03 1.42858832e-01 -2.28794726e-01 4.93463461e-03 -8.20799998e-05 -1.42511308e-03 4.99851705e-06
710              1.35181908e-01 -2.32252700e-01 4.88786671e-03 1.35244998e-01 -2.30823589e-01 4.90895998e-03 -6.30895408e-05 -1.42911156e-03 -2.10932685e-05
711              1.29262285e-01 -2.34924419e-01 4.98368059e-03 1.29311208e-01 -2.33493171e-01 5.04293888e-03 -4.89225412e-05 -1.43124787e-03 -5.92582825e-05
712              1.24147740e-01 -2.38050998e-01 5.27815423e-03 1.24189837e-01 -2.36620420e-01 5.38090538e-03 -4.20969330e-05 -1.43057827e-03 -1.02751146e-04
713              1.18884315e-01 -2.41606892e-01 5.82818015e-03 1.18926535e-01 -2.40177862e-01 5.96830222e-03 -4.22193062e-05 -1.42902981e-03 -1.40122068e-04
714              1.12838352e-01 -2.45564443e-01 6.63785397e-03 1.12886736e-01 -2.44137607e-01 6.80444264e-03 -4.83846901e-05 -1.42683596e-03 -1.66588675e-04
715              1.05918879e-01 -2.49927455e-01 7.66319107e-03 1.05976148e-01 -2.48501644e-01 7.83608162e-03 -5.72688422e-05 -1.42581125e-03 -1.72890544e-04
716              9.88589737e-02 -2.54635139e-01 8.79516945e-03 9.89254012e-02 -2.53210374e-01 8.95604677e-03 -6.64274978e-05 -1.42476501e-03 -1.60877317e-04
717              9.29405200e-02 -2.59648717e-01 9.91825276e-03 9.30123826e-02 -2.58223505e-01 1.00440285e-02 -7.18625622e-05 -1.42521199e-03 -1.25775780e-04
718              8.97949099e-02 -2.64913842e-01 1.09082025e-02 8.98662240e-02 -2.63487985e-01 1.09844947e-02 -7.13141120e-05 -1.42585713e-03 -7.62922065e-05
719              9.10694541e-02 -2.70385160e-01 1.16834749e-02 9.11323787e-02 -2.68956965e-01 1.16933795e-02 -6.29245811e-05 -1.42819526e-03 -9.90462406e-06
720              9.82343906e-02 -2.75929253e-01 1.21841624e-02 9.82814982e-02 -2.74499261e-01 1.21220459e-02 -4.71075458e-05 -1.42999181e-03 6.21165167e-05
721              1.11960774e-01 -2.81232989e-01 1.24154373e-02 1.11986248e-01 -2.79800702e-01 1.22760058e-02 -2.54733086e-05 -1.43228759e-03 1.39431424e-04
722              1.31723975e-01 -2.85900133e-01 1.24157480e-02 1.31724774e-01 -2.84467489e-01 1.22058142e-02 -7.99112365e-07 -1.43264378e-03 2.09933825e-04
723              1.55999134e-01 -2.89524450e-01 1.22532452e-02 1.55975618e-01 -2.88091869e-01 1.19816793e-02 2.35155329e-05 -1.43258088e-03 2.71565843e-04
724              1.82626626e-01 -2.91757508e-01 1.19883093e-02 1.82581897e-01 -2.90327333e-01 1.16730897e-02 4.47296150e-05 -1.43017498e-03 3.15219574e-04
725              2.09006578e-01 -2.92361680e-01 1.16998391e-02 2.08948293e-01 -2.90934807e-01 1.13571570e-02 5.82848753e-05 -1.42687258e-03 3.42682150e-04
726              2.32598804e-01 -2.91225136e-01 1.14329468e-02 2.32536528e-01 -2.89803937e-01 1.10816604e-02 6.22761578e-05 -1.42119830e-03 3.51286398e-04
727              2.51190366e-01 -2.88314468e-01 1.12059439e-02 2.51134813e-01 -2.86899020e-01 1.08580372e-02 5.55523126e-05 -1.41544811e-03 3.47906666e-04
728              2.63166715e-01 -2.83673527e-01 1.09826199e-02 2.63127339e-01 -2.82264791e-01 1.06537728e-02 3.93756603e-05 -1.40873634e-03 3.28847090e-04
729              2.67508470e-01 -2.77558377e-01 1.07131957e-02 2.67493826e-01 -2.76154989e-01 1.04138077e-02 1.46441470e-05 -1.40338772e-03 2.99387968e-04
730              2.64229516e-01 -2.70488208e-01 1.03327508e-02 2.64244201e-01 -2.69089339e-01 1.00770394e-02 -1.46850541e-05 -1.39886936e-03 2.55711374e-04
731              2.54304378e-01 -2.63095980e-01 9.82411548e-03 2.54351174e-01 -2.61698982e-01 9.61485839e-03 -4.67952694e-05 -1.39699846e-03 2.09257090e-04
732              2.37323389e-01 -2.55165924e-01 9.11850635e-03 2.37399728e-01 -2.53769969e-01 8.96620939e-03 -7.63394121e-05 -1.39595525e-03 1.52296957e-04
733              2.18804952e-01 -2.48950708e-01 8.21674242e-03 2.18905676e-01 -2.47552538e-01 8.11255137e-03 -1.00723924e-04 -1.39816931e-03 1.04191046e-04
734              1.99528520e-01 -2.44208314e-01 7.29045515e-03 1.99646584e-01 -2.42807803e-01 7.22922605e-03 -1.18064058e-04 -1.40051111e-03 6.12290954e-05
735              1.83137816e-01 -2.41515736e-01 6.54746186e-03 1.83264677e-01 -2.40111428e-01 6.50510914e-03 -1.26861392e-04 -1.40430754e-03 4.23527229e-05
736              1.66797002e-01 -2.40045191e-01 5.97157119e-03 1.66922631e-01 -2.38637167e-01 5.94076525e-03 -1.25629068e-04 -1.40802433e-03 3.08059376e-05
737              1.52863215e-01 -2.39993826e-01 5.58508726e-03 1.52977578e-01 -2.38579804e-01 5.55443139e-03 -1.14362991e-04 -1.41402177e-03 3.06558686e-05
738              1.41948535e-01 -2.41132969e-01 5.33062455e-03 1.42043954e-01 -2.39712634e-01 5.30688070e-03 -9.54189374e-05 -1.42033562e-03 2.37438523e-05
739              1.33917616e-01 -2.43010358e-01 5.20297292e-03 1.33992342e-01 -2.41584220e-01 5.18966463e-03 -7.47268103e-05 -1.42613713e-03 1.33082923e-05
740              1.28376096e-01 -2.45295742e-01 5.19642667e-03 1.28431930e-01 -2.43866877e-01 5.20532546e-03 -5.58335982e-05 -1.42886477e-03 -8.89878582e-06
741              1.24610407e-01 -2.47732322e-01 5.34329102e-03 1.24652323e-01 -2.46302609e-01 5.37822329e-03 -4.19159928e-05 -1.42971325e-03 -3.49322623e-05
742              1.21905210e-01 -2.50247923e-01 5.66949806e-03 1.21939810e-01 -2.48819692e-01 5.73688595e-03 -3.45998640e-05 -1.42823119e-03 -6.73878913e-05
743              1.19419530e-01 -2.52770085e-01 6.22303748e-03 1.19453440e-01 -2.51343872e-01 6.31616792e-03 -3.39102885e-05 -1.42621299e-03 -9.31304407e-05
744              1.16639234e-01 -2.55268313e-01 6.99627211e-03 1.16677550e-01 -2.53844828e-01 7.10919647e-03 -3.83166655e-05 -1.42348412e-03 -1.12924358e-04
745              1.13388542e-01 -2.57649677e-01 7.95031485e-03 1.13433949e-01 -2.56228138e-01 8.06616733e-03 -4.54069217e-05 -1.42153942e-03 -1.15852473e-04
746              1.10177911e-01 -2.59883972e-01 8.97850233e-03 1.10230617e-01 -2.58464350e-01 9.08454890e-03 -5.27057135e-05 -1.41962256e-03 -1.06046564e-04
747              1.07845703e-01 -2.61967465e-01 9.98465746e-03 1.07903511e-01 -2.60548963e-01 1.00614568e-02 -5.78079839e-05 -1.41850283e-03 -7.67993826e-05
748              1.07603815e-01 -2.63998377e-01 1.08582457e-02 1.07662684e-01 -2.62580443e-01 1.08946149e-02 -5.88690440e-05 -1.41793336e-03 -3.63692700e-05
749              1.10610121e-01 -2.66079814e-01 1.15376643e-02 1.10664034e-01 -2.64661297e-01 1.15179063e-02 -5.39135915e-05 -1.41851729e-03 1.97580137e-05
750              1.18004943e-01 -2.68294036e-01 1.19645516e-02 1.18048253e-01 -2.66874150e-01 1.18847079e-02 -4.33101672e-05 -1.41988656e-03 7.98436140e-05
751              1.31247952e-01 -2.70621652e-01 1.20366516e-02 1.31275539e-01 -2.69200227e-01 1.18933477e-02 -2.75873723e-05 -1.42142546e-03 1.43303926e-04
752              1.49035852e-01 -2.72842520e-01 1.19097790e-02 1.49044724e-01 -2.71419668e-01 1.17114750e-02 -8.87203134e-06 -1.42285198e-03 1.98303965e-04
753              1.69762835e-01 -2.74732543e-01 1.16923281e-02 1.69752686e-01 -2.73309053e-01 1.14395977e-02 1.01493930e-05 -1.42348976e-03 2.52730446e-04
754              1.91232406e-01 -2.76179267e-01 1.15097768e-02 1.91205429e-01 -2.74755766e-01 1.12166851e-02 2.69764255e-05 -1.42350137e-03 2.93091709e-04
755              2.11698521e-01 -2.76864445e-01 1.12965411e-02 2.11660674e-01 -2.75442313e-01 1.09735690e-02 3.78475093e-05 -1.42213174e-03 3.22972087e-04
756              2.29714768e-01 -2.76596149e-01 1.09985509e-02 2.29673871e-01 -2.75176343e-01 1.06699669e-02 4.08969504e-05 -1.41980676e-03 3.28584008e-04
757              2.43679728e-01 -2.75238373e-01 1.06628227e-02 2.43644941e-01 -2.73822284e-01 1.03394120e-02 3.47862976e-05 -1.41608937e-03 3.23410639e-04
758              2.52295570e-01 -2.72733507e-01 1.03097610e-02 2.52275623e-01 -2.71321247e-01 1.00084247e-02 1.99467360e-05 -1.41225968e-03 3.01336314e-04
759              2.54649562e-01 -2.69158529e-01 9.95042600e-03 2.54650449e-01 -2.67750606e-01 9.67600057e-03 -8.87117602e-07 -1.40792314e-03 2.74425436e-04
760              2.49848024e-01 -2.64638993e-01 9.62742056e-03 2.49873501e-01 -2.63234219e-01 9.39188214e-03 -2.54773006e-05 -1.40477341e-03 2.35538417e-04
761              2.39075478e-01 -2.59745207e-01 9.21022640e-03 2.39126303e-01 -2.58343130e-01 9.00974632e-03 -5.08245676e-05 -1.40207656e-03 2.00480080e-04
762              2.24045156e-01 -2.55078624e-01 8.64245856e-03 2.24120092e-01 -2.53677262e-01 8.48836653e-03 -7.49358080e-05 -1.40136251e-03 1.54092025e-04
763              2.06353461e-01 -2.51101908e-01 7.96735165e-03 2.06447935e-01 -2.49700542e-01 7.85026600e-03 -9.44737192e-05 -1.40136521e-03 1.17085653e-04
764              1.88543561e-01 -2.48205256e-01 7.16663531e-03 1.88651789e-01 -2.46802187e-01 7.08912931e-03 -1.08228244e-04 -1.40306915e-03 7.75059952e-05
765              1.71669532e-01 -2.46613888e-01 6.41418924e-03 1.71783267e-01 -2.45207792e-01 6.36216184e-03 -1.13734283e-04 -1.40609587e-03 5.20274018e-05
766              1.56568114e-01 -2.46278210e-01 5.82930252e-03 1.56680363e-01 -2.44868028e-01 5.80121691e-03 -1.12248814e-04 -1.41018191e-03 2.80856127e-05
767              1.43782939e-01 -2.47024342e-01 5.47651269e-03 1.43885591e-01 -2.45609105e-01 5.45808222e-03 -1.02652061e-04 -1.41523706e-03 1.84304677e-05
768              1.33734968e-01 -2.48618053e-01 5.31711186e-03 1.33822516e-01 -2.47197969e-01 5.31361590e-03 -8.75474294e-05 -1.42008352e-03 3.49595479e-06
769              1.26306255e-01 -2.50751766e-01 5.33960484e-03 1.26376473e-01 -2.49327424e-01 5.34602148e-03 -7.02187326e-05 -1.42434237e-03 -6.41663834e-06
770              1.21265609e-01 -2.53144403e-01 5.49886698e-03 1.21319930e-01 -2.51717720e-01 5.52528987e-03 -5.43206813e-05 -1.42668320e-03 -2.64228900e-05
771              1.18054704e-01 -2.55552814e-01 5.80817896e-03 1.18097239e-01 -2.54125173e-01 5.85042768e-03 -4.25359123e-05 -1.42764103e-03 -4.22487191e-05
772              1.16219569e-01 -2.57813618e-01 6.25762661e-03 1.16255545e-01 -2.56387065e-01 6.32238908e-03 -3.59754956e-05 -1.42655278e-03 -6.47624730e-05
773              1.15229227e-01 -2.59775811e-01 6.87887059e-03 1.15263637e-01 -2.58350896e-01 6.95534757e-03 -3.44097931e-05 -1.42491444e-03 -7.64769740e-05
774              1.14834469e-01 -2.61319977e-01 7.64414924e-03 1.14870624e-01 -2.59897787e-01 7.72974017e-03 -3.61552550e-05 -1.42219038e-03 -8.55909361e-05
775              1.14892753e-01 -2.62361830e-01 8.52475850e-03 1.14932717e-01 -2.60942090e-01 8.60159411e-03 -3.99638148e-05 -1.41974003e-03 -7.68356156e-05
776              1.15701987e-01 -2.62915434e-01 9.42496132e-03 1.15745229e-01 -2.61498650e-01 9.48686690e-03 -4.32428749e-05 -1.41678440e-03 -6.19055764e-05
777              1.17678214e-01 -2.63097116e-01 1.02825909e-02 1.17723468e-01 -2.61682114e-01 1.03103389e-02 -4.52537190e-05 -1.41500161e-03 -2.77479635e-05
778              1.22295165e-01 -2.63094243e-01 1.09766843e-02 1.22338911e-01 -2.61680737e-01 1.09701158e-02 -4.37464230e-05 -1.41350568e-03 6.56851253e-06
779              1.29513164e-01 -2.63083913e-01 1.15156231e-02 1.29552277e-01 -2.61670380e-01 1.14578696e-02 -3.91133142e-05 -1.41353322e-03 5.77535012e-05
780              1.39753657e-01 -2.63283002e-01 1.18421440e-02 1.39784059e-01 -2.61869009e-01 1.17342998e-02 -3.04017442e-05 -1.41399218e-03 1.07844281e-04
781              1.52944876e-01 -2.63851041e-01 1.19650468e-02 1.52964122e-01 -2.62435446e-01 1.17991748e-02 -1.92457470e-05 -1.41559550e-03 1.65872037e-04
782              1.67878275e-01 -2.64709290e-01 1.19737306e-02 1.67884578e-01 -2.63292171e-01 1.17579806e-02 -6.30248554e-06 -1.41711945e-03 2.15750055e-04
783              1.84087115e-01 -2.65807332e-01 1.18209793e-02 1.84081524e-01 -2.64388331e-01 1.15568296e-02 5.59136407e-06 -1.41900095e-03 2.64149767e-04
784              2.00608595e-01 -2.66918701e-01 1.14884975e-02 2.00593297e-01 -2.65498590e-01 1.11980681e-02 1.52979862e-05 -1.42011158e-03 2.90429415e-04
785              2.16023100e-01 -2.67848973e-01 1.10514476e-02 2.16002959e-01 -2.66428114e-01 1.07443300e-02 2.01407236e-05 -1.42085886e-03 3.07117634e-04
786              2.29002238e-01 -2.68321514e-01 1.05619572e-02 2.28983088e-01 -2.66901264e-01 1.02580526e-02 1.91501048e-05 -1.42025032e-03 3.03904606e-04
787              2.38318105e-01 -2.68168050e-01 1.00846080e-02 2.38306355e-01 -2.66749421e-01 9.79002396e-03 1.17499059e-05 -1.41862912e-03 2.94584061e-04
788              2.43118931e-01 -2.67198215e-01 9.62822097e-03 2.43119982e-01 -2.65782526e-01 9.35726926e-03 -1.05153896e-06 -1.41568919e-03 2.70951704e-04
789              2.42705065e-01 -2.65420837e-01 9.20714013e-03 2.42723036e-01 -2.64008137e-01 8.96322717e-03 -1.79710864e-05 -1.41269993e-03 2.43912959e-04
790              2.36271911e-01 -2.62813726e-01 8.86417741e-03 2.36309077e-01 -2.61404318e-01 8.65449544e-03 -3.71657627e-05 -1.40940758e-03 2.09681961e-04
791              2.24976716e-01 -2.59808600e-01 8.48404527e-03 2.25033536e-01 -2.58401468e-01 8.30771959e-03 -5.68199801e-05 -1.40713277e-03 1.76325676e-04
792              2.10316383e-01 -2.56790518e-01 8.01692281e-03 2.10391189e-01 -2.55385320e-01 7.87949258e-03 -7.48065922e-05 -1.40519806e-03 1.37430227e-04
793              1.93697246e-01 -2.54172417e-01 7.48278103e-03 1.93786706e-01 -2.52767438e-01 7.38227789e-03 -8.94599406e-05 -1.40497933e-03 1.00503136e-04
794              1.76685071e-01 -2.52261080e-01 6.91248433e-03 1.76784113e-01 -2.50855649e-01 6.84575371e-03 -9.90422816e-05 -1.40543083e-03 6.67306165e-05
795              1.61003750e-01 -2.51201015e-01 6.35434110e-03 1.61106849e-01 -2.49793291e-01 6.31755901e-03 -1.03099627e-04 -1.40772436e-03 3.67820853e-05
796              1.47297990e-01 -2.51068589e-01 5.91312230e-03 1.47398463e-01 -2.49658327e-01 5.89866279e-03 -1.00472999e-04 -1.41026170e-03 1.44595170e-05
797              1.35944563e-01 -2.51804433e-01 5.66860403e-03 1.36037176e-01 -2.50390293e-01 5.67113479e-03 -9.26137058e-05 -1.41413989e-03 -2.53075403e-06
798              1.27140181e-01 -2.53207898e-01 5.63058197e-03 1.27220443e-01 -2.51790238e-01 5.64424694e-03 -8.02613553e-05 -1.41765957e-03 -1.36649632e-05
799              1.20879859e-01 -2.55088193e-01 5.76273020e-03 1.20946101e-01 -2.53666806e-01 5.78764027e-03 -6.62424709e-05 -1.42138702e-03 -2.49100698e-05
800              1.16899726e-01 -2.57178523e-01 6.03728416e-03 1.16952747e-01 -2.55755031e-01 6.07140681e-03 -5.30207330e-05 -1.42349268e-03 -3.41226438e-05
801              1.14883868e-01 -2.59275582e-01 6.42926671e-03 1.14926849e-01 -2.57850611e-01 6.47498413e-03 -4.29815298e-05 -1.42497057e-03 -4.57174203e-05
802              1.14437100e-01 -2.61149336e-01 6.94039511e-03 1.14473697e-01 -2.59724770e-01 6.99325916e-03 -3.65963293e-05 -1.42456651e-03 -5.28640437e-05
803              1.15283651e-01 -2.62645709e-01 7.56023867e-03 1.15317388e-01 -2.61222190e-01 7.61831406e-03 -3.37373604e-05 -1.42351878e-03 -5.80753915e-05
804              1.17151575e-01 -2.63587432e-01 8.27665938e-03 1.17184683e-01 -2.62166416e-01 8.32978973e-03 -3.31077312e-05 -1.42101680e-03 -5.31303518e-05
805              1.19946085e-01 -2.63922869e-01 9.03887679e-03 1.19979872e-01 -2.62504236e-01 9.08113372e-03 -3.37864250e-05 -1.41863308e-03 -4.22569248e-05
806              1.23668339e-01 -2.63663454e-01 9.79554498e-03 1.23703120e-01 -2.62247634e-01 9.81429329e-03 -3.47811444e-05 -1.41582040e-03 -1.87483136e-05
807              1.29152437e-01 -2.62926237e-01 1.04637787e-02 1.29187116e-01 -2.61512460e-01 1.04559657e-02 -3.46782576e-05 -1.41377723e-03 7.81294245e-06
808              1.36143295e-01 -2.61911557e-01 1.10286655e-02 1.36176443e-01 -2.60499664e-01 1.09821532e-02 -3.31480861e-05 -1.41189308e-03 4.65123527e-05
809              1.44813448e-01 -2.60943862e-01 1.14415031e-02 1.44842881e-01 -2.59532390e-01 1.13527960e-02 -2.94336237e-05 -1.41147232e-03 8.87071291e-05
810              1.55248966e-01 -2.60250974e-01 1.16759363e-02 1.55272884e-01 -2.58839357e-01 1.15396984e-02 -2.39178763e-05 -1.41161665e-03 1.36237910e-04
811              1.66712281e-01 -2.59965897e-01 1.17796539e-02 1.66728595e-01 -2.58552970e-01 1.15970871e-02 -1.63136314e-05 -1.41292685e-03 1.82566754e-04
812              1.79245381e-01 -2.60192724e-01 1.17030706e-02 1.79254321e-01 -2.58778297e-01 1.14767384e-02 -8.94016009e-06 -1.41442672e-03 2.26332178e-04
813              1.92294182e-01 -2.60859289e-01 1.14391667e-02 1.92295659e-01 -2.59442708e-01 1.11823165e-02 -1.47706883e-06 -1.41658094e-03 2.56850154e-04
814              2.04925616e-01 -2.61813557e-01 1.10409595e-02 2.04922522e-01 -2.60395262e-01 1.07635909e-02 3.09343945e-06 -1.41829465e-03 2.77368521e-04
815              2.16118660e-01 -2.62842754e-01 1.05629563e-02 2.16113596e-01 -2.61423061e-01 1.02797830e-02 5.06404564e-06 -1.41969305e-03 2.83173352e-04
816              2.24887658e-01 -2.63724850e-01 1.00619406e-02 2.24885642e-01 -2.62304923e-01 9.78277396e-03 2.01576468e-06 -1.41992672e-03 2.79166689e-04
817              2.30450068e-01 -2.64234037e-01 9.57044614e-03 2.30454687e-01 -2.62814799e-01 9.30722771e-03 -4.61937326e-06 -1.41923734e-03 2.63218423e-04
818              2.32150844e-01 -2.64213684e-01 9.11432571e-03 2.32166611e-01 -2.62796240e-01 8.87333140e-03 -1.57675930e-05 -1.41744368e-03 2.40994310e-04
819              2.29571586e-01 -2.63553664e-01 8.69726259e-03 2.29600952e-01 -2.62138520e-01 8.48587070e-03 -2.93655470e-05 -1.41514357e-03 2.11391890e-04
820              2.22068503e-01 -2.62226537e-01 8.37656535e-03 2.22113668e-01 -2.60814005e-01 8.19615308e-03 -4.51654341e-05 -1.41253249e-03 1.80412268e-04
821              2.10801470e-01 -2.60457024e-01 8.04842996e-03 2.10861973e-01 -2.59046855e-01 7.90066929e-03 -6.05023641e-05 -1.41016887e-03 1.47760669e-04
822              1.97044611e-01 -2.58550829e-01 7.67365337e-03 1.97119238e-01 -2.57142395e-01 7.56073585e-03 -7.46275372e-05 -1.40843391e-03 1.12917518e-04
823              1.81962152e-01 -2.56773338e-01 7.26740139e-03 1.82047233e-01 -2.55365857e-01 7.18794831e-03 -8.50805012e-05 -1.40748060e-03 7.94530843e-05
824              1.66843359e-01 -2.55420688e-01 6.85320910e-03 1.66935627e-01 -2.54013190e-01 6.80415653e-03 -9.22673069e-05 -1.40749792e-03 4.90525669e-05
825              1.53125696e-01 -2.54619071e-01 6.45933377e-03 1.53219563e-01 -2.53210487e-01 6.43689908e-03 -9.38665451e-05 -1.40858400e-03 2.24346951e-05
826              1.41367217e-01 -2.54505436e-01 6.16411976e-03 1.41458363e-01 -2.53094925e-01 6.16298733e-03 -9.11459043e-05 -1.41051062e-03 1.13242794e-06
827              1.31813823e-01 -2.55033342e-01 6.04241955e-03 1.31897342e-01 -2.53620230e-01 6.05512613e-03 -8.35195110e-05 -1.41311245e-03 -1.27065790e-05
828              1.24677903e-01 -2.56105988e-01 6.09526942e-03 1.24751359e-01 -2.54689998e-01 6.11790902e-03 -7.34560404e-05 -1.41598983e-03 -2.26395978e-05
829              1.19899395e-01 -2.57552746e-01 6.30283942e-03 1.19960560e-01 -2.56133747e-01 6.33136280e-03 -6.11650712e-05 -1.41899987e-03 -2.85233726e-05
830              1.17329323e-01 -2.59176905e-01 6.62870082e-03 1.17379958e-01 -2.57755824e-01 6.66263436e-03 -5.06344996e-05 -1.42108143e-03 -3.39335351e-05
831              1.16656333e-01 -2.60769488e-01 7.05614151e-03 1.16697841e-01 -2.59347073e-01 7.09278686e-03 -4.15080863e-05 -1.42241523e-03 -3.66453529e-05
832              1.17631311e-01 -2.62139346e-01 7.56630896e-03 1.17667129e-01 -2.60716924e-01 7.60392216e-03 -3.58183943e-05 -1.42242137e-03 -3.76132040e-05
833              1.19968686e-01 -2.63117198e-01 8.15051895e-03 1.20000647e-01 -2.61695691e-01 8.18392705e-03 -3.19606161e-05 -1.42150702e-03 -3.34080992e-05
834              1.23469402e-01 -2.63571821e-01 8.78073981e-03 1.23499817e-01 -2.62152283e-01 8.80519576e-03 -3.04149137e-05 -1.41953796e-03 -2.44559484e-05
835              1.27917640e-01 -2.63455067e-01 9.42547777e-03 1.27947431e-01 -2.62037754e-01 9.43308687e-03 -2.97910788e-05 -1.41731366e-03 -7.60909733e-06
836              1.33235189e-01 -2.62811822e-01 1.00349485e-02 1.33264931e-01 -2.61396948e-01 1.00192875e-02 -2.97422009e-05 -1.41487416e-03 1.56609876e-05
837              1.39963007e-01 -2.61734147e-01 1.05506536e-02 1.39992123e-01 -2.60321286e-01 1.05072699e-02 -2.91154672e-05 -1.41286081e-03 4.33836954e-05
838              1.47725014e-01 -2.60454422e-01 1.09612521e-02 1.47752715e-01 -2.59043127e-01 1.08845441e-02 -2.77009101e-05 -1.41129484e-03 7.67079363e-05
839              1.56435003e-01 -2.59261330e-01 1.12458585e-02 1.56460319e-01 -2.57850542e-01 1.11311654e-02 -2.53156847e-05 -1.41078796e-03 1.14693127e-04
840              1.65563661e-01 -2.58357914e-01 1.14196511e-02 1.65585256e-01 -2.56946937e-01 1.12646054e-02 -2.15955568e-05 -1.41097712e-03 1.55045649e-04
841              1.75402906e-01 -2.57932632e-01 1.14258558e-02 1.75420031e-01 -2.56520477e-01 1.12326716e-02 -1.71251027e-05 -1.41215556e-03 1.93184243e-04
842              1.85729428e-01 -2.58040480e-01 1.12526316e-02 1.85741786e-01 -2.56626747e-01 1.10297963e-02 -1.23581872e-05 -1.41373294e-03 2.22835294e-04
843              1.95945505e-01 -2.58637459e-01 1.09399576e-02 1.95954189e-01 -2.57221510e-01 1.06949205e-02 -8.68452922e-06 -1.41594863e-03 2.45037132e-04
844              2.05344418e-01 -2.59610663e-01 1.05315083e-02 2.05350977e-01 -2.58192930e-01 1.02757920e-02 -6.55864700e-06 -1.41773369e-03 2.55716288e-04
845              2.13149113e-01 -2.60757330e-01 1.00776026e-02 2.13156176e-01 -2.59338106e-01 9.81973956e-03 -7.06349591e-06 -1.41922415e-03 2.57863044e-04
846              2.18697089e-01 -2.61875646e-01 9.60936125e-03 2.18707236e-01 -2.60455922e-01 9.36115532e-03 -1.01465647e-05 -1.41972375e-03 2.48205926e-04
847              2.21405788e-01 -2.62747939e-01 9.16101853e-03 2.21422919e-01 -2.61328406e-01 8.92865426e-03 -1.71312101e-05 -1.41953324e-03 2.32364271e-04
848              2.20862471e-01 -2.63215906e-01 8.74467159e-03 2.20888877e-01 -2.61797733e-01 8.53685894e-03 -2.64055538e-05 -1.41817323e-03 2.07812650e-04
849              2.16217127e-01 -2.63091828e-01 8.42009128e-03 2.16255571e-01 -2.61675515e-01 8.23768040e-03 -3.84444311e-05 -1.41631335e-03 1.82410888e-04
850              2.08141883e-01 -2.62440164e-01 8.11117703e-03 2.08192700e-01 -2.61026076e-01 7.95853096e-03 -5.08167521e-05 -1.41408768e-03 1.52646073e-04
851              1.97438540e-01 -2.61367714e-01 7.79850332e-03 1.97501836e-01 -2.59955697e-01 7.67569316e-03 -6.32962414e-05 -1.41201705e-03 1.22810155e-04
852              1.85008762e-01 -2.60080690e-01 7.47652799e-03 1.85082182e-01 -2.58670576e-01 7.38637953e-03 -7.34201238e-05 -1.41011414e-03 9.01484614e-05
853              1.71798581e-01 -2.58772407e-01 7.16427595e-03 1.71880044e-01 -2.57363280e-01 7.10168030e-03 -8.14630228e-05 -1.40912657e-03 6.25956472e-05
854              1.59287996e-01 -2.57703068e-01 6.83800792e-03 1.59373526e-01 -2.56294437e-01 6.80451986e-03 -8.55302074e-05 -1.40863081e-03 3.34880628e-05
855              1.48021860e-01 -2.57031102e-01 6.57880887e-03 1.48107505e-01 -2.55621676e-01 6.56629733e-03 -8.56452387e-05 -1.40942591e-03 1.25115489e-05
856              1.38454722e-01 -2.56848728e-01 6.44276365e-03 1.38536763e-01 -2.55438247e-01 6.44786442e-03 -8.20419690e-05 -1.41048135e-03 -5.10076962e-06
857              1.30843088e-01 -2.57120060e-01 6.45847618e-03 1.30918222e-01 -2.55707366e-01 6.47246370e-03 -7.51346823e-05 -1.41269467e-03 -1.39875272e-05
858              1.25421616e-01 -2.57828225e-01 6.60489416e-03 1.25487545e-01 -2.56413362e-01 6.62609619e-03 -6.59288679e-05 -1.41486299e-03 -2.12020250e-05
859              1.22129590e-01 -2.58805873e-01 6.86968167e-03 1.22185821e-01 -2.57388415e-01 6.89202459e-03 -5.62307179e-05 -1.41745798e-03 -2.23429179e-05
860              1.20862886e-01 -2.59930182e-01 7.22092456e-03 1.20910106e-01 -2.58511046e-01 7.24423678e-03 -4.72199441e-05 -1.41913598e-03 -2.33122201e-05
861              1.21353385e-01 -2.60990250e-01 7.64633768e-03 1.21393255e-01 -2.59569879e-01 7.66632902e-03 -3.98705315e-05 -1.42037093e-03 -1.99913372e-05
862              1.23415490e-01 -2.61861516e-01 8.12203557e-03 1.23449791e-01 -2.60441246e-01 8.13737997e-03 -3.43012491e-05 -1.42027061e-03 -1.53444014e-05
863              1.26779243e-01 -2.62371023e-01 8.63670889e-03 1.26809935e-01 -2.60951484e-01 8.64231749e-03 -3.06919767e-05 -1.41953953e-03 -5.60859873e-06
864              1.31242966e-01 -2.62462184e-01 9.16181046e-03 1.31271271e-01 -2.61044394e-01 9.15423866e-03 -2.83049507e-05 -1.41778955e-03 7.57179891e-06
865              1.36545570e-01 -2.62081229e-01 9.67440012e-03 1.36572841e-01 -2.60665202e-01 9.64790952e-03 -2.72714111e-05 -1.41602723e-03 2.64905992e-05
866              1.42550099e-01 -2.61316902e-01 1.01389531e-02 1.42576419e-01 -2.59902795e-01 1.00891948e-02 -2.63203018e-05 -1.41410702e-03 4.97582913e-05
867              1.49596081e-01 -2.60230352e-01 1.05076621e-02 1.49621977e-01 -2.58817834e-01 1.04326385e-02 -2.58959303e-05 -1.41251767e-03 7.50235654e-05
868              1.57260584e-01 -2.59067301e-01 1.07803818e-02 1.57285066e-01 -2.57656012e-01 1.06764431e-02 -2.44820078e-05 -1.41128876e-03 1.03938735e-04
869              1.64913894e-01 -2.58026736e-01 1.09804860e-02 1.64937309e-01 -2.56615716e-01 1.08436793e-02 -2.34145367e-05 -1.41102040e-03 1.36806653e-04
870              1.72860199e-01 -2.57344120e-01 1.10508751e-02 1.72881086e-01 -2.55932646e-01 1.08824234e-02 -2.08870382e-05 -1.41147421e-03 1.68451681e-04
871              1.81053274e-01 -2.57078020e-01 1.09692702e-02 1.81071942e-01 -2.55665516e-01 1.07740435e-02 -1.86681854e-05 -1.41250436e-03 1.95226652e-04
872              1.89212761e-01 -2.57325964e-01 1.07518150e-02 1.89228756e-01 -2.55911902e-01 1.05362677e-02 -1.59950376e-05 -1.41406171e-03 2.15547322e-04
873              1.96845208e-01 -2.58014976e-01 1.04353614e-02 1.96860228e-01 -2.56599075e-01 1.02063820e-02 -1.50200969e-05 -1.41590092e-03 2.28979466e-04
874              2.03427913e-01 -2.59073441e-01 1.00553366e-02 2.03442500e-01 -2.57655763e-01 9.82184889e-03 -1.45871093e-05 -1.41767827e-03 2.33487748e-04
875              2.08414804e-01 -2.60287294e-01 9.64851845e-03 2.08431527e-01 -2.58868412e-01 9.41760129e-03 -1.67237921e-05 -1.41888199e-03 2.30917155e-04
876              2.11358895e-01 -2.61502440e-01 9.23740901e-03 2.11379228e-01 -2.60082936e-01 9.01822479e-03 -2.03332201e-05 -1.41950371e-03 2.19184214e-04
877              2.11868889e-01 -2.62497720e-01 8.84742032e-03 2.11895843e-01 -2.61078612e-01 8.64468427e-03 -2.69541210e-05 -1.41910799e-03 2.02736050e-04
878              2.09709963e-01 -2.63150789e-01 8.48791768e-03 2.09744704e-01 -2.61732588e-01 8.30869974e-03 -3.47401757e-05 -1.41820096e-03 1.79217940e-04
879              2.04284255e-01 -2.63274198e-01 8.21235690e-03 2.04328899e-01 -2.61857755e-01 8.05593783e-03 -4.46444414e-05 -1.41644324e-03 1.56419077e-04
880              1.96320375e-01 -2.62935157e-01 7.95391993e-03 1.96374703e-01 -2.61520453e-01 7.82491309e-03 -5.43282519e-05 -1.41470480e-03 1.29006845e-04
881              1.86511575e-01 -2.62187001e-01 7.70030735e-03 1.86575168e-01 -2.60774443e-01 7.59665192e-03 -6.35934809e-05 -1.41255799e-03 1.03655424e-04
882              1.75639170e-01 -2.61212735e-01 7.44584905e-03 1.75710158e-01 -2.59801671e-01 7.37129984e-03 -7.09880539e-05 -1.41106442e-03 7.45492065e-05
883              1.64448895e-01 -2.60149809e-01 7.21596997e-03 1.64525173e-01 -2.58739958e-01 7.16358842e-03 -7.62781091e-05 -1.40985161e-03 5.23815501e-05
884              1.54120679e-01 -2.59244546e-01 6.98762832e-03 1.54199267e-01 -2.57835031e-01 6.96051426e-03 -7.85880590e-05 -1.40951527e-03 2.71140594e-05
885              1.45020775e-01 -2.58597968e-01 6.83168664e-03 1.45098291e-01 -2.57188201e-01 6.82050528e-03 -7.75162653e-05 -1.40976657e-03 1.11813675e-05
886              1.37503514e-01 -2.58301838e-01 6.78359149e-03 1.37577349e-01 -2.56891038e-01 6.78719846e-03 -7.38350090e-05 -1.41080023e-03 -3.60697220e-06
887              1.31720481e-01 -2.58327206e-01 6.86822345e-03 1.31788058e-01 -2.56914854e-01 6.87660155e-03 -6.75766836e-05 -1.41235152e-03 -8.37810149e-06
888              1.27869675e-01 -2.58682997e-01 7.05667946e-03 1.27929747e-01 -2.57268730e-01 7.07014149e-03 -6.00724348e-05 -1.41426675e-03 -1.34620296e-05
889              1.25868343e-01 -2.59236943e-01 7.34175179e-03 1.25920254e-01 -2.57820748e-01 7.35254367e-03 -5.19113887e-05 -1.41619546e-03 -1.07918797e-05
890              1.25651861e-01 -2.59903171e-01 7.68749467e-03 1.25696517e-01 -2.58485413e-01 7.69734017e-03 -4.46557831e-05 -1.41775742e-03 -9.84549308e-06
891              1.26984496e-01 -2.60502555e-01 8.08837683e-03 1.27022914e-01 -2.59084039e-01 8.09050650e-03 -3.84175968e-05 -1.41851559e-03 -2.12966929e-06
892              1.29718936e-01 -2.60948436e-01 8.51450272e-03 1.29752644e-01 -2.59529961e-01 8.50991174e-03 -3.37080446e-05 -1.41847442e-03 4.59097534e-06
893              1.33589660e-01 -2.61104159e-01 8.95950128e-03 1.33619978e-01 -2.59686467e-01 8.94135767e-03 -3.03186392e-05 -1.41769242e-03 1.81436050e-05
894              1.38402783e-01 -2.60952454e-01 9.39195285e-03 1.38430815e-01 -2.59535865e-01 9.36039956e-03 -2.80314607e-05 -1.41658941e-03 3.15532906e-05
895              1.43895927e-01 -2.60452959e-01 9.79982783e-03 1.43922675e-01 -2.59037858e-01 9.74784314e-03 -2.67478233e-05 -1.41510135e-03 5.19846942e-05
896              1.49919018e-01 -2.59708890e-01 1.01500265e-02 1.49944733e-01 -2.58295159e-01 1.00775540e-02 -2.57152440e-05 -1.41373143e-03 7.24725026e-05
897              1.56295223e-01 -2.58805603e-01 1.04307821e-02 1.56320509e-01 -2.57393052e-01 1.03325387e-02 -2.52862149e-05 -1.41255056e-03 9.82433752e-05
898              1.62944508e-01 -2.57934983e-01 1.06167543e-02 1.62968925e-01 -2.56523003e-01 1.04943396e-02 -2.44170391e-05 -1.41197923e-03 1.22414694e-04
899              1.69755384e-01 -2.57223833e-01 1.07025285e-02 1.69779176e-01 -2.55812037e-01 1.05535662e-02 -2.37927493e-05 -1.41179584e-03 1.48962308e-04
900              1.76649045e-01 -2.56849824e-01 1.06737142e-02 1.76671342e-01 -2.55437443e-01 1.05030080e-02 -2.22969044e-05 -1.41238074e-03 1.70706234e-04
901              1.83438983e-01 -2.56873856e-01 1.05404993e-02 1.83460373e-01 -2.55460425e-01 1.03494522e-02 -2.13893817e-05 -1.41343054e-03 1.91047106e-04
902              1.89855500e-01 -2.57358846e-01 1.03126122e-02 1.89875604e-01 -2.55943898e-01 1.01090943e-02 -2.01040162e-05 -1.41494743e-03 2.03517846e-04
903              1.95518155e-01 -2.58217995e-01 1.00194142e-02 1.95538457e-01 -2.56801554e-01 9.80704127e-03 -2.03011732e-05 -1.41644091e-03 2.12372940e-04
904              2.00050589e-01 -2.59370164e-01 9.68080650e-03 2.00071522e-01 -2.57952252e-01 9.46916899e-03 -2.09327325e-05 -1.41791199e-03 2.11637514e-04
905              2.03066290e-01 -2.60626666e-01 9.32936713e-03 2.03090086e-01 -2.59207904e-01 9.12250345e-03 -2.37955094e-05 -1.41876211e-03 2.06863681e-04
906              2.04260855e-01 -2.61850817e-01 8.97909200e-03 2.04288407e-01 -2.60431681e-01 8.78588990e-03 -2.75522838e-05 -1.41913593e-03 1.93202097e-04
907              2.03383092e-01 -2.62855373e-01 8.65273447e-03 2.03416820e-01 -2.61436606e-01 8.47512925e-03 -3.37280015e-05 -1.41876654e-03 1.77605218e-04
908              2.00339704e-01 -2.63530919e-01 8.35330138e-03 2.00380003e-01 -2.62113038e-01 8.19804382e-03 -4.02986314e-05 -1.41788142e-03 1.55257556e-04
909              1.94740415e-01 -2.63724586e-01 8.12745405e-03 1.94788620e-01 -2.62308272e-01 7.99251261e-03 -4.82053618e-05 -1.41631356e-03 1.34941436e-04
910              1.87275361e-01 -2.63495227e-01 7.91764592e-03 1.87331041e-01 -2.62080467e-01 7.80687868e-03 -5.56804763e-05 -1.41475990e-03 1.10767232e-04
911              1.78554402e-01 -2.62887974e-01 7.71372689e-03 1.78617125e-01 -2.61474986e-01 7.62477074e-03 -6.27228853e-05 -1.41298796e-03 8.89561467e-05
912              1.69238916e-01 -2.62049529e-01 7.51404794e-03 1.69306871e-01 -2.60638008e-01 7.44942190e-03 -6.79555498e-05 -1.41152188e-03 6.46260467e-05
913              1.60238169e-01 -2.61127062e-01 7.31680490e-03 1.60309637e-01 -2.59716630e-01 7.27208678e-03 -7.14677567e-05 -1.41043201e-03 4.47181185e-05
914              1.51986373e-01 -2.60290044e-01 7.16026766e-03 1.52058659e-01 -2.58879961e-01 7.13522989e-03 -7.22855184e-05 -1.41008287e-03 2.50377726e-05
915              1.44773343e-01 -2.59595087e-01 7.09530549e-03 1.44844131e-01 -2.58184801e-01 7.08180077e-03 -7.07879925e-05 -1.41028638e-03 1.35047203e-05
916              1.38933933e-01 -2.59143798e-01 7.12256367e-03 1.39000921e-01 -2.57732790e-01 7.11896471e-03 -6.69875601e-05 -1.41100814e-03 3.59896937e-06
917              1.34642579e-01 -2.58934630e-01 7.24562475e-03 1.34703949e-01 -2.57522315e-01 7.24504046e-03 -6.13706727e-05 -1.41231502e-03 5.84288198e-07
918              1.32007794e-01 -2.58970930e-01 7.44657710e-03 1.32062830e-01 -2.57557135e-01 7.44816439e-03 -5.50358085e-05 -1.41379506e-03 -1.58729140e-06
919              1.30962385e-01 -2.59148989e-01 7.71891895e-03 1.31010782e-01 -2.57733660e-01 7.71715303e-03 -4.83964222e-05 -1.41532905e-03 1.76591995e-06
920              1.31418355e-01 -2.59405166e-01 8.03819067e-03 1.31460803e-01 -2.57988843e-01 8.03262199e-03 -4.24478494e-05 -1.41632328e-03 5.56867871e-06
921              1.33195524e-01 -2.59613751e-01 8.39396777e-03 1.33232864e-01 -2.58196863e-01 8.38033477e-03 -3.73403773e-05 -1.41688787e-03 1.36330087e-05
922              1.36130142e-01 -2.59719464e-01 8.76439350e-03 1.36163551e-01 -2.58302632e-01 8.74180048e-03 -3.34094138e-05 -1.41683256e-03 2.25930145e-05
923              1.40003436e-01 -2.59633172e-01 9.13680179e-03 1.40033962e-01 -2.58216839e-01 9.10147221e-03 -3.05263319e-05 -1.41633303e-03 3.53295725e-05
924              1.44616618e-01 -2.59355194e-01 9.48995310e-03 1.44645171e-01 -2.57939721e-01 9.44004245e-03 -2.85530815e-05 -1.41547314e-03 4.99106550e-05
925              1.49757162e-01 -2.58875380e-01 9.80907609e-03 1.49784615e-01 -2.57460809e-01 9.74144365e-03 -2.74527952e-05 -1.41457186e-03 6.76324442e-05
926              1.55269598e-01 -2.58280884e-01 1.00748770e-02 1.55296165e-01 -2.56867213e-01 9.98790120e-03 -2.65670426e-05 -1.41367158e-03 8.69758039e-05
927              1.61007641e-01 -2.57648087e-01 1.02740129e-02 1.61033810e-01 -2.56235034e-01 1.01660196e-02 -2.61694707e-05 -1.41305308e-03 1.07993321e-04
928              1.66866172e-01 -2.57121129e-01 1.03936622e-02 1.66891644e-01 -2.55708393e-01 1.02643979e-02 -2.54714839e-05 -1.41273587e-03 1.29264279e-04
929              1.72751407e-01 -2.56796405e-01 1.04253053e-02 1.72776419e-01 -2.55383438e-01 1.02759108e-02 -2.50114356e-05 -1.41296648e-03 1.49394424e-04
930              1.78544387e-01 -2.56792420e-01 1.03668655e-02 1.78568508e-01 -2.55378812e-01 1.01996230e-02 -2.41203248e-05 -1.41360810e-03 1.67242496e-04
931              1.84080504e-01 -2.57143661e-01 1.02228592e-02 1.84104183e-01 -2.55728973e-01 1.00414973e-02 -2.36784168e-05 -1.41468797e-03 1.81361824e-04
932              1.89113231e-01 -2.57864989e-01 1.00075802e-02 1.89136457e-01 -2.56449115e-01 9.81671618e-03 -2.32267326e-05 -1.41587415e-03 1.90864036e-04
933              1.93353185e-01 -2.58875005e-01 9.74010011e-03 1.93377107e-01 -2.57457862e-01 9.54531482e-03 -2.39216051e-05 -1.41714251e-03 1.94785291e-04
934              1.96494733e-01 -2.60080584e-01 9.44306668e-03 1.96519939e-01 -2.58662471e-01 9.25018325e-03 -2.52059486e-05 -1.41811305e-03 1.92883434e-04
935              1.98262443e-01 -2.61328213e-01 9.13730448e-03 1.98290642e-01 -2.59909389e-01 8.95159787e-03 -2.81990331e-05 -1.41882355e-03 1.85706615e-04
936              1.98423771e-01 -2.62488862e-01 8.83863441e-03 1.98455741e-01 -2.61070047e-01 8.66514336e-03 -3.19707606e-05 -1.41881461e-03 1.73491051e-04
937              1.96829179e-01 -2.63416665e-01 8.55969765e-03 1.96866413e-01 -2.61998307e-01 8.40207797e-03 -3.72341117e-05 -1.41835825e-03 1.57619685e-04
938              1.93455992e-01 -2.64017857e-01 8.30787181e-03 1.93499030e-01 -2.62600455e-01 8.16945194e-03 -4.30376805e-05 -1.41740213e-03 1.38419868e-04
939              1.88036156e-01 -2.64177133e-01 8.11827956e-03 1.88085656e-01 -2.62760962e-01 7.99905894e-03 -4.95003153e-05 -1.41617107e-03 1.19220617e-04
940              1.81193555e-01 -2.63944976e-01 7.94650189e-03 1.81249154e-01 -2.62530455e-01 7.84726998e-03 -5.55988378e-05 -1.41452062e-03 9.92319071e-05
941              1.73482513e-01 -2.63377518e-01 7.77869384e-03 1.73543430e-01 -2.61964468e-01 7.69935136e-03 -6.09169446e-05 -1.41305010e-03 7.93424753e-05
942              1.65462990e-01 -2.62590540e-01 7.62107676e-03 1.65527888e-01 -2.61178879e-01 7.56146841e-03 -6.48975540e-05 -1.41166067e-03 5.96083526e-05
943              1.57874425e-01 -2.61728912e-01 7.47030488e-03 1.57941522e-01 -2.60317972e-01 7.42838211e-03 -6.70970652e-05 -1.41094036e-03 4.19227677e-05
944              1.51061431e-01 -2.60909050e-01 7.36174956e-03 1.51128697e-01 -2.59498632e-01 7.33492456e-03 -6.72661347e-05 -1.41041829e-03 2.68250003e-05
945              1.45248687e-01 -2.60179764e-01 7.33316044e-03 1.45314102e-01 -2.58769137e-01 7.31659123e-03 -6.54150578e-05 -1.41062644e-03 1.65692102e-05
946              1.40675245e-01 -2.59611715e-01 7.38981382e-03 1.40737091e-01 -2.58200589e-01 7.37954224e-03 -6.18461496e-05 -1.41112539e-03 1.02715741e-05
947              1.37473672e-01 -2.59215693e-01 7.52529929e-03 1.37530518e-01 -2.57803371e-01 7.51774371e-03 -5.68451610e-05 -1.41232217e-03 7.55557476e-06
948              1.35704769e-01 -2.58990102e-01 7.72630470e-03 1.35756198e-01 -2.57576895e-01 7.71809138e-03 -5.14290908e-05 -1.41320675e-03 8.21331767e-06
949              1.35310487e-01 -2.58873337e-01 7.98040831e-03 1.35356238e-01 -2.57458822e-01 7.96935700e-03 -4.57513251e-05 -1.41451531e-03 1.10513122e-05
950              1.36185362e-01 -2.58814465e-01 8.27376498e-03 1.36226329e-01 -2.57399356e-01 8.25659688e-03 -4.09674377e-05 -1.41510904e-03 1.71680982e-05
951              1.38181313e-01 -2.58736256e-01 8.58963104e-03 1.38218053e-01 -2.57320557e-01 8.56533340e-03 -3.67402397e-05 -1.41569949e-03 2.42976396e-05
952              1.41128288e-01 -2.58598882e-01 8.91458221e-03 1.41161837e-01 -2.57183470e-01 8.87931458e-03 -3.35495314e-05 -1.41541165e-03 3.52676269e-05
953              1.44847758e-01 -2.58359703e-01 9.23011189e-03 1.44878775e-01 -2.56944433e-01 9.18358266e-03 -3.10167632e-05 -1.41526976e-03 4.65292373e-05
954              1.49146453e-01 -2.58027563e-01 9.52480621e-03 1.49175826e-01 -2.56613032e-01 9.46297696e-03 -2.93732448e-05 -1.41453157e-03 6.18292468e-05
955              1.53857536e-01 -2.57616792e-01 9.78002610e-03 1.53885801e-01 -2.56202516e-01 9.70301718e-03 -2.82648966e-05 -1.41427601e-03 7.70089174e-05
956              1.58828029e-01 -2.57196530e-01 9.98566360e-03 1.58855654e-01 -2.55783009e-01 9.89011222e-03 -2.76258287e-05 -1.41352139e-03 9.55513815e-05
957              1.63949766e-01 -2.56832829e-01 1.01264251e-02 1.63976852e-01 -2.55419352e-01 1.00135756e-02 -2.70863639e-05 -1.41347688e-03 1.12849522e-04
958              1.69113011e-01 -2.56628279e-01 1.01988676e-02 1.69139759e-01 -2.55214960e-01 1.00673889e-02 -2.67479101e-05 -1.41331907e-03 1.31478757e-04
959              1.74226996e-01 -2.56650250e-01 1.01950748e-02 1.74253322e-01 -2.55236202e-01 1.00477824e-02 -2.63259648e-05 -1.41404724e-03 1.47292364e-04
960              1.79155845e-01 -2.56968820e-01 1.01185185e-02 1.79181694e-01 -2.55554404e-01 9.95617121e-03 -2.58490176e-05 -1.41441550e-03 1.62347318e-04
961              1.83739846e-01 -2.57591650e-01 9.97190548e-03 1.83765458e-01 -2.56175929e-01 9.79955128e-03 -2.56120739e-05 -1.41572161e-03 1.72354202e-04
962              1.87756092e-01 -2.58505298e-01 9.77203626e-03 1.87781951e-01 -2.57088853e-01 9.59250831e-03 -2.58582390e-05 -1.41644486e-03 1.79527950e-04
963              1.90974074e-01 -2.59622266e-01 9.53155040e-03 1.91000821e-01 -2.58204576e-01 9.35092519e-03 -2.67475307e-05 -1.41769035e-03 1.80625209e-04
964              1.93150873e-01 -2.60853189e-01 9.27049935e-03 1.93179362e-01 -2.59435132e-01 9.09247042e-03 -2.84895712e-05 -1.41805719e-03 1.78028928e-04
965              1.94076632e-01 -2.62060998e-01 9.00375810e-03 1.94107798e-01 -2.60642279e-01 8.83384691e-03 -3.11655074e-05 -1.41871905e-03 1.69911194e-04
966              1.93588206e-01 -2.63139155e-01 8.74590749e-03 1.93623233e-01 -2.61720906e-01 8.58749768e-03 -3.50274431e-05 -1.41824846e-03 1.58409813e-04
967              1.91598751e-01 -2.63964482e-01 8.50596149e-03 1.91638320e-01 -2.62546395e-01 8.36264847e-03 -3.95688140e-05 -1.41808658e-03 1.43313027e-04
968              1.88140361e-01 -2.64466938e-01 8.29042541e-03 1.88185105e-01 -2.63050237e-01 8.16421035e-03 -4.47438682e-05 -1.41670066e-03 1.26215061e-04
969              1.83023719e-01 -2.64550021e-01 8.12958642e-03 1.83073653e-01 -2.63134328e-01 8.02062629e-03 -4.99333244e-05 -1.41569302e-03 1.08960133e-04
970              1.76812433e-01 -2.64276846e-01 7.98678743e-03 1.76867577e-01 -2.62862801e-01 7.89525969e-03 -5.51435199e-05 -1.41404522e-03 9.15277442e-05
971              1.69996741e-01 -2.63698211e-01 7.84956515e-03 1.70055847e-01 -2.62285051e-01 7.77540000e-03 -5.91056672e-05 -1.41315976e-03 7.41651546e-05
972              1.63059579e-01 -2.62921703e-01 7.72392765e-03 1.63121840e-01 -2.61510116e-01 7.66646521e-03 -6.22611381e-05 -1.41158696e-03 5.74624393e-05
973              1.56602918e-01 -2.62071023e-01 7.61001720e-03 1.56666521e-01 -2.60659881e-01 7.56751674e-03 -6.36029155e-05 -1.41114233e-03 4.25004682e-05
974              1.50903268e-01 -2.61237474e-01 7.53771666e-03 1.50966695e-01 -2.59826946e-01 7.50774492e-03 -6.34271388e-05 -1.41052782e-03 2.99717447e-05
975              1.46138430e-01 -2.60447959e-01 7.53686692e-03 1.46199736e-01 -2.59036902e-01 7.51492261e-03 -6.13063774e-05 -1.41105648e-03 2.19443070e-05
976              1.42508203e-01 -2.59777867e-01 7.60719211e-03 1.42566447e-01 -2.58366891e-01 7.59026871e-03 -5.82432188e-05 -1.41097613e-03 1.69233962e-05
977              1.40101528e-01 -2.59224426e-01 7.74472485e-03 1.40155050e-01 -2.57812230e-01 7.72907037e-03 -5.35217942e-05 -1.41219645e-03 1.56544754e-05
978              1.38958489e-01 -2.58805943e-01 7.93655250e-03 1.39007475e-01 -2.57393211e-01 7.91997574e-03 -4.89858402e-05 -1.41273196e-03 1.65767528e-05
979              1.38996750e-01 -2.58461065e-01 8.17438977e-03 1.39040848e-01 -2.57047068e-01 8.15385813e-03 -4.40979984e-05 -1.41399646e-03 2.05316399e-05
980              1.40130400e-01 -2.58177615e-01 8.44108657e-03 1.40170487e-01 -2.56763501e-01 8.41450745e-03 -4.00866448e-05 -1.41411439e-03 2.65791181e-05
981              1.42203572e-01 -2.57891419e-01 8.72433688e-03 1.42239998e-01 -2.56476628e-01 8.68984742e-03 -3.64260521e-05 -1.41479138e-03 3.44894677e-05
982              1.45074296e-01 -2.57604615e-01 9.00901254e-03 1.45108086e-01 -2.56190255e-01 8.96439916e-03 -3.37907930e-05 -1.41435979e-03 4.46133826e-05
983              1.48566865e-01 -2.57280072e-01 9.28204699e-03 1.48598487e-01 -2.55865441e-01 9.22586249e-03 -3.16220779e-05 -1.41463115e-03 5.61844984e-05
984              1.52531878e-01 -2.56958355e-01 9.52862425e-03 1.52562184e-01 -2.55544422e-01 9.45878902e-03 -3.03058174e-05 -1.41393286e-03 6.98352315e-05
985              1.56811996e-01 -2.56644342e-01 9.73765055e-03 1.56841311e-01 -2.55230291e-01 9.65322848e-03 -2.93153874e-05 -1.41405114e-03 8.44220697e-05
986              1.61292861e-01 -2.56414536e-01 9.89754651e-03 1.61321550e-01 -2.55000932e-01 9.79737107e-03 -2.86890987e-05 -1.41360416e-03 1.00175444e-04
987              1.65856457e-01 -2.56300948e-01 1.00007037e-02 1.65884725e-01 -2.54886838e-01 9.88478475e-03 -2.82677293e-05 -1.41411028e-03 1.15918942e-04
988              1.70422697e-01 -2.56391977e-01 1.00403877e-02 1.70450646e-01 -2.54978012e-01 9.90913058e-03 -2.79495008e-05 -1.41396498e-03 1.31257091e-04
989              1.74879829e-01 -2.56712745e-01 1.00158998e-02 1.74907469e-01 -2.55297856e-01 9.87077792e-03 -2.76404620e-05 -1.41488952e-03 1.45121845e-04
990              1.79112843e-01 -2.57312469e-01 9.92818278e-03 1.79140244e-01 -2.55897152e-01 9.77170420e-03 -2.74016366e-05 -1.41531695e-03 1.56478584e-04
991              1.82947881e-01 -2.58156407e-01 9.78601242e-03 1.82975407e-01 -2.56739859e-01 9.62096169e-03 -2.75258767e-05 -1.41654867e-03 1.65050722e-04
992              1.86215139e-01 -2.59224303e-01 9.59836955e-03 1.86243030e-01 -2.57807260e-01 9.42927093e-03 -2.78911349e-05 -1.41704222e-03 1.69098623e-04
993              1.88698354e-01 -2.60414667e-01 9.38228819e-03 1.88727347e-01 -2.58996584e-01 9.21236840e-03 -2.89928992e-05 -1.41808292e-03 1.69919794e-04
994              1.90224293e-01 -2.61650659e-01 9.14902303e-03 1.90255038e-01 -2.60232436e-01 8.98372903e-03 -3.07441681e-05 -1.41822351e-03 1.65294000e-04
995              1.90603155e-01 -2.62800499e-01 8.91697014e-03 1.90636701e-01 -2.61381903e-01 8.75870550e-03 -3.35462801e-05 -1.41859628e-03 1.58264646e-04
996              1.89740934e-01 -2.63783006e-01 8.69035593e-03 1.89777944e-01 -2.62365068e-01 8.54436792e-03 -3.70095259e-05 -1.41793782e-03 1.45988011e-04
997              1.87567731e-01 -2.64489610e-01 8.48376113e-03 1.87608907e-01 -2.63072089e-01 8.35043192e-03 -4.11760049e-05 -1.41752146e-03 1.33329212e-04
998              1.84176850e-01 -2.64879110e-01 8.29600031e-03 1.84222436e-01 -2.63462858e-01 8.17971920e-03 -4.55853872e-05 -1.41625210e-03 1.16281110e-04
999              1.79400993e-01 -2.64861279e-01 8.16169579e-03 1.79451180e-01 -2.63445903e-01 8.05924766e-03 -5.01870436e-05 -1.41537625e-03 1.02448129e-04
1000             1.73782763e-01 -2.64513450e-01 8.03954186e-03 1.73837124e-01 -2.63099652e-01 7.95429166e-03 -5.43604083e-05 -1.41379857e-03 8.52502052e-05
1001             1.67721814e-01 -2.63883890e-01 7.92835167e-03 1.67779437e-01 -2.62471039e-01 7.85623998e-03 -5.76231140e-05 -1.41285099e-03 7.21116838e-05
1002             1.61883719e-01 -2.63131488e-01 7.80570525e-03 1.61943649e-01 -2.61719817e-01 7.75124778e-03 -5.99298418e-05 -1.41167036e-03 5.44574678e-05
1003             1.56427128e-01 -2.62276877e-01 7.71980570e-03 1.56487824e-01 -2.60865503e-01 7.67572474e-03 -6.06958216e-05 -1.41137388e-03 4.40809565e-05
1004             1.51635587e-01 -2.61402791e-01 7.68231371e-03 1.51695899e-01 -2.59992126e-01 7.65054429e-03 -6.03114728e-05 -1.41066468e-03 3.17694149e-05
1005             1.47659926e-01 -2.60546003e-01 7.71390276e-03 1.47718079e-01 -2.59134998e-01 7.68560375e-03 -5.81526944e-05 -1.41100477e-03 2.82990145e-05
1006             1.44737901e-01 -2.59783368e-01 7.79372801e-03 1.44793032e-01 -2.58372200e-01 7.77180578e-03 -5.51312500e-05 -1.41116781e-03 2.19222248e-05
1007             1.42871537e-01 -2.59102368e-01 7.93325771e-03 1.42922648e-01 -2.57690208e-01 7.90909290e-03 -5.11110257e-05 -1.41215940e-03 2.41648158e-05
1008             1.42136991e-01 -2.58529569e-01 8.10679593e-03 1.42184071e-01 -2.57117079e-01 8.08392756e-03 -4.70806168e-05 -1.41248970e-03 2.28683730e-05
1009             1.42399762e-01 -2.58020922e-01 8.32343020e-03 1.42442677e-01 -2.56607553e-01 8.29368624e-03 -4.29147139e-05 -1.41336887e-03 2.97439582e-05
1010             1.43627935e-01 -2.57579620e-01 8.55496012e-03 1.43667525e-01 -2.56166096e-01 8.52232938e-03 -3.95908609e-05 -1.41352427e-03 3.26307431e-05
1011             1.45626110e-01 -2.57168119e-01 8.80626403e-03 1.45662644e-01 -2.55754035e-01 8.76320914e-03 -3.65335763e-05 -1.41408446e-03 4.30548977e-05
1012             1.48319657e-01 -2.56800048e-01 9.04788989e-03 1.48353974e-01 -2.55386271e-01 8.99824016e-03 -3.43169419e-05 -1.41377741e-03 4.96497311e-05
1013             1.51495900e-01 -2.56462123e-01 9.28478888e-03 1.51528325e-01 -2.55048090e-01 9.22151434e-03 -3.24250590e-05 -1.41403254e-03 6.32745378e-05
1014             1.55075376e-01 -2.56186369e-01 9.48956198e-03 1.55106746e-01 -2.54772609e-01 9.41680597e-03 -3.13700169e-05 -1.41375994e-03 7.27560104e-05
1015             1.58867723e-01 -2.55989490e-01 9.66778503e-03 1.58898310e-01 -2.54575459e-01 9.57915749e-03 -3.05871286e-05 -1.41403054e-03 8.86275417e-05
1016             1.62836115e-01 -2.55925287e-01 9.79362191e-03 1.62866213e-01 -2.54511419e-01 9.69371587e-03 -3.00980880e-05 -1.41386736e-03 9.99060467e-05
1017             1.66833438e-01 -2.56028216e-01 9.87510041e-03 1.66863018e-01 -2.54613832e-01 9.75877943e-03 -2.95796885e-05 -1.41438407e-03 1.16320980e-04
1018             1.70839297e-01 -2.56346606e-01 9.89397499e-03 1.70868526e-01 -2.54931918e-01 9.76715221e-03 -2.92290982e-05 -1.41468763e-03 1.26822782e-04
1019             1.74693511e-01 -2.56898105e-01 9.86492920e-03 1.74722568e-01 -2.55482555e-01 9.72383728e-03 -2.90572038e-05 -1.41554997e-03 1.41091922e-04
1020             1.78340964e-01 -2.57690037e-01 9.77525494e-03 1.78369843e-01 -2.56273938e-01 9.62729806e-03 -2.88789836e-05 -1.41609969e-03 1.47956885e-04
1021             1.81582584e-01 -2.58690863e-01 9.64631052e-03 1.81611550e-01 -2.57273823e-01 9.48927744e-03 -2.89660129e-05 -1.41703985e-03 1.57033084e-04
1022             1.84311800e-01 -2.59848011e-01 9.47474770e-03 1.84341265e-01 -2.58430456e-01 9.31716662e-03 -2.94648022e-05 -1.41755569e-03 1.57581078e-04
1023             1.86296403e-01 -2.61079705e-01 9.28715876e-03 1.86327018e-01 -2.59661423e-01 9.12739384e-03 -3.06146984e-05 -1.41828127e-03 1.59764920e-04
1024             1.87431832e-01 -2.62293606e-01 9.08048600e-03 1.87464147e-01 -2.60875267e-01 8.92728061e-03 -3.23154587e-05 -1.41833846e-03 1.53205393e-04
1025             1.87532325e-01 -2.63393190e-01 8.88043314e-03 1.87567122e-01 -2.61974788e-01 8.73199480e-03 -3.47974123e-05 -1.41840263e-03 1.48438334e-04
1026             1.86556990e-01 -2.64286255e-01 8.68134586e-03 1.86594953e-01 -2.62868472e-01 8.54586263e-03 -3.79634054e-05 -1.41778291e-03 1.35483236e-04
1027             1.84430410e-01 -2.64902918e-01 8.50479132e-03 1.84472171e-01 -2.63485727e-01 8.37905467e-03 -4.17612988e-05 -1.41719089e-03 1.25736649e-04
1028             1.81282330e-01 -2.65193090e-01 8.34029579e-03 1.81327914e-01 -2.63777089e-01 8.23091185e-03 -4.55832803e-05 -1.41600143e-03 1.09383940e-04
1029             1.76955950e-01 -2.65101627e-01 8.22547033e-03 1.77005352e-01 -2.63686571e-01 8.12692353e-03 -4.94021255e-05 -1.41505604e-03 9.85468026e-05
1030             1.71956869e-01 -2.64688568e-01 8.11817354e-03 1.72009876e-01 -2.63274882e-01 8.03576903e-03 -5.30067684e-05 -1.41368645e-03 8.24045178e-05
1031             1.66622544e-01 -2.64025219e-01 8.02345315e-03 1.66678333e-01 -2.62612356e-01 7.95155427e-03 -5.57885637e-05 -1.41286311e-03 7.18988791e-05
1032             1.61534784e-01 -2.63239080e-01 7.91829873e-03 1.61592433e-01 -2.61827360e-01 7.86211671e-03 -5.76483752e-05 -1.41171981e-03 5.61820146e-05
1033             1.56824413e-01 -2.62362670e-01 7.84738149e-03 1.56882446e-01 -2.60951237e-01 7.79947098e-03 -5.80334013e-05 -1.41143389e-03 4.79105053e-05
1034             1.52733609e-01 -2.61442950e-01 7.81916414e-03 1.52791085e-01 -2.60032102e-01 7.78194230e-03 -5.74766349e-05 -1.41084792e-03 3.72218422e-05
1035             1.49388396e-01 -2.60538259e-01 7.85256237e-03 1.49443981e-01 -2.59127026e-01 7.81793245e-03 -5.55847753e-05 -1.41123338e-03 3.46299256e-05
1036             1.46965719e-01 -2.59688408e-01 7.92981434e-03 1.47018498e-01 -2.58277241e-01 7.90003764e-03 -5.27793906e-05 -1.41116694e-03 2.97767023e-05
1037             1.45473767e-01 -2.58913885e-01 8.05799841e-03 1.45523039e-01 -2.57501819e-01 8.02633682e-03 -4.92713166e-05 -1.41206582e-03 3.16615881e-05
1038             1.44947606e-01 -2.58218224e-01 8.21782618e-03 1.44993378e-01 -2.56806004e-01 8.18645660e-03 -4.57723832e-05 -1.41221958e-03 3.13695782e-05
1039             1.45289565e-01 -2.57597306e-01 8.41234040e-03 1.45331899e-01 -2.56184168e-01 8.37523206e-03 -4.23338888e-05 -1.41313783e-03 3.71083443e-05
1040             1.46446559e-01 -2.57042397e-01 8.62008887e-03 1.46485920e-01 -2.55629357e-01 8.57902982e-03 -3.93616847e-05 -1.41304044e-03 4.10590540e-05
1041             1.48278701e-01 -2.56557029e-01 8.83996159e-03 1.48315566e-01 -2.55143388e-01 8.79030112e-03 -3.68644351e-05 -1.41364112e-03 4.96604783e-05
1042             1.50688939e-01 -2.56142108e-01 9.05385598e-03 1.50723817e-01 -2.54728777e-01 8.99695880e-03 -3.48775395e-05 -1.41333141e-03 5.68971770e-05
1043             1.53526139e-01 -2.55817054e-01 9.25855724e-03 1.53559660e-01 -2.54403129e-01 9.19051338e-03 -3.35210957e-05 -1.41392511e-03 6.80438580e-05
1044             1.56689322e-01 -2.55595840e-01 9.43751560e-03 1.56721781e-01 -2.54182305e-01 9.35916983e-03 -3.24591260e-05 -1.41353446e-03 7.83457754e-05
1045             1.60064866e-01 -2.55515165e-01 9.58626222e-03 1.60096576e-01 -2.54101037e-01 9.49530601e-03 -3.17104672e-05 -1.41412883e-03 9.09562046e-05
1046             1.63575200e-01 -2.55598124e-01 9.69273528e-03 1.63606296e-01 -2.54184047e-01 9.59002109e-03 -3.10957221e-05 -1.41407682e-03 1.02714182e-04
1047             1.67128906e-01 -2.55883246e-01 9.75551348e-03 1.67159783e-01 -2.54468271e-01 9.64009794e-03 -3.08769016e-05 -1.41497486e-03 1.15415539e-04
1048             1.70659325e-01 -2.56383926e-01 9.76884770e-03 1.70689763e-01 -2.54968847e-01 9.64209098e-03 -3.04379500e-05 -1.41507939e-03 1.26756726e-04
1049             1.74071506e-01 -2.57117733e-01 9.73367606e-03 1.74101773e-01 -2.55701533e-01 9.59675058e-03 -3.02670732e-05 -1.41620025e-03 1.36925476e-04
1050             1.77260001e-01 -2.58059043e-01 9.65322491e-03 1.77290060e-01 -2.56642507e-01 9.50830354e-03 -3.00586932e-05 -1.41653577e-03 1.44921373e-04
1051             1.80089681e-01 -2.59175433e-01 9.53412469e-03 1.80119969e-01 -2.57757773e-01 9.38396622e-03 -3.02878485e-05 -1.41766015e-03 1.50158466e-04
1052             1.82411961e-01 -2.60393858e-01 9.38542282e-03 1.82442786e-01 -2.58976062e-01 9.23241008e-03 -3.08252642e-05 -1.41779589e-03 1.53012736e-04
1053             1.84085639e-01 -2.61643268e-01 9.21596346e-03 1.84117601e-01 -2.60224752e-01 9.06418364e-03 -3.19625200e-05 -1.41851588e-03 1.51779823e-04
1054             1.84971353e-01 -2.62828551e-01 9.03852042e-03 1.85004906e-01 -2.61410348e-01 8.89011163e-03 -3.35526143e-05 -1.41820357e-03 1.48408796e-04
1055             1.84953008e-01 -2.63869888e-01 8.86010466e-03 1.84988950e-01 -2.62451485e-01 8.71894760e-03 -3.59420409e-05 -1.41840204e-03 1.41157067e-04
1056             1.83959484e-01 -2.64680618e-01 8.68965070e-03 1.83998303e-01 -2.63263214e-01 8.55711361e-03 -3.88194254e-05 -1.41740453e-03 1.32537088e-04
1057             1.81980917e-01 -2.65205596e-01 8.53115996e-03 1.82023045e-01 -2.63788620e-01 8.41019280e-03 -4.21284168e-05 -1.41697596e-03 1.20967161e-04
1058             1.79099793e-01 -2.65408001e-01 8.39011533e-03 1.79145321e-01 -2.63992386e-01 8.28082362e-03 -4.55286177e-05 -1.41561499e-03 1.09291709e-04
1059             1.75230224e-01 -2.65238053e-01 8.28568212e-03 1.75279176e-01 -2.63823115e-01 8.18873615e-03 -4.89513608e-05 -1.41493718e-03 9.69459702e-05
1060             1.70778121e-01 -2.64760507e-01 8.19482277e-03 1.70830136e-01 -2.63347108e-01 8.10931946e-03 -5.20152425e-05 -1.41339865e-03 8.55033098e-05
1061             1.66080472e-01 -2.64046136e-01 8.10806525e-03 1.66134794e-01 -2.62633361e-01 8.03448977e-03 -5.43218301e-05 -1.41277474e-03 7.35754758e-05
1062             1.61606494e-01 -2.63223071e-01 8.01958736e-03 1.61662394e-01 -2.61811452e-01 7.95733483e-03 -5.58997206e-05 -1.41161921e-03 6.22525278e-05
1063             1.57504390e-01 -2.62312035e-01 7.95616970e-03 1.57560607e-01 -2.60900545e-01 7.90359840e-03 -5.62168320e-05 -1.41148933e-03 5.25712976e-05
1064             1.53948764e-01 -2.61355568e-01 7.93642897e-03 1.54004396e-01 -2.59944784e-01 7.89091778e-03 -5.56316794e-05 -1.41078403e-03 4.55111817e-05
1065             1.51071606e-01 -2.60402428e-01 7.96558716e-03 1.51125395e-01 -2.58991217e-01 7.92444846e-03 -5.37890120e-05 -1.41121076e-03 4.11387070e-05
1066             1.49000246e-01 -2.59495684e-01 8.03789568e-03 1.49051622e-01 -2.58084546e-01 7.99942849e-03 -5.13758895e-05 -1.41113801e-03 3.84671891e-05
1067             1.47755927e-01 -2.58653838e-01 8.15187465e-03 1.47804150e-01 -2.57241943e-01 8.11337377e-03 -4.82229047e-05 -1.41189456e-03 3.85008858e-05
1068             1.47347172e-01 -2.57889001e-01 8.29694396e-03 1.47392482e-01 -2.56477053e-01 8.25734690e-03 -4.53100303e-05 -1.41194894e-03 3.95970612e-05
1069             1.47693930e-01 -2.57199924e-01 8.46900051e-03 1.47736075e-01 -2.55787244e-01 8.42556154e-03 -4.21442959e-05 -1.41267997e-03 4.34389638e-05
1070             1.48743630e-01 -2.56592386e-01 8.65516508e-03 1.48783389e-01 -2.55179715e-01 8.60748371e-03 -3.97597897e-05 -1.41267114e-03 4.76813707e-05
1071             1.50372887e-01 -2.56074812e-01 8.85131524e-03 1.50410331e-01 -2.54661558e-01 8.79648707e-03 -3.74441804e-05 -1.41325459e-03 5.48281757e-05
1072             1.52502522e-01 -2.55658489e-01 9.04162873e-03 1.52538513e-01 -2.54245421e-01 8.97977750e-03 -3.59914298e-05 -1.41306791e-03 6.18512322e-05
1073             1.54997926e-01 -2.55364853e-01 9.22259727e-03 1.55032377e-01 -2.53951284e-01 9.15101485e-03 -3.44510444e-05 -1.41356872e-03 7.15824114e-05
1074             1.57789946e-01 -2.55212543e-01 9.37994507e-03 1.57823651e-01 -2.53799008e-01 9.29919583e-03 -3.37046884e-05 -1.41353570e-03 8.07492406e-05
1075             1.60762615e-01 -2.55231437e-01 9.51109552e-03 1.60795474e-01 -2.53817270e-01 9.41868164e-03 -3.28592025e-05 -1.41416614e-03 9.24138811e-05
1076             1.63874143e-01 -2.55443881e-01 9.60250924e-03 1.63906670e-01 -2.54029581e-01 9.50007857e-03 -3.25272466e-05 -1.41429999e-03 1.02430671e-04
1077             1.67021939e-01 -2.55873798e-01 9.65611060e-03 1.67053809e-01 -2.54458655e-01 9.54179857e-03 -3.18703975e-05 -1.41514323e-03 1.14312030e-04
1078             1.70169659e-01 -2.56524904e-01 9.66293425e-03 1.70201295e-01 -2.55109321e-01 9.53954567e-03 -3.16359823e-05 -1.41558255e-03 1.23388583e-04
1079             1.73199357e-01 -2.57393964e-01 9.63087181e-03 1.73230660e-01 -2.55977408e-01 9.49753383e-03 -3.13024905e-05 -1.41655668e-03 1.33337973e-04
1080             1.76048757e-01 -2.58448981e-01 9.55524626e-03 1.76080017e-01 -2.57031972e-01 9.41619934e-03 -3.12604626e-05 -1.41700899e-03 1.39046913e-04
1081             1.78554028e-01 -2.59639160e-01 9.45007633e-03 1.78585265e-01 -2.58221312e-01 9.30525853e-03 -3.12371039e-05 -1.41784851e-03 1.44817800e-04
1082             1.80623685e-01 -2.60894295e-01 9.31559423e-03 1.80655467e-01 -2.59476225e-01 9.17018423e-03 -3.17819709e-05 -1.41806959e-03 1.45410000e-04
1083             1.82081477e-01 -2.62139173e-01 9.16896404e-03 1.82114271e-01 -2.60720653e-01 9.02318756e-03 -3.27940414e-05 -1.41852051e-03 1.45776481e-04
1084             1.82848135e-01 -2.63286962e-01 9.00972450e-03 1.82882566e-01 -2.61868708e-01 8.86903916e-03 -3.44311894e-05 -1.41825396e-03 1.40685336e-04
1085             1.82770847e-01 -2.64091517e-01 8.88089746e-03 1.82807119e-01 -2.62673327e-01 8.74446613e-03 -3.62728590e-05 -1.41818976e-03 1.36431332e-04
1086             1.81938836e-01 -2.64792841e-01 8.74622270e-03 1.81977647e-01 -2.63375224e-01 8.61887269e-03 -3.88110322e-05 -1.41761742e-03 1.27350008e-04
1087             1.80284149e-01 -2.65233021e-01 8.62146299e-03 1.80325948e-01 -2.63815905e-01 8.50190514e-03 -4.17991271e-05 -1.41711523e-03 1.19557855e-04
1088             1.77912727e-01 -2.65359280e-01 8.50326007e-03 1.77957691e-01 -2.63943469e-01 8.39508817e-03 -4.49638480e-05 -1.41581116e-03 1.08171893e-04
1089             1.74292826e-01 -2.65154124e-01 8.39362425e-03 1.74340989e-01 -2.63739637e-01 8.29472286e-03 -4.81634773e-05 -1.41448763e-03 9.89013972e-05
1090             1.70490082e-01 -2.64640064e-01 8.29089938e-03 1.70540527e-01 -2.63226697e-01 8.20422267e-03 -5.04451871e-05 -1.41336693e-03 8.66767082e-05
1091             1.66429177e-01 -2.63902586e-01 8.20569717e-03 1.66481607e-01 -2.62489988e-01 8.12777478e-03 -5.24294998e-05 -1.41259719e-03 7.79223912e-05
1092             1.62559428e-01 -2.63082472e-01 8.11840184e-03 1.62613099e-01 -2.61670789e-01 8.05269822e-03 -5.36709425e-05 -1.41168355e-03 6.57036240e-05
1093             1.58974551e-01 -2.62177277e-01 8.06199525e-03 1.59028494e-01 -2.60765804e-01 8.00269794e-03 -5.39428954e-05 -1.41147311e-03 5.92973107e-05
1094             1.55877374e-01 -2.61224687e-01 8.03924640e-03 1.55930861e-01 -2.59813589e-01 7.98882572e-03 -5.34868043e-05 -1.41109728e-03 5.04206854e-05
1095             1.53326271e-01 -2.60257143e-01 8.06691456e-03 1.53378317e-01 -2.58845873e-01 8.01865844e-03 -5.20456558e-05 -1.41127009e-03 4.82561208e-05
1096             1.51475132e-01 -2.59328059e-01 8.12716620e-03 1.51525122e-01 -2.57916865e-01 8.08386757e-03 -4.99901669e-05 -1.41119324e-03 4.32986279e-05
1097             1.50298420e-01 -2.58453193e-01 8.23007036e-03 1.50345802e-01 -2.57041435e-01 8.18498352e-03 -4.73826981e-05 -1.41175783e-03 4.50868382e-05
1098             1.49853892e-01 -2.57661263e-01 8.35449993e-03 1.49898711e-01 -2.56249354e-01 8.31088818e-03 -4.48187352e-05 -1.41190879e-03 4.36117414e-05
1099             1.50040118e-01 -2.57096081e-01 8.48138672e-03 1.50082712e-01 -2.55683661e-01 8.43326431e-03 -4.25931397e-05 -1.41242027e-03 4.81224061e-05
1100             1.50797514e-01 -2.56522063e-01 8.62125948e-03 1.50838006e-01 -2.55109741e-01 8.57206345e-03 -4.04921526e-05 -1.41232202e-03 4.91960345e-05
1101             1.52020100e-01 -2.56034185e-01 8.78328906e-03 1.52058534e-01 -2.54621285e-01 8.72684129e-03 -3.84339387e-05 -1.41289930e-03 5.64477643e-05
1102             1.53688178e-01 -2.55679840e-01 8.94186835e-03 1.53724987e-01 -2.54266871e-01 8.88231987e-03 -3.68085702e-05 -1.41296980e-03 5.95484878e-05
1103             1.55647924e-01 -2.55464239e-01 9.10408045e-03 1.55683453e-01 -2.54050521e-01 9.03525379e-03 -3.55290196e-05 -1.41371798e-03 6.88266611e-05
1104             1.57860185e-01 -2.55393536e-01 9.24536469e-03 1.57894806e-01 -2.53979724e-01 9.17053404e-03 -3.46215313e-05 -1.41381156e-03 7.48306456e-05
1105             1.60197586e-01 -2.55480439e-01 9.36896589e-03 1.60231705e-01 -2.54066028e-01 9.28296497e-03 -3.41184853e-05 -1.41441177e-03 8.60009253e-05
1106             1.62651353e-01 -2.55738057e-01 9.45408515e-03 1.62684902e-01 -2.54323425e-01 9.36092057e-03 -3.35492225e-05 -1.41463211e-03 9.31645833e-05
1107             1.65115536e-01 -2.56178236e-01 9.50886210e-03 1.65148952e-01 -2.54762798e-01 9.40419030e-03 -3.34163694e-05 -1.41543765e-03 1.04671803e-04
1108             1.67592204e-01 -2.56796982e-01 9.51642573e-03 1.67625243e-01 -2.55381243e-01 9.40524723e-03 -3.30391836e-05 -1.41573920e-03 1.11178507e-04
1109             1.69972993e-01 -2.57583894e-01 9.49077476e-03 1.70005899e-01 -2.56167325e-01 9.36991560e-03 -3.29057290e-05 -1.41656897e-03 1.20859161e-04
1110             1.72237815e-01 -2.58503910e-01 9.42376417e-03 1.72270500e-01 -2.57087044e-01 9.29883010e-03 -3.26848801e-05 -1.41686603e-03 1.24934077e-04
1111             1.74247009e-01 -2.59515346e-01 9.33373626e-03 1.74280046e-01 -2.58097832e-01 9.20232225e-03 -3.30369763e-05 -1.41751379e-03 1.31414006e-04
1112             1.75961375e-01 -2.60558817e-01 9.21569497e-03 1.75994657e-01 -2.59141221e-01 9.08395503e-03 -3.32818805e-05 -1.41759608e-03 1.31739942e-04
1113             1.77229419e-01 -2.61574245e-01 9.09092629e-03 1.77263710e-01 -2.60156404e-01 8.95680817e-03 -3.42908270e-05 -1.41784023e-03 1.34118119e-04
1114             1.78021283e-01 -2.62497831e-01 8.95412003e-03 1.78056691e-01 -2.61080373e-01 8.82392704e-03 -3.54079907e-05 -1.41745761e-03 1.30192991e-04
1115             1.78225504e-01 -2.63258027e-01 8.82551648e-03 1.78262287e-01 -2.61840597e-01 8.69685860e-03 -3.67831484e-05 -1.41742966e-03 1.28657884e-04
1116             1.77833329e-01 -2.63858603e-01 8.69783923e-03 1.77872480e-01 -2.62442135e-01 8.57648321e-03 -3.91512562e-05 -1.41646823e-03 1.21356026e-04
1117             1.76778455e-01 -2.64224660e-01 8.58834626e-03 1.76820204e-01 -2.62808881e-01 8.47145245e-03 -4.17487736e-05 -1.41577902e-03 1.16893810e-04
1118             1.75171416e-01 -2.64342390e-01 8.48678652e-03 1.75215294e-01 -2.62927509e-01 8.37950240e-03 -4.38773791e-05 -1.41488060e-03 1.07284125e-04
1119             1.73046647e-01 -2.64221987e-01 8.40804677e-03 1.73092869e-01 -2.62807837e-01 8.30648956e-03 -4.62219608e-05 -1.41414986e-03 1.01557214e-04
1120             1.70597275e-01 -2.63893770e-01 8.33801885e-03 1.70645256e-01 -2.62480524e-01 8.24682838e-03 -4.79810829e-05 -1.41324644e-03 9.11904715e-05
1121             1.67917192e-01 -2.63392512e-01 8.29016727e-03 1.67966675e-01 -2.61979758e-01 8.20449366e-03 -4.94826438e-05 -1.41275435e-03 8.56736132e-05
1122             1.65230415e-01 -2.62767429e-01 8.25112376e-03 1.65280627e-01 -2.61355213e-01 8.17501228e-03 -5.02121060e-05 -1.41221531e-03 7.61114714e-05
1123             1.62634556e-01 -2.62058296e-01 8.23615711e-03 1.62685171e-01 -2.60646343e-01 8.16403558e-03 -5.06145757e-05 -1.41195287e-03 7.21215276e-05
1124             1.60326933e-01 -2.61316824e-01 8.23173751e-03 1.60377154e-01 -2.59905215e-01 8.16724548e-03 -5.02213776e-05 -1.41160866e-03 6.44920375e-05
1125             1.58354974e-01 -2.60573115e-01 8.25274411e-03 1.58404216e-01 -2.59161345e-01 8.19032535e-03 -4.92421931e-05 -1.41176961e-03 6.24187583e-05
1126             1.56849094e-01 -2.59863296e-01 8.28725179e-03 1.56896910e-01 -2.58451443e-01 8.23035489e-03 -4.78165901e-05 -1.41185318e-03 5.68968971e-05
1127             1.55781600e-01 -2.59193665e-01 8.35049445e-03 1.55827808e-01 -2.57781414e-01 8.29350673e-03 -4.62074276e-05 -1.41225160e-03 5.69877223e-05
1128             1.55207150e-01 -2.58584933e-01 8.42854076e-03 1.55251603e-01 -2.57172641e-01 8.37454758e-03 -4.44528436e-05 -1.41229233e-03 5.39931781e-05
1129             1.55046235e-01 -2.58032265e-01 8.53184518e-03 1.55088901e-01 -2.56619560e-01 8.47563589e-03 -4.26659222e-05 -1.41270452e-03 5.62092971e-05
1130             1.55309746e-01 -2.57553282e-01 8.64456999e-03 1.55350827e-01 -2.56140473e-01 8.58882328e-03 -4.10808197e-05 -1.41280940e-03 5.57467076e-05
1131             1.55896654e-01 -2.57142474e-01 8.77343028e-03 1.55936488e-01 -2.55729199e-01 8.71321006e-03 -3.98338554e-05 -1.41327495e-03 6.02202194e-05
1132             1.56802235e-01 -2.56821620e-01 8.89968405e-03 1.56840978e-01 -2.55408327e-01 8.83726091e-03 -3.87432677e-05 -1.41329249e-03 6.24231389e-05
1133             1.57931426e-01 -2.56590535e-01 9.02685177e-03 1.57969344e-01 -2.55176873e-01 8.95806910e-03 -3.79186496e-05 -1.41366210e-03 6.87826696e-05
1134             1.59278582e-01 -2.56473205e-01 9.13823127e-03 1.59315812e-01 -2.55059452e-01 9.06523385e-03 -3.72296399e-05 -1.41375298e-03 7.29974227e-05
1135             1.60767932e-01 -2.56474219e-01 9.23643637e-03 1.60804799e-01 -2.55059991e-01 9.15562955e-03 -3.68673790e-05 -1.41422740e-03 8.08068252e-05
1136             1.62400862e-01 -2.56616518e-01 9.30695675e-03 1.62437149e-01 -2.55202137e-01 9.22056126e-03 -3.62866641e-05 -1.41438055e-03 8.63954857e-05
1137             1.64115008e-01 -2.56898137e-01 9.35469390e-03 1.64150831e-01 -2.55483183e-01 9.26026692e-03 -3.58225554e-05 -1.41495464e-03 9.44269763e-05
1138             1.65899580e-01 -2.57326758e-01 9.37021823e-03 1.65934852e-01 -2.55911485e-01 9.27025588e-03 -3.52722631e-05 -1.41527249e-03 9.99623460e-05
1139             1.67680491e-01 -2.57884133e-01 9.36182012e-03 1.67715549e-01 -2.56468184e-01 9.25475132e-03 -3.50581318e-05 -1.41594931e-03 1.07068807e-04
1140             1.69428410e-01 -2.58561273e-01 9.32505694e-03 1.69463031e-01 -2.57145103e-01 9.21349287e-03 -3.46211982e-05 -1.41617068e-03 1.11564075e-04
1141             1.71050934e-01 -2.59315875e-01 9.26922076e-03 1.71085591e-01 -2.57899211e-01 9.15286998e-03 -3.46567147e-05 -1.41666409e-03 1.16350785e-04
1142             1.72495380e-01 -2.60118860e-01 9.19471898e-03 1.72530005e-01 -2.58702036e-01 9.07648114e-03 -3.46247817e-05 -1.41682435e-03 1.18237845e-04
1143             1.73659553e-01 -2.60910430e-01 9.11248506e-03 1.73694888e-01 -2.59493306e-01 8.99230174e-03 -3.53355831e-05 -1.41712356e-03 1.20183325e-04
1144             1.74498798e-01 -2.61660029e-01 9.02116261e-03 1.74534686e-01 -2.60243231e-01 8.90165167e-03 -3.58877860e-05 -1.41679784e-03 1.19510936e-04
1145             1.74932283e-01 -2.62293043e-01 8.93039351e-03 1.74969184e-01 -2.60876187e-01 8.81205044e-03 -3.69005984e-05 -1.41685651e-03 1.18343071e-04
1146             1.74905430e-01 -2.62553922e-01 8.88594675e-03 1.74944153e-01 -2.61137863e-01 8.76915007e-03 -3.87222238e-05 -1.41605873e-03 1.16796683e-04
1147             1.74349066e-01 -2.63040429e-01 8.80025279e-03 1.74389341e-01 -2.61624359e-01 8.68656693e-03 -4.02747491e-05 -1.41606968e-03 1.13685860e-04
1148             1.73855138e-01 -2.63148004e-01 8.75026566e-03 1.73896990e-01 -2.61732911e-01 8.63991433e-03 -4.18525006e-05 -1.41509256e-03 1.10351328e-04
1149             1.72969485e-01 -2.63152297e-01 8.70951982e-03 1.73013629e-01 -2.61737886e-01 8.60155125e-03 -4.41438976e-05 -1.41441060e-03 1.07968574e-04
1150             1.71847705e-01 -2.63041441e-01 8.67683604e-03 1.71893186e-01 -2.61627832e-01 8.57224328e-03 -4.54805644e-05 -1.41360917e-03 1.04592768e-04
1151             1.69572084e-01 -2.62659554e-01 8.63451919e-03 1.69618593e-01 -2.61246161e-01 8.53441592e-03 -4.65092510e-05 -1.41339262e-03 1.00103263e-04
1152             1.68577107e-01 -2.62464306e-01 8.58665210e-03 1.68623227e-01 -2.61051388e-01 8.49048296e-03 -4.61193652e-05 -1.41291811e-03 9.61691450e-05
1153             1.66266692e-01 -2.61875670e-01 8.53181085e-03 1.66313280e-01 -2.60462859e-01 8.44306231e-03 -4.65877872e-05 -1.41281137e-03 8.87485452e-05
1154             1.64522734e-01 -2.61406422e-01 8.47890841e-03 1.64568948e-01 -2.59993805e-01 8.39573600e-03 -4.62144421e-05 -1.41261612e-03 8.31724034e-05
1155             1.62994084e-01 -2.60915185e-01 8.43744493e-03 1.63040144e-01 -2.59502343e-01 8.35973532e-03 -4.60597478e-05 -1.41284149e-03 7.77096087e-05
1156             1.62314543e-01 -2.60658780e-01 8.41829627e-03 1.62360080e-01 -2.59246219e-01 8.34481034e-03 -4.55368378e-05 -1.41256111e-03 7.34859354e-05
1157             1.60871789e-01 -2.59939072e-01 8.43590408e-03 1.60917441e-01 -2.58526655e-01 8.36581817e-03 -4.56520525e-05 -1.41241668e-03 7.00859127e-05
1158             1.60428614e-01 -2.59665528e-01 8.45347748e-03 1.60473083e-01 -2.58253108e-01 8.38528581e-03 -4.44690795e-05 -1.41242022e-03 6.81916692e-05
1159             1.59600333e-01 -2.58968287e-01 8.52886472e-03 1.59644189e-01 -2.57555700e-01 8.46191189e-03 -4.38561626e-05 -1.41258641e-03 6.69528274e-05
1160             1.59455745e-01 -2.58740851e-01 8.56740505e-03 1.59497920e-01 -2.57327997e-01 8.50180683e-03 -4.21748026e-05 -1.41285400e-03 6.55982174e-05
1161             1.59407317e-01 -2.58463580e-01 8.61934328e-03 1.59448790e-01 -2.57050468e-01 8.55521571e-03 -4.14733152e-05 -1.41311261e-03 6.41275776e-05
1162             1.59518112e-01 -2.58215536e-01 8.67830582e-03 1.59558915e-01 -2.56802440e-01 8.61426244e-03 -4.08034917e-05 -1.41309579e-03 6.40433804e-05
1163             1.59793755e-01 -2.58011359e-01 8.74460990e-03 1.59833856e-01 -2.56597924e-01 8.67973414e-03 -4.01008636e-05 -1.41343535e-03 6.48757568e-05
1164             1.60236638e-01 -2.57893586e-01 8.81590008e-03 1.60276007e-01 -2.56479978e-01 8.74957415e-03 -3.93694767e-05 -1.41360806e-03 6.63259356e-05
1165             1.60812059e-01 -2.57848108e-01 8.89250900e-03 1.60850830e-01 -2.56433918e-01 8.82344536e-03 -3.87706917e-05 -1.41419017e-03 6.90636400e-05
1166             1.61504031e-01 -2.57889362e-01 8.96708846e-03 1.61542347e-01 -2.56474837e-01 8.89477110e-03 -3.83166046e-05 -1.41452552e-03 7.23173569e-05
1167             1.62273684e-01 -2.57993900e-01 9.03658223e-03 1.62311729e-01 -2.56578921e-01 8.96014687e-03 -3.80458154e-05 -1.41497815e-03 7.64353566e-05
1168             1.63107434e-01 -2.58172289e-01 9.09370408e-03 1.63145155e-01 -2.56757222e-01 9.01284131e-03 -3.77216592e-05 -1.41506732e-03 8.08627727e-05
1169             1.63969961e-01 -2.58404355e-01 9.13688296e-03 1.64007501e-01 -2.56989056e-01 9.05145778e-03 -3.75404652e-05 -1.41529944e-03 8.54251774e-05
1170             1.64848160e-01 -2.58697442e-01 9.16261317e-03 1.64885479e-01 -2.57281968e-01 9.07312729e-03 -3.73188360e-05 -1.41547419e-03 8.94858794e-05
1171             1.65699107e-01 -2.59025248e-01 9.17262441e-03 1.65736385e-01 -2.57609489e-01 9.07913130e-03 -3.72772771e-05 -1.41575978e-03 9.34931083e-05
1172             1.66510909e-01 -2.59386246e-01 9.16527056e-03 1.66548095e-01 -2.57970474e-01 9.06855976e-03 -3.71855448e-05 -1.41577131e-03 9.67107981e-05
1173             1.67237921e-01 -2.59749166e-01 9.14518795e-03 1.67275210e-01 -2.58333275e-01 9.04555463e-03 -3.72892731e-05 -1.41589145e-03 9.96333227e-05
1174             1.67874744e-01 -2.60110065e-01 9.11287456e-03 1.67912331e-01 -2.58694174e-01 9.01127966e-03 -3.75869427e-05 -1.41589108e-03 1.01594906e-04
1175             1.68374789e-01 -2.60432679e-01 9.07367363e-03 1.68412847e-01 -2.59016798e-01 8.97030861e-03 -3.80576190e-05 -1.41588109e-03 1.03365015e-04
1176             1.68763310e-01 -2.60732673e-01 9.02679230e-03 1.68802054e-01 -2.59317091e-01 8.92265027e-03 -3.87440961e-05 -1.41558238e-03 1.04142031e-04
1177             1.68993278e-01 -2.60974111e-01 8.97894876e-03 1.69032756e-01 -2.59558795e-01 8.87414726e-03 -3.94775950e-05 -1.41531616e-03 1.04801500e-04
1178             1.69083791e-01 -2.61165257e-01 8.92841537e-03 1.69124049e-01 -2.59750293e-01 8.82403427e-03 -4.02580897e-05 -1.41496411e-03 1.04381106e-04
1179             1.69014563e-01 -2.61284647e-01 8.87915377e-03 1.69055725e-01 -2.59869947e-01 8.77527444e-03 -4.11611893e-05 -1.41469985e-03 1.03879337e-04
1180             1.68812470e-01 -2.61345224e-01 8.82858095e-03 1.68854280e-01 -2.59930831e-01 8.72615375e-03 -4.18106328e-05 -1.41439249e-03 1.02427207e-04
1181             1.68472277e-01 -2.61332570e-01 8.78134702e-03 1.68514782e-01 -2.59918499e-01 8.68028709e-03 -4.25050418e-05 -1.41407151e-03 1.01059933e-04
1182             1.68037255e-01 -2.61266592e-01 8.73528782e-03 1.68080216e-01 -2.59852806e-01 8.63668222e-03 -4.29610681e-05 -1.41378538e-03 9.86055996e-05
1183             1.67514577e-01 -2.61139810e-01 8.69583249e-03 1.67558012e-01 -2.59726202e-01 8.59920322e-03 -4.34345657e-05 -1.41360805e-03 9.66292656e-05
1184             1.66953519e-01 -2.60976263e-01 8.66045100e-03 1.66997144e-01 -2.59562839e-01 8.56658341e-03 -4.36249994e-05 -1.41342434e-03 9.38675928e-05
1185             1.66363915e-01 -2.60770754e-01 8.63389961e-03 1.66407664e-01 -2.59357395e-01 8.54212907e-03 -4.37485488e-05 -1.41335899e-03 9.17705411e-05
1186             1.65796297e-01 -2.60549240e-01 8.61319931e-03 1.65839908e-01 -2.59135948e-01 8.52432502e-03 -4.36106669e-05 -1.41329261e-03 8.88742993e-05
1187             1.65250561e-01 -2.60306375e-01 8.60252461e-03 1.65294161e-01 -2.58893152e-01 8.51546800e-03 -4.36008663e-05 -1.41322298e-03 8.70566089e-05
1188             1.64769464e-01 -2.60070176e-01 8.59783794e-03 1.64812824e-01 -2.58657006e-01 8.51341882e-03 -4.33599812e-05 -1.41317049e-03 8.44191129e-05
1189             1.64344405e-01 -2.59833203e-01 8.60278489e-03 1.64387415e-01 -2.58419926e-01 8.51981504e-03 -4.30098968e-05 -1.41327684e-03 8.29698525e-05
1190             1.64014779e-01 -2.59623782e-01 8.61296718e-03 1.64057416e-01 -2.58210500e-01 8.53226753e-03 -4.26367019e-05 -1.41328251e-03 8.06996504e-05
1191             1.63747808e-01 -2.59423031e-01 8.63275553e-03 1.63790232e-01 -2.58009664e-01 8.55292399e-03 -4.24245437e-05 -1.41336708e-03 7.98315383e-05
1192             1.63575533e-01 -2.59255438e-01 8.65680369e-03 1.63617477e-01 -2.57842051e-01 8.57847735e-03 -4.19440472e-05 -1.41338728e-03 7.83263330e-05
1193             1.63472983e-01 -2.59107529e-01 8.68839717e-03 1.63514503e-01 -2.57693973e-01 8.61015002e-03 -4.15200558e-05 -1.41355590e-03 7.82471435e-05
1194             1.63465128e-01 -2.59002239e-01 8.72251956e-03 1.63506251e-01 -2.57588553e-01 8.64506479e-03 -4.11230873e-05 -1.41368592e-03 7.74547774e-05
1195             1.63526696e-01 -2.58923198e-01 8.76297922e-03 1.63567415e-01 -2.57509141e-01 8.68469611e-03 -4.07188058e-05 -1.41405730e-03 7.82831084e-05
1196             1.63674115e-01 -2.58893437e-01 8.80319767e-03 1.63714454e-01 -2.57479403e-01 8.72459707e-03 -4.03384664e-05 -1.41403435e-03 7.86005980e-05
1197             1.63877854e-01 -2.58895799e-01 8.84656198e-03 1.63917978e-01 -2.57481563e-01 8.76633929e-03 -4.01236238e-05 -1.41423530e-03 8.02226930e-05
1198             1.64148704e-01 -2.58946226e-01 8.88639881e-03 1.64188545e-01 -2.57531868e-01 8.80511901e-03 -3.98417471e-05 -1.41435854e-03 8.12797994e-05
1199             1.64456531e-01 -2.59024419e-01 8.92463984e-03 1.64496326e-01 -2.57609807e-01 8.84115913e-03 -3.97951569e-05 -1.41461199e-03 8.34807166e-05
1200             1.64804066e-01 -2.59142523e-01 8.95490907e-03 1.64843664e-01 -2.57728009e-01 8.86982283e-03 -3.95980764e-05 -1.41451392e-03 8.50862331e-05
1201             1.65162039e-01 -2.59280515e-01 8.97971367e-03 1.65201435e-01 -2.57865706e-01 8.89234131e-03 -3.93956836e-05 -1.41480880e-03 8.73723583e-05
1202             1.65531538e-01 -2.59445805e-01 8.99462667e-03 1.65570776e-01 -2.58030952e-01 8.90596337e-03 -3.92382929e-05 -1.41485325e-03 8.86633053e-05
1203             1.65879946e-01 -2.59615830e-01 9.00333260e-03 1.65919282e-01 -2.58200769e-01 8.91274498e-03 -3.93363340e-05 -1.41506071e-03 9.05876211e-05
1204             1.66214220e-01 -2.59797095e-01 9.00307518e-03 1.66253460e-01 -2.58382207e-01 8.91132644e-03 -3.92399248e-05 -1.41488819e-03 9.17487388e-05
1205             1.66498027e-01 -2.59964245e-01 8.99759992e-03 1.66537380e-01 -2.58549154e-01 8.90441143e-03 -3.93532631e-05 -1.41509086e-03 9.31884984e-05
1206             1.66752135e-01 -2.60131287e-01 8.98493662e-03 1.66791547e-01 -2.58716293e-01 8.89123371e-03 -3.94128483e-05 -1.41499431e-03 9.37029125e-05
1207             1.66945495e-01 -2.60275154e-01 8.96946806e-03 1.66985242e-01 -2.58860061e-01 8.87491136e-03 -3.97474658e-05 -1.41509312e-03 9.45567010e-05
1208             1.67093158e-01 -2.60406410e-01 8.94955265e-03 1.67133061e-01 -2.58991565e-01 8.85477877e-03 -3.99029626e-05 -1.41484453e-03 9.47738796e-05
1209             1.67171135e-01 -2.60503683e-01 8.92885869e-03 1.67211437e-01 -2.59088795e-01 8.83378765e-03 -4.03014847e-05 -1.41488826e-03 9.50710342e-05
1210             1.67200191e-01 -2.60582341e-01 8.90551813e-03 1.67240686e-01 -2.59167677e-01 8.81080426e-03 -4.04948847e-05 -1.41466398e-03 9.47138732e-05
1211             1.67158713e-01 -2.60621947e-01 8.88284157e-03 1.67199666e-01 -2.59207297e-01 8.78816112e-03 -4.09527954e-05 -1.41465007e-03 9.46804463e-05
1212             1.67070145e-01 -2.60639779e-01 8.85833110e-03 1.67111269e-01 -2.59225433e-01 8.76429122e-03 -4.11244800e-05 -1.41434608e-03 9.40398813e-05
1213             1.66922262e-01 -2.60619139e-01 8.83568013e-03 1.66963688e-01 -2.59204748e-01 8.74218713e-03 -4.14260192e-05 -1.41439094e-03 9.34929970e-05
1214             1.66737934e-01 -2.60579584e-01 8.81317421e-03 1.66779528e-01 -2.59165492e-01 8.72074812e-03 -4.15935418e-05 -1.41409175e-03 9.24260939e-05
1215             1.66517702e-01 -2.60508371e-01 8.79420916e-03 1.66559641e-01 -2.59094197e-01 8.70266926e-03 -4.19391592e-05 -1.41417436e-03 9.15399007e-05
1216             1.66290285e-01 -2.60426707e-01 8.77680570e-03 1.66332283e-01 -2.59012860e-01 8.68638093e-03 -4.19976271e-05 -1.41384680e-03 9.04247715e-05
1217             1.66050101e-01 -2.60322822e-01 8.76401862e-03 1.66092111e-01 -2.58908815e-01 8.67448931e-03 -4.20100036e-05 -1.41400701e-03 8.95293100e-05
1218             1.65821343e-01 -2.60218139e-01 8.75375953e-03 1.65863304e-01 -2.58804293e-01 8.66553837e-03 -4.19611682e-05 -1.41384562e-03 8.82211589e-05
1219             1.65598475e-01 -2.60101603e-01 8.74896344e-03 1.65640553e-01 -2.58687585e-01 8.66141234e-03 -4.20779381e-05 -1.41401854e-03 8.75511043e-05
1220             1.65403739e-01 -2.59992745e-01 8.74680131e-03 1.65445655e-01 -2.58579002e-01 8.66022040e-03 -4.19157886e-05 -1.41374250e-03 8.65809099e-05
1221             1.65223342e-01 -2.59878522e-01 8.74940030e-03 1.65265211e-01 -2.58464630e-01 8.66339982e-03 -4.18690031e-05 -1.41389219e-03 8.60004821e-05
1222             1.65085079e-01 -2.59781462e-01 8.75412576e-03 1.65126709e-01 -2.58367669e-01 8.66894663e-03 -4.16296918e-05 -1.41379251e-03 8.51791291e-05
1223             1.64969360e-01 -2.59685350e-01 8.76273876e-03 1.65010990e-01 -2.58271305e-01 8.67785839e-03 -4.16298210e-05 -1.41404583e-03 8.48803727e-05
1224             1.64900145e-01 -2.59612331e-01 8.77242753e-03 1.64941538e-01 -2.58198484e-01 8.68806666e-03 -4.13927240e-05 -1.41384718e-03 8.43608645e-05
1225             1.64849455e-01 -2.59543732e-01 8.78554494e-03 1.64890716e-01 -2.58129644e-01 8.70122328e-03 -4.12606262e-05 -1.41408842e-03 8.43216601e-05
1226             1.64838257e-01 -2.59498872e-01 8.79917317e-03 1.64879201e-01 -2.58084901e-01 8.71486857e-03 -4.09441758e-05 -1.41397098e-03 8.43046074e-05
1227             1.64845446e-01 -2.59458901e-01 8.81493245e-03 1.64886407e-01 -2.58044653e-01 8.73036002e-03 -4.09609813e-05 -1.41424813e-03 8.45724288e-05
1228             1.64898540e-01 -2.59448059e-01 8.82957576e-03 1.64939385e-01 -2.58034040e-01 8.74486841e-03 -4.08453510e-05 -1.41401864e-03 8.47073486e-05
1229             1.64968031e-01 -2.59443229e-01 8.84580072e-03 1.65008742e-01 -2.58028901e-01 8.76059111e-03 -4.07102672e-05 -1.41432769e-03 8.52096115e-05
1230             1.65077006e-01 -2.59467303e-01 8.86004705e-03 1.65117506e-01 -2.58053069e-01 8.77441036e-03 -4.04999815e-05 -1.41423392e-03 8.56366915e-05
1231             1.65192616e-01 -2.59494475e-01 8.87483959e-03 1.65233170e-01 -2.58079954e-01 8.78844712e-03 -4.05537499e-05 -1.41452191e-03 8.63924762e-05
1232             1.65334970e-01 -2.59547068e-01 8.88639572e-03 1.65375325e-01 -2.58132780e-01 8.79927737e-03 -4.03558027e-05 -1.41428746e-03 8.71183462e-05
1233             1.65473359e-01 -2.59598621e-01 8.89690412e-03 1.65513670e-01 -2.58184047e-01 8.80912351e-03 -4.03107918e-05 -1.41457336e-03 8.77806055e-05
1234             1.65473407e-01 -2.59598381e-01 8.89677626e-03 1.65513670e-01 -2.58184047e-01 8.80912351e-03 -4.02631827e-05 -1.41433390e-03 8.76527480e-05
1235             1.65666327e-01 -2.59697385e-01 8.90074383e-03 1.65706575e-01 -2.58282613e-01 8.81237645e-03 -4.02479526e-05 -1.41477178e-03 8.83673816e-05
1236             1.65823744e-01 -2.59779462e-01 8.90432731e-03 1.65863918e-01 -2.58364974e-01 8.81543456e-03 -4.01742863e-05 -1.41448891e-03 8.88927503e-05
1237             1.65823477e-01 -2.59779561e-01 8.90467925e-03 1.65863918e-01 -2.58364974e-01 8.81543456e-03 -4.04417774e-05 -1.41458785e-03 8.92446832e-05
1238             1.65993078e-01 -2.59880051e-01 8.90209366e-03 1.66033388e-01 -2.58465643e-01 8.81280060e-03 -4.03094717e-05 -1.41440774e-03 8.92930590e-05
1239             1.65992787e-01 -2.59880353e-01 8.90258816e-03 1.66033388e-01 -2.58465643e-01 8.81280060e-03 -4.06012037e-05 -1.41471039e-03 8.97875533e-05
1240             1.66142915e-01 -2.59977898e-01 8.89826201e-03 1.66183448e-01 -2.58563461e-01 8.80828979e-03 -4.05329538e-05 -1.41443708e-03 8.99722229e-05
1241             1.66233004e-01 -2.60034992e-01 8.89619130e-03 1.66273688e-01 -2.58620435e-01 8.80575061e-03 -4.06847505e-05 -1.41455682e-03 9.04406958e-05
1242             1.66232736e-01 -2.60034514e-01 8.89644145e-03 1.66273688e-01 -2.58620435e-01 8.80575061e-03 -4.09520101e-05 -1.41407906e-03 9.06908440e-05
1243             1.66302711e-01 -2.60095531e-01 8.89373901e-03 1.66343700e-01 -2.58681151e-01 8.80266437e-03 -4.09888708e-05 -1.41438013e-03 9.10746344e-05
1244             1.66302521e-01 -2.60094993e-01 8.89364986e-03 1.66343700e-01 -2.58681151e-01 8.80266437e-03 -4.11790649e-05 -1.41384197e-03 9.09854839e-05
1245             1.66338922e-01 -2.60147209e-01 8.89105089e-03 1.66379954e-01 -2.58732905e-01 8.79961951e-03 -4.10319923e-05 -1.41430389e-03 9.14313790e-05
1246             1.66358681e-01 -2.60184151e-01 8.88578044e-03 1.66399637e-01 -2.58769905e-01 8.79467019e-03 -4.09559446e-05 -1.41424603e-03 9.11102565e-05
1247             1.66358392e-01 -2.60184355e-01 8.88638540e-03 1.66399637e-01 -2.58769905e-01 8.79467019e-03 -4.12449864e-05 -1.41444978e-03 9.17152097e-05
1248             1.66341929e-01 -2.60201300e-01 8.87893815e-03 1.66383126e-01 -2.58787209e-01 8.78768617e-03 -4.11975569e-05 -1.41409134e-03 9.12519797e-05
1249             1.66341719e-01 -2.60201413e-01 8.87943917e-03 1.66383126e-01 -2.58787209e-01 8.78768617e-03 -4.14074838e-05 -1.41420398e-03 9.17530064e-05
1250             1.66293248e-01 -2.60196470e-01 8.87090899e-03 1.66334584e-01 -2.58782425e-01 8.77981436e-03 -4.13357394e-05 -1.41404451e-03 9.10946256e-05
1251             1.66236991e-01 -2.60177311e-01 8.86326909e-03 1.66278449e-01 -2.58763036e-01 8.77215693e-03 -4.14573866e-05 -1.41427509e-03 9.11121688e-05
1252             1.66237007e-01 -2.60176906e-01 8.86314081e-03 1.66278449e-01 -2.58763036e-01 8.77215693e-03 -4.14419213e-05 -1.41386949e-03 9.09838809e-05
1253             1.66143865e-01 -2.60138969e-01 8.85757997e-03 1.66185255e-01 -2.58724863e-01 8.76658771e-03 -4.13901680e-05 -1.41410550e-03 9.09922605e-05
1254             1.66143947e-01 -2.60138746e-01 8.85710113e-03 1.66185255e-01 -2.58724863e-01 8.76658771e-03 -4.13080595e-05 -1.41388226e-03 9.05134255e-05
1255             1.66029988e-01 -2.60086221e-01 8.85261920e-03 1.66071375e-01 -2.58672023e-01 8.76198471e-03 -4.13872052e-05 -1.41419830e-03 9.06344862e-05
1256             1.66030114e-01 -2.60085900e-01 8.85223677e-03 1.66071375e-01 -2.58672023e-01 8.76198471e-03 -4.12607448e-05 -1.41387725e-03 9.02520595e-05
1257             1.65908585e-01 -2.60023894e-01 8.84858376e-03 1.65949843e-01 -2.58609733e-01 8.75827634e-03 -4.12583879e-05 -1.41416093e-03 9.03074209e-05
1258             1.65908761e-01 -2.60023692e-01 8.84799002e-03 1.65949843e-01 -2.58609733e-01 8.75827634e-03 -4.10821926e-05 -1.41395811e-03 8.97136794e-05
1259             1.65793764e-01 -2.59956111e-01 8.84417099e-03 1.65835023e-01 -2.58541886e-01 8.75444438e-03 -4.12593475e-05 -1.41422502e-03 8.97266058e-05
1260             1.65725446e-01 -2.59916804e-01 8.83852883e-03 1.65766636e-01 -2.58502848e-01 8.74943839e-03 -4.11890206e-05 -1.41395520e-03 8.90904396e-05
1261             1.65725667e-01 -2.59917168e-01 8.83857760e-03 1.65766636e-01 -2.58502848e-01 8.74943839e-03 -4.09685674e-05 -1.41431995e-03 8.91392074e-05
1262             1.65660999e-01 -2.59869519e-01 8.83289661e-03 1.65702050e-01 -2.58455442e-01 8.74456644e-03 -4.10506805e-05 -1.41407746e-03 8.83301654e-05
1263             1.65661001e-01 -2.59869965e-01 8.83310266e-03 1.65702050e-01 -2.58455442e-01 8.74456644e-03 -4.10486255e-05 -1.41452298e-03 8.85362242e-05
1264             1.65615063e-01 -2.59826979e-01 8.82819203e-03 1.65656160e-01 -2.58412923e-01 8.74032957e-03 -4.10967297e-05 -1.41405643e-03 8.78624566e-05
1265             1.65615122e-01 -2.59827294e-01 8.82839801e-03 1.65656160e-01 -2.58412923e-01 8.74032957e-03 -4.10382345e-05 -1.41437115e-03 8.80684347e-05
1266             1.65593150e-01 -2.59796913e-01 8.82552068e-03 1.65634127e-01 -2.58382832e-01 8.73806182e-03 -4.09768115e-05 -1.41408028e-03 8.74588624e-05
1267             1.65593189e-01 -2.59797343e-01 8.82584238e-03 1.65634127e-01 -2.58382832e-01 8.73806182e-03 -4.09379732e-05 -1.41451049e-03 8.77805651e-05
1268             1.65593453e-01 -2.59778806e-01 8.82448299e-03 1.65634396e-01 -2.58364672e-01 8.73711267e-03 -4.09426479e-05 -1.41413412e-03 8.73703171e-05
1269             1.65592841e-01 -2.59763773e-01 8.82717557e-03 1.65633752e-01 -2.58349494e-01 8.73931975e-03 -4.09118486e-05 -1.41427932e-03 8.78558184e-05
1270             1.65592968e-01 -2.59763725e-01 8.82662329e-03 1.65633752e-01 -2.58349494e-01 8.73931975e-03 -4.07840478e-05 -1.41423148e-03 8.73035406e-05
1271             1.65607634e-01 -2.59759094e-01 8.83004657e-03 1.65648607e-01 -2.58344718e-01 8.74215686e-03 -4.09725338e-05 -1.41437574e-03 8.78897082e-05
1272             1.65607788e-01 -2.59758783e-01 8.82976081e-03 1.65648607e-01 -2.58344718e-01 8.74215686e-03 -4.08188985e-05 -1.41406553e-03 8.76039467e-05
1273             1.65632672e-01 -2.59763714e-01 8.83401799e-03 1.65673450e-01 -2.58349401e-01 8.74588264e-03 -4.07774926e-05 -1.41431383e-03 8.81353487e-05
1274             1.65632808e-01 -2.59763531e-01 8.83371685e-03 1.65673450e-01 -2.58349401e-01 8.74588264e-03 -4.06412483e-05 -1.41413009e-03 8.78342050e-05
1275             1.65662568e-01 -2.59775393e-01 8.83780202e-03 1.65703380e-01 -2.58361051e-01 8.74937037e-03 -4.08121889e-05 -1.41434216e-03 8.84316524e-05
1276             1.65662551e-01 -2.59775078e-01 8.83761278e-03 1.65703380e-01 -2.58361051e-01 8.74937037e-03 -4.08290620e-05 -1.41402734e-03 8.82424099e-05
1277             1.65693488e-01 -2.59794069e-01 8.84135633e-03 1.65734315e-01 -2.58379754e-01 8.75256555e-03 -4.08268527e-05 -1.41431486e-03 8.87907834e-05
1278             1.65693650e-01 -2.59793785e-01 8.84124492e-03 1.65734315e-01 -2.58379754e-01 8.75256555e-03 -4.06649290e-05 -1.41403119e-03 8.86793709e-05
1279             1.65693543e-01 -2.59794093e-01 8.84160894e-03 1.65734315e-01 -2.58379754e-01 8.75256555e-03 -4.07721752e-05 -1.41433907e-03 8.90433924e-05
1280             1.65730287e-01 -2.59822439e-01 8.84277557e-03 1.65771022e-01 -2.58408263e-01 8.75365583e-03 -4.07348879e-05 -1.41417583e-03 8.91197371e-05
1281             1.65730277e-01 -2.59822665e-01 8.84294120e-03 1.65771022e-01 -2.58408263e-01 8.75365583e-03 -4.07451438e-05 -1.41440239e-03 8.92853669e-05
1282             1.65770069e-01 -2.59853597e-01 8.84324284e-03 1.65810730e-01 -2.58439384e-01 8.75408134e-03 -4.06611895e-05 -1.41421292e-03 8.91615024e-05
1283             1.65769806e-01 -2.59853837e-01 8.84353799e-03 1.65810730e-01 -2.58439384e-01 8.75408134e-03 -4.09234928e-05 -1.41445362e-03 8.94566442e-05
1284             1.65803214e-01 -2.59880668e-01 8.84439397e-03 1.65844134e-01 -2.58466506e-01 8.75507102e-03 -4.09193216e-05 -1.41416192e-03 8.93229516e-05
1285             1.65803020e-01 -2.59880756e-01 8.84471895e-03 1.65844134e-01 -2.58466506e-01 8.75507102e-03 -4.11138561e-05 -1.41424912e-03 8.96479320e-05
1286             1.65834943e-01 -2.59906789e-01 8.84652626e-03 1.65875880e-01 -2.58492675e-01 8.75709567e-03 -4.09360589e-05 -1.41411354e-03 8.94305960e-05
1287             1.65834760e-01 -2.59906984e-01 8.84686106e-03 1.65875880e-01 -2.58492675e-01 8.75709567e-03 -4.11196784e-05 -1.41430948e-03 8.97653894e-05
1288             1.65834830e-01 -2.59906664e-01 8.84664005e-03 1.65875880e-01 -2.58492675e-01 8.75709567e-03 -4.10498350e-05 -1.41398860e-03 8.95443798e-05
1289             1.65849745e-01 -2.59921661e-01 8.85047873e-03 1.65890752e-01 -2.58507407e-01 8.76053983e-03 -4.10075362e-05 -1.41425409e-03 8.99388942e-05
1290             1.65849838e-01 -2.59921471e-01 8.85036459e-03 1.65890752e-01 -2.58507407e-01 8.76053983e-03 -4.09143436e-05 -1.41406409e-03 8.98247573e-05
1291             1.65864201e-01 -2.59938039e-01 8.85535408e-03 1.65905179e-01 -2.58523769e-01 8.76516365e-03 -4.09775291e-05 -1.41427015e-03 9.01904305e-05
1292             1.65864167e-01 -2.59937676e-01 8.85515599e-03 1.65905179e-01 -2.58523769e-01 8.76516365e-03 -4.10111574e-05 -1.41390758e-03 8.99923443e-05
1293             1.65869007e-01 -2.59951106e-01 8.86070477e-03 1.65909958e-01 -2.58536879e-01 8.77032631e-03 -4.09518508e-05 -1.41422673e-03 9.03784560e-05
1294             1.65869135e-01 -2.59950861e-01 8.86046416e-03 1.65909958e-01 -2.58536879e-01 8.77032631e-03 -4.08234723e-05 -1.41398230e-03 9.01378521e-05
1295             1.65868969e-01 -2.59951128e-01 8.86092625e-03 1.65909958e-01 -2.58536879e-01 8.77032631e-03 -4.09894986e-05 -1.41424918e-03 9.05999433e-05
1296             1.65878242e-01 -2.59965268e-01 8.86387468e-03 1.65919194e-01 -2.58551215e-01 8.77342226e-03 -4.09521980e-05 -1.41405295e-03 9.04524212e-05
1297             1.65878193e-01 -2.59965541e-01 8.86434559e-03 1.65919194e-01 -2.58551215e-01 8.77342226e-03 -4.10007084e-05 -1.41432561e-03 9.09233301e-05
1298             1.65888726e-01 -2.59980411e-01 8.86476624e-03 1.65929604e-01 -2.58566245e-01 8.77423180e-03 -4.08774290e-05 -1.41416530e-03 9.05344408e-05
1299             1.65888615e-01 -2.59980685e-01 8.86512218e-03 1.65929604e-01 -2.58566245e-01 8.77423180e-03 -4.09889268e-05 -1.41443985e-03 9.08903796e-05
1300             1.65899978e-01 -2.59995544e-01 8.86428236e-03 1.65940953e-01 -2.58581353e-01 8.77386202e-03 -4.09748998e-05 -1.41419150e-03 9.04203462e-05
1301             1.65899895e-01 -2.59995748e-01 8.86458870e-03 1.65940953e-01 -2.58581353e-01 8.77386202e-03 -4.10576358e-05 -1.41439517e-03 9.07266865e-05
1302             1.65900007e-01 -2.59995542e-01 8.86404093e-03 1.65940953e-01 -2.58581353e-01 8.77386202e-03 -4.09461399e-05 -1.41418980e-03 9.01789108e-05
1303             1.65903925e-01 -2.60005010e-01 8.86443570e-03 1.65944989e-01 -2.58590623e-01 8.77404044e-03 -4.10645095e-05 -1.41438704e-03 9.03952527e-05
1304             1.65903970e-01 -2.60004753e-01 8.86405109e-03 1.65944989e-01 -2.58590623e-01 8.77404044e-03 -4.10193673e-05 -1.41412957e-03 9.00106429e-05
1305             1.65904397e-01 -2.60014864e-01 8.86549987e-03 1.65945367e-01 -2.58600533e-01 8.77516484e-03 -4.09698283e-05 -1.41433154e-03 9.03350256e-05
1306             1.65904513e-01 -2.60014686e-01 8.86498718e-03 1.65945367e-01 -2.58600533e-01 8.77516484e-03 -4.08543141e-05 -1.41415312e-03 8.98223409e-05
1307             1.65903962e-01 -2.60021445e-01 8.86595246e-03 1.65944917e-01 -2.58607041e-01 8.77570276e-03 -4.09553919e-05 -1.41440386e-03 9.02497062e-05
1308             1.65904097e-01 -2.60021136e-01 8.86556125e-03 1.65944917e-01 -2.58607041e-01 8.77570276e-03 -4.08199919e-05 -1.41409493e-03 8.98584966e-05
1309             1.65904099e-01 -2.60021494e-01 8.86612982e-03 1.65944917e-01 -2.58607041e-01 8.77570276e-03 -4.08175433e-05 -1.41445273e-03 9.04270586e-05
1310             1.65905688e-01 -2.60027661e-01 8.86523304e-03 1.65946522e-01 -2.58613412e-01 8.77524523e-03 -4.08338611e-05 -1.41424938e-03 8.99878096e-05
1311             1.65905627e-01 -2.60027908e-01 8.86575057e-03 1.65946522e-01 -2.58613412e-01 8.77524523e-03 -4.08948647e-05 -1.41449577e-03 9.05053375e-05
1312             1.65905718e-01 -2.60029012e-01 8.86311965e-03 1.65946665e-01 -2.58614815e-01 8.77298266e-03 -4.09472465e-05 -1.41419725e-03 9.01369971e-05
1313             1.65905617e-01 -2.60029275e-01 8.86360649e-03 1.65946665e-01 -2.58614815e-01 8.77298266e-03 -4.10485453e-05 -1.41446009e-03 9.06238295e-05
1314             1.65905653e-01 -2.60028483e-01 8.86014470e-03 1.65946646e-01 -2.58614250e-01 8.77023753e-03 -4.09928332e-05 -1.41423326e-03 8.99071707e-05
1315             1.65905546e-01 -2.60028743e-01 8.86063700e-03 1.65946646e-01 -2.58614250e-01 8.77023753e-03 -4.10998575e-05 -1.41449296e-03 9.03994699e-05
1316             1.65905588e-01 -2.60028386e-01 8.86008108e-03 1.65946646e-01 -2.58614250e-01 8.77023753e-03 -4.10580130e-05 -1.41413606e-03 8.98435499e-05
1317             1.65896324e-01 -2.60020565e-01 8.85869901e-03 1.65937398e-01 -2.58606246e-01 8.76842991e-03 -4.10745773e-05 -1.41431937e-03 9.02691071e-05
1318             1.65896382e-01 -2.60020407e-01 8.85815584e-03 1.65937398e-01 -2.58606246e-01 8.76842991e-03 -4.10165779e-05 -1.41416140e-03 8.97259345e-05
1319             1.65885472e-01 -2.60012629e-01 8.85730346e-03 1.65926530e-01 -2.58598202e-01 8.76701721e-03 -4.10574846e-05 -1.41442700e-03 9.02862537e-05
1320             1.65885552e-01 -2.60012301e-01 8.85683225e-03 1.65926530e-01 -2.58598202e-01 8.76701721e-03 -4.09773025e-05 -1.41409959e-03 8.98150429e-05
1321             1.65867779e-01 -2.59999697e-01 8.85657433e-03 1.65908728e-01 -2.58585337e-01 8.76615466e-03 -4.09484168e-05 -1.41436035e-03 9.04196658e-05
1322             1.65867886e-01 -2.59999454e-01 8.85613838e-03 1.65908728e-01 -2.58585337e-01 8.76615466e-03 -4.08419216e-05 -1.41411663e-03 8.99837178e-05
1323             1.65867800e-01 -2.59999796e-01 8.85673786e-03 1.65908728e-01 -2.58585337e-01 8.76615466e-03 -4.09271056e-05 -1.41445865e-03 9.05831968e-05
1324             1.65855487e-01 -2.59987605e-01 8.85491425e-03 1.65896498e-01 -2.58573470e-01 8.76465648e-03 -4.10104465e-05 -1.41413526e-03 9.02577771e-05
1325             1.65855547e-01 -2.59987901e-01 8.85540386e-03 1.65896498e-01 -2.58573470e-01 8.76465648e-03 -4.09503911e-05 -1.41443128e-03 9.07473880e-05
1326             1.65842561e-01 -2.59972855e-01 8.85204597e-03 1.65883488e-01 -2.58558624e-01 8.76176078e-03 -4.09276716e-05 -1.41423071e-03 9.02851866e-05
1327             1.65842437e-01 -2.59973135e-01 8.85256423e-03 1.65883488e-01 -2.58558624e-01 8.76176078e-03 -4.10516239e-05 -1.41451061e-03 9.08034517e-05
1328             1.65830641e-01 -2.59957990e-01 8.84838897e-03 1.65871689e-01 -2.58543830e-01 8.75812254e-03 -4.10474710e-05 -1.41416030e-03 9.02664349e-05
1329             1.65830643e-01 -2.59958276e-01 8.84872073e-03 1.65871689e-01 -2.58543830e-01 8.75812254e-03 -4.10454783e-05 -1.41444615e-03 9.05981868e-05
1330             1.65821576e-01 -2.59946116e-01 8.84513833e-03 1.65862578e-01 -2.58531853e-01 8.75521117e-03 -4.10026839e-05 -1.41426381e-03 8.99271582e-05
1331             1.65821512e-01 -2.59946399e-01 8.84564349e-03 1.65862578e-01 -2.58531853e-01 8.75521117e-03 -4.10665785e-05 -1.41454636e-03 9.04323153e-05
1332             1.65821608e-01 -2.59946020e-01 8.84503954e-03 1.65862578e-01 -2.58531853e-01 8.75521117e-03 -4.09702095e-05 -1.41416706e-03 8.98283723e-05
1333             1.65806933e-01 -2.59928216e-01 8.84355094e-03 1.65847880e-01 -2.58513854e-01 8.75337280e-03 -4.09476363e-05 -1.41436198e-03 9.01781375e-05
1334             1.65806927e-01 -2.59928031e-01 8.84315153e-03 1.65847880e-01 -2.58513854e-01 8.75337280e-03 -4.09529305e-05 -1.41417712e-03 8.97787249e-05
1335             1.65788182e-01 -2.59909150e-01 8.84340137e-03 1.65829153e-01 -2.58494786e-01 8.75322414e-03 -4.09707099e-05 -1.41436359e-03 9.01772283e-05
1336             1.65788255e-01 -2.59908872e-01 8.84306389e-03 1.65829153e-01 -2.58494786e-01 8.75322414e-03 -4.08976120e-05 -1.41408591e-03 8.98397553e-05
1337             1.65768898e-01 -2.59890767e-01 8.84376207e-03 1.65809750e-01 -2.58476398e-01 8.75336577e-03 -4.08514204e-05 -1.41436898e-03 9.03963034e-05
1338             1.65769040e-01 -2.59890508e-01 8.84334756e-03 1.65809750e-01 -2.58476398e-01 8.75336577e-03 -4.07092772e-05 -1.41411052e-03 8.99817914e-05
1339             1.65750559e-01 -2.59873397e-01 8.84368121e-03 1.65791403e-01 -2.58458980e-01 8.75327117e-03 -4.08443713e-05 -1.41441643e-03 9.04100441e-05
1340             1.65750589e-01 -2.59873041e-01 8.84345195e-03 1.65791403e-01 -2.58458980e-01 8.75327117e-03 -4.08149277e-05 -1.41406106e-03 9.01807812e-05
1341             1.65729497e-01 -2.59857444e-01 8.84423038e-03 1.65770335e-01 -2.58443126e-01 8.75358136e-03 -4.08381170e-05 -1.41431800e-03 9.06490253e-05
1342             1.65729575e-01 -2.59857255e-01 8.84379339e-03 1.65770335e-01 -2.58443126e-01 8.75358136e-03 -4.07598097e-05 -1.41412851e-03 9.02120321e-05
1343             1.65729445e-01 -2.59857613e-01 8.84429574e-03 1.65770335e-01 -2.58443126e-01 8.75358136e-03 -4.08901994e-05 -1.41448719e-03 9.07143797e-05
1344             1.65720387e-01 -2.59851998e-01 8.84353991e-03 1.65761274e-01 -2.58437792e-01 8.75313038e-03 -4.08868371e-05 -1.41420648e-03 9.04095335e-05
1345             1.65720367e-01 -2.59852275e-01 8.84375190e-03 1.65761274e-01 -2.58437792e-01 8.75313038e-03 -4.09069329e-05 -1.41448295e-03 9.06215283e-05
1346             1.65716753e-01 -2.59846544e-01 8.84179833e-03 1.65757564e-01 -2.58432294e-01 8.75151308e-03 -4.08109354e-05 -1.41424990e-03 9.02852529e-05
1347             1.65716663e-01 -2.59846890e-01 8.84211465e-03 1.65757564e-01 -2.58432294e-01 8.75151308e-03 -4.09010597e-05 -1.41459601e-03 9.06015717e-05
1348             1.65716219e-01 -2.59843591e-01 8.84061705e-03 1.65757175e-01 -2.58429348e-01 8.75032522e-03 -4.09553688e-05 -1.41424260e-03 9.02918296e-05
1349             1.65716152e-01 -2.59843838e-01 8.84100013e-03 1.65757175e-01 -2.58429348e-01 8.75032522e-03 -4.10229193e-05 -1.41449049e-03 9.06749034e-05
1350             1.65720053e-01 -2.59842510e-01 8.84079344e-03 1.65760974e-01 -2.58428228e-01 8.75049800e-03 -4.09212549e-05 -1.41428187e-03 9.02954399e-05
1351             1.65719910e-01 -2.59842730e-01 8.84114806e-03 1.65760974e-01 -2.58428228e-01 8.75049800e-03 -4.10642450e-05 -1.41450227e-03 9.06500623e-05
1352             1.65728468e-01 -2.59843805e-01 8.84155570e-03 1.65769481e-01 -2.58429590e-01 8.75125527e-03 -4.10132911e-05 -1.41421504e-03 9.03004349e-05
1353             1.65731407e-01 -2.59841769e-01 8.84397757e-03 1.65772389e-01 -2.58427326e-01 8.75345832e-03 -4.09821286e-05 -1.41444366e-03 9.05192435e-05
1354             1.65731486e-01 -2.59841607e-01 8.84368661e-03 1.65772389e-01 -2.58427326e-01 8.75345832e-03 -4.09031971e-05 -1.41428098e-03 9.02282829e-05
1355             1.65733466e-01 -2.59840422e-01 8.84707494e-03 1.65774553e-01 -2.58425998e-01 8.75652116e-03 -4.10870195e-05 -1.41442386e-03 9.05537744e-05
1356             1.65733558e-01 -2.59840137e-01 8.84687146e-03 1.65774553e-01 -2.58425998e-01 8.75652116e-03 -4.09943102e-05 -1.41413892e-03 9.03502989e-05
1357             1.65736143e-01 -2.59840869e-01 8.85085518e-03 1.65777108e-01 -2.58426488e-01 8.76003872e-03 -4.09646136e-05 -1.41438087e-03 9.08164627e-05
1358             1.65736249e-01 -2.59840670e-01 8.85054554e-03 1.65777108e-01 -2.58426488e-01 8.76003872e-03 -4.08582839e-05 -1.41418230e-03 9.05068256e-05
1359             1.65739694e-01 -2.59842950e-01 8.85405310e-03 1.65780646e-01 -2.58428470e-01 8.76308453e-03 -4.09523412e-05 -1.41447993e-03 9.09685663e-05
1360             1.65739793e-01 -2.59842632e-01 8.85391228e-03 1.65780646e-01 -2.58428470e-01 8.76308453e-03 -4.08525236e-05 -1.41416169e-03 9.08277433e-05
1361             1.65739686e-01 -2.59842919e-01 8.85425605e-03 1.65780646e-01 -2.58428470e-01 8.76308453e-03 -4.09596487e-05 -1.41444870e-03 9.11715115e-05
1362             1.65749445e-01 -2.59851963e-01 8.85585987e-03 1.65790354e-01 -2.58437671e-01 8.76483817e-03 -4.09086091e-05 -1.41429115e-03 9.10217046e-05
1363             1.65749405e-01 -2.59852281e-01 8.85615611e-03 1.65790354e-01 -2.58437671e-01 8.76483817e-03 -4.09492894e-05 -1.41460904e-03 9.13179379e-05
1364             1.65764133e-01 -2.59863687e-01 8.85593661e-03 1.65805116e-01 -2.58449370e-01 8.76489446e-03 -4.09827934e-05 -1.41431701e-03 9.10421523e-05
1365             1.65764053e-01 -2.59863961e-01 8.85627674e-03 1.65805116e-01 -2.58449370e-01 8.76489446e-03 -4.10630931e-05 -1.41459078e-03 9.13822808e-05
1366             1.65781968e-01 -2.59878741e-01 8.85568934e-03 1.65822975e-01 -2.58464359e-01 8.76470424e-03 -4.10072768e-05 -1.41438219e-03 9.09851005e-05
1367             1.65781790e-01 -2.59878964e-01 8.85602671e-03 1.65822975e-01 -2.58464359e-01 8.76470424e-03 -4.11858369e-05 -1.41460546e-03 9.13224678e-05
1368             1.65801003e-01 -2.59894066e-01 8.85594220e-03 1.65842073e-01 -2.58479746e-01 8.76492948e-03 -4.10698973e-05 -1.41431989e-03 9.10127183e-05
1369             1.65800975e-01 -2.59894308e-01 8.85623643e-03 1.65842073e-01 -2.58479746e-01 8.76492948e-03 -4.10976152e-05 -1.41456171e-03 9.13069484e-05
1370             1.65801067e-01 -2.59894081e-01 8.85567575e-03 1.65842073e-01 -2.58479746e-01 8.76492948e-03 -4.10055182e-05 -1.41433495e-03 9.07462704e-05
1371             1.65810935e-01 -2.59902042e-01 8.85708344e-03 1.65852049e-01 -2.58487534e-01 8.76607293e-03 -4.11133738e-05 -1.41450782e-03 9.10105161e-05
1372             1.65810935e-01 -2.59901781e-01 8.85691506e-03 1.65852049e-01 -2.58487534e-01 8.76607293e-03 -4.11132546e-05 -1.41424661e-03 9.08421312e-05
1373             1.65820156e-01 -2.59913799e-01 8.85968552e-03 1.65861216e-01 -2.58499381e-01 8.76851738e-03 -4.10598951e-05 -1.41441738e-03 9.11681474e-05
1374             1.65820297e-01 -2.59913576e-01 8.85941606e-03 1.65861216e-01 -2.58499381e-01 8.76851738e-03 -4.09189429e-05 -1.41419501e-03 9.08986834e-05
1375             1.65828543e-01 -2.59923108e-01 8.86223754e-03 1.65869537e-01 -2.58508642e-01 8.77091196e-03 -4.09940485e-05 -1.41446600e-03 9.13255780e-05
1376             1.65828610e-01 -2.59922759e-01 8.86202992e-03 1.65869537e-01 -2.58508642e-01 8.77091196e-03 -4.09274197e-05 -1.41411787e-03 9.11179623e-05
1377             1.65831189e-01 -2.59931517e-01 8.86432326e-03 1.65872181e-01 -2.58517136e-01 8.77279049e-03 -4.09916846e-05 -1.41438093e-03 9.15327678e-05
1378             1.65831267e-01 -2.59931293e-01 8.86403877e-03 1.65872181e-01 -2.58517136e-01 8.77279049e-03 -4.09133851e-05 -1.41415619e-03 9.12482758e-05
1379             1.65831188e-01 -2.59931640e-01 8.86452027e-03 1.65872181e-01 -2.58517136e-01 8.77279049e-03 -4.09924060e-05 -1.41450407e-03 9.17297834e-05
1380             1.65839804e-01 -2.59942173e-01 8.86433069e-03 1.65880769e-01 -2.58527967e-01 8.77296170e-03 -4.09649544e-05 -1.41420570e-03 9.13689924e-05
1381             1.65839776e-01 -2.59942436e-01 8.86467490e-03 1.65880769e-01 -2.58527967e-01 8.77296170e-03 -4.09929077e-05 -1.41446845e-03 9.17132050e-05
1382             1.65852926e-01 -2.59956709e-01 8.86221855e-03 1.65893899e-01 -2.58542399e-01 8.77095765e-03 -4.09729324e-05 -1.41430955e-03 9.12609083e-05
1383             1.65852792e-01 -2.59956940e-01 8.86256449e-03 1.65893899e-01 -2.58542399e-01 8.77095765e-03 -4.11076159e-05 -1.41454128e-03 9.16068444e-05
1384             1.65865681e-01 -2.59970190e-01 8.85969269e-03 1.65906762e-01 -2.58555946e-01 8.76861471e-03 -4.10809284e-05 -1.41424478e-03 9.10779857e-05
1385             1.65865616e-01 -2.59970438e-01 8.86016982e-03 1.65906762e-01 -2.58555946e-01 8.76861471e-03 -4.11463609e-05 -1.41449226e-03 9.15551173e-05
1386             1.65878879e-01 -2.59983399e-01 8.85763560e-03 1.65919944e-01 -2.58569097e-01 8.76677791e-03 -4.10646957e-05 -1.41430183e-03 9.08576955e-05
1387             1.65878739e-01 -2.59983620e-01 8.85818678e-03 1.65919944e-01 -2.58569097e-01 8.76677791e-03 -4.12046709e-05 -1.41452239e-03 9.14088740e-05
1388             1.65891841e-01 -2.59994191e-01 8.85562653e-03 1.65932997e-01 -2.58580033e-01 8.76485829e-03 -4.11557845e-05 -1.41415825e-03 9.07682359e-05
1389             1.65889080e-01 -2.59992077e-01 8.85551124e-03 1.65930190e-01 -2.58577720e-01 8.76423681e-03 -4.11106765e-05 -1.41435754e-03 9.12744269e-05
1390             1.65889129e-01 -2.59991957e-01 8.85503743e-03 1.65930190e-01 -2.58577720e-01 8.76423681e-03 -4.10618885e-05 -1.41423705e-03 9.08006210e-05
1391             1.65887733e-01 -2.59993520e-01 8.85574589e-03 1.65928834e-01 -2.58579073e-01 8.76434364e-03 -4.11015341e-05 -1.41444771e-03 9.14022438e-05
1392             1.65887780e-01 -2.59993142e-01 8.85529081e-03 1.65928834e-01 -2.58579073e-01 8.76434364e-03 -4.10540613e-05 -1.41406910e-03 9.09471694e-05
1393             1.65881012e-01 -2.59991765e-01 8.85654849e-03 1.65922058e-01 -2.58577485e-01 8.76502099e-03 -4.10458778e-05 -1.41427977e-03 9.15274995e-05
1394             1.65881065e-01 -2.59991569e-01 8.85592643e-03 1.65922058e-01 -2.58577485e-01 8.76502099e-03 -4.09931118e-05 -1.41408380e-03 9.09054472e-05
1395             1.65880956e-01 -2.59991960e-01 8.85657095e-03 1.65922058e-01 -2.58577485e-01 8.76502099e-03 -4.11021904e-05 -1.41447477e-03 9.15499645e-05
1396             1.65881108e-01 -2.59991478e-01 8.85612008e-03 1.65922058e-01 -2.58577485e-01 8.76502099e-03 -4.09498232e-05 -1.41399225e-03 9.10990925e-05
1397             1.65881076e-01 -2.59991732e-01 8.85654715e-03 1.65922058e-01 -2.58577485e-01 8.76502099e-03 -4.09812859e-05 -1.41424708e-03 9.15261653e-05
1398             1.65881174e-01 -2.59991540e-01 8.85598898e-03 1.65922058e-01 -2.58577485e-01 8.76502099e-03 -4.08832680e-05 -1.41405483e-03 9.09679897e-05
1399             1.65881061e-01 -2.59991853e-01 8.85670932e-03 1.65922058e-01 -2.58577485e-01 8.76502099e-03 -4.09965288e-05 -1.41436794e-03 9.16883355e-05
1400             1.65881080e-01 -2.59991487e-01 8.85622864e-03 1.65922058e-01 -2.58577485e-01 8.76502099e-03 -4.09775299e-05 -1.41400211e-03 9.12076571e-05
1401             1.65881069e-01 -2.59991827e-01 8.85702904e-03 1.65922058e-01 -2.58577485e-01 8.76502099e-03 -4.09884751e-05 -1.41434183e-03 9.20080569e-05
1402             1.65881193e-01 -2.59991605e-01 8.85622517e-03 1.65922058e-01 -2.58577485e-01 8.76502099e-03 -4.08651211e-05 -1.41412007e-03 9.12041853e-05
1403             1.65881061e-01 -2.59991864e-01 8.85710603e-03 1.65922058e-01 -2.58577485e-01 8.76502099e-03 -4.09965661e-05 -1.41437819e-03 9.20850465e-05
1404             1.65870983e-01 -2.59999518e-01 8.85311316e-03 1.65911984e-01 -2.58585373e-01 8.76179392e-03 -4.10009736e-05 -1.41414489e-03 9.13192361e-05
1405             1.65870841e-01 -2.59999792e-01 8.85365417e-03 1.65911984e-01 -2.58585373e-01 8.76179392e-03 -4.11431487e-05 -1.41441892e-03 9.18602444e-05
1406             1.65868242e-01 -2.60003390e-01 8.84794457e-03 1.65909341e-01 -2.58589088e-01 8.75730544e-03 -4.10991077e-05 -1.41430253e-03 9.06391237e-05
1407             1.65868182e-01 -2.60003679e-01 8.84881427e-03 1.65909341e-01 -2.58589088e-01 8.75730544e-03 -4.11593111e-05 -1.41459174e-03 9.15088279e-05
1408             1.65867187e-01 -2.60002362e-01 8.84437201e-03 1.65908327e-01 -2.58588151e-01 8.75418448e-03 -4.11400801e-05 -1.41421108e-03 9.01875236e-05
1409             1.65867124e-01 -2.60002550e-01 8.84542012e-03 1.65908327e-01 -2.58588151e-01 8.75418448e-03 -4.12030726e-05 -1.41439886e-03 9.12356396e-05
1410             1.65867198e-01 -2.60002339e-01 8.84385802e-03 1.65908327e-01 -2.58588151e-01 8.75418448e-03 -4.11291157e-05 -1.41418763e-03 8.96735331e-05
1411             1.65855269e-01 -2.59996271e-01 8.84556725e-03 1.65896456e-01 -2.58581891e-01 8.75455339e-03 -4.11873156e-05 -1.41438000e-03 9.10138598e-05
1412             1.65855363e-01 -2.59995967e-01 8.84430035e-03 1.65896456e-01 -2.58581891e-01 8.75455339e-03 -4.10931787e-05 -1.41407588e-03 8.97469610e-05
1413             1.65835648e-01 -2.59984214e-01 8.84854351e-03 1.65876771e-01 -2.58570003e-01 8.75732657e-03 -4.11223069e-05 -1.41421028e-03 9.12169441e-05
1414             1.65835771e-01 -2.59983974e-01 8.84688099e-03 1.65876771e-01 -2.58570003e-01 8.75732657e-03 -4.09996957e-05 -1.41397019e-03 8.95544244e-05
1415             1.65815349e-01 -2.59969147e-01 8.85137101e-03 1.65856404e-01 -2.58554902e-01 8.76002081e-03 -4.10548907e-05 -1.41424505e-03 9.13502012e-05
1416             1.65815573e-01 -2.59968823e-01 8.84982826e-03 1.65856404e-01 -2.58554902e-01 8.76002081e-03 -4.08308745e-05 -1.41392060e-03 8.98074564e-05
1417             1.65794173e-01 -2.59953385e-01 8.85323948e-03 1.65835077e-01 -2.58539121e-01 8.76164043e-03 -4.09044376e-05 -1.41426403e-03 9.15990510e-05
1418             1.65794248e-01 -2.59953073e-01 8.85141792e-03 1.65835077e-01 -2.58539121e-01 8.76164043e-03 -4.08296712e-05 -1.41395190e-03 8.97774954e-05
1419             1.65794056e-01 -2.59953373e-01 8.85340631e-03 1.65835077e-01 -2.58539121e-01 8.76164043e-03 -4.10213121e-05 -1.41425199e-03 9.17658838e-05
1420             1.65791462e-01 -2.59945954e-01 8.85129950e-03 1.65832411e-01 -2.58531967e-01 8.76096726e-03 -4.09491895e-05 -1.41398681e-03 9.03322418e-05
1421             1.65791451e-01 -2.59946341e-01 8.85278733e-03 1.65832411e-01 -2.58531967e-01 8.76096726e-03 -4.09602804e-05 -1.41437354e-03 9.18200753e-05
1422             1.65787489e-01 -2.59935333e-01 8.84861686e-03 1.65828435e-01 -2.58521116e-01 8.75849798e-03 -4.09457516e-05 -1.41421704e-03 9.01188871e-05
1423             1.65787331e-01 -2.59935693e-01 8.85035885e-03 1.65828435e-01 -2.58521116e-01 8.75849798e-03 -4.11034884e-05 -1.41457751e-03 9.18608777e-05
1424             1.65788236e-01 -2.59923959e-01 8.84511398e-03 1.65829291e-01 -2.58509773e-01 8.75516608e-03 -4.10551849e-05 -1.41418619e-03 8.99479073e-05
1425             1.65788117e-01 -2.59924243e-01 8.84689795e-03 1.65829291e-01 -2.58509773e-01 8.75516608e-03 -4.11743224e-05 -1.41447028e-03 9.17318696e-05
1426             1.65788319e-01 -2.59923955e-01 8.84478165e-03 1.65829291e-01 -2.58509773e-01 8.75516608e-03 -4.09721799e-05 -1.41418222e-03 8.96155732e-05
1427             1.65781416e-01 -2.59912715e-01 8.84518169e-03 1.65822514e-01 -2.58498254e-01 8.75385816e-03 -4.10984135e-05 -1.41446092e-03 9.13235217e-05
1428             1.65781603e-01 -2.59912256e-01 8.84324932e-03 1.65822514e-01 -2.58498254e-01 8.75385816e-03 -4.09113800e-05 -1.41400200e-03 8.93911581e-05
1429             1.65771164e-01 -2.59899314e-01 8.84642416e-03 1.65812218e-01 -2.58485017e-01 8.75525156e-03 -4.10541086e-05 -1.41429726e-03 9.11726021e-05
1430             1.65771386e-01 -2.59899088e-01 8.84440424e-03 1.65812218e-01 -2.58485017e-01 8.75525156e-03 -4.08326869e-05 -1.41407087e-03 8.91526816e-05
1431             1.65757350e-01 -2.59886055e-01 8.84869444e-03 1.65798376e-01 -2.58471607e-01 8.75744103e-03 -4.10259977e-05 -1.41444855e-03 9.12534091e-05
1432             1.65757617e-01 -2.59885600e-01 8.84685168e-03 1.65798376e-01 -2.58471607e-01 8.75744103e-03 -4.07587554e-05 -1.41399316e-03 8.94106475e-05
1433             1.65757419e-01 -2.59886051e-01 8.84890477e-03 1.65798376e-01 -2.58471607e-01 8.75744103e-03 -4.09568861e-05 -1.41444477e-03 9.14637378e-05
1434             1.65753865e-01 -2.59873476e-01 8.84808156e-03 1.65794634e-01 -2.58459388e-01 8.75826133e-03 -4.07689748e-05 -1.41408802e-03 8.98202234e-05
1435             1.65753564e-01 -2.59873905e-01 8.84993707e-03 1.65794634e-01 -2.58459388e-01 8.75826133e-03 -4.10699329e-05 -1.41451768e-03 9.16757382e-05
1436             1.65751603e-01 -2.59856497e-01 8.84745305e-03 1.65792524e-01 -2.58442499e-01 8.75747299e-03 -4.09214044e-05 -1.41399801e-03 8.99800674e-05
1437             1.65751406e-01 -2.59856984e-01 8.84917673e-03 1.65792524e-01 -2.58442499e-01 8.75747299e-03 -4.11187168e-05 -1.41448499e-03 9.17037445e-05
1438             1.65752493e-01 -2.59843695e-01 8.84622061e-03 1.65793407e-01 -2.58429524e-01 8.75641693e-03 -4.09141806e-05 -1.41417119e-03 8.98036754e-05
1439             1.65752101e-01 -2.59844112e-01 8.84789612e-03 1.65793407e-01 -2.58429524e-01 8.75641693e-03 -4.13060747e-05 -1.41458848e-03 9.14791880e-05
1440             1.65756363e-01 -2.59833900e-01 8.84564169e-03 1.65797364e-01 -2.58419784e-01 8.75595452e-03 -4.10002725e-05 -1.41411601e-03 8.96871619e-05
1441             1.65756080e-01 -2.59834322e-01 8.84725606e-03 1.65797364e-01 -2.58419784e-01 8.75595452e-03 -4.12842475e-05 -1.41453843e-03 9.13015372e-05
1442             1.65756365e-01 -2.59834009e-01 8.84550099e-03 1.65797364e-01 -2.58419784e-01 8.75595452e-03 -4.09983729e-05 -1.41422490e-03 8.95464615e-05
1443             1.65749524e-01 -2.59822536e-01 8.84737495e-03 1.65790767e-01 -2.58407978e-01 8.75636409e-03 -4.12436773e-05 -1.41455834e-03 9.10108579e-05
1444             1.65749744e-01 -2.59822051e-01 8.84590673e-03 1.65790767e-01 -2.58407978e-01 8.75636409e-03 -4.10231585e-05 -1.41407326e-03 8.95426433e-05
1445             1.65743756e-01 -2.59815681e-01 8.85005817e-03 1.65784964e-01 -2.58401240e-01 8.75903206e-03 -4.12085299e-05 -1.41444085e-03 9.10261193e-05
1446             1.65744044e-01 -2.59815397e-01 8.84853521e-03 1.65784964e-01 -2.58401240e-01 8.75903206e-03 -4.09201129e-05 -1.41415745e-03 8.95031556e-05
1447             1.65737629e-01 -2.59811083e-01 8.85333443e-03 1.65778797e-01 -2.58396578e-01 8.76214237e-03 -4.11673402e-05 -1.41450452e-03 9.11920576e-05
1448             1.65737892e-01 -2.59810633e-01 8.85179092e-03 1.65778797e-01 -2.58396578e-01 8.76214237e-03 -4.09044682e-05 -1.41405478e-03 8.96485537e-05
1449             1.65729303e-01 -2.59809031e-01 8.85633103e-03 1.65770355e-01 -2.58394532e-01 8.76505366e-03 -4.10522177e-05 -1.41449855e-03 9.12773642e-05
1450             1.65729546e-01 -2.59808659e-01 8.85470381e-03 1.65770355e-01 -2.58394532e-01 8.76505366e-03 -4.08091733e-05 -1.41412739e-03 8.96501498e-05
1451             1.65724364e-01 -2.59810189e-01 8.85822483e-03 1.65765468e-01 -2.58395700e-01 8.76705061e-03 -4.11042392e-05 -1.41448827e-03 9.11742185e-05
1452             1.65724591e-01 -2.59809694e-01 8.85672327e-03 1.65765468e-01 -2.58395700e-01 8.76705061e-03 -4.08772135e-05 -1.41399367e-03 8.96726649e-05
1453             1.65724481e-01 -2.59810129e-01 8.85815569e-03 1.65765468e-01 -2.58395700e-01 8.76705061e-03 -4.09871000e-05 -1.41442869e-03 9.11050802e-05
1454             1.65727654e-01 -2.59816628e-01 8.85761076e-03 1.65768428e-01 -2.58402419e-01 8.76791968e-03 -4.07731602e-05 -1.41420885e-03 8.96910753e-05
1455             1.65727424e-01 -2.59817057e-01 8.85890737e-03 1.65768428e-01 -2.58402419e-01 8.76791968e-03 -4.10037008e-05 -1.41463785e-03 9.09876836e-05
1456             1.65739524e-01 -2.59829274e-01 8.85678922e-03 1.65780386e-01 -2.58415114e-01 8.76722968e-03 -4.08619523e-05 -1.41416057e-03 8.95595390e-05
1457             1.65739265e-01 -2.59829628e-01 8.85820081e-03 1.65780386e-01 -2.58415114e-01 8.76722968e-03 -4.11206628e-05 -1.41451388e-03 9.09711233e-05
1458             1.65756051e-01 -2.59845415e-01 8.85631544e-03 1.65796976e-01 -2.58431161e-01 8.76705095e-03 -4.09250661e-05 -1.41425427e-03 8.92644945e-05
1459             1.65755790e-01 -2.59845719e-01 8.85784628e-03 1.65796976e-01 -2.58431161e-01 8.76705095e-03 -4.11852292e-05 -1.41455854e-03 9.07953316e-05
1460             1.65777659e-01 -2.59863858e-01 8.85636182e-03 1.65818712e-01 -2.58449731e-01 8.76721072e-03 -4.10534307e-05 -1.41412692e-03 8.91511051e-05
1461             1.65777493e-01 -2.59864208e-01 8.85768968e-03 1.65818712e-01 -2.58449731e-01 8.76721072e-03 -4.12194936e-05 -1.41447672e-03 9.04789589e-05
1462             1.65804972e-01 -2.59886835e-01 8.85673568e-03 1.65845926e-01 -2.58472585e-01 8.76788551e-03 -4.09539604e-05 -1.41425068e-03 8.88501704e-05
1463             1.65804701e-01 -2.59887101e-01 8.85823771e-03 1.65845926e-01 -2.58472585e-01 8.76788551e-03 -4.12256587e-05 -1.41451686e-03 9.03522065e-05
1464             1.65804893e-01 -2.59886719e-01 8.85652512e-03 1.65845926e-01 -2.58472585e-01 8.76788551e-03 -4.10328251e-05 -1.41413404e-03 8.86396154e-05
1465             1.65818944e-01 -2.59900263e-01 8.85991536e-03 1.65860118e-01 -2.58485866e-01 8.76996584e-03 -4.11747113e-05 -1.41439751e-03 8.99495134e-05
1466             1.65819081e-01 -2.59899991e-01 8.85861358e-03 1.65860118e-01 -2.58485866e-01 8.76996584e-03 -4.10379406e-05 -1.41412508e-03 8.86477381e-05
1467             1.65835823e-01 -2.59921020e-01 8.86306877e-03 1.65876991e-01 -2.58506646e-01 8.77297400e-03 -4.11686003e-05 -1.41437355e-03 9.00947721e-05
1468             1.65836067e-01 -2.59920566e-01 8.86177189e-03 1.65876991e-01 -2.58506646e-01 8.77297400e-03 -4.09239914e-05 -1.41392000e-03 8.87978857e-05
1469             1.65850495e-01 -2.59942511e-01 8.86601101e-03 1.65891519e-01 -2.58528242e-01 8.77575324e-03 -4.10237568e-05 -1.41426848e-03 9.02577719e-05
1470             1.65850684e-01 -2.59942228e-01 8.86462756e-03 1.65891519e-01 -2.58528242e-01 8.77575324e-03 -4.08345740e-05 -1.41398539e-03 8.88743217e-05
1471             1.65862961e-01 -2.59965944e-01 8.86771530e-03 1.65903986e-01 -2.58551589e-01 8.77725197e-03 -4.10248254e-05 -1.41435513e-03 9.04633291e-05
1472             1.65863139e-01 -2.59965568e-01 8.86633149e-03 1.65903986e-01 -2.58551589e-01 8.77725197e-03 -4.08467813e-05 -1.41397865e-03 8.90795237e-05
1473             1.65870771e-01 -2.59989421e-01 8.86842919e-03 1.65911792e-01 -2.58575080e-01 8.77786490e-03 -4.10212477e-05 -1.41434096e-03 9.05642870e-05
1474             1.65884469e-01 -2.60005619e-01 8.86578036e-03 1.65925320e-01 -2.58591572e-01 8.77662758e-03 -4.08505956e-05 -1.41404704e-03 8.91527740e-05
1475             1.65884253e-01 -2.60005942e-01 8.86731422e-03 1.65925320e-01 -2.58591572e-01 8.77662758e-03 -4.10670908e-05 -1.41436994e-03 9.06866403e-05
1476             1.65905899e-01 -2.60027036e-01 8.86277977e-03 1.65946807e-01 -2.58613035e-01 8.77367608e-03 -4.09075337e-05 -1.41400080e-03 8.91036915e-05
1477             1.65905775e-01 -2.60027396e-01 8.86441454e-03 1.65946807e-01 -2.58613035e-01 8.77367608e-03 -4.10314943e-05 -1.41436128e-03 9.07384538e-05
1478             1.65925713e-01 -2.60046910e-01 8.85925575e-03 1.65966603e-01 -2.58632794e-01 8.77026886e-03 -4.08902760e-05 -1.41411611e-03 8.89868893e-05
1479             1.65925419e-01 -2.60047224e-01 8.86097605e-03 1.65966603e-01 -2.58632794e-01 8.77026886e-03 -4.11845521e-05 -1.41442922e-03 9.07071905e-05
1480             1.65925614e-01 -2.60046752e-01 8.85924074e-03 1.65966603e-01 -2.58632794e-01 8.77026886e-03 -4.09889427e-05 -1.41395807e-03 8.89718778e-05
1481             1.65925397e-01 -2.60047145e-01 8.86099248e-03 1.65966603e-01 -2.58632794e-01 8.77026886e-03 -4.12064035e-05 -1.41435089e-03 9.07236186e-05
1482             1.65925581e-01 -2.60046852e-01 8.85932015e-03 1.65966603e-01 -2.58632794e-01 8.77026886e-03 -4.10220109e-05 -1.41405754e-03 8.90512892e-05
1483             1.65925386e-01 -2.60047210e-01 8.86100436e-03 1.65966603e-01 -2.58632794e-01 8.77026886e-03 -4.12175234e-05 -1.41441601e-03 9.07355009e-05
1484             1.65925507e-01 -2.60046770e-01 8.85931500e-03 1.65966603e-01 -2.58632794e-01 8.77026886e-03 -4.10961782e-05 -1.41397591e-03 8.90461413e-05
1485             1.65925300e-01 -2.60047131e-01 8.86085742e-03 1.65966603e-01 -2.58632794e-01 8.77026886e-03 -4.13029045e-05 -1.41433705e-03 9.05885565e-05
1486             1.65925545e-01 -2.60046808e-01 8.85904898e-03 1.65966603e-01 -2.58632794e-01 8.77026886e-03 -4.10581457e-05 -1.41401373e-03 8.87801194e-05
1487             1.65925310e-01 -2.60047183e-01 8.86059178e-03 1.65966603e-01 -2.58632794e-01 8.77026886e-03 -4.12931713e-05 -1.41438841e-03 9.03229197e-05
1488             1.65925480e-01 -2.60046753e-01 8.85888473e-03 1.65966603e-01 -2.58632794e-01 8.77026886e-03 -4.11226031e-05 -1.41395822e-03 8.86158683e-05
1489             1.65964656e-01 -2.60064012e-01 8.86285578e-03 1.66005819e-01 -2.58649765e-01 8.77269438e-03 -4.11628846e-05 -1.41424772e-03 9.01614074e-05
1490             1.65965041e-01 -2.60063685e-01 8.86159151e-03 1.66005819e-01 -2.58649765e-01 8.77269438e-03 -4.07786592e-05 -1.41392045e-03 8.88971342e-05
1491             1.65977109e-01 -2.60071588e-01 8.86648215e-03 1.66018148e-01 -2.58657358e-01 8.77562901e-03 -4.10388431e-05 -1.41423013e-03 9.08531378e-05
1492             1.65977311e-01 -2.60071121e-01 8.86525102e-03 1.66018148e-01 -2.58657358e-01 8.77562901e-03 -4.08367932e-05 -1.41376295e-03 8.96220158e-05
1493             1.65976466e-01 -2.60072780e-01 8.86748750e-03 1.66017494e-01 -2.58658538e-01 8.77607869e-03 -4.10276685e-05 -1.41424196e-03 9.14088134e-05
1494             1.65976605e-01 -2.60072457e-01 8.86597992e-03 1.66017494e-01 -2.58658538e-01 8.77607869e-03 -4.08889807e-05 -1.41391921e-03 8.99012309e-05
1495             1.65976307e-01 -2.60072806e-01 8.86783940e-03 1.66017494e-01 -2.58658538e-01 8.77607869e-03 -4.11866825e-05 -1.41426770e-03 9.17607149e-05
1496             1.65989273e-01 -2.60079691e-01 8.86186713e-03 1.66030162e-01 -2.58665802e-01 8.77142660e-03 -4.08883865e-05 -1.41388856e-03 9.04405325e-05
1497             1.65989163e-01 -2.60080122e-01 8.86309814e-03 1.66030162e-01 -2.58665802e-01 8.77142660e-03 -4.09990079e-05 -1.41431961e-03 9.16715400e-05
1498             1.65988822e-01 -2.60075669e-01 8.85415010e-03 1.66029629e-01 -2.58661649e-01 8.76407938e-03 -4.08068262e-05 -1.41402000e-03 9.00707172e-05
1499             1.65988518e-01 -2.60076042e-01 8.85556466e-03 1.66029629e-01 -2.58661649e-01 8.76407938e-03 -4.11111038e-05 -1.41439315e-03 9.14852805e-05
1500             1.65979239e-01 -2.60065398e-01 8.84668198e-03 1.66020235e-01 -2.58651424e-01 8.75667184e-03 -4.09960504e-05 -1.41397440e-03 9.00101374e-05
1501             1.65978986e-01 -2.60065773e-01 8.84798352e-03 1.66020235e-01 -2.58651424e-01 8.75667184e-03 -4.12488940e-05 -1.41434899e-03 9.13116835e-05
1502             1.65962440e-01 -2.60050494e-01 8.84093178e-03 1.66003481e-01 -2.58636433e-01 8.75116277e-03 -4.10404457e-05 -1.41406024e-03 8.97690068e-05
1503             1.65962192e-01 -2.60050872e-01 8.84212364e-03 1.66003481e-01 -2.58636433e-01 8.75116277e-03 -4.12887318e-05 -1.41443876e-03 9.09608679e-05
1504             1.65962392e-01 -2.60050422e-01 8.84069281e-03 1.66003481e-01 -2.58636433e-01 8.75116277e-03 -4.10884485e-05 -1.41398859e-03 8.95300427e-05
1505             1.65929204e-01 -2.60027284e-01 8.83952937e-03 1.65970538e-01 -2.58613045e-01 8.74886629e-03 -4.13343140e-05 -1.41423884e-03 9.06630845e-05
1506             1.65929412e-01 -2.60026978e-01 8.83830075e-03 1.65970538e-01 -2.58613045e-01 8.74886629e-03 -4.11268001e-05 -1.41393371e-03 8.94344602e-05
1507             1.65889181e-01 -2.59994055e-01 8.83983212e-03 1.65930404e-01 -2.58579825e-01 8.74909526e-03 -4.12226471e-05 -1.41422940e-03 9.07368666e-05
1508             1.65889435e-01 -2.59993700e-01 8.83849465e-03 1.65930404e-01 -2.58579825e-01 8.74909526e-03 -4.09690638e-05 -1.41387462e-03 8.93993943e-05
1509             1.65838214e-01 -2.59956009e-01 8.84107101e-03 1.65879281e-01 -2.58541729e-01 8.75025894e-03 -4.10667200e-05 -1.41427979e-03 9.08120722e-05
1510             1.65838491e-01 -2.59955723e-01 8.83973193e-03 1.65879281e-01 -2.58541729e-01 8.75025894e-03 -4.07901118e-05 -1.41399341e-03 8.94729859e-05
1511             1.65838190e-01 -2.59956079e-01 8.84113163e-03 1.65879281e-01 -2.58541729e-01 8.75025894e-03 -4.10915335e-05 -1.41435001e-03 9.08726856e-05
1512             1.65838412e-01 -2.59955589e-01 8.84001254e-03 1.65879281e-01 -2.58541729e-01 8.75025894e-03 -4.08688582e-05 -1.41385992e-03 8.97536028e-05
1513             1.65838261e-01 -2.59956024e-01 8.84131827e-03 1.65879281e-01 -2.58541729e-01 8.75025894e-03 -4.10196742e-05 -1.41429508e-03 9.10593283e-05
1514             1.65838506e-01 -2.59955686e-01 8.84008990e-03 1.65879281e-01 -2.58541729e-01 8.75025894e-03 -4.07748244e-05 -1.41395653e-03 8.98309552e-05
1515             1.65838217e-01 -2.59956021e-01 8.84144128e-03 1.65879281e-01 -2.58541729e-01 8.75025894e-03 -4.10636537e-05 -1.41429206e-03 9.11823440e-05
1516             1.65790848e-01 -2.59923809e-01 8.83898343e-03 1.65831758e-01 -2.58509844e-01 8.74874934e-03 -4.09098683e-05 -1.41396542e-03 9.02340868e-05
1517             1.65790662e-01 -2.59924257e-01 8.84010083e-03 1.65831758e-01 -2.58509844e-01 8.74874934e-03 -4.10962001e-05 -1.41441276e-03 9.13514911e-05
1518             1.65747247e-01 -2.59886749e-01 8.83614919e-03 1.65788136e-01 -2.58472617e-01 8.74612372e-03 -4.08891392e-05 -1.41413125e-03 9.00254697e-05
1519             1.65746996e-01 -2.59887130e-01 8.83710653e-03 1.65788136e-01 -2.58472617e-01 8.74612372e-03 -4.11394854e-05 -1.41451263e-03 9.09828185e-05
1520             1.65747197e-01 -2.59886686e-01 8.83573442e-03 1.65788136e-01 -2.58472617e-01 8.74612372e-03 -4.09389559e-05 -1.41406849e-03 8.96107045e-05
1521             1.65746975e-01 -2.59887092e-01 8.83685635e-03 1.65788136e-01 -2.58472617e-01 8.74612372e-03 -4.11610441e-05 -1.41447417e-03 9.07326345e-05
1522             1.65747261e-01 -2.59886845e-01 8.83541239e-03 1.65788136e-01 -2.58472617e-01 8.74612372e-03 -4.08743700e-05 -1.41422730e-03 8.92886719e-05
1523             1.65747035e-01 -2.59887185e-01 8.83648107e-03 1.65788136e-01 -2.58472617e-01 8.74612372e-03 -4.11007774e-05 -1.41456741e-03 9.03573530e-05
1524             1.65747170e-01 -2.59886735e-01 8.83515907e-03 1.65788136e-01 -2.58472617e-01 8.74612372e-03 -4.09661056e-05 -1.41411772e-03 8.90353581e-05
1525             1.65706126e-01 -2.59854702e-01 8.83569081e-03 1.65747262e-01 -2.58440285e-01 8.74558641e-03 -4.11359492e-05 -1.41441757e-03 9.01044054e-05
1526             1.65706422e-01 -2.59854444e-01 8.83439297e-03 1.65747262e-01 -2.58440285e-01 8.74558641e-03 -4.08396409e-05 -1.41415908e-03 8.88065588e-05
1527             1.65668385e-01 -2.59821194e-01 8.83762760e-03 1.65709426e-01 -2.58406804e-01 8.74738652e-03 -4.10409039e-05 -1.41438981e-03 9.02410765e-05
1528             1.65668731e-01 -2.59820814e-01 8.83642891e-03 1.65709426e-01 -2.58406804e-01 8.74738652e-03 -4.06949157e-05 -1.41401042e-03 8.90423855e-05
1529             1.65635396e-01 -2.59790818e-01 8.83985595e-03 1.65676277e-01 -2.58376418e-01 8.74934547e-03 -4.08816545e-05 -1.41439926e-03 9.05104791e-05
1530             1.65635657e-01 -2.59790512e-01 8.83844666e-03 1.65676277e-01 -2.58376418e-01 8.74934547e-03 -4.06205517e-05 -1.41409367e-03 8.91011888e-05
1531             1.65635452e-01 -2.59790947e-01 8.83987855e-03 1.65676277e-01 -2.58376418e-01 8.74934547e-03 -4.08248376e-05 -1.41452833e-03 9.05330770e-05
1532             1.65613325e-01 -2.59766550e-01 8.83854177e-03 1.65653989e-01 -2.58352478e-01 8.74903060e-03 -4.06634118e-05 -1.41407193e-03 8.95111751e-05
1533             1.65613156e-01 -2.59766896e-01 8.83971081e-03 1.65653989e-01 -2.58352478e-01 8.74903060e-03 -4.08322555e-05 -1.41441808e-03 9.06802123e-05
1534             1.65601913e-01 -2.59751242e-01 8.83738185e-03 1.65642584e-01 -2.58337014e-01 8.74796343e-03 -4.06702515e-05 -1.41422814e-03 8.94184278e-05
1535             1.65601606e-01 -2.59751669e-01 8.83886910e-03 1.65642584e-01 -2.58337014e-01 8.74796343e-03 -4.09774605e-05 -1.41465526e-03 9.09056753e-05
1536             1.65599690e-01 -2.59741224e-01 8.83660479e-03 1.65640500e-01 -2.58327036e-01 8.74713810e-03 -4.08103825e-05 -1.41418763e-03 8.94666844e-05
1537             1.65599480e-01 -2.59741556e-01 8.83799436e-03 1.65640500e-01 -2.58327036e-01 8.74713810e-03 -4.10201647e-05 -1.41451928e-03 9.08562563e-05
1538             1.65599731e-01 -2.59741278e-01 8.83643092e-03 1.65640500e-01 -2.58327036e-01 8.74713810e-03 -4.07691318e-05 -1.41424218e-03 8.92928174e-05
1539             1.65588806e-01 -2.59728254e-01 8.83843244e-03 1.65629791e-01 -2.58313717e-01 8.74782778e-03 -4.09848456e-05 -1.41453625e-03 9.06046574e-05
1540             1.65588961e-01 -2.59727795e-01 8.83706707e-03 1.65629791e-01 -2.58313717e-01 8.74782778e-03 -4.08296416e-05 -1.41407773e-03 8.92392842e-05
1541             1.65586491e-01 -2.59726424e-01 8.84180855e-03 1.65627458e-01 -2.58311989e-01 8.75125027e-03 -4.09671080e-05 -1.41443491e-03 9.05582800e-05
1542             1.65586625e-01 -2.59726096e-01 8.84029125e-03 1.65627458e-01 -2.58311989e-01 8.75125027e-03 -4.08329539e-05 -1.41410683e-03 8.90409824e-05
1543             1.65586514e-01 -2.59729021e-01 8.84682194e-03 1.65627586e-01 -2.58314546e-01 8.75617777e-03 -4.10720229e-05 -1.41447543e-03 9.06441675e-05
1544             1.65586756e-01 -2.59728558e-01 8.84550249e-03 1.65627586e-01 -2.58314546e-01 8.75617777e-03 -4.08294845e-05 -1.41401223e-03 8.93247147e-05
1545             1.65586654e-01 -2.59729038e-01 8.84702661e-03 1.65627586e-01 -2.58314546e-01 8.75617777e-03 -4.09320143e-05 -1.41449293e-03 9.08488415e-05
1546             1.65595894e-01 -2.59733203e-01 8.85006530e-03 1.65636673e-01 -2.58318996e-01 8.76054502e-03 -4.07787988e-05 -1.41420639e-03 8.95202775e-05
1547             1.65595675e-01 -2.59733563e-01 8.85170387e-03 1.65636673e-01 -2.58318996e-01 8.76054502e-03 -4.09979239e-05 -1.41456621e-03 9.11588523e-05
1548             1.65617526e-01 -2.59745345e-01 8.85295213e-03 1.65658379e-01 -2.58331279e-01 8.76307760e-03 -4.08534777e-05 -1.41406538e-03 8.98745312e-05
1549             1.65617297e-01 -2.59745713e-01 8.85459491e-03 1.65658379e-01 -2.58331279e-01 8.76307760e-03 -4.10824983e-05 -1.41443385e-03 9.15173111e-05
1550             1.65648100e-01 -2.59767770e-01 8.85522091e-03 1.65689014e-01 -2.58353549e-01 8.76533670e-03 -4.09145335e-05 -1.41422163e-03 8.98842036e-05
1551             1.65647801e-01 -2.59768138e-01 8.85678786e-03 1.65689014e-01 -2.58353549e-01 8.76533670e-03 -4.12136812e-05 -1.41458887e-03 9.14511564e-05
1552             1.65648041e-01 -2.59767713e-01 8.85524318e-03 1.65689014e-01 -2.58353549e-01 8.76533670e-03 -4.09729762e-05 -1.41416473e-03 8.99064744e-05
1553             1.65668497e-01 -2.59787960e-01 8.85899055e-03 1.65709653e-01 -2.58373478e-01 8.76785264e-03 -4.11556706e-05 -1.41448222e-03 9.11379114e-05
1554             1.65668673e-01 -2.59787695e-01 8.85754299e-03 1.65709653e-01 -2.58373478e-01 8.76785264e-03 -4.09795319e-05 -1.41421667e-03 8.96903464e-05
1555             1.65696617e-01 -2.59820598e-01 8.86267795e-03 1.65737766e-01 -2.58406088e-01 8.77148107e-03 -4.11492421e-05 -1.41450925e-03 9.11968751e-05
1556             1.65696826e-01 -2.59820075e-01 8.86133371e-03 1.65737766e-01 -2.58406088e-01 8.77148107e-03 -4.09401347e-05 -1.41398638e-03 8.98526340e-05
1557             1.65724763e-01 -2.59856715e-01 8.86714398e-03 1.65765831e-01 -2.58442297e-01 8.77571441e-03 -4.10677730e-05 -1.41441806e-03 9.14295637e-05
1558             1.65724993e-01 -2.59856413e-01 8.86554050e-03 1.65765831e-01 -2.58442297e-01 8.77571441e-03 -4.08378635e-05 -1.41411527e-03 8.98260883e-05
1559             1.65724736e-01 -2.59856814e-01 8.86724723e-03 1.65765831e-01 -2.58442297e-01 8.77571441e-03 -4.10947218e-05 -1.41451645e-03 9.15328148e-05
1560             1.65763153e-01 -2.59889299e-01 8.86836516e-03 1.65804034e-01 -2.58475208e-01 8.77823072e-03 -4.08816126e-05 -1.41409170e-03 9.01344480e-05
1561             1.65763014e-01 -2.59889702e-01 8.86995863e-03 1.65804034e-01 -2.58475208e-01 8.77823072e-03 -4.10208670e-05 -1.41449424e-03 9.17279143e-05
1562             1.65806372e-01 -2.59926541e-01 8.86801557e-03 1.65847276e-01 -2.58512362e-01 8.77794283e-03 -4.09038716e-05 -1.41417960e-03 9.00727381e-05
1563             1.65806071e-01 -2.59926864e-01 8.86974332e-03 1.65847276e-01 -2.58512362e-01 8.77794283e-03 -4.12043571e-05 -1.41450250e-03 9.18004818e-05
1564             1.65852129e-01 -2.59964146e-01 8.86710384e-03 1.65893169e-01 -2.58550084e-01 8.77710651e-03 -4.10402803e-05 -1.41406205e-03 8.99973364e-05
1565             1.65851847e-01 -2.59964480e-01 8.86882189e-03 1.65893169e-01 -2.58550084e-01 8.77710651e-03 -4.13216902e-05 -1.41439593e-03 9.17153884e-05
1566             1.65852023e-01 -2.59964210e-01 8.86686934e-03 1.65893169e-01 -2.58550084e-01 8.77710651e-03 -4.11457446e-05 -1.41412650e-03 8.97628305e-05
1567             1.65885518e-01 -2.59999038e-01 8.86889456e-03 1.65926861e-01 -2.58584594e-01 8.77763803e-03 -4.13436218e-05 -1.41444317e-03 9.12565208e-05
1568             1.65885732e-01 -2.59998619e-01 8.86721741e-03 1.65926861e-01 -2.58584594e-01 8.77763803e-03 -4.11292789e-05 -1.41402452e-03 8.95793712e-05
1569             1.65911996e-01 -2.60034865e-01 8.87042376e-03 1.65953295e-01 -2.58620532e-01 8.77922970e-03 -4.12984295e-05 -1.41433280e-03 9.11940626e-05
1570             1.65912283e-01 -2.60034526e-01 8.86858870e-03 1.65953295e-01 -2.58620532e-01 8.77922970e-03 -4.10117432e-05 -1.41399398e-03 8.93589945e-05
1571             1.65933795e-01 -2.60067115e-01 8.87137682e-03 1.65975035e-01 -2.58652766e-01 8.78025577e-03 -4.12398758e-05 -1.41434825e-03 9.11210566e-05
1572             1.65934064e-01 -2.60066629e-01 8.86964331e-03 1.65975035e-01 -2.58652766e-01 8.78025577e-03 -4.09713022e-05 -1.41386301e-03 8.93875437e-05
1573             1.65933922e-01 -2.60067099e-01 8.87146218e-03 1.65975035e-01 -2.58652766e-01 8.78025577e-03 -4.11129253e-05 -1.41433248e-03 9.12064124e-05
1574             1.65963784e-01 -2.60097363e-01 8.86941142e-03 1.66004726e-01 -2.58683307e-01 8.77976648e-03 -4.09418831e-05 -1.41405622e-03 8.96449451e-05
1575             1.65963526e-01 -2.60097673e-01 8.87121135e-03 1.66004726e-01 -2.58683307e-01 8.77976648e-03 -4.12000916e-05 -1.41436620e-03 9.14448781e-05
1576             1.65985398e-01 -2.60116592e-01 8.86587379e-03 1.66026420e-01 -2.58702650e-01 8.77618850e-03 -4.10219336e-05 -1.41394192e-03 8.96852818e-05
1577             1.65985203e-01 -2.60117022e-01 8.86775553e-03 1.66026420e-01 -2.58702650e-01 8.77618850e-03 -4.12162640e-05 -1.41437252e-03 9.15670262e-05
1578             1.66005307e-01 -2.60131733e-01 8.86098657e-03 1.66046334e-01 -2.58717705e-01 8.77144174e-03 -4.10267928e-05 -1.41402704e-03 8.95448277e-05
1579             1.66005055e-01 -2.60132051e-01 8.86290909e-03 1.66046334e-01 -2.58717705e-01 8.77144174e-03 -4.12786173e-05 -1.41434530e-03 9.14673454e-05
1580             1.66022377e-01 -2.60140955e-01 8.85555861e-03 1.66063442e-01 -2.58727024e-01 8.76614453e-03 -4.10649009e-05 -1.41393158e-03 8.94140770e-05
1581             1.66022150e-01 -2.60141360e-01 8.85741801e-03 1.66063442e-01 -2.58727024e-01 8.76614453e-03 -4.12921167e-05 -1.41433654e-03 9.12734761e-05
1582             1.66022399e-01 -2.60141092e-01 8.85529589e-03 1.66063442e-01 -2.58727024e-01 8.76614453e-03 -4.10433255e-05 -1.41406869e-03 8.91513610e-05
1583             1.66024535e-01 -2.60147827e-01 8.85333521e-03 1.66065820e-01 -2.58733505e-01 8.76237012e-03 -4.12856493e-05 -1.41432230e-03 9.09650863e-05
1584             1.66024784e-01 -2.60147398e-01 8.85153013e-03 1.66065820e-01 -2.58733505e-01 8.76237012e-03 -4.10361540e-05 -1.41389257e-03 8.91600060e-05
1585             1.66010203e-01 -2.60141937e-01 8.85195004e-03 1.66051416e-01 -2.58727688e-01 8.76086604e-03 -4.12136699e-05 -1.41424841e-03 9.10840001e-05
1586             1.66010460e-01 -2.60141641e-01 8.84987249e-03 1.66051416e-01 -2.58727688e-01 8.76086604e-03 -4.09558341e-05 -1.41395309e-03 8.90064504e-05
1587             1.65985211e-01 -2.60126815e-01 8.85070155e-03 1.66026344e-01 -2.58712567e-01 8.75953922e-03 -4.11328254e-05 -1.41424731e-03 9.11623267e-05
1588             1.65985487e-01 -2.60126344e-01 8.84883294e-03 1.66026344e-01 -2.58712567e-01 8.75953922e-03 -4.08571528e-05 -1.41377613e-03 8.92937163e-05
1589             1.65950368e-01 -2.60103361e-01 8.84900970e-03 1.65991408e-01 -2.58689163e-01 8.75757694e-03 -4.10398630e-05 -1.41419749e-03 9.14327591e-05
1590             1.65950603e-01 -2.60103064e-01 8.84704636e-03 1.65991408e-01 -2.58689163e-01 8.75757694e-03 -4.08056353e-05 -1.41390069e-03 8.94694158e-05
1591             1.65908795e-01 -2.60072884e-01 8.84657265e-03 1.65949890e-01 -2.58658618e-01 8.75497980e-03 -4.10956977e-05 -1.41426558e-03 9.15928468e-05
1592             1.65909073e-01 -2.60072435e-01 8.84465440e-03 1.65949890e-01 -2.58658618e-01 8.75497980e-03 -4.08172770e-05 -1.41381720e-03 8.96746010e-05
1593             1.65908864e-01 -2.60072832e-01 8.84668402e-03 1.65949890e-01 -2.58658618e-01 8.75497980e-03 -4.10257523e-05 -1.41421386e-03 9.17042155e-05
1594             1.65881477e-01 -2.60049475e-01 8.84139293e-03 1.65922299e-01 -2.58635515e-01 8.75144023e-03 -4.08214494e-05 -1.41395978e-03 8.99526914e-05
1595             1.65881258e-01 -2.60049900e-01 8.84304510e-03 1.65922299e-01 -2.58635515e-01 8.75144023e-03 -4.10407097e-05 -1.41438475e-03 9.16048666e-05
1596             1.65850773e-01 -2.60015551e-01 8.83640430e-03 1.65891674e-01 -2.58601604e-01 8.74664544e-03 -4.09005548e-05 -1.41394673e-03 8.97588627e-05
1597             1.65850571e-01 -2.60015989e-01 8.83819754e-03 1.65891674e-01 -2.58601604e-01 8.74664544e-03 -4.11031538e-05 -1.41438474e-03 9.15521056e-05
1598             1.65820280e-01 -2.59979023e-01 8.83122611e-03 1.65861215e-01 -2.58564882e-01 8.74169650e-03 -4.09350532e-05 -1.41414168e-03 8.95296039e-05
1599             1.65819993e-01 -2.59979401e-01 8.83303626e-03 1.65861215e-01 -2.58564882e-01 8.74169650e-03 -4.12216369e-05 -1.41451936e-03 9.13397532e-05
1600             1.65791172e-01 -2.59938381e-01 8.82778202e-03 1.65832190e-01 -2.58524353e-01 8.73842737e-03 -4.10178043e-05 -1.41402743e-03 8.93546540e-05
1601             1.65790957e-01 -2.59938739e-01 8.82963004e-03 1.65832190e-01 -2.58524353e-01 8.73842737e-03 -4.12333393e-05 -1.41438591e-03 9.12026666e-05
1602             1.65765079e-01 -2.59897673e-01 8.82614033e-03 1.65806082e-01 -2.58483576e-01 8.73690071e-03 -4.10029998e-05 -1.41409649e-03 8.92396274e-05
1603             1.65735746e-01 -2.59867982e-01 8.82908070e-03 1.65776953e-01 -2.58453567e-01 8.73806035e-03 -4.12070796e-05 -1.41441518e-03 9.10203473e-05
1604             1.65735984e-01 -2.59867592e-01 8.82741998e-03 1.65776953e-01 -2.58453567e-01 8.73806035e-03 -4.09688870e-05 -1.41402478e-03 8.93596347e-05
1605             1.65696146e-01 -2.59830010e-01 8.83240295e-03 1.65737276e-01 -2.58415639e-01 8.74120120e-03 -4.11303795e-05 -1.41437078e-03 9.12017587e-05
1606             1.65696375e-01 -2.59829713e-01 8.83062990e-03 1.65737276e-01 -2.58415639e-01 8.74120120e-03 -4.09011129e-05 -1.41407399e-03 8.94287036e-05
1607             1.65660320e-01 -2.59795483e-01 8.83603177e-03 1.65701439e-01 -2.58381107e-01 8.74470206e-03 -4.11190874e-05 -1.41437559e-03 9.13297110e-05
1608             1.65660621e-01 -2.59795039e-01 8.83441978e-03 1.65701439e-01 -2.58381107e-01 8.74470206e-03 -4.08188929e-05 -1.41393200e-03 8.97177213e-05
1609             1.65660468e-01 -2.59795486e-01 8.83630928e-03 1.65701439e-01 -2.58381107e-01 8.74470206e-03 -4.09717575e-05 -1.41437874e-03 9.16072165e-05
1610             1.65660729e-01 -2.59795133e-01 8.83457501e-03 1.65701439e-01 -2.58381107e-01 8.74470206e-03 -4.07103944e-05 -1.41402603e-03 8.98729490e-05
1611             1.65660501e-01 -2.59795546e-01 8.83637371e-03 1.65701439e-01 -2.58381107e-01 8.74470206e-03 -4.09380977e-05 -1.41443837e-03 9.16716483e-05
1612             1.65660735e-01 -2.59795065e-01 8.83483044e-03 1.65701439e-01 -2.58381107e-01 8.74470206e-03 -4.07042699e-05 -1.41395784e-03 9.01283772e-05
1613             1.65660550e-01 -2.59795441e-01 8.83672864e-03 1.65701439e-01 -2.58381107e-01 8.74470206e-03 -4.08890700e-05 -1.41433371e-03 9.20265839e-05
1614             1.65660764e-01 -2.59795170e-01 8.83516831e-03 1.65701439e-01 -2.58381107e-01 8.74470206e-03 -4.06754703e-05 -1.41406239e-03 9.04662491e-05
1615             1.65660497e-01 -2.59795534e-01 8.83704783e-03 1.65701439e-01 -2.58381107e-01 8.74470206e-03 -4.09420746e-05 -1.41442685e-03 9.23457684e-05
1616             1.65606941e-01 -2.59761139e-01 8.83461478e-03 1.65647817e-01 -2.58347054e-01 8.74382067e-03 -4.08756183e-05 -1.41408573e-03 9.07941153e-05
1617             1.65606623e-01 -2.59761609e-01 8.83593654e-03 1.65647817e-01 -2.58347054e-01 8.74382067e-03 -4.11934591e-05 -1.41455540e-03 9.21158791e-05
1618             1.65581690e-01 -2.59738888e-01 8.83294762e-03 1.65622646e-01 -2.58324613e-01 8.74268252e-03 -4.09568837e-05 -1.41427501e-03 9.02650992e-05
1619             1.65581361e-01 -2.59739191e-01 8.83436629e-03 1.65622646e-01 -2.58324613e-01 8.74268252e-03 -4.12849721e-05 -1.41457774e-03 9.16837674e-05
1620             1.65573549e-01 -2.59721100e-01 8.83290322e-03 1.65614562e-01 -2.58306965e-01 8.74318884e-03 -4.10133643e-05 -1.41413547e-03 8.97143802e-05
1621             1.65573350e-01 -2.59721438e-01 8.83430507e-03 1.65614562e-01 -2.58306965e-01 8.74318884e-03 -4.12124260e-05 -1.41447299e-03 9.11162235e-05
1622             1.65573661e-01 -2.59721170e-01 8.83218806e-03 1.65614562e-01 -2.58306965e-01 8.74318884e-03 -4.09011752e-05 -1.41420503e-03 8.89992216e-05
1623             1.65557136e-01 -2.59702340e-01 8.83790274e-03 1.65598311e-01 -2.58287851e-01 8.74734275e-03 -4.11753110e-05 -1.41448920e-03 9.05599979e-05
1624             1.65557366e-01 -2.59701964e-01 8.83639885e-03 1.65598311e-01 -2.58287851e-01 8.74734275e-03 -4.09450062e-05 -1.41411273e-03 8.90561062e-05
1625             1.65553188e-01 -2.59697740e-01 8.84537350e-03 1.65594388e-01 -2.58283302e-01 8.75477742e-03 -4.11998906e-05 -1.41443725e-03 9.05960765e-05
1626             1.65553499e-01 -2.59697406e-01 8.84380890e-03 1.65594388e-01 -2.58283302e-01 8.75477742e-03 -4.08882698e-05 -1.41410385e-03 8.90314787e-05
1627             1.65559835e-01 -2.59700562e-01 8.85353671e-03 1.65600914e-01 -2.58286121e-01 8.76282142e-03 -4.10791584e-05 -1.41444081e-03 9.07152851e-05
1628             1.65560128e-01 -2.59700112e-01 8.85212009e-03 1.65600914e-01 -2.58286121e-01 8.76282142e-03 -4.07864281e-05 -1.41399051e-03 8.92986693e-05
1629             1.65573227e-01 -2.59711117e-01 8.86045854e-03 1.65614192e-01 -2.58296719e-01 8.76950573e-03 -4.09646728e-05 -1.41439835e-03 9.09528060e-05
1630             1.65573495e-01 -2.59710792e-01 8.85897631e-03 1.65614192e-01 -2.58296719e-01 8.76950573e-03 -4.06966145e-05 -1.41407297e-03 8.94705759e-05
1631             1.65573229e-01 -2.59711195e-01 8.86077071e-03 1.65614192e-01 -2.58296719e-01 8.76950573e-03 -4.09626090e-05 -1.41447651e-03 9.12649813e-05
1632             1.65606727e-01 -2.59727101e-01 8.86251458e-03 1.65647463e-01 -2.58313027e-01 8.77278368e-03 -4.07366403e-05 -1.41407345e-03 8.97309074e-05
1633             1.65606592e-01 -2.59727517e-01 8.86398431e-03 1.65647463e-01 -2.58313027e-01 8.77278368e-03 -4.08709025e-05 -1.41448970e-03 9.12006325e-05
1634             1.65651862e-01 -2.59757947e-01 8.86279061e-03 1.65692550e-01 -2.58343690e-01 8.77324527e-03 -4.06883638e-05 -1.41425709e-03 8.95453360e-05
1635             1.65651506e-01 -2.59758311e-01 8.86449072e-03 1.65692550e-01 -2.58343690e-01 8.77324527e-03 -4.10447002e-05 -1.41462076e-03 9.12454428e-05
1636             1.65706835e-01 -2.59796536e-01 8.86250697e-03 1.65747689e-01 -2.58382323e-01 8.77306132e-03 -4.08541992e-05 -1.41421242e-03 8.94456565e-05
1637             1.65706561e-01 -2.59796830e-01 8.86413883e-03 1.65747689e-01 -2.58382323e-01 8.77306132e-03 -4.11276432e-05 -1.41450621e-03 9.10775097e-05
1638             1.65767163e-01 -2.59841712e-01 8.86272750e-03 1.65808056e-01 -2.58427476e-01 8.77360077e-03 -4.08922475e-05 -1.41423684e-03 8.91267276e-05
1639             1.65766888e-01 -2.59842067e-01 8.86448307e-03 1.65808056e-01 -2.58427476e-01 8.77360077e-03 -4.11676286e-05 -1.41459156e-03 9.08822960e-05
1640             1.65767145e-01 -2.59841677e-01 8.86250172e-03 1.65808056e-01 -2.58427476e-01 8.77360077e-03 -4.09104207e-05 -1.41420186e-03 8.89009501e-05
1641             1.65807034e-01 -2.59877713e-01 8.86615041e-03 1.65848167e-01 -2.58463237e-01 8.77567079e-03 -4.11330146e-05 -1.41447538e-03 9.04796180e-05
1642             1.65807244e-01 -2.59877410e-01 8.86446674e-03 1.65848167e-01 -2.58463237e-01 8.77567079e-03 -4.09228243e-05 -1.41417284e-03 8.87959571e-05
1643             1.65845661e-01 -2.59918285e-01 8.86948554e-03 1.65886782e-01 -2.58503812e-01 8.77885050e-03 -4.11218442e-05 -1.41447368e-03 9.06350398e-05
1644             1.65845903e-01 -2.59917731e-01 8.86785451e-03 1.65886782e-01 -2.58503812e-01 8.77885050e-03 -4.08792085e-05 -1.41391993e-03 8.90040113e-05
1645             1.65877016e-01 -2.59957125e-01 8.87302289e-03 1.65918011e-01 -2.58542789e-01 8.78218141e-03 -4.09953047e-05 -1.41433549e-03 9.08414746e-05
1646             1.65877247e-01 -2.59956796e-01 8.87144016e-03 1.65918011e-01 -2.58542789e-01 8.78218141e-03 -4.07648250e-05 -1.41400720e-03 8.92587467e-05
1647             1.65876946e-01 -2.59957197e-01 8.87343661e-03 1.65918011e-01 -2.58542789e-01 8.78218141e-03 -4.10649535e-05 -1.41440757e-03 9.12551972e-05
1648             1.65877105e-01 -2.59956690e-01 8.87172135e-03 1.65918011e-01 -2.58542789e-01 8.78218141e-03 -4.09064735e-05 -1.41390077e-03 8.95399365e-05
1649             1.65876955e-01 -2.59957132e-01 8.87361322e-03 1.65918011e-01 -2.58542789e-01 8.78218141e-03 -4.10563834e-05 -1.41434318e-03 9.14318016e-05
1650             1.65877184e-01 -2.59956740e-01 8.87182889e-03 1.65918011e-01 -2.58542789e-01 8.78218141e-03 -4.08275920e-05 -1.41395078e-03 8.96474763e-05
1651             1.65876930e-01 -2.59957069e-01 8.87377028e-03 1.65918011e-01 -2.58542789e-01 8.78218141e-03 -4.10814466e-05 -1.41427944e-03 9.15888612e-05
1652             1.65911039e-01 -2.59993690e-01 8.87172282e-03 1.65951943e-01 -2.58579710e-01 8.78166600e-03 -4.09039423e-05 -1.41398005e-03 9.00568174e-05
1653             1.65910864e-01 -2.59994096e-01 8.87337532e-03 1.65951943e-01 -2.58579710e-01 8.78166600e-03 -4.10790029e-05 -1.41438595e-03 9.17093156e-05
1654             1.65942679e-01 -2.60031845e-01 8.86794309e-03 1.65983556e-01 -2.58617691e-01 8.77811094e-03 -4.08763691e-05 -1.41415381e-03 8.98321435e-05
1655             1.65942351e-01 -2.60032266e-01 8.86971027e-03 1.65983556e-01 -2.58617691e-01 8.77811094e-03 -4.12050671e-05 -1.41457456e-03 9.15993246e-05
1656             1.65970830e-01 -2.60063709e-01 8.86404443e-03 1.66011888e-01 -2.58649651e-01 8.77448359e-03 -4.10587448e-05 -1.41405871e-03 8.95608452e-05
1657             1.65970619e-01 -2.60064019e-01 8.86581822e-03 1.66011888e-01 -2.58649651e-01 8.77448359e-03 -4.12694460e-05 -1.41436854e-03 9.13346345e-05
1658             1.65970867e-01 -2.60063720e-01 8.86381613e-03 1.66011888e-01 -2.58649651e-01 8.77448359e-03 -4.10209704e-05 -1.41406966e-03 8.93325450e-05
1659             1.65987930e-01 -2.60089764e-01 8.86409721e-03 1.66029186e-01 -2.58675404e-01 8.77318867e-03 -4.12562672e-05 -1.41436041e-03 9.09085373e-05
1660             1.65988194e-01 -2.60089338e-01 8.86257666e-03 1.66029186e-01 -2.58675404e-01 8.77318867e-03 -4.09915998e-05 -1.41393414e-03 8.93879817e-05
1661             1.65993375e-01 -2.60109231e-01 8.86455720e-03 1.66034527e-01 -2.58694991e-01 8.77349770e-03 -4.11526564e-05 -1.41424003e-03 9.10595021e-05
1662             1.65993660e-01 -2.60108931e-01 8.86286562e-03 1.66034527e-01 -2.58694991e-01 8.77349770e-03 -4.08675400e-05 -1.41393969e-03 8.93679163e-05
1663             1.65989043e-01 -2.60121735e-01 8.86472251e-03 1.66030151e-01 -2.58707442e-01 8.77348546e-03 -4.11085467e-05 -1.41429206e-03 9.12370590e-05
1664             1.65989390e-01 -2.60121313e-01 8.86310632e-03 1.66030151e-01 -2.58707442e-01 8.77348546e-03 -4.07615027e-05 -1.41387002e-03 8.96208669e-05
1665             1.65989169e-01 -2.60121757e-01 8.86488364e-03 1.66030151e-01 -2.58707442e-01 8.77348546e-03 -4.09820266e-05 -1.41431456e-03 9.13981857e-05
1666             1.65995856e-01 -2.60133305e-01 8.86133955e-03 1.66036680e-01 -2.58719304e-01 8.77137122e-03 -4.08239799e-05 -1.41400154e-03 8.99683343e-05
1667             1.65995637e-01 -2.60133661e-01 8.86304227e-03 1.66036680e-01 -2.58719304e-01 8.77137122e-03 -4.10433868e-05 -1.41435665e-03 9.16710516e-05
1668             1.65994993e-01 -2.60132486e-01 8.85662612e-03 1.66035857e-01 -2.58718562e-01 8.76643648e-03 -4.08637307e-05 -1.41392341e-03 9.01896388e-05
1669             1.65994745e-01 -2.60132875e-01 8.85830538e-03 1.66035857e-01 -2.58718562e-01 8.76643648e-03 -4.11121762e-05 -1.41431273e-03 9.18688978e-05
1670             1.65992326e-01 -2.60127818e-01 8.85005359e-03 1.66033245e-01 -2.58713755e-01 8.76000039e-03 -4.09184704e-05 -1.41406250e-03 9.00532033e-05
1671             1.65992072e-01 -2.60128215e-01 8.85181151e-03 1.66033245e-01 -2.58713755e-01 8.76000039e-03 -4.11724689e-05 -1.41445931e-03 9.18111227e-05
1672             1.65992309e-01 -2.60127768e-01 8.84999553e-03 1.66033245e-01 -2.58713755e-01 8.76000039e-03 -4.09358033e-05 -1.41401274e-03 8.99951447e-05
1673             1.65975329e-01 -2.60119608e-01 8.84661903e-03 1.66016585e-01 -2.58705317e-01 8.75514163e-03 -4.12555543e-05 -1.41429176e-03 9.14774039e-05
1674             1.65975555e-01 -2.60119309e-01 8.84473277e-03 1.66016585e-01 -2.58705317e-01 8.75514163e-03 -4.10296672e-05 -1.41399214e-03 8.95911424e-05
1675             1.65950677e-01 -2.60103695e-01 8.84401291e-03 1.65991868e-01 -2.58689360e-01 8.75276665e-03 -4.11912061e-05 -1.41433504e-03 9.12462656e-05
1676             1.65950958e-01 -2.60103310e-01 8.84230773e-03 1.65991868e-01 -2.58689360e-01 8.75276665e-03 -4.09104472e-05 -1.41394970e-03 8.95410817e-05
1677             1.65914966e-01 -2.60079380e-01 8.84278522e-03 1.65956111e-01 -2.58665063e-01 8.75149968e-03 -4.11446033e-05 -1.41431707e-03 9.12855422e-05
1678             1.65915270e-01 -2.60079097e-01 8.84110254e-03 1.65956111e-01 -2.58665063e-01 8.75149968e-03 -4.08413391e-05 -1.41403340e-03 8.96028610e-05
1679             1.65915039e-01 -2.60079443e-01 8.84305821e-03 1.65956111e-01 -2.58665063e-01 8.75149968e-03 -4.10717870e-05 -1.41437975e-03 9.15585294e-05
1680             1.65890352e-01 -2.60053802e-01 8.83926058e-03 1.65931211e-01 -2.58639854e-01 8.74924996e-03 -4.08582833e-05 -1.41394840e-03 9.00106186e-05
1681             1.65890155e-01 -2.60054246e-01 8.84092534e-03 1.65931211e-01 -2.58639854e-01 8.74924996e-03 -4.10553577e-05 -1.41439269e-03 9.16753812e-05
1682             1.65863807e-01 -2.60019314e-01 8.83575247e-03 1.65904690e-01 -2.58605231e-01 8.74573502e-03 -4.08837078e-05 -1.41408305e-03 9.00174497e-05
1683             1.65863483e-01 -2.60019692e-01 8.83747621e-03 1.65904690e-01 -2.58605231e-01 8.74573502e-03 -4.12070368e-05 -1.41446072e-03 9.17411864e-05
1684             1.65837894e-01 -2.59981068e-01 8.83192503e-03 1.65878881e-01 -2.58567002e-01 8.74201568e-03 -4.09872851e-05 -1.41406557e-03 8.99093506e-05
1685             1.65837607e-01 -2.59981466e-01 8.83363989e-03 1.65878881e-01 -2.58567002e-01 8.74201568e-03 -4.12742899e-05 -1.41446359e-03 9.16242047e-05
1686             1.65837818e-01 -2.59981135e-01 8.83167168e-03 1.65878881e-01 -2.58567002e-01 8.74201568e-03 -4.10626736e-05 -1.41413303e-03 8.96559966e-05
1687             1.65802228e-01 -2.59946649e-01 8.83154226e-03 1.65843493e-01 -2.58532223e-01 8.74013176e-03 -4.12647595e-05 -1.41442568e-03 9.14105016e-05
1688             1.65802458e-01 -2.59946250e-01 8.82960272e-03 1.65843493e-01 -2.58532223e-01 8.74013176e-03 -4.10343175e-05 -1.41402655e-03 8.94709657e-05
1689             1.65763594e-01 -2.59910772e-01 8.83271222e-03 1.65804829e-01 -2.58496395e-01 8.74141474e-03 -4.12345560e-05 -1.41437768e-03 9.12974859e-05
1690             1.65763906e-01 -2.59910538e-01 8.83065483e-03 1.65804829e-01 -2.58496395e-01 8.74141474e-03 -4.09222220e-05 -1.41414341e-03 8.92400931e-05
1691             1.65724787e-01 -2.59873654e-01 8.83495670e-03 1.65765900e-01 -2.58459149e-01 8.74357069e-03 -4.11136674e-05 -1.41450490e-03 9.13860113e-05
1692             1.65725032e-01 -2.59873173e-01 8.83289307e-03 1.65765900e-01 -2.58459149e-01 8.74357069e-03 -4.08685491e-05 -1.41402463e-03 8.93223837e-05
1693             1.65684390e-01 -2.59835332e-01 8.83762560e-03 1.65725474e-01 -2.58420917e-01 8.74629123e-03 -4.10839821e-05 -1.41441418e-03 9.13343721e-05
1694             1.65684632e-01 -2.59835042e-01 8.83564158e-03 1.65725474e-01 -2.58420917e-01 8.74629123e-03 -4.08420240e-05 -1.41412436e-03 8.93503527e-05
1695             1.65684391e-01 -2.59835388e-01 8.83781891e-03 1.65725474e-01 -2.58420917e-01 8.74629123e-03 -4.10831380e-05 -1.41447075e-03 9.15276754e-05
1696             1.65662955e-01 -2.59803588e-01 8.83737433e-03 1.65703807e-01 -2.58389525e-01 8.74759476e-03 -4.08520709e-05 -1.41406247e-03 8.97795619e-05
1697             1.65662782e-01 -2.59804064e-01 8.83918754e-03 1.65703807e-01 -2.58389525e-01 8.74759476e-03 -4.10258935e-05 -1.41453872e-03 9.15927768e-05
1698             1.65651077e-01 -2.59775271e-01 8.83717830e-03 1.65691910e-01 -2.58361019e-01 8.74758619e-03 -4.08335953e-05 -1.41425236e-03 8.95921076e-05
1699             1.65650791e-01 -2.59775701e-01 8.83911073e-03 1.65691910e-01 -2.58361019e-01 8.74758619e-03 -4.11189346e-05 -1.41468201e-03 9.15245416e-05
1700             1.65648469e-01 -2.59751893e-01 8.83682648e-03 1.65689366e-01 -2.58337650e-01 8.74733745e-03 -4.08974325e-05 -1.41424348e-03 8.94890351e-05
1701             1.65648230e-01 -2.59752231e-01 8.83865188e-03 1.65689366e-01 -2.58337650e-01 8.74733745e-03 -4.11362053e-05 -1.41458152e-03 9.13144299e-05
1702             1.65654224e-01 -2.59736622e-01 8.83771661e-03 1.65695096e-01 -2.58322283e-01 8.74848941e-03 -4.08723337e-05 -1.41433863e-03 8.92272068e-05
1703             1.65653938e-01 -2.59737020e-01 8.83964577e-03 1.65695096e-01 -2.58322283e-01 8.74848941e-03 -4.11580372e-05 -1.41473716e-03 9.11563648e-05
1704             1.65665865e-01 -2.59727019e-01 8.83985491e-03 1.65706777e-01 -2.58312734e-01 8.75080119e-03 -4.09123726e-05 -1.41428535e-03 8.90537270e-05
1705             1.65665616e-01 -2.59727377e-01 8.84172951e-03 1.65706777e-01 -2.58312734e-01 8.75080119e-03 -4.11608847e-05 -1.41464318e-03 9.09283198e-05
1706             1.65665873e-01 -2.59727110e-01 8.83953714e-03 1.65706777e-01 -2.58312734e-01 8.75080119e-03 -4.09042864e-05 -1.41437649e-03 8.87359567e-05
1707             1.65665840e-01 -2.59718482e-01 8.84493567e-03 1.65706978e-01 -2.58303810e-01 8.75444669e-03 -4.11382710e-05 -1.41467201e-03 9.04889821e-05
1708             1.65666053e-01 -2.59718053e-01 8.84326881e-03 1.65706978e-01 -2.58303810e-01 8.75444669e-03 -4.09255973e-05 -1.41424237e-03 8.88221224e-05
1709             1.65669114e-01 -2.59717953e-01 8.85051207e-03 1.65710207e-01 -2.58303415e-01 8.75974595e-03 -4.10936113e-05 -1.41453886e-03 9.07661217e-05
1710             1.65669388e-01 -2.59717635e-01 8.84859629e-03 1.65710207e-01 -2.58303415e-01 8.75974595e-03 -4.08189104e-05 -1.41422007e-03 8.88503434e-05
1711             1.65674645e-01 -2.59724017e-01 8.85615396e-03 1.65715687e-01 -2.58309428e-01 8.76518695e-03 -4.10421968e-05 -1.41458972e-03 9.09670048e-05
1712             1.65674946e-01 -2.59723562e-01 8.85429961e-03 1.65715687e-01 -2.58309428e-01 8.76518695e-03 -4.07414026e-05 -1.41413431e-03 8.91126552e-05
1713             1.65680223e-01 -2.59736119e-01 8.86081630e-03 1.65721172e-01 -2.58321519e-01 8.76968246e-03 -4.09490449e-05 -1.41459982e-03 9.11338389e-05
1714             1.65680446e-01 -2.59735796e-01 8.85899296e-03 1.65721172e-01 -2.58321519e-01 8.76968246e-03 -4.07255056e-05 -1.41427690e-03 8.93104950e-05
1715             1.65688519e-01 -2.59753305e-01 8.86401308e-03 1.65729528e-01 -2.58338715e-01 8.77279267e-03 -4.10084891e-05 -1.41459034e-03 9.12204148e-05
1716             1.65711662e-01 -2.59775105e-01 8.86265354e-03 1.65752494e-01 -2.58360948e-01 8.77316348e-03 -4.08314912e-05 -1.41415696e-03 8.94900671e-05
1717             1.65711485e-01 -2.59775511e-01 8.86443634e-03 1.65752494e-01 -2.58360948e-01 8.77316348e-03 -4.10089395e-05 -1.41456282e-03 9.12728649e-05
1718             1.65740786e-01 -2.59802365e-01 8.86179170e-03 1.65781565e-01 -2.58388034e-01 8.77250223e-03 -4.07790233e-05 -1.41433138e-03 8.92894678e-05
1719             1.65740455e-01 -2.59802807e-01 8.86359153e-03 1.65781565e-01 -2.58388034e-01 8.77250223e-03 -4.11094938e-05 -1.41477323e-03 9.10892986e-05
1720             1.65771610e-01 -2.59832414e-01 8.86020935e-03 1.65812554e-01 -2.58418097e-01 8.77118536e-03 -4.09436245e-05 -1.41431711e-03 8.90239926e-05
1721             1.65771360e-01 -2.59832727e-01 8.86206643e-03 1.65812554e-01 -2.58418097e-01 8.77118536e-03 -4.11940648e-05 -1.41463032e-03 9.08810686e-05
1722             1.65771600e-01 -2.59832429e-01 8.85998239e-03 1.65812554e-01 -2.58418097e-01 8.77118536e-03 -4.09541856e-05 -1.41433203e-03 8.87970317e-05
1723             1.65771345e-01 -2.59832875e-01 8.86181856e-03 1.65812554e-01 -2.58418097e-01 8.77118536e-03 -4.12091408e-05 -1.41477834e-03 9.06331980e-05
1724             1.65771568e-01 -2.59832414e-01 8.85984364e-03 1.65812554e-01 -2.58418097e-01 8.77118536e-03 -4.09861644e-05 -1.41431719e-03 8.86582742e-05
1725             1.65771294e-01 -2.59832737e-01 8.86148151e-03 1.65812554e-01 -2.58418097e-01 8.77118536e-03 -4.12602179e-05 -1.41464015e-03 9.02961447e-05
1726             1.65771549e-01 -2.59832472e-01 8.85952424e-03 1.65812554e-01 -2.58418097e-01 8.77118536e-03 -4.10049675e-05 -1.41437564e-03 8.83388761e-05
1727             1.65771283e-01 -2.59832852e-01 8.86111482e-03 1.65812554e-01 -2.58418097e-01 8.77118536e-03 -4.12702749e-05 -1.41475479e-03 8.99294531e-05
1728             1.65771513e-01 -2.59832378e-01 8.85905043e-03 1.65812554e-01 -2.58418097e-01 8.77118536e-03 -4.10408905e-05 -1.41428078e-03 8.78650639e-05
1729             1.65771328e-01 -2.59832746e-01 8.86071838e-03 1.65812554e-01 -2.58418097e-01 8.77118536e-03 -4.12252829e-05 -1.41464893e-03 8.95330133e-05
1730             1.65771596e-01 -2.59832439e-01 8.85862006e-03 1.65812554e-01 -2.58418097e-01 8.77118536e-03 -4.09575426e-05 -1.41434235e-03 8.74346933e-05
1731             1.65831278e-01 -2.59858754e-01 8.86526686e-03 1.65872406e-01 -2.58444186e-01 8.77603723e-03 -4.11282074e-05 -1.41456708e-03 8.92296341e-05
1732             1.65831712e-01 -2.59858292e-01 8.86416052e-03 1.65872406e-01 -2.58444186e-01 8.77603723e-03 -4.06947072e-05 -1.41410503e-03 8.81232887e-05
1733             1.65864022e-01 -2.59893415e-01 8.87182428e-03 1.65905015e-01 -2.58478932e-01 8.78155982e-03 -4.09923488e-05 -1.41448253e-03 9.02644529e-05
1734             1.65864246e-01 -2.59893065e-01 8.87044939e-03 1.65905015e-01 -2.58478932e-01 8.78155982e-03 -4.07686598e-05 -1.41413342e-03 8.88895626e-05
1735             1.65889323e-01 -2.59929174e-01 8.87461141e-03 1.65930381e-01 -2.58514654e-01 8.78358480e-03 -4.10577740e-05 -1.41451969e-03 9.10266131e-05
1736             1.65889513e-01 -2.59928760e-01 8.87294419e-03 1.65930381e-01 -2.58514654e-01 8.78358480e-03 -4.08677692e-05 -1.41410649e-03 8.93593986e-05
1737             1.65889305e-01 -2.59929183e-01 8.87508991e-03 1.65930381e-01 -2.58514654e-01 8.78358480e-03 -4.10763533e-05 -1.41452919e-03 9.15051097e-05
1738             1.65930504e-01 -2.59962868e-01 8.86970300e-03 1.65971219e-01 -2.58548649e-01 8.77998231e-03 -4.07151058e-05 -1.41421884e-03 8.97206956e-05
1739             1.65930310e-01 -2.59963236e-01 8.87144323e-03 1.65971219e-01 -2.58548649e-01 8.77998231e-03 -4.09092690e-05 -1.41458751e-03 9.14609228e-05
1740             1.65962088e-01 -2.59994650e-01 8.86219987e-03 1.66002813e-01 -2.58580502e-01 8.77273224e-03 -4.07242172e-05 -1.41414771e-03 8.94676288e-05
1741             1.65961788e-01 -2.59994966e-01 8.86418185e-03 1.66002813e-01 -2.58580502e-01 8.77273224e-03 -4.10245673e-05 -1.41446401e-03 9.14496124e-05
1742             1.65984581e-01 -2.60028806e-01 8.85474836e-03 1.66025391e-01 -2.58614540e-01 8.76532353e-03 -4.08102780e-05 -1.41426598e-03 8.94248335e-05
1743             1.65984224e-01 -2.60029232e-01 8.85671115e-03 1.66025391e-01 -2.58614540e-01 8.76532353e-03 -4.11673120e-05 -1.41469257e-03 9.13876208e-05
1744             1.65995066e-01 -2.60058479e-01 8.84924043e-03 1.66035963e-01 -2.58644179e-01 8.75995240e-03 -4.08973967e-05 -1.41429982e-03 8.92880282e-05
1745             1.65994804e-01 -2.60058791e-01 8.85110830e-03 1.66035963e-01 -2.58644179e-01 8.75995240e-03 -4.11593375e-05 -1.41461206e-03 9.11558987e-05
1746             1.65994986e-01 -2.60058463e-01 8.84895983e-03 1.66035963e-01 -2.58644179e-01 8.75995240e-03 -4.09772734e-05 -1.41428351e-03 8.90074334e-05
1747             1.65981856e-01 -2.60077577e-01 8.84911245e-03 1.66023133e-01 -2.58663040e-01 8.75830911e-03 -4.12772550e-05 -1.41453701e-03 9.08033417e-05
1748             1.65982078e-01 -2.60077157e-01 8.84740077e-03 1.66023133e-01 -2.58663040e-01 8.75830911e-03 -4.10554880e-05 -1.41411750e-03 8.90916653e-05
1749             1.65960174e-01 -2.60090263e-01 8.85018177e-03 1.66001331e-01 -2.58675861e-01 8.75922858e-03 -4.11566978e-05 -1.41440163e-03 9.09531990e-05
1750             1.65960452e-01 -2.60089907e-01 8.84825201e-03 1.66001331e-01 -2.58675861e-01 8.75922858e-03 -4.08787311e-05 -1.41404628e-03 8.90234293e-05
1751             1.65929178e-01 -2.60097419e-01 8.85155946e-03 1.65970274e-01 -2.58683008e-01 8.76036833e-03 -4.10963723e-05 -1.41441128e-03 9.11911262e-05
1752             1.65929489e-01 -2.60097008e-01 8.84964795e-03 1.65970274e-01 -2.58683008e-01 8.76036833e-03 -4.07848919e-05 -1.41400049e-03 8.92796258e-05
1753             1.65890955e-01 -2.60098105e-01 8.85213945e-03 1.65931909e-01 -2.58683687e-01 8.76073202e-03 -4.09546259e-05 -1.41441831e-03 9.14074327e-05
1754             1.65891139e-01 -2.60097753e-01 8.85024001e-03 1.65931909e-01 -2.58683687e-01 8.76073202e-03 -4.07706648e-05 -1.41406646e-03 8.95079858e-05
1755             1.65890866e-01 -2.60098178e-01 8.85239057e-03 1.65931909e-01 -2.58683687e-01 8.76073202e-03 -4.10431252e-05 -1.41449147e-03 9.16585451e-05
1756             1.65870839e-01 -2.60097551e-01 8.84901033e-03 1.65911705e-01 -2.58683496e-01 8.75905468e-03 -4.08652691e-05 -1.41405458e-03 8.99556497e-05
1757             1.65870698e-01 -2.60097899e-01 8.85079273e-03 1.65911705e-01 -2.58683496e-01 8.75905468e-03 -4.10061674e-05 -1.41440292e-03 9.17380539e-05
1758             1.65850839e-01 -2.60090004e-01 8.84500908e-03 1.65891689e-01 -2.58675895e-01 8.75526700e-03 -4.08505399e-05 -1.41410884e-03 8.97420756e-05
1759             1.65850617e-01 -2.60090444e-01 8.84702585e-03 1.65891689e-01 -2.58675895e-01 8.75526700e-03 -4.10719476e-05 -1.41454811e-03 9.17588465e-05
1760             1.65835499e-01 -2.60079201e-01 8.84001131e-03 1.65876431e-01 -2.58665071e-01 8.75046309e-03 -4.09316513e-05 -1.41412979e-03 8.95482249e-05
1761             1.65835286e-01 -2.60079551e-01 8.84188340e-03 1.65876431e-01 -2.58665071e-01 8.75046309e-03 -4.11442611e-05 -1.41448037e-03 9.14203100e-05
1762             1.65824704e-01 -2.60067460e-01 8.83583921e-03 1.65865613e-01 -2.58653264e-01 8.74660712e-03 -4.09095105e-05 -1.41419663e-03 8.92320864e-05
1763             1.65824425e-01 -2.60067890e-01 8.83778925e-03 1.65865613e-01 -2.58653264e-01 8.74660712e-03 -4.11886379e-05 -1.41462600e-03 9.11821309e-05
1764             1.65824624e-01 -2.60067392e-01 8.83562951e-03 1.65865613e-01 -2.58653264e-01 8.74660712e-03 -4.09892129e-05 -1.41412848e-03 8.90223894e-05
1765             1.65803997e-01 -2.60051135e-01 8.83579252e-03 1.65845171e-01 -2.58636731e-01 8.74492738e-03 -4.11740874e-05 -1.41440414e-03 9.08651383e-05
1766             1.65804214e-01 -2.60050882e-01 8.83389781e-03 1.65845171e-01 -2.58636731e-01 8.74492738e-03 -4.09565318e-05 -1.41415155e-03 8.89704261e-05
1767             1.65780336e-01 -2.60028710e-01 8.83689419e-03 1.65821568e-01 -2.58614256e-01 8.74590908e-03 -4.12313647e-05 -1.41445380e-03 9.09851075e-05
1768             1.65780646e-01 -2.60028250e-01 8.83495911e-03 1.65821568e-01 -2.58614256e-01 8.74590908e-03 -4.09221318e-05 -1.41399448e-03 8.90500314e-05
1769             1.65755389e-01 -2.60001569e-01 8.83877128e-03 1.65796454e-01 -2.58587198e-01 8.74749753e-03 -4.10643745e-05 -1.41437080e-03 9.12737484e-05
1770             1.65755638e-01 -2.60001249e-01 8.83679320e-03 1.65796454e-01 -2.58587198e-01 8.74749753e-03 -4.08151449e-05 -1.41405071e-03 8.92956686e-05
1771             1.65730203e-01 -2.59970974e-01 8.84023072e-03 1.65771336e-01 -2.58556546e-01 8.74868817e-03 -4.11333890e-05 -1.41442823e-03 9.15425510e-05
1772             1.65730447e-01 -2.59970474e-01 8.83835563e-03 1.65771336e-01 -2.58556546e-01 8.74868817e-03 -4.08896825e-05 -1.41392771e-03 8.96674582e-05
1773             1.65730273e-01 -2.59970867e-01 8.84047742e-03 1.65771336e-01 -2.58556546e-01 8.74868817e-03 -4.10635906e-05 -1.41432085e-03 9.17892521e-05
1774             1.65717793e-01 -2.59946350e-01 8.83884636e-03 1.65758640e-01 -2.58532227e-01 8.74879691e-03 -4.08466458e-05 -1.41412311e-03 9.00494456e-05
1775             1.65717550e-01 -2.59946749e-01 8.84063395e-03 1.65758640e-01 -2.58532227e-01 8.74879691e-03 -4.10897731e-05 -1.41452204e-03 9.18370391e-05
1776             1.65708316e-01 -2.59915955e-01 8.83720993e-03 1.65749255e-01 -2.58501890e-01 8.74716421e-03 -4.09389221e-05 -1.41406502e-03 9.00457265e-05
1777             1.65708070e-01 -2.59916385e-01 8.83900608e-03 1.65749255e-01 -2.58501890e-01 8.74716421e-03 -4.11852151e-05 -1.41449458e-03 9.18418747e-05
1778             1.65704235e-01 -2.59887765e-01 8.83532244e-03 1.65745190e-01 -2.58473563e-01 8.74546792e-03 -4.09555762e-05 -1.41420171e-03 8.98545163e-05
1779             1.65703884e-01 -2.59888169e-01 8.83714825e-03 1.65745190e-01 -2.58473563e-01 8.74546792e-03 -4.13056931e-05 -1.41460569e-03 9.16803330e-05
1780             1.65704081e-01 -2.59860429e-01 8.83476136e-03 1.65745099e-01 -2.58446275e-01 8.74501689e-03 -4.10186395e-05 -1.41415403e-03 8.97444660e-05
1781             1.65703829e-01 -2.59860739e-01 8.83661485e-03 1.65745099e-01 -2.58446275e-01 8.74501689e-03 -4.12704597e-05 -1.41446410e-03 9.15979598e-05
1782             1.65704066e-01 -2.59860438e-01 8.83449090e-03 1.65745099e-01 -2.58446275e-01 8.74501689e-03 -4.10336870e-05 -1.41416318e-03 8.94740101e-05
1783             1.65692358e-01 -2.59835787e-01 8.83776855e-03 1.65733677e-01 -2.58421308e-01 8.74656386e-03 -4.13196179e-05 -1.41447895e-03 9.12046869e-05
1784             1.65692641e-01 -2.59835409e-01 8.83597852e-03 1.65733677e-01 -2.58421308e-01 8.74656386e-03 -4.10357978e-05 -1.41410085e-03 8.94146575e-05
1785             1.65680024e-01 -2.59811879e-01 8.84193790e-03 1.65721219e-01 -2.58397423e-01 8.75075531e-03 -4.11953622e-05 -1.41445629e-03 9.11825865e-05
1786             1.65680277e-01 -2.59811597e-01 8.83997811e-03 1.65721219e-01 -2.58397423e-01 8.75075531e-03 -4.09422724e-05 -1.41417401e-03 8.92227986e-05
1787             1.65668693e-01 -2.59790020e-01 8.84619887e-03 1.65709934e-01 -2.58375542e-01 8.75511427e-03 -4.12414238e-05 -1.41447815e-03 9.10846062e-05
1788             1.65668998e-01 -2.59789545e-01 8.84451239e-03 1.65709934e-01 -2.58375542e-01 8.75511427e-03 -4.09368641e-05 -1.41400315e-03 8.93981260e-05
1789             1.65656975e-01 -2.59769795e-01 8.85024924e-03 1.65698062e-01 -2.58355406e-01 8.75899970e-03 -4.10873040e-05 -1.41438913e-03 9.12495444e-05
1790             1.65657249e-01 -2.59769508e-01 8.84854187e-03 1.65698062e-01 -2.58355406e-01 8.75899970e-03 -4.08131928e-05 -1.41410228e-03 8.95421696e-05
1791             1.65656948e-01 -2.59769908e-01 8.85039358e-03 1.65698062e-01 -2.58355406e-01 8.75899970e-03 -4.11136674e-05 -1.41450216e-03 9.13938786e-05
1792             1.65660907e-01 -2.59755871e-01 8.85073674e-03 1.65701696e-01 -2.58341750e-01 8.76085418e-03 -4.07892642e-05 -1.41412039e-03 8.98825527e-05
1793             1.65660685e-01 -2.59756274e-01 8.85229300e-03 1.65701696e-01 -2.58341750e-01 8.76085418e-03 -4.10110790e-05 -1.41452318e-03 9.14388151e-05
1794             1.65671257e-01 -2.59747688e-01 8.85050211e-03 1.65712035e-01 -2.58333422e-01 8.76087492e-03 -4.07779568e-05 -1.41426518e-03 8.96271873e-05
1795             1.65670927e-01 -2.59748125e-01 8.85221583e-03 1.65712035e-01 -2.58333422e-01 8.76087492e-03 -4.11074757e-05 -1.41470207e-03 9.13409084e-05
1796             1.65688049e-01 -2.59745671e-01 8.84951676e-03 1.65728926e-01 -2.58331417e-01 8.76001505e-03 -4.08769554e-05 -1.41425449e-03 8.95017151e-05
1797             1.65687757e-01 -2.59746000e-01 8.85121580e-03 1.65728926e-01 -2.58331417e-01 8.76001505e-03 -4.11694645e-05 -1.41458297e-03 9.12007543e-05
1798             1.65710038e-01 -2.59751397e-01 8.84921088e-03 1.65750945e-01 -2.58337073e-01 8.76004357e-03 -4.09062166e-05 -1.41432404e-03 8.91673154e-05
1799             1.65709721e-01 -2.59751774e-01 8.85097936e-03 1.65750945e-01 -2.58337073e-01 8.76004357e-03 -4.12240205e-05 -1.41470100e-03 9.09357907e-05
1800             1.65736499e-01 -2.59762558e-01 8.84969633e-03 1.65777418e-01 -2.58348254e-01 8.76067237e-03 -4.09190279e-05 -1.41430355e-03 8.90239596e-05
1801             1.65746135e-01 -2.59775541e-01 8.85303734e-03 1.65787262e-01 -2.58360962e-01 8.76239280e-03 -4.11262882e-05 -1.41457912e-03 9.06445390e-05
1802             1.65746381e-01 -2.59775238e-01 8.85131269e-03 1.65787262e-01 -2.58360962e-01 8.76239280e-03 -4.08805076e-05 -1.41427561e-03 8.89198983e-05
1803             1.65755469e-01 -2.59791854e-01 8.85638475e-03 1.65796654e-01 -2.58377259e-01 8.76569341e-03 -4.11857768e-05 -1.41459545e-03 9.06913348e-05
1804             1.65755778e-01 -2.59791434e-01 8.85478643e-03 1.65796654e-01 -2.58377259e-01 8.76569341e-03 -4.08759327e-05 -1.41417500e-03 8.90930154e-05
1805             1.65763177e-01 -2.59811511e-01 8.85972781e-03 1.65804261e-01 -2.58396970e-01 8.76888776e-03 -4.10843079e-05 -1.41454046e-03 9.08400553e-05
1806             1.65763449e-01 -2.59811174e-01 8.85800955e-03 1.65804261e-01 -2.58396970e-01 8.76888776e-03 -4.08122502e-05 -1.41420348e-03 8.91217893e-05
1807             1.65763231e-01 -2.59811607e-01 8.85996412e-03 1.65804261e-01 -2.58396970e-01 8.76888776e-03 -4.10296750e-05 -1.41463680e-03 9.10763661e-05
1808             1.65763531e-01 -2.59811119e-01 8.85823240e-03 1.65804261e-01 -2.58396970e-01 8.76888776e-03 -4.07299850e-05 -1.41414819e-03 8.93446468e-05
1809             1.65763285e-01 -2.59811517e-01 8.86008539e-03 1.65804261e-01 -2.58396970e-01 8.76888776e-03 -4.09754621e-05 -1.41454674e-03 9.11976330e-05
1810             1.65763592e-01 -2.59811175e-01 8.85828801e-03 1.65804261e-01 -2.58396970e-01 8.76888776e-03 -4.06686706e-05 -1.41420421e-03 8.94002582e-05
1811             1.65763329e-01 -2.59811594e-01 8.86022630e-03 1.65804261e-01 -2.58396970e-01 8.76888776e-03 -4.09319280e-05 -1.41462325e-03 9.13385434e-05
1812             1.65763564e-01 -2.59811145e-01 8.85862144e-03 1.65804261e-01 -2.58396970e-01 8.76888776e-03 -4.06971674e-05 -1.41417432e-03 8.97336790e-05
1813             1.65763349e-01 -2.59811538e-01 8.86074967e-03 1.65804261e-01 -2.58396970e-01 8.76888776e-03 -4.09117891e-05 -1.41456720e-03 9.18619178e-05
1814             1.65763608e-01 -2.59811255e-01 8.85914415e-03 1.65804261e-01 -2.58396970e-01 8.76888776e-03 -4.06529773e-05 -1.41428493e-03 9.02563945e-05
1815             1.65763314e-01 -2.59811640e-01 8.86108152e-03 1.65804261e-01 -2.58396970e-01 8.76888776e-03 -4.09469611e-05 -1.41467008e-03 9.21937599e-05
1816             1.65749991e-01 -2.59833691e-01 8.85582467e-03 1.65790849e-01 -2.58419393e-01 8.76550658e-03 -4.08580251e-05 -1.41429747e-03 9.03180948e-05
1817             1.65749638e-01 -2.59834065e-01 8.85699274e-03 1.65790849e-01 -2.58419393e-01 8.76550658e-03 -4.12107863e-05 -1.41467177e-03 9.14861640e-05
1818             1.65759372e-01 -2.59863857e-01 8.84955009e-03 1.65800355e-01 -2.58449522e-01 8.76031064e-03 -4.09824097e-05 -1.41433467e-03 8.92394531e-05
1819             1.65759037e-01 -2.59864208e-01 8.85091092e-03 1.65800355e-01 -2.58449522e-01 8.76031064e-03 -4.13180726e-05 -1.41468536e-03 9.06002787e-05
1820             1.65776216e-01 -2.59895330e-01 8.84581948e-03 1.65817256e-01 -2.58481079e-01 8.75746136e-03 -4.10396056e-05 -1.41425115e-03 8.83581144e-05
1821             1.65776081e-01 -2.59895618e-01 8.84747052e-03 1.65817256e-01 -2.58481079e-01 8.75746136e-03 -4.11747684e-05 -1.41453838e-03 9.00091531e-05
1822             1.65776378e-01 -2.59895389e-01 8.84514539e-03 1.65817256e-01 -2.58481079e-01 8.75746136e-03 -4.08776991e-05 -1.41430965e-03 8.76840306e-05
1823             1.65775062e-01 -2.59917424e-01 8.84899124e-03 1.65816363e-01 -2.58502801e-01 8.75947436e-03 -4.13005876e-05 -1.41462250e-03 8.95168815e-05
1824             1.65775234e-01 -2.59916977e-01 8.84738982e-03 1.65816363e-01 -2.58502801e-01 8.75947436e-03 -4.11286087e-05 -1.41417633e-03 8.79154612e-05
1825             1.65774060e-01 -2.59944978e-01 8.85424447e-03 1.65815372e-01 -2.58530539e-01 8.76446590e-03 -4.13118858e-05 -1.41443908e-03 8.97785712e-05
1826             1.65774395e-01 -2.59944626e-01 8.85246543e-03 1.65815372e-01 -2.58530539e-01 8.76446590e-03 -4.09773748e-05 -1.41408711e-03 8.79995352e-05
1827             1.65776107e-01 -2.59970723e-01 8.85878579e-03 1.65817336e-01 -2.58556221e-01 8.76884908e-03 -4.12291177e-05 -1.41450202e-03 8.99367111e-05
1828             1.65776416e-01 -2.59970217e-01 8.85698818e-03 1.65817336e-01 -2.58556221e-01 8.76884908e-03 -4.09199613e-05 -1.41399548e-03 8.81390936e-05
1829             1.65782144e-01 -2.59996110e-01 8.86073732e-03 1.65823196e-01 -2.58581703e-01 8.77073428e-03 -4.10513256e-05 -1.41440716e-03 9.00030318e-05
1830             1.65782401e-01 -2.59995801e-01 8.85908190e-03 1.65823196e-01 -2.58581703e-01 8.77073428e-03 -4.07947352e-05 -1.41409804e-03 8.83476182e-05
1831             1.65782151e-01 -2.59996277e-01 8.86096131e-03 1.65823196e-01 -2.58581703e-01 8.77073428e-03 -4.10445245e-05 -1.41457429e-03 9.02270215e-05
1832             1.65809692e-01 -2.60024109e-01 8.85738731e-03 1.65850477e-01 -2.58609933e-01 8.76866140e-03 -4.07852667e-05 -1.41417570e-03 8.87259052e-05
1833             1.65809585e-01 -2.60024477e-01 8.85887262e-03 1.65850477e-01 -2.58609933e-01 8.76866140e-03 -4.08923034e-05 -1.41454386e-03 9.02112113e-05
1834             1.65836470e-01 -2.60052965e-01 8.85276265e-03 1.65877237e-01 -2.58638714e-01 8.76422610e-03 -4.07671570e-05 -1.41425105e-03 8.85365501e-05
1835             1.65836112e-01 -2.60053365e-01 8.85447829e-03 1.65877237e-01 -2.58638714e-01 8.76422610e-03 -4.11245641e-05 -1.41465113e-03 9.02521969e-05
1836             1.65866298e-01 -2.60078556e-01 8.84770561e-03 1.65907237e-01 -2.58664340e-01 8.75901193e-03 -4.09394590e-05 -1.41421551e-03 8.86936849e-05
1837             1.65866050e-01 -2.60078865e-01 8.84931057e-03 1.65907237e-01 -2.58664340e-01 8.75901193e-03 -4.11871969e-05 -1.41452417e-03 9.02986458e-05
1838             1.65898684e-01 -2.60102812e-01 8.84332421e-03 1.65939600e-01 -2.58688530e-01 8.75471756e-03 -4.09161157e-05 -1.41428264e-03 8.86066505e-05
1839             1.65898425e-01 -2.60103241e-01 8.84482217e-03 1.65939600e-01 -2.58688530e-01 8.75471756e-03 -4.11754110e-05 -1.41471156e-03 9.01046151e-05
1840             1.65898650e-01 -2.60102760e-01 8.84297764e-03 1.65939600e-01 -2.58688530e-01 8.75471756e-03 -4.09501390e-05 -1.41423041e-03 8.82600848e-05
1841             1.65911693e-01 -2.60117638e-01 8.84258643e-03 1.65952883e-01 -2.58703156e-01 8.75281543e-03 -4.11893641e-05 -1.41448209e-03 8.97710039e-05
1842             1.65911968e-01 -2.60117357e-01 8.84103566e-03 1.65952883e-01 -2.58703156e-01 8.75281543e-03 -4.09143884e-05 -1.41420127e-03 8.82202321e-05
1843             1.65917170e-01 -2.60124556e-01 8.84313485e-03 1.65958344e-01 -2.58710037e-01 8.75323309e-03 -4.11730508e-05 -1.41451896e-03 8.99017529e-05
1844             1.65917452e-01 -2.60124051e-01 8.84169985e-03 1.65958344e-01 -2.58710037e-01 8.75323309e-03 -4.08911789e-05 -1.41401404e-03 8.84667510e-05
1845             1.65910845e-01 -2.60122547e-01 8.84505916e-03 1.65951901e-01 -2.58708156e-01 8.75475135e-03 -4.10556940e-05 -1.41439161e-03 9.03078034e-05
1846             1.65911050e-01 -2.60122214e-01 8.84355086e-03 1.65951901e-01 -2.58708156e-01 8.75475135e-03 -4.08509984e-05 -1.41405843e-03 8.87995126e-05
1847             1.65897231e-01 -2.60112916e-01 8.84621038e-03 1.65938418e-01 -2.58698471e-01 8.75549725e-03 -4.11871502e-05 -1.41444467e-03 9.07131275e-05
1848             1.65897486e-01 -2.60112446e-01 8.84472541e-03 1.65938418e-01 -2.58698471e-01 8.75549725e-03 -4.09318215e-05 -1.41397437e-03 8.92281564e-05
1849             1.65897327e-01 -2.60112866e-01 8.84669795e-03 1.65938418e-01 -2.58698471e-01 8.75549725e-03 -4.10910628e-05 -1.41439425e-03 9.12006967e-05
1850             1.65893224e-01 -2.60105218e-01 8.84439948e-03 1.65934042e-01 -2.58691095e-01 8.75473023e-03 -4.08182020e-05 -1.41412303e-03 8.96692529e-05
1851             1.65892900e-01 -2.60105621e-01 8.84590290e-03 1.65934042e-01 -2.58691095e-01 8.75473023e-03 -4.11419708e-05 -1.41452661e-03 9.11726719e-05
1852             1.65885376e-01 -2.60086725e-01 8.84150106e-03 1.65926328e-01 -2.58672637e-01 8.75191463e-03 -4.09522596e-05 -1.41408765e-03 8.95864209e-05
1853             1.65885096e-01 -2.60087123e-01 8.84319707e-03 1.65926328e-01 -2.58672637e-01 8.75191463e-03 -4.12313681e-05 -1.41448616e-03 9.12824337e-05
1854             1.65877680e-01 -2.60065125e-01 8.83823741e-03 1.65918685e-01 -2.58650910e-01 8.74891237e-03 -4.10047976e-05 -1.41421508e-03 8.93250433e-05
1855             1.65877318e-01 -2.60065543e-01 8.83987724e-03 1.65918685e-01 -2.58650910e-01 8.74891237e-03 -4.13675150e-05 -1.41463300e-03 9.09648721e-05
1856             1.65870205e-01 -2.60039587e-01 8.83566967e-03 1.65911258e-01 -2.58625408e-01 8.74661055e-03 -4.10529755e-05 -1.41417812e-03 8.90591155e-05
1857             1.65869961e-01 -2.60039915e-01 8.83741213e-03 1.65911258e-01 -2.58625408e-01 8.74661055e-03 -4.12977459e-05 -1.41450669e-03 9.08015709e-05
1858             1.65870240e-01 -2.60039612e-01 8.83546512e-03 1.65911258e-01 -2.58625408e-01 8.74661055e-03 -4.10186733e-05 -1.41420380e-03 8.88545607e-05
1859             1.65851073e-01 -2.60014441e-01 8.83692017e-03 1.65892403e-01 -2.58599926e-01 8.74638255e-03 -4.13291093e-05 -1.41451475e-03 9.05376153e-05
1860             1.65851355e-01 -2.60014033e-01 8.83531013e-03 1.65892403e-01 -2.58599926e-01 8.74638255e-03 -4.10474111e-05 -1.41410700e-03 8.89275830e-05
1861             1.65825602e-01 -2.59980990e-01 8.83928087e-03 1.65866815e-01 -2.58566579e-01 8.74863625e-03 -4.12126741e-05 -1.41441049e-03 9.06446240e-05
1862             1.65825870e-01 -2.59980749e-01 8.83733243e-03 1.65866815e-01 -2.58566579e-01 8.74863625e-03 -4.09453460e-05 -1.41416949e-03 8.86961798e-05
1863             1.65795433e-01 -2.59943905e-01 8.84230772e-03 1.65836639e-01 -2.58529405e-01 8.75159463e-03 -4.12057717e-05 -1.41449993e-03 9.07130996e-05
1864             1.65795796e-01 -2.59943476e-01 8.84044317e-03 1.65836639e-01 -2.58529405e-01 8.75159463e-03 -4.08434605e-05 -1.41407055e-03 8.88485442e-05
1865             1.65764511e-01 -2.59905011e-01 8.84450436e-03 1.65805530e-01 -2.58490559e-01 8.75367434e-03 -4.10185299e-05 -1.41445148e-03 9.08300219e-05
1866             1.65764775e-01 -2.59904699e-01 8.84256816e-03 1.65805530e-01 -2.58490559e-01 8.75367434e-03 -4.07546116e-05 -1.41413977e-03 8.88938223e-05
1867             1.65733818e-01 -2.59865329e-01 8.84592395e-03 1.65774896e-01 -2.58450821e-01 8.75505672e-03 -4.10783111e-05 -1.41450822e-03 9.08672269e-05
1868             1.65728329e-01 -2.59843441e-01 8.84379004e-03 1.65769139e-01 -2.58429318e-01 8.75465623e-03 -4.08097032e-05 -1.41412235e-03 8.91338085e-05
1869             1.65728175e-01 -2.59843838e-01 8.84546012e-03 1.65769139e-01 -2.58429318e-01 8.75465623e-03 -4.09639093e-05 -1.41452025e-03 9.08038920e-05
1870             1.65722393e-01 -2.59814921e-01 8.84206850e-03 1.65763137e-01 -2.58400671e-01 8.75328663e-03 -4.07431310e-05 -1.41424966e-03 8.87818661e-05
1871             1.65722099e-01 -2.59815396e-01 8.84395324e-03 1.65763137e-01 -2.58400671e-01 8.75328663e-03 -4.10375555e-05 -1.41472477e-03 9.06666124e-05
1872             1.65721342e-01 -2.59789506e-01 8.84013789e-03 1.65762182e-01 -2.58375239e-01 8.75151971e-03 -4.08408459e-05 -1.41426712e-03 8.86181740e-05
1873             1.65721076e-01 -2.59789878e-01 8.84204913e-03 1.65762182e-01 -2.58375239e-01 8.75151971e-03 -4.11066224e-05 -1.41463936e-03 9.05294174e-05
1874             1.65721353e-01 -2.59789572e-01 8.84000101e-03 1.65762182e-01 -2.58375239e-01 8.75151971e-03 -4.08292000e-05 -1.41433334e-03 8.84812954e-05
1875             1.65721046e-01 -2.59790013e-01 8.84195493e-03 1.65762182e-01 -2.58375239e-01 8.75151971e-03 -4.11366193e-05 -1.41477435e-03 9.04352150e-05
1876             1.65721320e-01 -2.59789595e-01 8.84004157e-03 1.65762182e-01 -2.58375239e-01 8.75151971e-03 -4.08624252e-05 -1.41435599e-03 8.85218627e-05
1877             1.65721068e-01 -2.59789889e-01 8.84183023e-03 1.65762182e-01 -2.58375239e-01 8.75151971e-03 -4.11144826e-05 -1.41465083e-03 9.03105179e-05
1878             1.65721263e-01 -2.59789570e-01 8.83968711e-03 1.65762182e-01 -2.58375239e-01 8.75151971e-03 -4.09192714e-05 -1.41433181e-03 8.81674030e-05
1879             1.65720957e-01 -2.59790019e-01 8.84156614e-03 1.65762182e-01 -2.58375239e-01 8.75151971e-03 -4.12256949e-05 -1.41478001e-03 9.00464289e-05
1880             1.65721195e-01 -2.59789601e-01 8.83944340e-03 1.65762182e-01 -2.58375239e-01 8.75151971e-03 -4.09871923e-05 -1.41436294e-03 8.79236903e-05
1881             1.65721018e-01 -2.59789945e-01 8.84123874e-03 1.65762182e-01 -2.58375239e-01 8.75151971e-03 -4.11648443e-05 -1.41470636e-03 8.97190319e-05
1882             1.65721298e-01 -2.59789620e-01 8.83901286e-03 1.65762182e-01 -2.58375239e-01 8.75151971e-03 -4.08844792e-05 -1.41438112e-03 8.74931472e-05
1883             1.65739425e-01 -2.59756160e-01 8.84444844e-03 1.65780540e-01 -2.58341553e-01 8.75498772e-03 -4.11155884e-05 -1.41460694e-03 8.94607287e-05
1884             1.65739832e-01 -2.59755677e-01 8.84321119e-03 1.65780540e-01 -2.58341553e-01 8.75498772e-03 -4.07082973e-05 -1.41412438e-03 8.82234713e-05
1885             1.65740324e-01 -2.59734169e-01 8.85157907e-03 1.65781227e-01 -2.58319689e-01 8.76108243e-03 -4.09030022e-05 -1.41447973e-03 9.04966340e-05
1886             1.65740570e-01 -2.59733908e-01 8.84996576e-03 1.65781227e-01 -2.58319689e-01 8.76108243e-03 -4.06566556e-05 -1.41421921e-03 8.88833229e-05
1887             1.65736804e-01 -2.59719610e-01 8.85610810e-03 1.65777783e-01 -2.58304960e-01 8.76483279e-03 -4.09788652e-05 -1.41464990e-03 9.12753115e-05
1888             1.65737027e-01 -2.59719175e-01 8.85443422e-03 1.65777783e-01 -2.58304960e-01 8.76483279e-03 -4.07557569e-05 -1.41421427e-03 8.96014251e-05
1889             1.65736796e-01 -2.59719539e-01 8.85676765e-03 1.65777783e-01 -2.58304960e-01 8.76483279e-03 -4.09870421e-05 -1.41457859e-03 9.19348634e-05
1890             1.65746303e-01 -2.59707132e-01 8.85338642e-03 1.65786955e-01 -2.58292838e-01 8.76341227e-03 -4.06522913e-05 -1.41429402e-03 8.99741556e-05
1891             1.65745996e-01 -2.59707581e-01 8.85515499e-03 1.65786955e-01 -2.58292838e-01 8.76341227e-03 -4.09596105e-05 -1.41474348e-03 9.17427193e-05
1892             1.65760470e-01 -2.59707072e-01 8.84891731e-03 1.65801207e-01 -2.58292754e-01 8.75899527e-03 -4.07370187e-05 -1.41431804e-03 8.99220447e-05
1893             1.65760177e-01 -2.59707438e-01 8.85085975e-03 1.65801207e-01 -2.58292754e-01 8.75899527e-03 -4.10303168e-05 -1.41468372e-03 9.18644775e-05
1894             1.65774517e-01 -2.59718836e-01 8.84497580e-03 1.65815335e-01 -2.58304369e-01 8.75527846e-03 -4.08175114e-05 -1.41446683e-03 8.96973448e-05
1895             1.65774083e-01 -2.59719227e-01 8.84700221e-03 1.65815335e-01 -2.58304369e-01 8.75527846e-03 -4.12521359e-05 -1.41485766e-03 9.17237464e-05
1896             1.65784388e-01 -2.59736592e-01 8.84331015e-03 1.65825364e-01 -2.58322191e-01 8.75370648e-03 -4.09755521e-05 -1.41440129e-03 8.96036706e-05
1897             1.65784109e-01 -2.59736924e-01 8.84524605e-03 1.65825364e-01 -2.58322191e-01 8.75370648e-03 -4.12545759e-05 -1.41473291e-03 9.15395699e-05
1898             1.65784429e-01 -2.59736663e-01 8.84309933e-03 1.65825364e-01 -2.58322191e-01 8.75370648e-03 -4.09344142e-05 -1.41447202e-03 8.93928499e-05
1899             1.65774214e-01 -2.59747565e-01 8.84628630e-03 1.65815460e-01 -2.58332813e-01 8.75514131e-03 -4.12464226e-05 -1.41475254e-03 9.11449821e-05
1900             1.65774434e-01 -2.59747140e-01 8.84459872e-03 1.65815460e-01 -2.58332813e-01 8.75514131e-03 -4.10264466e-05 -1.41432748e-03 8.94574084e-05
1901             1.65767349e-01 -2.59770060e-01 8.85008856e-03 1.65808564e-01 -2.58355493e-01 8.75888589e-03 -4.12145837e-05 -1.41456703e-03 9.12026696e-05
1902             1.65767646e-01 -2.59769725e-01 8.84817108e-03 1.65808564e-01 -2.58355493e-01 8.75888589e-03 -4.09179489e-05 -1.41423212e-03 8.92851851e-05
1903             1.65757959e-01 -2.59797905e-01 8.85466354e-03 1.65799122e-01 -2.58383280e-01 8.76338627e-03 -4.11630999e-05 -1.41462489e-03 9.12772701e-05
1904             1.65758269e-01 -2.59797411e-01 8.85278202e-03 1.65799122e-01 -2.58383280e-01 8.76338627e-03 -4.08524716e-05 -1.41413085e-03 8.93957491e-05
1905             1.65745637e-01 -2.59830375e-01 8.85837570e-03 1.65786735e-01 -2.58415831e-01 8.76704367e-03 -4.10977289e-05 -1.41454388e-03 9.13320318e-05
1906             1.65745934e-01 -2.59830089e-01 8.85650143e-03 1.65786735e-01 -2.58415831e-01 8.76704367e-03 -4.08012415e-05 -1.41425731e-03 8.94577566e-05
1907             1.65745634e-01 -2.59830527e-01 8.85855056e-03 1.65786735e-01 -2.58415831e-01 8.76704367e-03 -4.11010585e-05 -1.41469599e-03 9.15068908e-05
1908             1.65751332e-01 -2.59859973e-01 8.85779215e-03 1.65792218e-01 -2.58445737e-01 8.76811401e-03 -4.08859773e-05 -1.41423588e-03 8.96781491e-05
1909             1.65751148e-01 -2.59860324e-01 8.85962890e-03 1.65792218e-01 -2.58445737e-01 8.76811401e-03 -4.10693896e-05 -1.41458671e-03 9.15148985e-05
1910             1.65763883e-01 -2.59898306e-01 8.85581439e-03 1.65804733e-01 -2.58483994e-01 8.76632247e-03 -4.08502214e-05 -1.41431243e-03 8.94919279e-05
1911             1.65763549e-01 -2.59898674e-01 8.85772152e-03 1.65804733e-01 -2.58483994e-01 8.76632247e-03 -4.11839369e-05 -1.41468046e-03 9.13990569e-05
1912             1.65783803e-01 -2.59940532e-01 8.85293313e-03 1.65824737e-01 -2.58526250e-01 8.76373452e-03 -4.09335380e-05 -1.41428181e-03 8.91986098e-05
1913             1.65783504e-01 -2.59940845e-01 8.85477481e-03 1.65824737e-01 -2.58526250e-01 8.76373452e-03 -4.12325302e-05 -1.41459564e-03 9.10402922e-05
1914             1.65809636e-01 -2.59987181e-01 8.85058411e-03 1.65850574e-01 -2.58572849e-01 8.76168667e-03 -4.09375538e-05 -1.41433191e-03 8.88974400e-05
1915             1.65809356e-01 -2.59987572e-01 8.85242751e-03 1.65850574e-01 -2.58572849e-01 8.76168667e-03 -4.12172179e-05 -1.41472355e-03 9.07408407e-05
1916             1.65809667e-01 -2.59987163e-01 8.85039808e-03 1.65850574e-01 -2.58572849e-01 8.76168667e-03 -4.09071709e-05 -1.41431406e-03 8.87114080e-05
1917             1.65823913e-01 -2.60025950e-01 8.85138402e-03 1.65865110e-01 -2.58611374e-01 8.76110825e-03 -4.11972090e-05 -1.41457567e-03 9.02757767e-05
1918             1.65824158e-01 -2.60025642e-01 8.84960358e-03 1.65865110e-01 -2.58611374e-01 8.76110825e-03 -4.09523239e-05 -1.41426722e-03 8.84953269e-05
1919             1.65835593e-01 -2.60063348e-01 8.85242843e-03 1.65876825e-01 -2.58648801e-01 8.76212894e-03 -4.12323203e-05 -1.41454723e-03 9.02994880e-05
1920             1.65835951e-01 -2.60062821e-01 8.85068911e-03 1.65876825e-01 -2.58648801e-01 8.76212894e-03 -4.08747265e-05 -1.41402069e-03 8.85601661e-05
1921             1.65842508e-01 -2.60094762e-01 8.85386232e-03 1.65883570e-01 -2.58680324e-01 8.76344446e-03 -4.10624672e-05 -1.41443810e-03 9.04178652e-05
1922             1.65842805e-01 -2.60094395e-01 8.85211324e-03 1.65883570e-01 -2.58680324e-01 8.76344446e-03 -4.07659568e-05 -1.41407089e-03 8.86687758e-05
1923             1.65843594e-01 -2.60119482e-01 8.85450851e-03 1.65884693e-01 -2.58705031e-01 8.76393889e-03 -4.10990092e-05 -1.41445182e-03 9.05696160e-05
1924             1.65843946e-01 -2.60119058e-01 8.85289605e-03 1.65884693e-01 -2.58705031e-01 8.76393889e-03 -4.07467942e-05 -1.41402707e-03 8.89571553e-05
1925             1.65843763e-01 -2.60119462e-01 8.85474852e-03 1.65884693e-01 -2.58705031e-01 8.76393889e-03 -4.09296503e-05 -1.41443149e-03 9.08096269e-05
1926             1.65856679e-01 -2.60143313e-01 8.85183667e-03 1.65897458e-01 -2.58729225e-01 8.76270198e-03 -4.07793075e-05 -1.41408826e-03 8.91346919e-05
1927             1.65856420e-01 -2.60143703e-01 8.85356924e-03 1.65897458e-01 -2.58729225e-01 8.76270198e-03 -4.10379891e-05 -1.41447759e-03 9.08672568e-05
1928             1.65865999e-01 -2.60157224e-01 8.84780248e-03 1.65906805e-01 -2.58743115e-01 8.75874470e-03 -4.08056804e-05 -1.41410944e-03 8.90577742e-05
1929             1.65865734e-01 -2.60157587e-01 8.84963963e-03 1.65906805e-01 -2.58743115e-01 8.75874470e-03 -4.10706729e-05 -1.41447238e-03 9.08949327e-05
1930             1.65874247e-01 -2.60165545e-01 8.84343423e-03 1.65915118e-01 -2.58751377e-01 8.75454795e-03 -4.08708860e-05 -1.41416869e-03 8.88862789e-05
1931             1.65873876e-01 -2.60165933e-01 8.84529890e-03 1.65915118e-01 -2.58751377e-01 8.75454795e-03 -4.12424072e-05 -1.41455596e-03 9.07509491e-05
1932             1.65880130e-01 -2.60165434e-01 8.83998470e-03 1.65921122e-01 -2.58751323e-01 8.75127592e-03 -4.09928611e-05 -1.41411169e-03 8.87087812e-05
1933             1.65879896e-01 -2.60165774e-01 8.84173715e-03 1.65921122e-01 -2.58751323e-01 8.75127592e-03 -4.12263870e-05 -1.41445084e-03 9.04612312e-05
1934             1.65884187e-01 -2.60159289e-01 8.83737612e-03 1.65925139e-01 -2.58745089e-01 8.74895291e-03 -4.09522026e-05 -1.41419974e-03 8.84232098e-05
1935             1.65869030e-01 -2.60140859e-01 8.83923421e-03 1.65910243e-01 -2.58726321e-01 8.74903520e-03 -4.12130703e-05 -1.41453796e-03 9.01990121e-05
1936             1.65869284e-01 -2.60140442e-01 8.83741787e-03 1.65910243e-01 -2.58726321e-01 8.74903520e-03 -4.09594702e-05 -1.41412058e-03 8.83826732e-05
1937             1.65846769e-01 -2.60118272e-01 8.84045114e-03 1.65887909e-01 -2.58703864e-01 8.75005732e-03 -4.11409176e-05 -1.41440790e-03 9.03938204e-05
1938             1.65847013e-01 -2.60117921e-01 8.83852540e-03 1.65887909e-01 -2.58703864e-01 8.75005732e-03 -4.08966533e-05 -1.41405663e-03 8.84680751e-05
1939             1.65820988e-01 -2.60087775e-01 8.84226412e-03 1.65862138e-01 -2.58673379e-01 8.75172063e-03 -4.11491841e-05 -1.41439572e-03 9.05434910e-05
1940             1.65821296e-01 -2.60087328e-01 8.84056193e-03 1.65862138e-01 -2.58673379e-01 8.75172063e-03 -4.08413319e-05 -1.41394853e-03 8.88413022e-05
1941             1.65821159e-01 -2.60087739e-01 8.84259812e-03 1.65862138e-01 -2.58673379e-01 8.75172063e-03 -4.09783136e-05 -1.41436038e-03 9.08774887e-05
1942             1.65821435e-01 -2.60087403e-01 8.84075121e-03 1.65862138e-01 -2.58673379e-01 8.75172063e-03 -4.07023031e-05 -1.41402389e-03 8.90305797e-05
1943             1.65821119e-01 -2.60087779e-01 8.84286765e-03 1.65862138e-01 -2.58673379e-01 8.75172063e-03 -4.10187265e-05 -1.41439987e-03 9.11470191e-05
1944             1.65821320e-01 -2.60087237e-01 8.84107447e-03 1.65862138e-01 -2.58673379e-01 8.75172063e-03 -4.08171312e-05 -1.41385795e-03 8.93538466e-05
1945             1.65821133e-01 -2.60087661e-01 8.84308138e-03 1.65862138e-01 -2.58673379e-01 8.75172063e-03 -4.10046179e-05 -1.41428224e-03 9.13607544e-05
1946             1.65821393e-01 -2.60087355e-01 8.84133680e-03 1.65862138e-01 -2.58673379e-01 8.75172063e-03 -4.07448014e-05 -1.41397618e-03 8.96161683e-05
1947             1.65821149e-01 -2.60087776e-01 8.84346030e-03 1.65862138e-01 -2.58673379e-01 8.75172063e-03 -4.09889377e-05 -1.41439670e-03 9.17396768e-05
1948             1.65821381e-01 -2.60087304e-01 8.84178721e-03 1.65862138e-01 -2.58673379e-01 8.75172063e-03 -4.07565887e-05 -1.41392496e-03 9.00665843e-05
1949             1.65821155e-01 -2.60087678e-01 8.84380219e-03 1.65862138e-01 -2.58673379e-01 8.75172063e-03 -4.09828885e-05 -1.41429855e-03 9.20815666e-05
1950             1.65777956e-01 -2.60066949e-01 8.83950349e-03 1.65818840e-01 -2.58652809e-01 8.74934496e-03 -4.08842329e-05 -1.41414011e-03 9.01585280e-05
1951             1.65777639e-01 -2.60067444e-01 8.84099639e-03 1.65818840e-01 -2.58652809e-01 8.74934496e-03 -4.12011646e-05 -1.41463487e-03 9.16514343e-05
1952             1.65751783e-01 -2.60028480e-01 8.83387985e-03 1.65792704e-01 -2.58614277e-01 8.74425601e-03 -4.09216872e-05 -1.41420343e-03 8.96238488e-05
1953             1.65751611e-01 -2.60028976e-01 8.83545948e-03 1.65792704e-01 -2.58614277e-01 8.74425601e-03 -4.10930522e-05 -1.41469982e-03 9.12034769e-05
1954             1.65732765e-01 -2.59985239e-01 8.83029353e-03 1.65773618e-01 -2.58570953e-01 8.74127256e-03 -4.08523305e-05 -1.41428582e-03 8.90209743e-05
1955             1.65732468e-01 -2.59985506e-01 8.83208940e-03 1.65773618e-01 -2.58570953e-01 8.74127256e-03 -4.11500185e-05 -1.41455221e-03 9.08168368e-05
1956             1.65732731e-01 -2.59985032e-01 8.82997361e-03 1.65773618e-01 -2.58570953e-01 8.74127256e-03 -4.08866089e-05 -1.41407871e-03 8.87010448e-05
1957             1.65702181e-01 -2.59941352e-01 8.83311565e-03 1.65743316e-01 -2.58526893e-01 8.74251811e-03 -4.11356200e-05 -1.41445946e-03 9.05975371e-05
1958             1.65702370e-01 -2.59941089e-01 8.83135898e-03 1.65743316e-01 -2.58526893e-01 8.74251811e-03 -4.09461825e-05 -1.41419686e-03 8.88408678e-05
1959             1.65675346e-01 -2.59894062e-01 8.83810157e-03 1.65716569e-01 -2.58479568e-01 8.74736288e-03 -4.12228600e-05 -1.41449373e-03 9.07386916e-05
1960             1.65675701e-01 -2.59893692e-01 8.83618261e-03 1.65716569e-01 -2.58479568e-01 8.74736288e-03 -4.08681899e-05 -1.41412420e-03 8.88197389e-05
1961             1.65653765e-01 -2.59846470e-01 8.84258405e-03 1.65694843e-01 -2.58431983e-01 8.75173371e-03 -4.10784236e-05 -1.41448748e-03 9.08503400e-05
1962             1.65654098e-01 -2.59846101e-01 8.84078314e-03 1.65694843e-01 -2.58431983e-01 8.75173371e-03 -4.07455479e-05 -1.41411876e-03 8.90494350e-05
1963             1.65638572e-01 -2.59801235e-01 8.84574677e-03 1.65679578e-01 -2.58386747e-01 8.75467117e-03 -4.10057883e-05 -1.41448778e-03 9.10755992e-05
1964             1.65638805e-01 -2.59800776e-01 8.84407610e-03 1.65679578e-01 -2.58386747e-01 8.75467117e-03 -4.07726518e-05 -1.41402871e-03 8.94049350e-05
1965             1.65638575e-01 -2.59801137e-01 8.84606689e-03 1.65679578e-01 -2.58386747e-01 8.75467117e-03 -4.10022230e-05 -1.41438986e-03 9.13957286e-05
1966             1.65640024e-01 -2.59767322e-01 8.84500157e-03 1.65680775e-01 -2.58353145e-01 8.75508752e-03 -4.07511223e-05 -1.41417670e-03 8.99140491e-05
1967             1.65639766e-01 -2.59767761e-01 8.84658906e-03 1.65680775e-01 -2.58353145e-01 8.75508752e-03 -4.10086007e-05 -1.41461613e-03 9.15015360e-05
1968             1.65647189e-01 -2.59740126e-01 8.84360283e-03 1.65688045e-01 -2.58325887e-01 8.75361475e-03 -4.08560766e-05 -1.41423944e-03 8.99880814e-05
1969             1.65646909e-01 -2.59740617e-01 8.84529922e-03 1.65688045e-01 -2.58325887e-01 8.75361475e-03 -4.11357882e-05 -1.41473043e-03 9.16844700e-05
1970             1.65661866e-01 -2.59720032e-01 8.84182828e-03 1.65702809e-01 -2.58305611e-01 8.75190796e-03 -4.09422503e-05 -1.41442126e-03 8.99203248e-05
1971             1.65661447e-01 -2.59720335e-01 8.84350749e-03 1.65702809e-01 -2.58305611e-01 8.75190796e-03 -4.13614960e-05 -1.41472423e-03 9.15995297e-05
1972             1.65682062e-01 -2.59706007e-01 8.84111858e-03 1.65723110e-01 -2.58291726e-01 8.75128533e-03 -4.10478038e-05 -1.41428002e-03 8.98332464e-05
1973             1.65681844e-01 -2.59706362e-01 8.84269648e-03 1.65723110e-01 -2.58291726e-01 8.75128533e-03 -4.12659995e-05 -1.41463510e-03 9.14111511e-05
1974             1.65682106e-01 -2.59706026e-01 8.84078465e-03 1.65723110e-01 -2.58291726e-01 8.75128533e-03 -4.10035960e-05 -1.41429941e-03 8.94993158e-05
1975             1.65685128e-01 -2.59692903e-01 8.84409510e-03 1.65726443e-01 -2.58278297e-01 8.75299801e-03 -4.13147828e-05 -1.41460573e-03 9.10970913e-05
1976             1.65685387e-01 -2.59692560e-01 8.84266917e-03 1.65726443e-01 -2.58278297e-01 8.75299801e-03 -4.10556095e-05 -1.41426315e-03 8.96711631e-05
1977             1.65690091e-01 -2.59693399e-01 8.84878796e-03 1.65731285e-01 -2.58278786e-01 8.75730791e-03 -4.11946963e-05 -1.41461380e-03 9.14800528e-05
1978             1.65690388e-01 -2.59693057e-01 8.84707691e-03 1.65731285e-01 -2.58278786e-01 8.75730791e-03 -4.08972251e-05 -1.41427159e-03 8.97689958e-05
1979             1.65695265e-01 -2.59698808e-01 8.85354004e-03 1.65736416e-01 -2.58284188e-01 8.76204082e-03 -4.11507983e-05 -1.41461998e-03 9.14992189e-05
1980             1.65695555e-01 -2.59698334e-01 8.85196240e-03 1.65736416e-01 -2.58284188e-01 8.76204082e-03 -4.08611394e-05 -1.41414545e-03 8.99215814e-05
1981             1.65698974e-01 -2.59709313e-01 8.85778664e-03 1.65740049e-01 -2.58294787e-01 8.76612889e-03 -4.10753072e-05 -1.41452615e-03 9.16577490e-05
1982             1.65699193e-01 -2.59708978e-01 8.85627780e-03 1.65740049e-01 -2.58294787e-01 8.76612889e-03 -4.08563351e-05 -1.41419125e-03 9.01489152e-05
1983             1.65698873e-01 -2.59709412e-01 8.85805248e-03 1.65740049e-01 -2.58294787e-01 8.76612889e-03 -4.11763916e-05 -1.41462502e-03 9.19235887e-05
1984             1.65713901e-01 -2.59721386e-01 8.85876824e-03 1.65754798e-01 -2.58307155e-01 8.76823540e-03 -4.08968980e-05 -1.41423125e-03 9.05328444e-05
1985             1.65713667e-01 -2.59721818e-01 8.86024218e-03 1.65754798e-01 -2.58307155e-01 8.76823540e-03 -4.11306944e-05 -1.41466287e-03 9.20067808e-05
1986             1.65736763e-01 -2.59748342e-01 8.85813140e-03 1.65777683e-01 -2.58333984e-01 8.76779354e-03 -4.09195121e-05 -1.41435784e-03 9.03378638e-05
1987             1.65736412e-01 -2.59748679e-01 8.85977718e-03 1.65777683e-01 -2.58333984e-01 8.76779354e-03 -4.12705365e-05 -1.41469450e-03 9.19836437e-05
1988             1.65765990e-01 -2.59783149e-01 8.85648990e-03 1.65807010e-01 -2.58368835e-01 8.76636219e-03 -4.10199719e-05 -1.41431392e-03 9.01277048e-05
1989             1.65765713e-01 -2.59783517e-01 8.85811192e-03 1.65807010e-01 -2.58368835e-01 8.76636219e-03 -4.12966792e-05 -1.41468124e-03 9.17497307e-05
1990             1.65799543e-01 -2.59826389e-01 8.85544081e-03 1.65840532e-01 -2.58411967e-01 8.76564069e-03 -4.09892757e-05 -1.41442135e-03 8.98001182e-05
1991             1.65799197e-01 -2.59826726e-01 8.85720466e-03 1.65840532e-01 -2.58411967e-01 8.76564069e-03 -4.13356374e-05 -1.41475916e-03 9.15639730e-05
1992             1.65799457e-01 -2.59826265e-01 8.85519581e-03 1.65840532e-01 -2.58411967e-01 8.76564069e-03 -4.10748803e-05 -1.41429784e-03 8.95551189e-05
1993             1.65818883e-01 -2.59861409e-01 8.85791944e-03 1.65860164e-01 -2.58446768e-01 8.76680952e-03 -4.12807590e-05 -1.41464084e-03 9.11099190e-05
1994             1.65819201e-01 -2.59861156e-01 8.85625873e-03 1.65860164e-01 -2.58446768e-01 8.76680952e-03 -4.09626883e-05 -1.41438817e-03 8.94492061e-05
1995             1.65837303e-01 -2.59904318e-01 8.86055381e-03 1.65878523e-01 -2.58489720e-01 8.76941296e-03 -4.12197812e-05 -1.41459893e-03 9.11408541e-05
1996             1.65837618e-01 -2.59903799e-01 8.85885110e-03 1.65878523e-01 -2.58489720e-01 8.76941296e-03 -4.09041521e-05 -1.41407981e-03 8.94381419e-05
1997             1.65851319e-01 -2.59948213e-01 8.86327960e-03 1.65892442e-01 -2.58533723e-01 8.77188803e-03 -4.11229011e-05 -1.41449021e-03 9.13915662e-05
1998             1.65851636e-01 -2.59947892e-01 8.86146841e-03 1.65892442e-01 -2.58533723e-01 8.77188803e-03 -4.08065507e-05 -1.41416901e-03 8.95803788e-05
1999             1.65861154e-01 -2.59991714e-01 8.86446370e-03 1.65902273e-01 -2.58577115e-01 8.77297350e-03 -4.11191725e-05 -1.41459905e-03 9.14901947e-05
2000             1.65861437e-01 -2.59991214e-01 8.86275438e-03 1.65902273e-01 -2.58577115e-01 8.77297350e-03 -4.08363390e-05 -1.41409842e-03 8.97808782e-05
