# Force         
# CofR          : (0.00000000e+00 0.00000000e+00 0.00000000e+00)
#
# Time          	total_x total_y total_z	pressure_x pressure_y pressure_z	viscous_x viscous_y viscous_z
1                7.22896077e+00 -1.35706608e-04 2.03991637e+01 7.03201463e+00 -1.37371392e-04 2.03876687e+01 1.96946133e-01 1.66478461e-06 1.14949530e-02
2                6.49249874e+00 3.03069764e-04 1.69679840e+01 6.31007067e+00 2.99370257e-04 1.69612977e+01 1.82428077e-01 3.69950724e-06 6.68637308e-03
3                4.77916384e+00 1.95543145e-04 1.64205675e+01 4.59833615e+00 1.94238011e-04 1.64150537e+01 1.80827688e-01 1.30513431e-06 5.51387761e-03
4                3.16863079e+00 1.56326457e-04 1.69669939e+01 2.98284906e+00 1.51133618e-04 1.69612059e+01 1.85781733e-01 5.19283882e-06 5.78806592e-03
5                1.91120838e+00 7.50264111e-05 1.75145008e+01 1.71994674e+00 7.28000426e-05 1.75077768e+01 1.91261635e-01 2.22636850e-06 6.72400884e-03
6                1.05702292e+00 1.45587945e-05 1.78775105e+01 8.63067091e-01 1.07035651e-05 1.78697000e+01 1.93955828e-01 3.85522940e-06 7.81049354e-03
7                5.20847856e-01 -3.67977911e-05 1.79843050e+01 3.26162543e-01 -4.23701497e-05 1.79757137e+01 1.94685313e-01 5.57235861e-06 8.59130591e-03
8                2.17687713e-01 -8.80731770e-05 1.78915261e+01 2.18451472e-02 -9.55815461e-05 1.78827836e+01 1.95842566e-01 7.50836907e-06 8.74250009e-03
9                7.76905500e-02 -8.16410032e-05 1.76501327e+01 -1.18728286e-01 -9.00596671e-05 1.76412177e+01 1.96418836e-01 8.41866397e-06 8.91506773e-03
10               4.83790437e-02 -7.89580218e-06 1.73270990e+01 -1.48391615e-01 -1.74577970e-05 1.73182008e+01 1.96770659e-01 9.56199486e-06 8.89817051e-03
11               8.40307757e-02 7.42418831e-05 1.69866525e+01 -1.12859464e-01 6.44919704e-05 1.69777176e+01 1.96890240e-01 9.74991273e-06 8.93496750e-03
12               1.53527435e-01 1.44170672e-04 1.66560915e+01 -4.33663661e-02 1.29512980e-04 1.66468384e+01 1.96893801e-01 1.46576925e-05 9.25304098e-03
13               2.39531095e-01 2.09974014e-04 1.63471503e+01 4.28661852e-02 1.79366020e-04 1.63374348e+01 1.96664910e-01 3.06079940e-05 9.71551969e-03
14               3.34586416e-01 2.55389668e-04 1.60793012e+01 1.37922699e-01 2.04272620e-04 1.60690510e+01 1.96663717e-01 5.11170478e-05 1.02502361e-02
15               4.35308715e-01 2.58965982e-04 1.58735529e+01 2.38793082e-01 2.12277315e-04 1.58627296e+01 1.96515633e-01 4.66886668e-05 1.08233688e-02
16               5.40214701e-01 2.61950673e-04 1.57497022e+01 3.43692106e-01 1.95851079e-04 1.57382832e+01 1.96522595e-01 6.60995934e-05 1.14190022e-02
17               6.47295963e-01 2.37840960e-04 1.57135770e+01 4.50811229e-01 1.95465683e-04 1.57015589e+01 1.96484734e-01 4.23752762e-05 1.20181328e-02
18               7.53163405e-01 2.50974297e-04 1.57073562e+01 5.56682698e-01 2.01665120e-04 1.56947312e+01 1.96480707e-01 4.93091774e-05 1.26250259e-02
19               8.57238237e-01 2.78447200e-04 1.57668556e+01 6.60604277e-01 2.10588140e-04 1.57536996e+01 1.96633960e-01 6.78590599e-05 1.31560057e-02
20               9.56111838e-01 3.08224903e-04 1.58565036e+01 7.59338893e-01 2.21459102e-04 1.58428703e+01 1.96772945e-01 8.67658009e-05 1.36333534e-02
21               1.04813036e+00 2.89977592e-04 1.59382889e+01 8.51149241e-01 2.20695646e-04 1.59242830e+01 1.96981122e-01 6.92819460e-05 1.40058950e-02
22               1.13297403e+00 2.68782643e-04 1.59688987e+01 9.35769530e-01 2.11132537e-04 1.59545989e+01 1.97204496e-01 5.76501058e-05 1.42998011e-02
23               1.21130648e+00 2.33029974e-04 1.59072020e+01 1.01375928e+00 1.86329101e-04 1.58927443e+01 1.97547201e-01 4.67008728e-05 1.44576793e-02
24               1.28441785e+00 1.81926748e-04 1.57108369e+01 1.08647743e+00 1.56139601e-04 1.56963923e+01 1.97940413e-01 2.57871470e-05 1.44446853e-02
25               1.35451471e+00 1.20349653e-04 1.53491129e+01 1.15598895e+00 1.28322456e-04 1.53348291e+01 1.98525767e-01 -7.97280327e-06 1.42838537e-02
26               1.42297736e+00 4.82627574e-05 1.47981310e+01 1.22367081e+00 1.06697712e-04 1.47841331e+01 1.99306556e-01 -5.84349541e-05 1.39979129e-02
27               1.49046081e+00 -3.23938826e-05 1.40469798e+01 1.29021918e+00 9.24487881e-05 1.40333713e+01 2.00241633e-01 -1.24842671e-04 1.36085066e-02
28               1.55718098e+00 -1.08864366e-04 1.31031432e+01 1.35579689e+00 8.65619032e-05 1.30899922e+01 2.01384087e-01 -1.95426269e-04 1.31509472e-02
29               1.62272376e+00 -1.42806078e-04 1.19975915e+01 1.42006283e+00 9.61799633e-05 1.19848675e+01 2.02660927e-01 -2.38986041e-04 1.27240191e-02
30               1.68555711e+00 -1.31892839e-04 1.07784602e+01 1.48128868e+00 1.31684985e-04 1.07661238e+01 2.04268439e-01 -2.63577824e-04 1.23364767e-02
31               1.74466911e+00 -6.84196223e-05 9.56477171e+00 1.53865884e+00 1.87186504e-04 9.55281480e+00 2.06010276e-01 -2.55606126e-04 1.19569028e-02
32               1.79399346e+00 1.70152743e-05 8.34667781e+00 1.58650283e+00 2.55364549e-04 8.33506462e+00 2.07490631e-01 -2.38349275e-04 1.16131892e-02
33               1.83039330e+00 1.16398254e-04 7.17269941e+00 1.62180357e+00 3.35439958e-04 7.16131051e+00 2.08589734e-01 -2.19041704e-04 1.13889096e-02
34               1.85080245e+00 2.24111521e-04 6.18189809e+00 1.64163186e+00 4.24517836e-04 6.17046569e+00 2.09170591e-01 -2.00406316e-04 1.14324001e-02
35               1.86152612e+00 3.53959889e-04 5.28044332e+00 1.65218089e+00 5.20554616e-04 5.26895105e+00 2.09345234e-01 -1.66594727e-04 1.14922675e-02
36               1.86245976e+00 4.94805384e-04 4.51322895e+00 1.65338966e+00 6.15643922e-04 4.50161883e+00 2.09070097e-01 -1.20838538e-04 1.16101215e-02
37               1.85398524e+00 6.27743419e-04 3.90474655e+00 1.64559157e+00 7.00902989e-04 3.89297097e+00 2.08393666e-01 -7.31595700e-05 1.17755780e-02
38               1.83724851e+00 7.31623114e-04 3.46154752e+00 1.62983444e+00 7.69594049e-04 3.44958399e+00 2.07414075e-01 -3.79709348e-05 1.19635282e-02
39               1.81418849e+00 7.98829221e-04 3.18522650e+00 1.60797632e+00 8.17897177e-04 3.17309601e+00 2.06212164e-01 -1.90679555e-05 1.21304914e-02
40               1.78710779e+00 8.28225878e-04 3.07484247e+00 1.58227800e+00 8.46526791e-04 3.06258256e+00 2.04829794e-01 -1.83009135e-05 1.22599136e-02
41               1.76029653e+00 8.31180408e-04 3.09741373e+00 1.55694278e+00 8.53631089e-04 3.08500573e+00 2.03353751e-01 -2.24506814e-05 1.24079958e-02
42               1.73156057e+00 8.14535903e-04 3.31179437e+00 1.52974922e+00 8.45100809e-04 3.29938801e+00 2.01811344e-01 -3.05649063e-05 1.24063582e-02
43               1.70257248e+00 7.85277368e-04 3.66763589e+00 1.50233438e+00 8.24911208e-04 3.65529460e+00 2.00238099e-01 -3.96338397e-05 1.23412912e-02
44               1.67367322e+00 7.20649478e-04 4.12729617e+00 1.47507011e+00 7.84932511e-04 4.11505282e+00 1.98603104e-01 -6.42830333e-05 1.22433472e-02
45               1.64523060e+00 6.50963190e-04 4.65476608e+00 1.44829908e+00 7.28625253e-04 4.64261341e+00 1.96931524e-01 -7.76620630e-05 1.21526697e-02
46               1.61739007e+00 5.87018572e-04 5.21772427e+00 1.42216092e+00 6.68133721e-04 5.20563090e+00 1.95229146e-01 -8.11151489e-05 1.20933678e-02
47               1.59014000e+00 5.03352836e-04 5.79213479e+00 1.39663127e+00 5.92941936e-04 5.78006894e+00 1.93508723e-01 -8.95891003e-05 1.20658445e-02
48               1.56371551e+00 3.92103597e-04 6.36315342e+00 1.37196098e+00 5.05146024e-04 6.35107800e+00 1.91754525e-01 -1.13042427e-04 1.20754235e-02
49               1.53855395e+00 2.63901824e-04 6.92341623e+00 1.34855537e+00 4.10634846e-04 6.91129451e+00 1.89998577e-01 -1.46733022e-04 1.21217149e-02
50               1.51645831e+00 1.36122400e-04 7.42405902e+00 1.32816383e+00 3.19533283e-04 7.41189200e+00 1.88294477e-01 -1.83410884e-04 1.21670235e-02
51               1.49606324e+00 1.99448673e-05 7.92593094e+00 1.30941040e+00 2.41403164e-04 7.91366879e+00 1.86652835e-01 -2.21458297e-04 1.22621456e-02
52               1.47757948e+00 -8.09004622e-05 8.41470670e+00 1.29249139e+00 1.79893634e-04 8.40235382e+00 1.85088098e-01 -2.60794096e-04 1.23528775e-02
53               1.46104867e+00 -1.43031591e-04 8.87745166e+00 1.27747953e+00 1.39212204e-04 8.86502651e+00 1.83569143e-01 -2.82243794e-04 1.24251472e-02
54               1.44649441e+00 -1.59650541e-04 9.30669825e+00 1.26438140e+00 1.17853995e-04 9.29420981e+00 1.82113017e-01 -2.77504537e-04 1.24884393e-02
55               1.43389555e+00 -1.41206866e-04 9.69740796e+00 1.25317678e+00 1.13546932e-04 9.68486374e+00 1.80718763e-01 -2.54753799e-04 1.25442216e-02
56               1.42329385e+00 -1.07786394e-04 1.00468619e+01 1.24389739e+00 1.19148241e-04 1.00342644e+01 1.79396466e-01 -2.26934635e-04 1.25975188e-02
57               1.41471956e+00 -6.44295933e-05 1.03531173e+01 1.23656319e+00 1.28976751e-04 1.03404725e+01 1.78156368e-01 -1.93406345e-04 1.26448527e-02
58               1.40823310e+00 -2.25259779e-05 1.06148543e+01 1.23122560e+00 1.36536081e-04 1.06021662e+01 1.77007494e-01 -1.59062059e-04 1.26880549e-02
59               1.40389099e+00 1.24538360e-05 1.08313073e+01 1.22793222e+00 1.40100192e-04 1.08185863e+01 1.75958766e-01 -1.27646356e-04 1.27210126e-02
60               1.40175355e+00 3.06107959e-05 1.10026110e+01 1.22674778e+00 1.36086010e-04 1.09898658e+01 1.75005765e-01 -1.05475214e-04 1.27452079e-02
61               1.40186792e+00 3.47688247e-05 1.11298514e+01 1.22770903e+00 1.24808048e-04 1.11170955e+01 1.74158886e-01 -9.00392234e-05 1.27559305e-02
62               1.40422422e+00 2.41233874e-05 1.12148837e+01 1.23081248e+00 1.03693061e-04 1.12021250e+01 1.73411743e-01 -7.95696732e-05 1.27586996e-02
63               1.40873434e+00 7.45643474e-06 1.12603746e+01 1.23595429e+00 7.63804154e-05 1.12476222e+01 1.72780055e-01 -6.89239807e-05 1.27524046e-02
64               1.41488454e+00 -1.54101218e-05 1.12813588e+01 1.24261626e+00 4.17439005e-05 1.12686093e+01 1.72268282e-01 -5.71540223e-05 1.27495182e-02
65               1.42299422e+00 -4.74497568e-05 1.12520338e+01 1.25112755e+00 -3.23648836e-06 1.12393085e+01 1.71866662e-01 -4.42132685e-05 1.27253308e-02
66               1.43241701e+00 -7.03953620e-05 1.11848664e+01 1.26085459e+00 -4.68168474e-05 1.11721768e+01 1.71562424e-01 -2.35785146e-05 1.26896250e-02
67               1.44192303e+00 -7.97140014e-05 1.10709952e+01 1.27060742e+00 -8.84159494e-05 1.10583499e+01 1.71315613e-01 8.70194800e-06 1.26453249e-02
68               1.45272833e+00 -7.83095206e-05 1.09229085e+01 1.28153973e+00 -1.24581263e-04 1.09103153e+01 1.71188601e-01 4.62717420e-05 1.25931659e-02
69               1.46456956e+00 -6.70586555e-05 1.07461250e+01 1.29339358e+00 -1.51267174e-04 1.07336024e+01 1.71175983e-01 8.42085182e-05 1.25225651e-02
70               1.47690486e+00 -5.46266905e-05 1.05435708e+01 1.30566148e+00 -1.67811612e-04 1.05311368e+01 1.71243378e-01 1.13184922e-04 1.24339857e-02
71               1.48926759e+00 -4.05741793e-05 1.03185061e+01 1.31788867e+00 -1.73857583e-04 1.03061748e+01 1.71378922e-01 1.33283404e-04 1.23312369e-02
72               1.50200205e+00 -2.15599106e-05 1.00921617e+01 1.33043629e+00 -1.66906272e-04 1.00799381e+01 1.71565758e-01 1.45346361e-04 1.22236092e-02
73               1.51375183e+00 1.26339840e-06 9.85572570e+00 1.34197052e+00 -1.49206150e-04 9.84361623e+00 1.71781309e-01 1.50469548e-04 1.21094704e-02
74               1.52397685e+00 2.04117405e-05 9.61439007e+00 1.35198950e+00 -1.26393392e-04 9.60239188e+00 1.71987353e-01 1.46805132e-04 1.19981897e-02
75               1.53263072e+00 4.57606584e-05 9.37572387e+00 1.36044815e+00 -9.30746888e-05 9.36382952e+00 1.72182571e-01 1.38835347e-04 1.18943496e-02
76               1.53910259e+00 7.50682671e-05 9.16570191e+00 1.36676221e+00 -5.17310538e-05 9.15389480e+00 1.72340376e-01 1.26799321e-04 1.18071046e-02
77               1.54439341e+00 1.09606384e-04 8.96140832e+00 1.37191219e+00 -1.97992577e-06 8.94968965e+00 1.72481215e-01 1.11586310e-04 1.17186729e-02
78               1.54850829e+00 1.50678335e-04 8.77327168e+00 1.37593408e+00 5.58421533e-05 8.76163030e+00 1.72574210e-01 9.48361816e-05 1.16413766e-02
79               1.55148448e+00 1.98869756e-04 8.60820732e+00 1.37884995e+00 1.20025523e-04 8.59663443e+00 1.72634532e-01 7.88442328e-05 1.15728893e-02
80               1.55327854e+00 2.52884499e-04 8.46953812e+00 1.38063472e+00 1.87059151e-04 8.45801930e+00 1.72643821e-01 6.58253481e-05 1.15188207e-02
81               1.55389533e+00 3.11420794e-04 8.35896027e+00 1.38128088e+00 2.53453697e-04 8.34748424e+00 1.72614450e-01 5.79670968e-05 1.14760281e-02
82               1.55333894e+00 3.68405516e-04 8.27720811e+00 1.38080633e+00 3.14950618e-04 8.26576177e+00 1.72532608e-01 5.34548987e-05 1.14463400e-02
83               1.55166712e+00 4.21666908e-04 8.22423818e+00 1.37925041e+00 3.67892463e-04 8.21281187e+00 1.72416718e-01 5.37744451e-05 1.14263127e-02
84               1.54957101e+00 4.63847053e-04 8.20264058e+00 1.37729920e+00 4.06379800e-04 8.19122324e+00 1.72271807e-01 5.74672526e-05 1.14173471e-02
85               1.54625098e+00 5.03744332e-04 8.20185482e+00 1.37414712e+00 4.38323663e-04 8.19044162e+00 1.72103855e-01 6.54206689e-05 1.14131969e-02
86               1.54216472e+00 5.38793873e-04 8.22169484e+00 1.37026621e+00 4.62680542e-04 8.21027651e+00 1.71898512e-01 7.61133315e-05 1.14183316e-02
87               1.53717735e+00 5.77370158e-04 8.26953707e+00 1.36549053e+00 4.86439745e-04 8.25810840e+00 1.71686816e-01 9.09304129e-05 1.14286781e-02
88               1.53095709e+00 6.13892579e-04 8.34278940e+00 1.35952086e+00 5.08179483e-04 8.33134766e+00 1.71436232e-01 1.05713096e-04 1.14417445e-02
89               1.52492948e+00 6.43647034e-04 8.42427783e+00 1.35372836e+00 5.22633723e-04 8.41282440e+00 1.71201120e-01 1.21013310e-04 1.14534341e-02
90               1.51902955e+00 6.74220189e-04 8.51435757e+00 1.34807524e+00 5.38542543e-04 8.50289278e+00 1.70954305e-01 1.35677646e-04 1.14647915e-02
91               1.51347586e+00 7.09941122e-04 8.61016804e+00 1.34274623e+00 5.61627229e-04 8.59869530e+00 1.70729629e-01 1.48313893e-04 1.14727430e-02
92               1.50837113e+00 7.49036375e-04 8.70871702e+00 1.33786611e+00 5.90474809e-04 8.69723510e+00 1.70505023e-01 1.58561566e-04 1.14819235e-02
93               1.50381335e+00 7.92884300e-04 8.80735681e+00 1.33351314e+00 6.27885935e-04 8.79586834e+00 1.70300212e-01 1.64998364e-04 1.14884754e-02
94               1.50007647e+00 8.39926082e-04 8.89676630e+00 1.32997884e+00 6.70011234e-04 8.88527297e+00 1.70097622e-01 1.69914848e-04 1.14933231e-02
95               1.49688213e+00 8.91753066e-04 8.98534978e+00 1.32697229e+00 7.18408769e-04 8.97384966e+00 1.69909833e-01 1.73344296e-04 1.15001132e-02
96               1.49422576e+00 9.45285025e-04 9.07020483e+00 1.32450017e+00 7.68971691e-04 9.05869659e+00 1.69725587e-01 1.76313334e-04 1.15082356e-02
97               1.49211880e+00 1.00132294e-03 9.14897161e+00 1.32255694e+00 8.21872242e-04 9.13745674e+00 1.69561851e-01 1.79450698e-04 1.15148710e-02
98               1.49057434e+00 1.04806148e-03 9.21254110e+00 1.32116610e+00 8.65361276e-04 9.20101876e+00 1.69408239e-01 1.82700202e-04 1.15223383e-02
99               1.48953461e+00 1.10102500e-03 9.27610352e+00 1.32025432e+00 9.13444811e-04 9.26457610e+00 1.69280292e-01 1.87580192e-04 1.15274162e-02
100              1.48907073e+00 1.15144809e-03 9.32932922e+00 1.31990029e+00 9.57219027e-04 9.31779971e+00 1.69170436e-01 1.94229063e-04 1.15295019e-02
101              1.48910978e+00 1.19794990e-03 9.37133147e+00 1.32001947e+00 9.95399857e-04 9.35980420e+00 1.69090312e-01 2.02550039e-04 1.15272719e-02
102              1.48957984e+00 1.23728793e-03 9.40187799e+00 1.32055581e+00 1.02466890e-03 9.39035508e+00 1.69024027e-01 2.12619030e-04 1.15229102e-02
103              1.49045904e+00 1.26965688e-03 9.42072310e+00 1.32146923e+00 1.04493798e-03 9.40920869e+00 1.68989818e-01 2.24718901e-04 1.15144041e-02
104              1.49169620e+00 1.29243015e-03 9.42768623e+00 1.32272501e+00 1.05376677e-03 9.41618276e+00 1.68971198e-01 2.38663381e-04 1.15034714e-02
105              1.49317059e+00 1.30573671e-03 9.42503336e+00 1.32418518e+00 1.05142480e-03 9.41354372e+00 1.68985411e-01 2.54311913e-04 1.14896365e-02
106              1.49501010e+00 1.30625777e-03 9.40769394e+00 1.32599694e+00 1.03229774e-03 9.39622314e+00 1.69013155e-01 2.73960033e-04 1.14707959e-02
107              1.49711204e+00 1.29365210e-03 9.37832131e+00 1.32804400e+00 9.99762513e-04 9.36687434e+00 1.69068037e-01 2.93889587e-04 1.14469765e-02
108              1.49938457e+00 1.26757958e-03 9.33875730e+00 1.33025408e+00 9.54008134e-04 9.32733496e+00 1.69130484e-01 3.13571447e-04 1.14223468e-02
109              1.50177802e+00 1.22977462e-03 9.29066804e+00 1.33256238e+00 8.97470734e-04 9.27927241e+00 1.69215639e-01 3.32303881e-04 1.13956219e-02
110              1.50421814e+00 1.17958092e-03 9.23591079e+00 1.33491607e+00 8.30569887e-04 9.22454098e+00 1.69302071e-01 3.49011037e-04 1.13698012e-02
111              1.50664944e+00 1.11859260e-03 9.17651514e+00 1.33724729e+00 7.55571464e-04 9.16517170e+00 1.69402144e-01 3.63021132e-04 1.13434342e-02
112              1.50898258e+00 1.04752558e-03 9.11459296e+00 1.33948636e+00 6.73738887e-04 9.10327332e+00 1.69496215e-01 3.73786695e-04 1.13196368e-02
113              1.51115339e+00 9.74542582e-04 9.05228992e+00 1.34155764e+00 5.96957938e-04 9.04099280e+00 1.69595758e-01 3.77584644e-04 1.12971216e-02
114              1.51296869e+00 9.01524949e-04 8.99553187e+00 1.34329033e+00 5.21781183e-04 8.98425157e+00 1.69678360e-01 3.79743765e-04 1.12803047e-02
115              1.51451942e+00 8.25663547e-04 8.94050185e+00 1.34475850e+00 4.46030139e-04 8.92923828e+00 1.69760917e-01 3.79633408e-04 1.12635741e-02
116              1.51576090e+00 7.47740577e-04 8.88932099e+00 1.34593710e+00 3.70297131e-04 8.87806944e+00 1.69823796e-01 3.77443447e-04 1.12515509e-02
117              1.51668387e+00 6.69694612e-04 8.84407531e+00 1.34680083e+00 2.95857633e-04 8.83283342e+00 1.69883041e-01 3.73836979e-04 1.12418983e-02
118              1.51725279e+00 5.93377170e-04 8.80605171e+00 1.34733085e+00 2.24750625e-04 8.79481469e+00 1.69921948e-01 3.68626545e-04 1.12370119e-02
119              1.51747210e+00 5.21668458e-04 8.77605211e+00 1.34751792e+00 1.59092236e-04 8.76481751e+00 1.69954177e-01 3.62576222e-04 1.12346031e-02
120              1.51734093e+00 4.56627149e-04 8.75448327e+00 1.34737453e+00 1.01139991e-04 8.74324672e+00 1.69966396e-01 3.55487158e-04 1.12365488e-02
121              1.51689242e+00 4.00431040e-04 8.74134169e+00 1.34691950e+00 5.24448238e-05 8.73010162e+00 1.69972919e-01 3.47986216e-04 1.12400677e-02
122              1.51615792e+00 3.54347136e-04 8.73640025e+00 1.34619680e+00 1.47247683e-05 8.72515323e+00 1.69961127e-01 3.39622368e-04 1.12470199e-02
123              1.51519553e+00 3.19837720e-04 8.73916214e+00 1.34524901e+00 -1.13446211e-05 8.72790737e+00 1.69946522e-01 3.31182342e-04 1.12547676e-02
124              1.51409438e+00 2.96928259e-04 8.74771584e+00 1.34417914e+00 -2.54105808e-05 8.73645092e+00 1.69915241e-01 3.22338840e-04 1.12649228e-02
125              1.51281045e+00 2.88313553e-04 8.76420750e+00 1.34292527e+00 -2.35411300e-05 8.75293210e+00 1.69885186e-01 3.11854683e-04 1.12754025e-02
126              1.51142486e+00 2.95793297e-04 8.78640241e+00 1.34158245e+00 -5.84630139e-06 8.77511487e+00 1.69842412e-01 3.01639598e-04 1.12875384e-02
127              1.51000809e+00 3.16570221e-04 8.81271391e+00 1.34020363e+00 2.45170585e-05 8.80141581e+00 1.69804456e-01 2.92053162e-04 1.12980965e-02
128              1.50859919e+00 3.49194744e-04 8.84186182e+00 1.33884288e+00 6.60067350e-05 8.83055231e+00 1.69756311e-01 2.83188009e-04 1.13095107e-02
129              1.50725159e+00 3.90984515e-04 8.87277262e+00 1.33753451e+00 1.15568326e-04 8.86145372e+00 1.69717081e-01 2.75416189e-04 1.13188942e-02
130              1.50598229e+00 4.40439516e-04 8.90435547e+00 1.33631449e+00 1.71793761e-04 8.89302662e+00 1.69667802e-01 2.68645755e-04 1.13288516e-02
131              1.50488336e+00 4.91931133e-04 8.93391559e+00 1.33525281e+00 2.28792781e-04 8.92258038e+00 1.69630552e-01 2.63138352e-04 1.13352115e-02
132              1.50389713e+00 5.42900294e-04 8.96305046e+00 1.33431248e+00 2.82453735e-04 8.95170701e+00 1.69584652e-01 2.60446559e-04 1.13434505e-02
133              1.50304945e+00 5.95626629e-04 8.99095895e+00 1.33349826e+00 3.36716673e-04 8.97960982e+00 1.69551196e-01 2.58909956e-04 1.13491392e-02
134              1.50234211e+00 6.50025781e-04 9.01665096e+00 1.33283229e+00 3.91357521e-04 9.00529573e+00 1.69509818e-01 2.58668261e-04 1.13552291e-02
135              1.50180694e+00 7.03678609e-04 9.03955126e+00 1.33232381e+00 4.43545570e-04 9.02819250e+00 1.69483125e-01 2.60133040e-04 1.13587627e-02
136              1.50143277e+00 7.55880526e-04 9.05904310e+00 1.33198209e+00 4.92543197e-04 9.04768048e+00 1.69450685e-01 2.63337329e-04 1.13626247e-02
137              1.50124052e+00 8.04422599e-04 9.07488551e+00 1.33180589e+00 5.35875851e-04 9.06352180e+00 1.69434626e-01 2.68546747e-04 1.13637153e-02
138              1.50120798e+00 8.48553733e-04 9.08676406e+00 1.33179493e+00 5.73237291e-04 9.07539903e+00 1.69413056e-01 2.75316442e-04 1.13650296e-02
139              1.50134538e+00 8.86272482e-04 9.09467353e+00 1.33193755e+00 6.02623034e-04 9.08330979e+00 1.69407827e-01 2.83649449e-04 1.13637399e-02
140              1.50162433e+00 9.17717557e-04 9.09858576e+00 1.33222618e+00 6.24504869e-04 9.08722281e+00 1.69398148e-01 2.93212689e-04 1.13629448e-02
141              1.50204802e+00 9.40620406e-04 9.09868950e+00 1.33264198e+00 6.37009068e-04 9.08732991e+00 1.69406041e-01 3.03611338e-04 1.13595832e-02
142              1.50254590e+00 9.56269721e-04 9.09568890e+00 1.33313797e+00 6.40690381e-04 9.08433191e+00 1.69407925e-01 3.15579340e-04 1.13569883e-02
143              1.50317763e+00 9.59144599e-04 9.08853695e+00 1.33375097e+00 6.31989105e-04 9.07718540e+00 1.69426662e-01 3.27155494e-04 1.13515494e-02
144              1.50387531e+00 9.51060001e-04 9.07810257e+00 1.33443725e+00 6.12890161e-04 9.06675565e+00 1.69438054e-01 3.38169840e-04 1.13469244e-02
145              1.50462815e+00 9.31358304e-04 9.06519878e+00 1.33516360e+00 5.83353496e-04 9.05385825e+00 1.69464545e-01 3.48004808e-04 1.13405259e-02
146              1.50538426e+00 9.01983998e-04 9.05035311e+00 1.33590302e+00 5.45588158e-04 9.03901762e+00 1.69481240e-01 3.56395840e-04 1.13354841e-02
147              1.50613833e+00 8.62278489e-04 9.03425086e+00 1.33662693e+00 4.99481194e-04 9.02292158e+00 1.69511401e-01 3.62797294e-04 1.13292713e-02
148              1.50684495e+00 8.14925020e-04 9.01736321e+00 1.33731492e+00 4.47438542e-04 9.00603831e+00 1.69530027e-01 3.67486479e-04 1.13249018e-02
149              1.50747602e+00 7.63111171e-04 9.00131332e+00 1.33791626e+00 3.93055462e-04 8.98999323e+00 1.69559762e-01 3.70055709e-04 1.13200902e-02
150              1.50801785e+00 7.12144311e-04 8.98512476e+00 1.33844226e+00 3.42952849e-04 8.97380804e+00 1.69575590e-01 3.69191462e-04 1.13167208e-02
151              1.50847914e+00 6.56614593e-04 8.96945651e+00 1.33887786e+00 2.89973705e-04 8.95814374e+00 1.69601275e-01 3.66640888e-04 1.13127641e-02
152              1.50882931e+00 5.99682723e-04 8.95479346e+00 1.33921798e+00 2.36202044e-04 8.94348211e+00 1.69611322e-01 3.63480679e-04 1.13113550e-02
153              1.50908578e+00 5.40977509e-04 8.94178345e+00 1.33945392e+00 1.82186735e-04 8.93047401e+00 1.69631859e-01 3.58790774e-04 1.13094427e-02
154              1.50922814e+00 4.84933918e-04 8.93070014e+00 1.33959311e+00 1.31144980e-04 8.91939028e+00 1.69635028e-01 3.53788938e-04 1.13098532e-02
155              1.50928227e+00 4.31393640e-04 8.92195178e+00 1.33963454e+00 8.37401764e-05 8.91064211e+00 1.69647729e-01 3.47653464e-04 1.13096652e-02
156              1.50923825e+00 3.84339720e-04 8.91561602e+00 1.33959359e+00 4.27568530e-05 8.90430413e+00 1.69644659e-01 3.41582867e-04 1.13118919e-02
157              1.50915416e+00 3.40890746e-04 8.91100526e+00 1.33950294e+00 6.05409841e-06 8.89969241e+00 1.69651220e-01 3.34836648e-04 1.13128470e-02
158              1.50896984e+00 3.07217386e-04 8.90958031e+00 1.33932775e+00 -2.12303935e-05 8.89826394e+00 1.69642092e-01 3.28447780e-04 1.13163715e-02
159              1.50880776e+00 2.83772825e-04 8.91075827e+00 1.33916205e+00 -3.71251528e-05 8.89943897e+00 1.69645710e-01 3.20897977e-04 1.13192981e-02
160              1.50850946e+00 2.67384726e-04 8.91437603e+00 1.33887706e+00 -4.69600965e-05 8.90305268e+00 1.69632395e-01 3.14344823e-04 1.13233457e-02
161              1.50825450e+00 2.65019940e-04 8.91907219e+00 1.33862138e+00 -4.28589558e-05 8.90774572e+00 1.69633123e-01 3.07878895e-04 1.13264649e-02
162              1.50795483e+00 2.71612514e-04 8.92553055e+00 1.33833582e+00 -3.08118184e-05 8.91420009e+00 1.69619014e-01 3.02424333e-04 1.13304648e-02
163              1.50764162e+00 2.85870078e-04 8.93323616e+00 1.33802539e+00 -1.19077225e-05 8.92190359e+00 1.69616228e-01 2.97777800e-04 1.13325686e-02
164              1.50729785e+00 3.08034555e-04 8.94177387e+00 1.33769594e+00 1.40828313e-05 8.93043789e+00 1.69601906e-01 2.93951724e-04 1.13359779e-02
165              1.50695346e+00 3.33974746e-04 8.95051033e+00 1.33735504e+00 4.30804543e-05 8.93917337e+00 1.69598416e-01 2.90894291e-04 1.13369658e-02
166              1.50660120e+00 3.63312104e-04 8.95934382e+00 1.33701801e+00 7.50209656e-05 8.94800448e+00 1.69583196e-01 2.88291138e-04 1.13393412e-02
167              1.50627168e+00 3.92500851e-04 8.96809556e+00 1.33669377e+00 1.04718027e-04 8.95675563e+00 1.69577918e-01 2.87782824e-04 1.13399283e-02
168              1.50596301e+00 4.22966735e-04 8.97641217e+00 1.33640028e+00 1.35720717e-04 8.96507043e+00 1.69562726e-01 2.87246018e-04 1.13417399e-02
169              1.50570716e+00 4.54135724e-04 8.98410905e+00 1.33614858e+00 1.66484649e-04 8.97276735e+00 1.69558580e-01 2.87651075e-04 1.13417093e-02
170              1.50549660e+00 4.85090230e-04 8.99092477e+00 1.33595161e+00 1.96970783e-04 8.97958214e+00 1.69544992e-01 2.88119447e-04 1.13426265e-02
171              1.50535804e+00 5.14826830e-04 8.99674266e+00 1.33581499e+00 2.25227469e-04 8.98540087e+00 1.69543044e-01 2.89599361e-04 1.13417890e-02
172              1.50527326e+00 5.42243460e-04 9.00152496e+00 1.33574053e+00 2.51196854e-04 8.99018260e+00 1.69532732e-01 2.91046606e-04 1.13423612e-02
173              1.50526005e+00 5.67005399e-04 9.00521103e+00 1.33572598e+00 2.73286807e-04 8.99387000e+00 1.69534072e-01 2.93718592e-04 1.13410220e-02
174              1.50529398e+00 5.88570830e-04 9.00772992e+00 1.33576668e+00 2.92391006e-04 8.99638925e+00 1.69527295e-01 2.96179824e-04 1.13406766e-02
175              1.50530116e+00 6.00355784e-04 9.00836167e+00 1.33577344e+00 3.00899234e-04 8.99702327e+00 1.69527717e-01 2.99456550e-04 1.13384088e-02
176              1.50538731e+00 6.21195774e-04 9.00943703e+00 1.33586211e+00 3.19022946e-04 8.99809882e+00 1.69525206e-01 3.02172829e-04 1.13382158e-02
177              1.50543925e+00 6.28264558e-04 9.00898940e+00 1.33591092e+00 3.22806089e-04 8.99765370e+00 1.69528325e-01 3.05458469e-04 1.13356986e-02
178              1.50549858e+00 6.34944935e-04 9.00788568e+00 1.33597378e+00 3.26570653e-04 8.99655096e+00 1.69524806e-01 3.08374282e-04 1.13347271e-02
179              1.50557579e+00 6.37614312e-04 9.00615426e+00 1.33604575e+00 3.26323172e-04 8.99482158e+00 1.69530042e-01 3.11291140e-04 1.13326808e-02
180              1.50566511e+00 6.38909868e-04 9.00381610e+00 1.33613763e+00 3.25396073e-04 8.99248403e+00 1.69527484e-01 3.13513795e-04 1.13320710e-02
181              1.50578358e+00 6.35573611e-04 9.00098668e+00 1.33624875e+00 3.19663592e-04 8.98965629e+00 1.69534830e-01 3.15910020e-04 1.13303890e-02
182              1.50591113e+00 6.30980916e-04 8.99781480e+00 1.33637710e+00 3.13299929e-04 8.98648470e+00 1.69534034e-01 3.17680986e-04 1.13301074e-02
183              1.50606087e+00 6.21947044e-04 8.99446874e+00 1.33651755e+00 3.02332909e-04 8.98313985e+00 1.69543319e-01 3.19614134e-04 1.13288821e-02
184              1.50621024e+00 6.12257582e-04 8.99103957e+00 1.33666603e+00 2.91317588e-04 8.97971055e+00 1.69544207e-01 3.20939995e-04 1.13290186e-02
185              1.50637179e+00 5.98615330e-04 8.98763290e+00 1.33681710e+00 2.76263530e-04 8.97630481e+00 1.69554686e-01 3.22351800e-04 1.13280824e-02
186              1.50652442e+00 5.85180929e-04 8.98430076e+00 1.33696802e+00 2.62682667e-04 8.97297240e+00 1.69556399e-01 3.22498262e-04 1.13283542e-02
187              1.50668170e+00 5.68498465e-04 8.98109720e+00 1.33711489e+00 2.45724024e-04 8.96976968e+00 1.69566818e-01 3.22774441e-04 1.13275139e-02
188              1.50682323e+00 5.52464648e-04 8.97804650e+00 1.33725511e+00 2.29899827e-04 8.96671839e+00 1.69568125e-01 3.22564821e-04 1.13281120e-02
189              1.50696065e+00 5.33300147e-04 8.97526112e+00 1.33738187e+00 2.10852727e-04 8.96393349e+00 1.69578779e-01 3.22447419e-04 1.13276318e-02
190              1.50706814e+00 5.15640828e-04 8.97280303e+00 1.33748887e+00 1.93922947e-04 8.96147455e+00 1.69579266e-01 3.21717882e-04 1.13284804e-02
191              1.50715533e+00 4.95606280e-04 8.97079272e+00 1.33756781e+00 1.74627372e-04 8.95946452e+00 1.69587522e-01 3.20978907e-04 1.13281998e-02
192              1.50720226e+00 4.78756246e-04 8.96927492e+00 1.33761622e+00 1.59061027e-04 8.95794559e+00 1.69586040e-01 3.19695219e-04 1.13293368e-02
193              1.50722601e+00 4.60257844e-04 8.96827177e+00 1.33763346e+00 1.41868142e-04 8.95694249e+00 1.69592549e-01 3.18389702e-04 1.13292813e-02
194              1.50721247e+00 4.44934012e-04 8.96778426e+00 1.33762344e+00 1.28565034e-04 8.95645378e+00 1.69589031e-01 3.16368978e-04 1.13304748e-02
195              1.50718454e+00 4.28673165e-04 8.96778539e+00 1.33759079e+00 1.14270403e-04 8.95645481e+00 1.69593750e-01 3.14402762e-04 1.13305816e-02
196              1.50713101e+00 4.17757217e-04 8.96823252e+00 1.33754210e+00 1.05767217e-04 8.95690045e+00 1.69588910e-01 3.11990000e-04 1.13320714e-02
197              1.50707429e+00 4.06726409e-04 8.96907678e+00 1.33748198e+00 9.68264430e-05 8.95774450e+00 1.69592314e-01 3.09899966e-04 1.13322817e-02
198              1.50700170e+00 4.00955679e-04 8.97026328e+00 1.33741508e+00 9.34263107e-05 8.95892963e+00 1.69586624e-01 3.07529369e-04 1.13336435e-02
199              1.50693213e+00 3.94891707e-04 8.97172192e+00 1.33734344e+00 8.93555534e-05 8.96038827e+00 1.69588690e-01 3.05536153e-04 1.13336500e-02
200              1.50685196e+00 3.94099159e-04 8.97338778e+00 1.33726943e+00 9.06808843e-05 8.96205292e+00 1.69582538e-01 3.03418275e-04 1.13348570e-02
201              1.50677899e+00 3.92955818e-04 8.97518139e+00 1.33719435e+00 9.10896979e-05 8.96384665e+00 1.69584639e-01 3.01866120e-04 1.13347338e-02
202              1.50669835e+00 3.96436051e-04 8.97702458e+00 1.33712020e+00 9.63391026e-05 8.96568895e+00 1.69578154e-01 3.00096948e-04 1.13356359e-02
203              1.50662568e+00 3.99275294e-04 8.97885636e+00 1.33704648e+00 9.99236388e-05 8.96752123e+00 1.69579200e-01 2.99351655e-04 1.13351359e-02
204              1.50654832e+00 4.05912413e-04 8.98063050e+00 1.33697522e+00 1.07617775e-04 8.96929471e+00 1.69573095e-01 2.98294639e-04 1.13357867e-02
205              1.50647922e+00 4.11459569e-04 8.98231874e+00 1.33690515e+00 1.13749136e-04 8.97098363e+00 1.69574076e-01 2.97710433e-04 1.13351109e-02
206              1.50640613e+00 4.20736910e-04 8.98388367e+00 1.33683836e+00 1.23899669e-04 8.97254810e+00 1.69567769e-01 2.96837241e-04 1.13355634e-02
207              1.50634508e+00 4.28490848e-04 8.98531001e+00 1.33677627e+00 1.32063721e-04 8.97397520e+00 1.69568809e-01 2.96427128e-04 1.13348038e-02
208              1.50628789e+00 4.39927718e-04 8.98652718e+00 1.33672461e+00 1.44181180e-04 8.97519198e+00 1.69563274e-01 2.95746537e-04 1.13352002e-02
209              1.50625164e+00 4.48956382e-04 8.98748870e+00 1.33668670e+00 1.53317154e-04 8.97615428e+00 1.69564943e-01 2.95639228e-04 1.13344124e-02
210              1.50622959e+00 4.61264254e-04 8.98814880e+00 1.33666911e+00 1.65960325e-04 8.97681407e+00 1.69560472e-01 2.95303929e-04 1.13347314e-02
211              1.50623382e+00 4.69802071e-04 8.98850253e+00 1.33667093e+00 1.74332708e-04 8.97716868e+00 1.69562885e-01 2.95469363e-04 1.13338499e-02
212              1.50625021e+00 4.81557960e-04 8.98857898e+00 1.33669075e+00 1.86058858e-04 8.97724486e+00 1.69559458e-01 2.95499102e-04 1.13341173e-02
213              1.50628752e+00 4.88926043e-04 8.98839204e+00 1.33672368e+00 1.92864513e-04 8.97705887e+00 1.69563836e-01 2.96061530e-04 1.13331646e-02
214              1.50632817e+00 4.99570746e-04 8.98798128e+00 1.33676654e+00 2.03200801e-04 8.97664795e+00 1.69561632e-01 2.96369945e-04 1.13333297e-02
215              1.50638064e+00 5.05230481e-04 8.98737483e+00 1.33681428e+00 2.08173850e-04 8.97604252e+00 1.69566364e-01 2.97056631e-04 1.13323069e-02
216              1.50643022e+00 5.13091269e-04 8.98662502e+00 1.33686558e+00 2.15618779e-04 8.97529255e+00 1.69564637e-01 2.97472491e-04 1.13324741e-02
217              1.50648669e+00 5.15908485e-04 8.98575570e+00 1.33691703e+00 2.17681656e-04 8.97442423e+00 1.69569657e-01 2.98226829e-04 1.13314719e-02
218              1.50653550e+00 5.20758534e-04 8.98481492e+00 1.33696763e+00 2.22148220e-04 8.97348325e+00 1.69567872e-01 2.98610313e-04 1.13316715e-02
219              1.50658909e+00 5.20778865e-04 8.98384458e+00 1.33701552e+00 2.21692628e-04 8.97251381e+00 1.69573572e-01 2.99086237e-04 1.13307684e-02
220              1.50663355e+00 5.22857387e-04 8.98287215e+00 1.33706162e+00 2.23612192e-04 8.97154098e+00 1.69571930e-01 2.99245195e-04 1.13311719e-02
221              1.50668116e+00 5.21031193e-04 8.98193010e+00 1.33710363e+00 2.21307901e-04 8.97059964e+00 1.69577535e-01 2.99723293e-04 1.13304564e-02
222              1.50671954e+00 5.21176332e-04 8.98103679e+00 1.33714378e+00 2.21325511e-04 8.96970578e+00 1.69575762e-01 2.99850821e-04 1.13310152e-02
223              1.50676122e+00 5.17577903e-04 8.98021557e+00 1.33718016e+00 2.17433886e-04 8.96888529e+00 1.69581064e-01 3.00144017e-04 1.13302777e-02
224              1.50679101e+00 5.16175354e-04 8.97948493e+00 1.33721279e+00 2.15953983e-04 8.96815408e+00 1.69578213e-01 3.00221371e-04 1.13308552e-02
225              1.50682465e+00 5.11366821e-04 8.97884262e+00 1.33724103e+00 2.10912932e-04 8.96751230e+00 1.69583621e-01 3.00453889e-04 1.13303210e-02
226              1.50684693e+00 5.08479077e-04 8.97827693e+00 1.33726607e+00 2.08114032e-04 8.96694586e+00 1.69580861e-01 3.00365045e-04 1.13310624e-02
227              1.50686960e+00 5.02271051e-04 8.97782313e+00 1.33728418e+00 2.01850686e-04 8.96649266e+00 1.69585427e-01 3.00420366e-04 1.13304685e-02
228              1.50687802e+00 4.98625542e-04 8.97747820e+00 1.33729605e+00 1.98371566e-04 8.96614703e+00 1.69581969e-01 3.00253976e-04 1.13311767e-02
229              1.50688428e+00 4.91574913e-04 8.97726000e+00 1.33729808e+00 1.91382592e-04 8.96592942e+00 1.69586197e-01 3.00192321e-04 1.13305811e-02
230              1.50687411e+00 4.87765772e-04 8.97717639e+00 1.33729164e+00 1.87861990e-04 8.96584506e+00 1.69582464e-01 2.99903783e-04 1.13313313e-02
231              1.50686422e+00 4.80521595e-04 8.97721240e+00 1.33727738e+00 1.80833355e-04 8.96588168e+00 1.69586837e-01 2.99688240e-04 1.13307195e-02
232              1.50684027e+00 4.77121339e-04 8.97735889e+00 1.33725796e+00 1.77876350e-04 8.96602745e+00 1.69582310e-01 2.99244989e-04 1.13314401e-02
233              1.50681895e+00 4.70692870e-04 8.97758813e+00 1.33723341e+00 1.71686669e-04 8.96625726e+00 1.69585534e-01 2.99006201e-04 1.13308797e-02
234              1.50678849e+00 4.68149485e-04 8.97789859e+00 1.33720747e+00 1.69650182e-04 8.96656691e+00 1.69581027e-01 2.98499303e-04 1.13316849e-02
235              1.50676430e+00 4.62746150e-04 8.97825762e+00 1.33718019e+00 1.64597134e-04 8.96692651e+00 1.69584112e-01 2.98149016e-04 1.13311096e-02
236              1.50675969e+00 4.62238034e-04 8.97825847e+00 1.33718019e+00 1.64597134e-04 8.96692651e+00 1.69579501e-01 2.97640900e-04 1.13319596e-02
237              1.50674804e+00 4.58241001e-04 8.97877171e+00 1.33716561e+00 1.60811299e-04 8.96744034e+00 1.69582428e-01 2.97429702e-04 1.13313777e-02
238              1.50672510e+00 4.58502011e-04 8.97923954e+00 1.33714678e+00 1.61523062e-04 8.96790735e+00 1.69578321e-01 2.96978949e-04 1.13321941e-02
239              1.50672872e+00 4.58192094e-04 8.97923905e+00 1.33714678e+00 1.61523062e-04 8.96790735e+00 1.69581938e-01 2.96669032e-04 1.13317046e-02
240              1.50670812e+00 4.57853681e-04 8.97990237e+00 1.33713137e+00 1.61636652e-04 8.96857025e+00 1.69576757e-01 2.96217029e-04 1.13321222e-02
241              1.50671155e+00 4.57616979e-04 8.97990195e+00 1.33713137e+00 1.61636652e-04 8.96857025e+00 1.69580182e-01 2.95980328e-04 1.13316992e-02
242              1.50669096e+00 4.54700847e-04 8.98057141e+00 1.33711500e+00 1.59273635e-04 8.96923893e+00 1.69575959e-01 2.95427212e-04 1.13324802e-02
243              1.50667489e+00 4.51464340e-04 8.98104414e+00 1.33709602e+00 1.56226250e-04 8.96971242e+00 1.69578876e-01 2.95238090e-04 1.13317192e-02
244              1.50667057e+00 4.50895853e-04 8.98104469e+00 1.33709602e+00 1.56226250e-04 8.96971242e+00 1.69574550e-01 2.94669603e-04 1.13322745e-02
245              1.50665065e+00 4.51357716e-04 8.98160520e+00 1.33707342e+00 1.56614546e-04 8.97027347e+00 1.69577238e-01 2.94743171e-04 1.13317296e-02
246              1.50664692e+00 4.50940445e-04 8.98160577e+00 1.33707342e+00 1.56614546e-04 8.97027347e+00 1.69573505e-01 2.94325899e-04 1.13323000e-02
247              1.50663195e+00 4.49395183e-04 8.98201716e+00 1.33705707e+00 1.55236294e-04 8.97068567e+00 1.69574871e-01 2.94158889e-04 1.13314954e-02
248              1.50662803e+00 4.48973781e-04 8.98201762e+00 1.33705707e+00 1.55236294e-04 8.97068567e+00 1.69570952e-01 2.93737487e-04 1.13319546e-02
249              1.50660964e+00 4.59107575e-04 8.98248597e+00 1.33703633e+00 1.65358691e-04 8.97115474e+00 1.69573301e-01 2.93748884e-04 1.13312258e-02
250              1.50660652e+00 4.58772663e-04 8.98248661e+00 1.33703633e+00 1.65358691e-04 8.97115474e+00 1.69570184e-01 2.93413972e-04 1.13318717e-02
251              1.50658926e+00 4.68096698e-04 8.98286678e+00 1.33701630e+00 1.74706445e-04 8.97153522e+00 1.69572965e-01 2.93390253e-04 1.13315642e-02
252              1.50658538e+00 4.67882686e-04 8.98286705e+00 1.33701630e+00 1.74706445e-04 8.97153522e+00 1.69569085e-01 2.93176241e-04 1.13318314e-02
253              1.50658850e+00 4.67943140e-04 8.98286606e+00 1.33701630e+00 1.74706445e-04 8.97153522e+00 1.69572206e-01 2.93236695e-04 1.13308408e-02
254              1.50656218e+00 4.75145707e-04 8.98320948e+00 1.33699509e+00 1.82244834e-04 8.97187785e+00 1.69567084e-01 2.92900873e-04 1.13316377e-02
255              1.50656819e+00 4.75204596e-04 8.98320932e+00 1.33699509e+00 1.82244834e-04 8.97187785e+00 1.69573100e-01 2.92959762e-04 1.13314745e-02
256              1.50654489e+00 4.81642730e-04 8.98345161e+00 1.33697726e+00 1.89043824e-04 8.97211933e+00 1.69567634e-01 2.92598906e-04 1.13322736e-02
257              1.50654929e+00 4.81609037e-04 8.98345101e+00 1.33697726e+00 1.89043824e-04 8.97211933e+00 1.69572028e-01 2.92565213e-04 1.13316827e-02
258              1.50652913e+00 4.78985628e-04 8.98360140e+00 1.33696282e+00 1.86636993e-04 8.97226902e+00 1.69566307e-01 2.92348634e-04 1.13323791e-02
259              1.50653434e+00 4.79086236e-04 8.98360102e+00 1.33696282e+00 1.86636993e-04 8.97226902e+00 1.69571519e-01 2.92449242e-04 1.13320021e-02
260              1.50651689e+00 4.71271661e-04 8.98368311e+00 1.33695202e+00 1.78864829e-04 8.97235031e+00 1.69564869e-01 2.92406832e-04 1.13327933e-02
261              1.50652311e+00 4.71574042e-04 8.98368260e+00 1.33695202e+00 1.78864829e-04 8.97235031e+00 1.69571086e-01 2.92709213e-04 1.13322884e-02
262              1.50651079e+00 4.69653478e-04 8.98369308e+00 1.33694610e+00 1.77070659e-04 8.97236006e+00 1.69564692e-01 2.92582819e-04 1.13330175e-02
263              1.50651594e+00 4.66704858e-04 8.98364106e+00 1.33694508e+00 1.74009390e-04 8.97230923e+00 1.69570859e-01 2.92695468e-04 1.13318277e-02
264              1.50651030e+00 4.66514773e-04 8.98364171e+00 1.33694508e+00 1.74009390e-04 8.97230923e+00 1.69565217e-01 2.92505383e-04 1.13324797e-02
265              1.50651649e+00 4.70374077e-04 8.98353503e+00 1.33694494e+00 1.77044395e-04 8.97220328e+00 1.69571553e-01 2.93329682e-04 1.13317548e-02
266              1.50651099e+00 4.70625472e-04 8.98353562e+00 1.33694494e+00 1.77044395e-04 8.97220328e+00 1.69566055e-01 2.93581077e-04 1.13323414e-02
267              1.50651962e+00 4.79892343e-04 8.98341389e+00 1.33694744e+00 1.86021244e-04 8.97208239e+00 1.69572173e-01 2.93871099e-04 1.13315005e-02
268              1.50651491e+00 4.79720253e-04 8.98341441e+00 1.33694744e+00 1.86021244e-04 8.97208239e+00 1.69567465e-01 2.93699009e-04 1.13320206e-02
269              1.50652528e+00 4.87797767e-04 8.98325977e+00 1.33695184e+00 1.94028118e-04 8.97192852e+00 1.69573438e-01 2.93769649e-04 1.13312495e-02
270              1.50652011e+00 4.87636829e-04 8.98326052e+00 1.33695184e+00 1.94028118e-04 8.97192852e+00 1.69568262e-01 2.93608711e-04 1.13319985e-02
271              1.50652654e+00 4.87995602e-04 8.98326003e+00 1.33695184e+00 1.94028118e-04 8.97192852e+00 1.69574694e-01 2.93967484e-04 1.13315105e-02
272              1.50652807e+00 4.96727575e-04 8.98311284e+00 1.33695995e+00 2.03005849e-04 8.97178028e+00 1.69568128e-01 2.93721726e-04 1.13325549e-02
273              1.50653636e+00 4.97154031e-04 8.98311187e+00 1.33695995e+00 2.03005849e-04 8.97178028e+00 1.69576413e-01 2.94148182e-04 1.13315810e-02
274              1.50654102e+00 5.06140779e-04 8.98293508e+00 1.33697302e+00 2.12774699e-04 8.97160300e+00 1.69567994e-01 2.93366081e-04 1.13320800e-02
275              1.50654793e+00 5.06148759e-04 8.98293441e+00 1.33697302e+00 2.12774699e-04 8.97160300e+00 1.69574908e-01 2.93374060e-04 1.13314043e-02
276              1.50655879e+00 4.96429625e-04 8.98272854e+00 1.33699145e+00 2.03314421e-04 8.97139583e+00 1.69567347e-01 2.93115204e-04 1.13327068e-02
277              1.50656702e+00 4.97072755e-04 8.98272786e+00 1.33699145e+00 2.03314421e-04 8.97139583e+00 1.69575569e-01 2.93758334e-04 1.13320299e-02
278              1.50658005e+00 4.98547801e-04 8.98252123e+00 1.33701275e+00 2.05302361e-04 8.97118816e+00 1.69567291e-01 2.93245440e-04 1.13330633e-02
279              1.50658869e+00 4.98901103e-04 8.98252022e+00 1.33701275e+00 2.05302361e-04 8.97118816e+00 1.69575940e-01 2.93598742e-04 1.13320602e-02
280              1.50660286e+00 5.03939585e-04 8.98232457e+00 1.33703642e+00 2.11044385e-04 8.97099198e+00 1.69566441e-01 2.92895200e-04 1.13325906e-02
281              1.50662903e+00 5.03711547e-04 8.98217339e+00 1.33705449e+00 2.10742830e-04 8.97084181e+00 1.69574534e-01 2.92968716e-04 1.13315802e-02
282              1.50662205e+00 5.03172874e-04 8.98217413e+00 1.33705449e+00 2.10742830e-04 8.97084181e+00 1.69567554e-01 2.92430044e-04 1.13323128e-02
283              1.50664841e+00 5.01427856e-04 8.98200238e+00 1.33707367e+00 2.08253072e-04 8.97067050e+00 1.69574743e-01 2.93174783e-04 1.13318753e-02
284              1.50664240e+00 5.01328977e-04 8.98200274e+00 1.33707367e+00 2.08253072e-04 8.97067050e+00 1.69568731e-01 2.93075905e-04 1.13322434e-02
285              1.50666551e+00 4.99560493e-04 8.98184371e+00 1.33709146e+00 2.06015505e-04 8.97051229e+00 1.69574049e-01 2.93544988e-04 1.13314137e-02
286              1.50666117e+00 4.99181464e-04 8.98184415e+00 1.33709146e+00 2.06015505e-04 8.97051229e+00 1.69569704e-01 2.93165959e-04 1.13318617e-02
287              1.50668088e+00 4.92737666e-04 8.98170960e+00 1.33710754e+00 1.99206737e-04 8.97037837e+00 1.69573342e-01 2.93530929e-04 1.13312250e-02
288              1.50667639e+00 4.92579449e-04 8.98170976e+00 1.33710754e+00 1.99206737e-04 8.97037837e+00 1.69568857e-01 2.93372712e-04 1.13313841e-02
289              1.50669645e+00 5.09177042e-04 8.98159551e+00 1.33712268e+00 2.15113602e-04 8.97026489e+00 1.69573775e-01 2.94063439e-04 1.13306221e-02
290              1.50669150e+00 5.08768428e-04 8.98159531e+00 1.33712268e+00 2.15113602e-04 8.97026489e+00 1.69568823e-01 2.93654826e-04 1.13304250e-02
291              1.50670559e+00 5.39021400e-04 8.98151768e+00 1.33713294e+00 2.45908146e-04 8.97018856e+00 1.69572646e-01 2.93113254e-04 1.13291156e-02
292              1.50670656e+00 5.28697235e-04 8.98146645e+00 1.33714136e+00 2.36506459e-04 8.97013645e+00 1.69565207e-01 2.92190776e-04 1.13300057e-02
293              1.50671601e+00 5.29064339e-04 8.98146620e+00 1.33714136e+00 2.36506459e-04 8.97013645e+00 1.69574658e-01 2.92557880e-04 1.13297487e-02
294              1.50671647e+00 5.27605960e-04 8.98144817e+00 1.33715014e+00 2.35781219e-04 8.97011875e+00 1.69566330e-01 2.91824742e-04 1.13294134e-02
295              1.50672129e+00 5.27531784e-04 8.98144829e+00 1.33715014e+00 2.35781219e-04 8.97011875e+00 1.69571145e-01 2.91750565e-04 1.13295406e-02
296              1.50671515e+00 5.09676594e-04 8.98142394e+00 1.33714950e+00 2.17972874e-04 8.97009278e+00 1.69565652e-01 2.91703720e-04 1.13311606e-02
297              1.50672024e+00 5.09502113e-04 8.98142445e+00 1.33714950e+00 2.17972874e-04 8.97009278e+00 1.69570746e-01 2.91529239e-04 1.13316694e-02
298              1.50670803e+00 4.74918957e-04 8.98139434e+00 1.33714286e+00 1.83211632e-04 8.97006219e+00 1.69565171e-01 2.91707325e-04 1.13321501e-02
299              1.50671400e+00 4.75249101e-04 8.98139438e+00 1.33714286e+00 1.83211632e-04 8.97006219e+00 1.69571145e-01 2.92037469e-04 1.13321880e-02
300              1.50670003e+00 4.51983898e-04 8.98141621e+00 1.33713624e+00 1.60327664e-04 8.97008417e+00 1.69563791e-01 2.91656234e-04 1.13320365e-02
301              1.50670421e+00 4.52230265e-04 8.98141597e+00 1.33713624e+00 1.60327664e-04 8.97008417e+00 1.69567970e-01 2.91902601e-04 1.13317995e-02
302              1.50669045e+00 4.49401416e-04 8.98146721e+00 1.33712845e+00 1.57529930e-04 8.97013486e+00 1.69561995e-01 2.91871486e-04 1.13323545e-02
303              1.50668435e+00 4.44784848e-04 8.98151719e+00 1.33711697e+00 1.52570241e-04 8.97018583e+00 1.69567385e-01 2.92214607e-04 1.13313656e-02
304              1.50667887e+00 4.44589871e-04 8.98151796e+00 1.33711697e+00 1.52570241e-04 8.97018583e+00 1.69561902e-01 2.92019630e-04 1.13321317e-02
305              1.50667168e+00 4.48643197e-04 8.98159967e+00 1.33710337e+00 1.56025295e-04 8.97026814e+00 1.69568301e-01 2.92617902e-04 1.13315228e-02
306              1.50666763e+00 4.49153465e-04 8.98160030e+00 1.33710337e+00 1.56025295e-04 8.97026814e+00 1.69564251e-01 2.93128170e-04 1.13321558e-02
307              1.50666059e+00 4.55682881e-04 8.98169505e+00 1.33709076e+00 1.62328233e-04 8.97036396e+00 1.69569824e-01 2.93354648e-04 1.13310857e-02
308              1.50665581e+00 4.56138916e-04 8.98169543e+00 1.33709076e+00 1.62328233e-04 8.97036396e+00 1.69565042e-01 2.93810683e-04 1.13314642e-02
309              1.50664650e+00 4.70880488e-04 8.98181040e+00 1.33707369e+00 1.76864206e-04 8.97047939e+00 1.69572804e-01 2.94016282e-04 1.13310088e-02
310              1.50664195e+00 4.70980853e-04 8.98181124e+00 1.33707369e+00 1.76864206e-04 8.97047939e+00 1.69568251e-01 2.94116647e-04 1.13318425e-02
311              1.50665057e+00 4.70909955e-04 8.98181149e+00 1.33707369e+00 1.76864206e-04 8.97047939e+00 1.69576879e-01 2.94045749e-04 1.13320980e-02
312              1.50662936e+00 4.71057795e-04 8.98192899e+00 1.33706114e+00 1.77802564e-04 8.97059626e+00 1.69568219e-01 2.93255232e-04 1.13327262e-02
313              1.50663657e+00 4.71570324e-04 8.98192764e+00 1.33706114e+00 1.77802564e-04 8.97059626e+00 1.69575426e-01 2.93767760e-04 1.13313797e-02
314              1.50661752e+00 4.68212496e-04 8.98203766e+00 1.33704926e+00 1.74262241e-04 8.97070608e+00 1.69568255e-01 2.93950255e-04 1.13315831e-02
315              1.50662622e+00 4.69191547e-04 8.98203672e+00 1.33704926e+00 1.74262241e-04 8.97070608e+00 1.69576959e-01 2.94929306e-04 1.13306358e-02
316              1.50660942e+00 4.93236921e-04 8.98215082e+00 1.33703801e+00 1.98823163e-04 8.97081891e+00 1.69571411e-01 2.94413757e-04 1.13319167e-02
317              1.50661690e+00 4.93181732e-04 8.98215004e+00 1.33703801e+00 1.98823163e-04 8.97081891e+00 1.69578896e-01 2.94358569e-04 1.13311337e-02
318              1.50659900e+00 5.09105152e-04 8.98226731e+00 1.33702731e+00 2.15412988e-04 8.97093544e+00 1.69571695e-01 2.93692163e-04 1.13318783e-02
319              1.50660705e+00 5.09169135e-04 8.98226635e+00 1.33702731e+00 2.15412988e-04 8.97093544e+00 1.69579740e-01 2.93756146e-04 1.13309140e-02
320              1.50659765e+00 5.08797230e-04 8.98226681e+00 1.33702731e+00 2.15412988e-04 8.97093544e+00 1.69570340e-01 2.93384241e-04 1.13313765e-02
321              1.50659640e+00 5.20450964e-04 8.98239499e+00 1.33701529e+00 2.26356759e-04 8.97106428e+00 1.69581110e-01 2.94094206e-04 1.13307102e-02
322              1.50659023e+00 5.20383319e-04 8.98239525e+00 1.33701529e+00 2.26356759e-04 8.97106428e+00 1.69574941e-01 2.94026560e-04 1.13309742e-02
323              1.50658351e+00 5.38089881e-04 8.98252447e+00 1.33700069e+00 2.44555762e-04 8.97119361e+00 1.69582817e-01 2.93534119e-04 1.13308554e-02
324              1.50657514e+00 5.36797747e-04 8.98252530e+00 1.33700069e+00 2.44555762e-04 8.97119361e+00 1.69574449e-01 2.92241985e-04 1.13316866e-02
325              1.50656626e+00 5.10258867e-04 8.98262986e+00 1.33698447e+00 2.17612471e-04 8.97129821e+00 1.69581791e-01 2.92646396e-04 1.13316559e-02
326              1.50655993e+00 5.10034176e-04 8.98263033e+00 1.33698447e+00 2.17612471e-04 8.97129821e+00 1.69575463e-01 2.92421705e-04 1.13321244e-02
327              1.50655282e+00 4.92552397e-04 8.98272584e+00 1.33696997e+00 1.99969323e-04 8.97139400e+00 1.69582852e-01 2.92583074e-04 1.13318360e-02
328              1.50654543e+00 4.92070628e-04 8.98272598e+00 1.33696997e+00 1.99969323e-04 8.97139400e+00 1.69575460e-01 2.92101305e-04 1.13319792e-02
329              1.50653817e+00 4.93553997e-04 8.98280893e+00 1.33695552e+00 2.01215491e-04 8.97147722e+00 1.69582643e-01 2.92338506e-04 1.13317079e-02
330              1.50653031e+00 4.92944078e-04 8.98280925e+00 1.33695552e+00 2.01215491e-04 8.97147722e+00 1.69574787e-01 2.91728588e-04 1.13320227e-02
331              1.50652415e+00 4.87988392e-04 8.98287375e+00 1.33694174e+00 1.96048946e-04 8.97154163e+00 1.69582410e-01 2.91939446e-04 1.13321211e-02
332              1.50650952e+00 4.83971900e-04 8.98291186e+00 1.33693448e+00 1.92133714e-04 8.97157943e+00 1.69575037e-01 2.91838186e-04 1.13324302e-02
333              1.50651440e+00 4.84242802e-04 8.98291154e+00 1.33693448e+00 1.92133714e-04 8.97157943e+00 1.69579915e-01 2.92109088e-04 1.13321086e-02
334              1.50650819e+00 4.78138689e-04 8.98293604e+00 1.33693347e+00 1.86349341e-04 8.97160342e+00 1.69574720e-01 2.91789347e-04 1.13326219e-02
335              1.50651275e+00 4.78382000e-04 8.98293537e+00 1.33693347e+00 1.86349341e-04 8.97160342e+00 1.69579278e-01 2.92032659e-04 1.13319477e-02
336              1.50650932e+00 4.71712155e-04 8.98295932e+00 1.33693809e+00 1.79597464e-04 8.97162756e+00 1.69571221e-01 2.92114691e-04 1.13317620e-02
337              1.50651386e+00 4.72084387e-04 8.98295900e+00 1.33693809e+00 1.79597464e-04 8.97162756e+00 1.69575765e-01 2.92486923e-04 1.13314425e-02
338              1.50651659e+00 4.69751383e-04 8.98296802e+00 1.33694717e+00 1.76337198e-04 8.97163635e+00 1.69569425e-01 2.93414185e-04 1.13316696e-02
339              1.50652392e+00 4.70469697e-04 8.98296742e+00 1.33694717e+00 1.76337198e-04 8.97163635e+00 1.69576753e-01 2.94132498e-04 1.13310697e-02
340              1.50652887e+00 5.22333716e-04 8.98298408e+00 1.33695625e+00 2.29729870e-04 8.97165412e+00 1.69572620e-01 2.92603846e-04 1.13299533e-02
341              1.50653101e+00 5.20592412e-04 8.98298360e+00 1.33695625e+00 2.29729870e-04 8.97165412e+00 1.69574760e-01 2.90862542e-04 1.13294729e-02
342              1.50653117e+00 4.70121754e-04 8.98297210e+00 1.33696746e+00 1.80403721e-04 8.97164147e+00 1.69563708e-01 2.89718034e-04 1.13306304e-02
343              1.50653808e+00 4.72231191e-04 8.98297203e+00 1.33696746e+00 1.80403721e-04 8.97164147e+00 1.69570618e-01 2.91827471e-04 1.13305561e-02
344              1.50653310e+00 4.73902378e-04 8.98297149e+00 1.33696746e+00 1.80403721e-04 8.97164147e+00 1.69565636e-01 2.93498658e-04 1.13300170e-02
345              1.50656070e+00 5.05749611e-04 8.98293854e+00 1.33698634e+00 2.11137247e-04 8.97160828e+00 1.69574352e-01 2.94612364e-04 1.13302536e-02
346              1.50655845e+00 5.04566193e-04 8.98293888e+00 1.33698634e+00 2.11137247e-04 8.97160828e+00 1.69572111e-01 2.93428946e-04 1.13305967e-02
347              1.50656189e+00 5.46883206e-04 8.98291506e+00 1.33698741e+00 2.54732955e-04 8.97158468e+00 1.69574483e-01 2.92150251e-04 1.13303805e-02
348              1.50655339e+00 5.44744526e-04 8.98291559e+00 1.33698741e+00 2.54732955e-04 8.97158468e+00 1.69565986e-01 2.90011571e-04 1.13309041e-02
349              1.50655399e+00 4.87983012e-04 8.98286458e+00 1.33698697e+00 1.97254761e-04 8.97153393e+00 1.69567019e-01 2.90728252e-04 1.13306535e-02
350              1.50655138e+00 4.88258557e-04 8.98286518e+00 1.33698697e+00 1.97254761e-04 8.97153393e+00 1.69564404e-01 2.91003796e-04 1.13312552e-02
351              1.50655901e+00 4.63005866e-04 8.98279877e+00 1.33699312e+00 1.71857412e-04 8.97146727e+00 1.69565883e-01 2.91148454e-04 1.13314982e-02
352              1.50655357e+00 4.62848611e-04 8.98279883e+00 1.33699312e+00 1.71857412e-04 8.97146727e+00 1.69560444e-01 2.90991199e-04 1.13315558e-02
353              1.50655747e+00 4.77309079e-04 8.98273273e+00 1.33699199e+00 1.85661927e-04 8.97140145e+00 1.69565478e-01 2.91647152e-04 1.13312752e-02
354              1.50655296e+00 4.76965548e-04 8.98273383e+00 1.33699199e+00 1.85661927e-04 8.97140145e+00 1.69560967e-01 2.91303621e-04 1.13323754e-02
355              1.50655420e+00 4.73720172e-04 8.98265443e+00 1.33698883e+00 1.82190429e-04 8.97132172e+00 1.69565369e-01 2.91529743e-04 1.13327116e-02
356              1.50654689e+00 4.68072894e-04 8.98258496e+00 1.33698673e+00 1.76846957e-04 8.97125219e+00 1.69560155e-01 2.91225937e-04 1.13327645e-02
357              1.50655109e+00 4.68192210e-04 8.98258490e+00 1.33698673e+00 1.76846957e-04 8.97125219e+00 1.69564355e-01 2.91345252e-04 1.13327107e-02
358              1.50655075e+00 4.67605336e-04 8.98250278e+00 1.33699088e+00 1.76233630e-04 8.97116993e+00 1.69559866e-01 2.91371706e-04 1.13328523e-02
359              1.50655544e+00 4.68491019e-04 8.98250227e+00 1.33699088e+00 1.76233630e-04 8.97116993e+00 1.69564555e-01 2.92257389e-04 1.13323368e-02
360              1.50655813e+00 4.78875838e-04 8.98242675e+00 1.33699784e+00 1.86569317e-04 8.97109397e+00 1.69560289e-01 2.92306521e-04 1.13327794e-02
361              1.50656337e+00 4.79401256e-04 8.98242608e+00 1.33699784e+00 1.86569317e-04 8.97109397e+00 1.69565530e-01 2.92831939e-04 1.13321180e-02
362              1.50656424e+00 4.90741908e-04 8.98235310e+00 1.33700178e+00 1.98271602e-04 8.97102019e+00 1.69562460e-01 2.92470306e-04 1.13329128e-02
363              1.50656951e+00 4.90848843e-04 8.98235269e+00 1.33700178e+00 1.98271602e-04 8.97102019e+00 1.69567737e-01 2.92577242e-04 1.13325006e-02
364              1.50656566e+00 4.90184162e-04 8.98235351e+00 1.33700178e+00 1.98271602e-04 8.97102019e+00 1.69563887e-01 2.91912560e-04 1.13333206e-02
365              1.50657452e+00 4.81481742e-04 8.98226398e+00 1.33700680e+00 1.89405264e-04 8.97093170e+00 1.69567723e-01 2.92076478e-04 1.13322857e-02
366              1.50657163e+00 4.81405370e-04 8.98226413e+00 1.33700680e+00 1.89405264e-04 8.97093170e+00 1.69564831e-01 2.92000106e-04 1.13324285e-02
367              1.50657909e+00 4.81129001e-04 8.98220476e+00 1.33700956e+00 1.88687598e-04 8.97087292e+00 1.69569535e-01 2.92441403e-04 1.13318448e-02
368              1.50657536e+00 4.81020240e-04 8.98220555e+00 1.33700956e+00 1.88687598e-04 8.97087292e+00 1.69565802e-01 2.92332642e-04 1.13326350e-02
369              1.50658048e+00 4.93158227e-04 8.98215815e+00 1.33700899e+00 2.00620585e-04 8.97082552e+00 1.69571493e-01 2.92537642e-04 1.13326377e-02
370              1.50657672e+00 4.92550113e-04 8.98215883e+00 1.33700899e+00 2.00620585e-04 8.97082552e+00 1.69567731e-01 2.91929529e-04 1.13333168e-02
371              1.50657811e+00 4.92892603e-04 8.98215849e+00 1.33700899e+00 2.00620585e-04 8.97082552e+00 1.69569116e-01 2.92272018e-04 1.13329767e-02
372              1.50657639e+00 5.00067745e-04 8.98210537e+00 1.33700930e+00 2.07814351e-04 8.97077243e+00 1.69567094e-01 2.92253394e-04 1.13329388e-02
373              1.50658044e+00 5.00810210e-04 8.98210441e+00 1.33700930e+00 2.07814351e-04 8.97077243e+00 1.69571146e-01 2.92995859e-04 1.13319705e-02
374              1.50657611e+00 5.09098965e-04 8.98207726e+00 1.33700821e+00 2.16978797e-04 8.97074463e+00 1.69567903e-01 2.92120168e-04 1.13326258e-02
375              1.50657742e+00 5.08795211e-04 8.98207709e+00 1.33700821e+00 2.16978797e-04 8.97074463e+00 1.69569211e-01 2.91816414e-04 1.13324605e-02
376              1.50657477e+00 4.90426995e-04 8.98202980e+00 1.33700614e+00 1.98832556e-04 8.97069590e+00 1.69568638e-01 2.91594439e-04 1.13339048e-02
377              1.50657806e+00 4.90963625e-04 8.98202904e+00 1.33700614e+00 1.98832556e-04 8.97069590e+00 1.69571924e-01 2.92131069e-04 1.13331436e-02
378              1.50657543e+00 4.78883918e-04 8.98199248e+00 1.33700531e+00 1.87198904e-04 8.97065888e+00 1.69570124e-01 2.91685014e-04 1.13336091e-02
379              1.50657761e+00 4.79329466e-04 8.98199148e+00 1.33700531e+00 1.87198904e-04 8.97065888e+00 1.69572301e-01 2.92130562e-04 1.13325996e-02
380              1.50657609e+00 4.78809577e-04 8.98199183e+00 1.33700531e+00 1.87198904e-04 8.97065888e+00 1.69570779e-01 2.91610674e-04 1.13329578e-02
381              1.50658208e+00 4.85049758e-04 8.98198131e+00 1.33700780e+00 1.93376215e-04 8.97064885e+00 1.69574288e-01 2.91673543e-04 1.13324534e-02
382              1.50657676e+00 4.84456909e-04 8.98198170e+00 1.33700780e+00 1.93376215e-04 8.97064885e+00 1.69568962e-01 2.91080694e-04 1.13328448e-02
383              1.50658238e+00 4.89505512e-04 8.98197412e+00 1.33700815e+00 1.97839447e-04 8.97064115e+00 1.69574229e-01 2.91666065e-04 1.13329646e-02
384              1.50657935e+00 4.89295108e-04 8.98197453e+00 1.33700815e+00 1.97839447e-04 8.97064115e+00 1.69571203e-01 2.91455661e-04 1.13333757e-02
385              1.50658389e+00 4.88106697e-04 8.98197829e+00 1.33700749e+00 1.96466788e-04 8.97064544e+00 1.69576400e-01 2.91639909e-04 1.13328484e-02
386              1.50657969e+00 4.87778939e-04 8.98197834e+00 1.33700749e+00 1.96466788e-04 8.97064544e+00 1.69572196e-01 2.91312151e-04 1.13328968e-02
387              1.50658269e+00 4.85980499e-04 8.98200785e+00 1.33700735e+00 1.94396698e-04 8.97067565e+00 1.69575339e-01 2.91583802e-04 1.13321999e-02
388              1.50657887e+00 4.85648372e-04 8.98200843e+00 1.33700735e+00 1.94396698e-04 8.97067565e+00 1.69571518e-01 2.91251674e-04 1.13327856e-02
389              1.50658375e+00 4.80426221e-04 8.98203853e+00 1.33700768e+00 1.88696386e-04 8.97070543e+00 1.69576068e-01 2.91729835e-04 1.13330980e-02
390              1.50657990e+00 4.80250283e-04 8.98203864e+00 1.33700768e+00 1.88696386e-04 8.97070543e+00 1.69572220e-01 2.91553897e-04 1.13332064e-02
391              1.50658351e+00 4.82506097e-04 8.98207191e+00 1.33700719e+00 1.90693710e-04 8.97073885e+00 1.69576321e-01 2.91812387e-04 1.13330590e-02
392              1.50657734e+00 4.82539108e-04 8.98209439e+00 1.33700537e+00 1.91111839e-04 8.97076105e+00 1.69571970e-01 2.91427269e-04 1.13333423e-02
393              1.50658046e+00 4.82915076e-04 8.98209399e+00 1.33700537e+00 1.91111839e-04 8.97076105e+00 1.69575083e-01 2.91803237e-04 1.13329429e-02
394              1.50657686e+00 4.79707011e-04 8.98213339e+00 1.33700488e+00 1.88051929e-04 8.97079943e+00 1.69571973e-01 2.91655082e-04 1.13339592e-02
395              1.50657898e+00 4.80358992e-04 8.98213233e+00 1.33700488e+00 1.88051929e-04 8.97079943e+00 1.69574099e-01 2.92307064e-04 1.13329074e-02
396              1.50657703e+00 4.87535820e-04 8.98217859e+00 1.33700633e+00 1.95530346e-04 8.97084479e+00 1.69570705e-01 2.92005475e-04 1.13338050e-02
397              1.50658121e+00 4.87770310e-04 8.98217795e+00 1.33700633e+00 1.95530346e-04 8.97084479e+00 1.69574881e-01 2.92239964e-04 1.13331586e-02
398              1.50657728e+00 4.86099930e-04 8.98223098e+00 1.33700771e+00 1.94658749e-04 8.97089716e+00 1.69569569e-01 2.91441181e-04 1.13338195e-02
399              1.50658051e+00 4.86302097e-04 8.98223043e+00 1.33700771e+00 1.94658749e-04 8.97089716e+00 1.69572793e-01 2.91643348e-04 1.13332740e-02
400              1.50657761e+00 4.85991936e-04 8.98223137e+00 1.33700771e+00 1.94658749e-04 8.97089716e+00 1.69569900e-01 2.91333187e-04 1.13342139e-02
401              1.50658113e+00 4.86499545e-04 8.98223108e+00 1.33700771e+00 1.94658749e-04 8.97089716e+00 1.69573419e-01 2.91840796e-04 1.13339197e-02
402              1.50657792e+00 4.85460346e-04 8.98223124e+00 1.33700771e+00 1.94658749e-04 8.97089716e+00 1.69570204e-01 2.90801597e-04 1.13340852e-02
403              1.50657927e+00 4.85427118e-04 8.98223039e+00 1.33700771e+00 1.94658749e-04 8.97089716e+00 1.69571555e-01 2.90768369e-04 1.13332347e-02
404              1.50657518e+00 4.84575282e-04 8.98223032e+00 1.33700771e+00 1.94658749e-04 8.97089716e+00 1.69567467e-01 2.89916533e-04 1.13331651e-02
405              1.50657908e+00 4.84587802e-04 8.98223146e+00 1.33700771e+00 1.94658749e-04 8.97089716e+00 1.69571368e-01 2.89929053e-04 1.13343005e-02
406              1.50657374e+00 4.84539000e-04 8.98223116e+00 1.33700771e+00 1.94658749e-04 8.97089716e+00 1.69566024e-01 2.89880252e-04 1.13340056e-02
407              1.50657721e+00 4.85429284e-04 8.98223150e+00 1.33700771e+00 1.94658749e-04 8.97089716e+00 1.69569496e-01 2.90770535e-04 1.13343430e-02
408              1.50657237e+00 4.85211361e-04 8.98223182e+00 1.33700771e+00 1.94658749e-04 8.97089716e+00 1.69564658e-01 2.90552613e-04 1.13346618e-02
409              1.50657818e+00 4.82298218e-04 8.98227424e+00 1.33700866e+00 1.91097932e-04 8.97093937e+00 1.69569520e-01 2.91200286e-04 1.13348653e-02
410              1.50657351e+00 4.81602907e-04 8.98227472e+00 1.33700866e+00 1.91097932e-04 8.97093937e+00 1.69564852e-01 2.90504974e-04 1.13353495e-02
411              1.50657630e+00 4.80176364e-04 8.98233592e+00 1.33700848e+00 1.88945286e-04 8.97100146e+00 1.69567825e-01 2.91231078e-04 1.13344579e-02
412              1.50657387e+00 4.80073626e-04 8.98233616e+00 1.33700848e+00 1.88945286e-04 8.97100146e+00 1.69565392e-01 2.91128340e-04 1.13347051e-02
413              1.50657926e+00 4.79603355e-04 8.98240628e+00 1.33700943e+00 1.88117211e-04 8.97107161e+00 1.69569830e-01 2.91486145e-04 1.13346641e-02
414              1.50657635e+00 4.79502967e-04 8.98240611e+00 1.33700943e+00 1.88117211e-04 8.97107161e+00 1.69566920e-01 2.91385757e-04 1.13344987e-02
415              1.50657857e+00 4.80174314e-04 8.98240582e+00 1.33700943e+00 1.88117211e-04 8.97107161e+00 1.69569142e-01 2.92057104e-04 1.13342125e-02
416              1.50657362e+00 4.92914160e-04 8.98244993e+00 1.33700706e+00 2.01345964e-04 8.97111497e+00 1.69566561e-01 2.91568197e-04 1.13349580e-02
417              1.50657662e+00 4.93087125e-04 8.98244920e+00 1.33700706e+00 2.01345964e-04 8.97111497e+00 1.69569558e-01 2.91741162e-04 1.13342223e-02
418              1.50657489e+00 4.88887531e-04 8.98248756e+00 1.33700726e+00 1.97497482e-04 8.97115219e+00 1.69567627e-01 2.91390049e-04 1.13353701e-02
419              1.50657778e+00 4.89183327e-04 8.98248638e+00 1.33700726e+00 1.97497482e-04 8.97115219e+00 1.69570517e-01 2.91685845e-04 1.13341859e-02
420              1.50657658e+00 4.86269721e-04 8.98251770e+00 1.33700872e+00 1.95067105e-04 8.97118277e+00 1.69567856e-01 2.91202616e-04 1.13349350e-02
421              1.50657965e+00 4.86401200e-04 8.98251666e+00 1.33700872e+00 1.95067105e-04 8.97118277e+00 1.69570932e-01 2.91334095e-04 1.13338922e-02
422              1.50657546e+00 4.82739255e-04 8.98254420e+00 1.33700865e+00 1.92039045e-04 8.97120976e+00 1.69566805e-01 2.90700210e-04 1.13344449e-02
423              1.50657876e+00 4.83020949e-04 8.98254351e+00 1.33700865e+00 1.92039045e-04 8.97120976e+00 1.69570107e-01 2.90981904e-04 1.13337504e-02
424              1.50657545e+00 4.82341884e-04 8.98254399e+00 1.33700865e+00 1.92039045e-04 8.97120976e+00 1.69566798e-01 2.90302839e-04 1.13342296e-02
425              1.50657941e+00 4.75104569e-04 8.98256732e+00 1.33700840e+00 1.84266890e-04 8.97123364e+00 1.69571010e-01 2.90837678e-04 1.13336854e-02
426              1.50657416e+00 4.74324287e-04 8.98256768e+00 1.33700840e+00 1.84266890e-04 8.97123364e+00 1.69565767e-01 2.90057397e-04 1.13340406e-02
427              1.50657849e+00 4.76451889e-04 8.98259067e+00 1.33700737e+00 1.85522617e-04 8.97125686e+00 1.69571116e-01 2.90929272e-04 1.13338127e-02
428              1.50657420e+00 4.76278042e-04 8.98259089e+00 1.33700737e+00 1.85522617e-04 8.97125686e+00 1.69566828e-01 2.90755425e-04 1.13340380e-02
429              1.50657653e+00 4.81443736e-04 8.98262009e+00 1.33700471e+00 1.90316483e-04 8.97128666e+00 1.69571824e-01 2.91127253e-04 1.13334374e-02
430              1.50657251e+00 4.80681274e-04 8.98262058e+00 1.33700471e+00 1.90316483e-04 8.97128666e+00 1.69567796e-01 2.90364791e-04 1.13339238e-02
431              1.50657205e+00 4.79273125e-04 8.98265177e+00 1.33700102e+00 1.88537382e-04 8.97131856e+00 1.69571031e-01 2.90735743e-04 1.13332067e-02
432              1.50656806e+00 4.78743905e-04 8.98265226e+00 1.33700102e+00 1.88537382e-04 8.97131856e+00 1.69567046e-01 2.90206524e-04 1.13336977e-02
433              1.50657189e+00 4.79054951e-04 8.98265176e+00 1.33700102e+00 1.88537382e-04 8.97131856e+00 1.69570878e-01 2.90517569e-04 1.13332053e-02
434              1.50656136e+00 4.68520109e-04 8.98266766e+00 1.33699597e+00 1.78233045e-04 8.97133428e+00 1.69565383e-01 2.90287064e-04 1.13333759e-02
435              1.50656582e+00 4.69109301e-04 8.98266740e+00 1.33699597e+00 1.78233045e-04 8.97133428e+00 1.69569843e-01 2.90876256e-04 1.13331193e-02
436              1.50656172e+00 4.60108362e-04 8.98267527e+00 1.33699437e+00 1.69123792e-04 8.97134092e+00 1.69567351e-01 2.90984569e-04 1.13343487e-02
437              1.50656603e+00 4.61032498e-04 8.98267438e+00 1.33699437e+00 1.69123792e-04 8.97134092e+00 1.69571662e-01 2.91908706e-04 1.13334628e-02
438              1.50656003e+00 4.79750429e-04 8.98266763e+00 1.33699122e+00 1.88388151e-04 8.97133382e+00 1.69568816e-01 2.91362278e-04 1.13338152e-02
439              1.50656366e+00 4.79882469e-04 8.98266689e+00 1.33699122e+00 1.88388151e-04 8.97133382e+00 1.69572439e-01 2.91494318e-04 1.13330682e-02
440              1.50655374e+00 4.77907896e-04 8.98266150e+00 1.33698718e+00 1.87199272e-04 8.97132808e+00 1.69566556e-01 2.90708624e-04 1.13334156e-02
441              1.50655814e+00 4.78195114e-04 8.98266168e+00 1.33698718e+00 1.87199272e-04 8.97132808e+00 1.69570956e-01 2.90995842e-04 1.13335974e-02
442              1.50655249e+00 4.66342559e-04 8.98262531e+00 1.33698442e+00 1.75540590e-04 8.97129061e+00 1.69568070e-01 2.90801969e-04 1.13346959e-02
443              1.50655559e+00 4.67052471e-04 8.98262424e+00 1.33698442e+00 1.75540590e-04 8.97129061e+00 1.69571172e-01 2.91511881e-04 1.13336241e-02
444              1.50655036e+00 4.67460419e-04 8.98259297e+00 1.33698305e+00 1.76549117e-04 8.97125882e+00 1.69567313e-01 2.90911302e-04 1.13341492e-02
445              1.50655385e+00 4.68592509e-04 8.98256601e+00 1.33698217e+00 1.77348488e-04 8.97123308e+00 1.69571684e-01 2.91244021e-04 1.13329304e-02
446              1.50654893e+00 4.68041425e-04 8.98256661e+00 1.33698217e+00 1.77348488e-04 8.97123308e+00 1.69566761e-01 2.90692936e-04 1.13335303e-02
447              1.50655585e+00 4.73128754e-04 8.98255051e+00 1.33698269e+00 1.82047906e-04 8.97121704e+00 1.69573159e-01 2.91080848e-04 1.13334608e-02
448              1.50655035e+00 4.72676607e-04 8.98255069e+00 1.33698269e+00 1.82047906e-04 8.97121704e+00 1.69567651e-01 2.90628701e-04 1.13336465e-02
449              1.50655507e+00 4.81787668e-04 8.98252998e+00 1.33698021e+00 1.91102969e-04 8.97119680e+00 1.69574854e-01 2.90684699e-04 1.13331723e-02
450              1.50654875e+00 4.81424087e-04 8.98253016e+00 1.33698021e+00 1.91102969e-04 8.97119680e+00 1.69568544e-01 2.90321118e-04 1.13333550e-02
451              1.50654979e+00 4.75420337e-04 8.98251371e+00 1.33697648e+00 1.85135754e-04 8.97118121e+00 1.69573312e-01 2.90284583e-04 1.13325036e-02
452              1.50654330e+00 4.75262316e-04 8.98251434e+00 1.33697648e+00 1.85135754e-04 8.97118121e+00 1.69566819e-01 2.90126562e-04 1.13331277e-02
453              1.50655250e+00 4.75537813e-04 8.98251499e+00 1.33697648e+00 1.85135754e-04 8.97118121e+00 1.69576019e-01 2.90402058e-04 1.13337825e-02
454              1.50654227e+00 4.74794201e-04 8.98251556e+00 1.33697648e+00 1.85135754e-04 8.97118121e+00 1.69565790e-01 2.89658447e-04 1.13343542e-02
455              1.50655217e+00 4.75436833e-04 8.98251443e+00 1.33697648e+00 1.85135754e-04 8.97118121e+00 1.69575683e-01 2.90301079e-04 1.13332203e-02
456              1.50654097e+00 4.74445584e-04 8.98251473e+00 1.33697648e+00 1.85135754e-04 8.97118121e+00 1.69564491e-01 2.89309830e-04 1.13335167e-02
457              1.50654909e+00 4.75246011e-04 8.98251394e+00 1.33697648e+00 1.85135754e-04 8.97118121e+00 1.69572611e-01 2.90110257e-04 1.13327294e-02
458              1.50653905e+00 4.74371679e-04 8.98251499e+00 1.33697648e+00 1.85135754e-04 8.97118121e+00 1.69562573e-01 2.89235925e-04 1.13337755e-02
459              1.50654734e+00 4.74991550e-04 8.98251416e+00 1.33697648e+00 1.85135754e-04 8.97118121e+00 1.69570860e-01 2.89855796e-04 1.13329482e-02
460              1.50653776e+00 4.74082905e-04 8.98251512e+00 1.33697648e+00 1.85135754e-04 8.97118121e+00 1.69561278e-01 2.88947151e-04 1.13339075e-02
461              1.50654511e+00 4.74448339e-04 8.98251441e+00 1.33697648e+00 1.85135754e-04 8.97118121e+00 1.69568632e-01 2.89312585e-04 1.13331995e-02
462              1.50653893e+00 4.62345940e-04 8.98245137e+00 1.33697740e+00 1.72439438e-04 8.97111820e+00 1.69561534e-01 2.89906502e-04 1.13331759e-02
463              1.50654631e+00 4.62729285e-04 8.98245070e+00 1.33697740e+00 1.72439438e-04 8.97111820e+00 1.69568915e-01 2.90289848e-04 1.13325016e-02
464              1.50654215e+00 4.64891191e-04 8.98241340e+00 1.33697884e+00 1.74287175e-04 8.97108021e+00 1.69563308e-01 2.90604016e-04 1.13331868e-02
465              1.50654968e+00 4.65349070e-04 8.98241260e+00 1.33697884e+00 1.74287175e-04 8.97108021e+00 1.69570840e-01 2.91061895e-04 1.13323846e-02
466              1.50654933e+00 4.76076094e-04 8.98238029e+00 1.33698252e+00 1.85200499e-04 8.97104729e+00 1.69566813e-01 2.90875595e-04 1.13330022e-02
467              1.50655449e+00 4.76378291e-04 8.98237920e+00 1.33698252e+00 1.85200499e-04 8.97104729e+00 1.69571968e-01 2.91177792e-04 1.13319090e-02
468              1.50654909e+00 4.76264561e-04 8.98237960e+00 1.33698252e+00 1.85200499e-04 8.97104729e+00 1.69566569e-01 2.91064062e-04 1.13323160e-02
469              1.50655917e+00 4.79325674e-04 8.98234945e+00 1.33698370e+00 1.88637091e-04 8.97101738e+00 1.69575464e-01 2.90688583e-04 1.13320695e-02
470              1.50655307e+00 4.79490608e-04 8.98234941e+00 1.33698370e+00 1.88637091e-04 8.97101738e+00 1.69569368e-01 2.90853516e-04 1.13320278e-02
471              1.50655918e+00 4.74436318e-04 8.98233214e+00 1.33698221e+00 1.83591876e-04 8.97099972e+00 1.69576966e-01 2.90844442e-04 1.13324205e-02
472              1.50655220e+00 4.74964519e-04 8.98233207e+00 1.33698221e+00 1.83591876e-04 8.97099972e+00 1.69569989e-01 2.91372643e-04 1.13323455e-02
473              1.50655464e+00 4.84976289e-04 8.98232346e+00 1.33697815e+00 1.93794912e-04 8.97099124e+00 1.69576499e-01 2.91181377e-04 1.13322207e-02
474              1.50654757e+00 4.84769716e-04 8.98232352e+00 1.33697815e+00 1.93794912e-04 8.97099124e+00 1.69569425e-01 2.90974804e-04 1.13322869e-02
475              1.50655464e+00 4.84673930e-04 8.98232365e+00 1.33697815e+00 1.93794912e-04 8.97099124e+00 1.69576497e-01 2.90879018e-04 1.13324153e-02
476              1.50654269e+00 4.84549223e-04 8.98232367e+00 1.33697815e+00 1.93794912e-04 8.97099124e+00 1.69564549e-01 2.90754312e-04 1.13324296e-02
477              1.50655042e+00 4.84804359e-04 8.98232345e+00 1.33697815e+00 1.93794912e-04 8.97099124e+00 1.69572278e-01 2.91009447e-04 1.13322106e-02
478              1.50654078e+00 4.84475789e-04 8.98232447e+00 1.33697815e+00 1.93794912e-04 8.97099124e+00 1.69562630e-01 2.90680877e-04 1.13332281e-02
479              1.50654976e+00 4.85200641e-04 8.98232370e+00 1.33697815e+00 1.93794912e-04 8.97099124e+00 1.69571617e-01 2.91405730e-04 1.13324592e-02
480              1.50654002e+00 4.84340485e-04 8.98232505e+00 1.33697815e+00 1.93794912e-04 8.97099124e+00 1.69561879e-01 2.90545574e-04 1.13338083e-02
481              1.50654862e+00 4.85084817e-04 8.98232372e+00 1.33697815e+00 1.93794912e-04 8.97099124e+00 1.69570470e-01 2.91289905e-04 1.13324815e-02
482              1.50654100e+00 4.91839215e-04 8.98233127e+00 1.33697910e+00 2.01215034e-04 8.97099767e+00 1.69561896e-01 2.90624181e-04 1.13336000e-02
483              1.50654648e+00 4.91823137e-04 8.98233012e+00 1.33697910e+00 2.01215034e-04 8.97099767e+00 1.69567374e-01 2.90608104e-04 1.13324430e-02
484              1.50654301e+00 4.89339493e-04 8.98232309e+00 1.33698111e+00 1.98916676e-04 8.97098956e+00 1.69561896e-01 2.90422817e-04 1.13335310e-02
485              1.50655091e+00 4.89870058e-04 8.98232173e+00 1.33698111e+00 1.98916676e-04 8.97098956e+00 1.69569800e-01 2.90953381e-04 1.13321650e-02
486              1.50654754e+00 4.87704284e-04 8.98232089e+00 1.33698306e+00 1.97039371e-04 8.97098750e+00 1.69564474e-01 2.90664912e-04 1.13333862e-02
487              1.50655233e+00 4.87677159e-04 8.98231985e+00 1.33698306e+00 1.97039371e-04 8.97098750e+00 1.69569270e-01 2.90637788e-04 1.13323458e-02
488              1.50654745e+00 4.87821774e-04 8.98232120e+00 1.33698306e+00 1.97039371e-04 8.97098750e+00 1.69564384e-01 2.90782403e-04 1.13337018e-02
489              1.50655459e+00 4.86074682e-04 8.98229231e+00 1.33698170e+00 1.94569592e-04 8.97095916e+00 1.69572893e-01 2.91505090e-04 1.13331482e-02
490              1.50654800e+00 4.85983990e-04 8.98229236e+00 1.33698170e+00 1.94569592e-04 8.97095916e+00 1.69566302e-01 2.91414398e-04 1.13331960e-02
491              1.50655243e+00 4.83954909e-04 8.98229153e+00 1.33698051e+00 1.92525190e-04 8.97095889e+00 1.69571922e-01 2.91429719e-04 1.13326315e-02
492              1.50654681e+00 4.83884349e-04 8.98229183e+00 1.33698051e+00 1.92525190e-04 8.97095889e+00 1.69566297e-01 2.91359159e-04 1.13329348e-02
493              1.50655317e+00 4.84043734e-04 8.98230759e+00 1.33698120e+00 1.92541322e-04 8.97097505e+00 1.69571974e-01 2.91502412e-04 1.13325426e-02
494              1.50654749e+00 4.83880818e-04 8.98230765e+00 1.33698120e+00 1.92541322e-04 8.97097505e+00 1.69566288e-01 2.91339496e-04 1.13325987e-02
495              1.50655109e+00 4.79217846e-04 8.98233471e+00 1.33697971e+00 1.87729547e-04 8.97100281e+00 1.69571380e-01 2.91488298e-04 1.13319009e-02
496              1.50654635e+00 4.78856214e-04 8.98233497e+00 1.33697971e+00 1.87729547e-04 8.97100281e+00 1.69566638e-01 2.91126667e-04 1.13321563e-02
497              1.50655294e+00 4.79533137e-04 8.98233532e+00 1.33697971e+00 1.87729547e-04 8.97100281e+00 1.69573235e-01 2.91803590e-04 1.13325099e-02
498              1.50654888e+00 4.95176461e-04 8.98235241e+00 1.33698031e+00 2.03177473e-04 8.97101892e+00 1.69568568e-01 2.91998988e-04 1.13334919e-02
499              1.50655609e+00 4.94891335e-04 8.98235125e+00 1.33698031e+00 2.03177473e-04 8.97101892e+00 1.69575779e-01 2.91713862e-04 1.13323279e-02
500              1.50654601e+00 4.95578346e-04 8.98237180e+00 1.33697751e+00 2.05073938e-04 8.97103927e+00 1.69568507e-01 2.90504409e-04 1.13325365e-02
501              1.50655027e+00 4.94720480e-04 8.98237161e+00 1.33697751e+00 2.05073938e-04 8.97103927e+00 1.69572763e-01 2.89646542e-04 1.13323416e-02
502              1.50654422e+00 4.52648801e-04 8.98237916e+00 1.33697729e+00 1.62205410e-04 8.97104593e+00 1.69566930e-01 2.90443391e-04 1.13332264e-02
503              1.50655011e+00 4.53719652e-04 8.98237890e+00 1.33697729e+00 1.62205410e-04 8.97104593e+00 1.69572818e-01 2.91514242e-04 1.13329631e-02
504              1.50654937e+00 4.40176530e-04 8.98239045e+00 1.33698020e+00 1.48257791e-04 8.97105700e+00 1.69569165e-01 2.91918739e-04 1.13334486e-02
505              1.50655411e+00 4.40148369e-04 8.98238988e+00 1.33698020e+00 1.48257791e-04 8.97105700e+00 1.69573908e-01 2.91890578e-04 1.13328809e-02
506              1.50654807e+00 4.39865491e-04 8.98238922e+00 1.33698020e+00 1.48257791e-04 8.97105700e+00 1.69567874e-01 2.91607699e-04 1.13322184e-02
507              1.50654889e+00 4.41749677e-04 8.98240945e+00 1.33697451e+00 1.50204809e-04 8.97107743e+00 1.69574387e-01 2.91544868e-04 1.13320205e-02
508              1.50654412e+00 4.41602412e-04 8.98240998e+00 1.33697451e+00 1.50204809e-04 8.97107743e+00 1.69569611e-01 2.91397604e-04 1.13325487e-02
509              1.50654560e+00 4.20906895e-04 8.98243896e+00 1.33697024e+00 1.28993478e-04 8.97110678e+00 1.69575357e-01 2.91913417e-04 1.13321805e-02
510              1.50654046e+00 4.21530392e-04 8.98243909e+00 1.33697024e+00 1.28993478e-04 8.97110678e+00 1.69570212e-01 2.92536914e-04 1.13323102e-02
511              1.50654034e+00 4.31469122e-04 8.98246329e+00 1.33696559e+00 1.38789315e-04 8.97113130e+00 1.69574749e-01 2.92679807e-04 1.13319915e-02
512              1.50653518e+00 4.31556639e-04 8.98246356e+00 1.33696559e+00 1.38789315e-04 8.97113130e+00 1.69569586e-01 2.92767324e-04 1.13322610e-02
513              1.50653571e+00 4.41723291e-04 8.98248712e+00 1.33695837e+00 1.48590317e-04 8.97115469e+00 1.69577339e-01 2.93132974e-04 1.13324233e-02
514              1.50653072e+00 4.41928353e-04 8.98248757e+00 1.33695837e+00 1.48590317e-04 8.97115469e+00 1.69572354e-01 2.93338036e-04 1.13328764e-02
515              1.50653769e+00 4.41798412e-04 8.98248798e+00 1.33695837e+00 1.48590317e-04 8.97115469e+00 1.69579323e-01 2.93208094e-04 1.13332854e-02
516              1.50652568e+00 4.48012578e-04 8.98251883e+00 1.33695567e+00 1.54804869e-04 8.97118615e+00 1.69570008e-01 2.93207709e-04 1.13326711e-02
517              1.50653078e+00 4.48178718e-04 8.98251863e+00 1.33695567e+00 1.54804869e-04 8.97118615e+00 1.69575109e-01 2.93373849e-04 1.13324754e-02
518              1.50652850e+00 4.60510373e-04 8.98254383e+00 1.33695770e+00 1.66786841e-04 8.97121079e+00 1.69570800e-01 2.93723531e-04 1.13330392e-02
519              1.50653463e+00 4.60803027e-04 8.98254299e+00 1.33695770e+00 1.66786841e-04 8.97121079e+00 1.69576932e-01 2.94016186e-04 1.13322011e-02
520              1.50653394e+00 4.83651444e-04 8.98255820e+00 1.33695942e+00 1.89917941e-04 8.97122530e+00 1.69574515e-01 2.93733503e-04 1.13329056e-02
521              1.50653873e+00 4.83508178e-04 8.98255761e+00 1.33695942e+00 1.89917941e-04 8.97122530e+00 1.69579312e-01 2.93590238e-04 1.13323098e-02
522              1.50653405e+00 4.86571417e-04 8.98258182e+00 1.33696013e+00 1.93352130e-04 8.97124944e+00 1.69573925e-01 2.93219286e-04 1.13323857e-02
523              1.50653812e+00 4.86338763e-04 8.98258156e+00 1.33696013e+00 1.93352130e-04 8.97124944e+00 1.69577995e-01 2.92986632e-04 1.13321291e-02
524              1.50653367e+00 4.86328967e-04 8.98258295e+00 1.33696013e+00 1.93352130e-04 8.97124944e+00 1.69573537e-01 2.92976837e-04 1.13335162e-02
525              1.50654195e+00 4.88384229e-04 8.98259355e+00 1.33696282e+00 1.95488964e-04 8.97126147e+00 1.69579126e-01 2.92895265e-04 1.13320803e-02
526              1.50653582e+00 4.88453028e-04 8.98259377e+00 1.33696282e+00 1.95488964e-04 8.97126147e+00 1.69572993e-01 2.92964063e-04 1.13323044e-02
527              1.50654413e+00 4.95649313e-04 8.98262390e+00 1.33696465e+00 2.02936181e-04 8.97129190e+00 1.69579475e-01 2.92713132e-04 1.13319987e-02
528              1.50653816e+00 4.95648011e-04 8.98262437e+00 1.33696465e+00 2.02936181e-04 8.97129190e+00 1.69573505e-01 2.92711830e-04 1.13324717e-02
529              1.50654540e+00 5.04345383e-04 8.98264850e+00 1.33696505e+00 2.11709731e-04 8.97131678e+00 1.69580347e-01 2.92635652e-04 1.13317184e-02
530              1.50653894e+00 5.04153422e-04 8.98264875e+00 1.33696505e+00 2.11709731e-04 8.97131678e+00 1.69573895e-01 2.92443691e-04 1.13319652e-02
531              1.50654228e+00 5.05861413e-04 8.98268240e+00 1.33696368e+00 2.13984696e-04 8.97135173e+00 1.69578595e-01 2.91876716e-04 1.13306651e-02
532              1.50653544e+00 5.05379840e-04 8.98268287e+00 1.33696368e+00 2.13984696e-04 8.97135173e+00 1.69571757e-01 2.91395144e-04 1.13311379e-02
533              1.50654109e+00 5.03869135e-04 8.98270684e+00 1.33696350e+00 2.12453412e-04 8.97137597e+00 1.69577588e-01 2.91415723e-04 1.13308784e-02
534              1.50653466e+00 5.03834006e-04 8.98270684e+00 1.33696350e+00 2.12453412e-04 8.97137597e+00 1.69571167e-01 2.91380593e-04 1.13308726e-02
535              1.50654151e+00 5.04051597e-04 8.98270558e+00 1.33696350e+00 2.12453412e-04 8.97137597e+00 1.69578013e-01 2.91598184e-04 1.13296140e-02
536              1.50653515e+00 5.15550840e-04 8.98276104e+00 1.33696371e+00 2.24285357e-04 8.97142995e+00 1.69571435e-01 2.91265483e-04 1.13310887e-02
537              1.50654018e+00 5.14498071e-04 8.98276035e+00 1.33696371e+00 2.24285357e-04 8.97142995e+00 1.69576463e-01 2.90212714e-04 1.13303937e-02
538              1.50653302e+00 5.17976866e-04 8.98278212e+00 1.33696337e+00 2.28010454e-04 8.97145077e+00 1.69569651e-01 2.89966413e-04 1.13313477e-02
539              1.50653601e+00 5.17289267e-04 8.98278092e+00 1.33696337e+00 2.28010454e-04 8.97145077e+00 1.69572641e-01 2.89278814e-04 1.13301488e-02
540              1.50653114e+00 4.91364728e-04 8.98279966e+00 1.33696492e+00 2.01537653e-04 8.97146845e+00 1.69566227e-01 2.89827075e-04 1.13312018e-02
541              1.50653545e+00 4.91450347e-04 8.98279922e+00 1.33696492e+00 2.01537653e-04 8.97146845e+00 1.69570531e-01 2.89912694e-04 1.13307641e-02
542              1.50653198e+00 4.77269922e-04 8.98280842e+00 1.33696707e+00 1.86963742e-04 8.97147649e+00 1.69564901e-01 2.90306180e-04 1.13319292e-02
543              1.50653492e+00 4.77116756e-04 8.98280764e+00 1.33696707e+00 1.86963742e-04 8.97147649e+00 1.69567845e-01 2.90153014e-04 1.13311471e-02
544              1.50652920e+00 4.77182771e-04 8.98280808e+00 1.33696707e+00 1.86963742e-04 8.97147649e+00 1.69562123e-01 2.90219028e-04 1.13315848e-02
545              1.50653658e+00 4.76823273e-04 8.98280803e+00 1.33696707e+00 1.86963742e-04 8.97147649e+00 1.69569510e-01 2.89859531e-04 1.13315361e-02
546              1.50652775e+00 4.76797567e-04 8.98280823e+00 1.33696707e+00 1.86963742e-04 8.97147649e+00 1.69560677e-01 2.89833825e-04 1.13317423e-02
547              1.50653367e+00 4.77523294e-04 8.98280715e+00 1.33696707e+00 1.86963742e-04 8.97147649e+00 1.69566591e-01 2.90559552e-04 1.13306608e-02
548              1.50652422e+00 4.78323952e-04 8.98280819e+00 1.33696707e+00 1.86963742e-04 8.97147649e+00 1.69557149e-01 2.91360210e-04 1.13316990e-02
549              1.50652844e+00 4.94885400e-04 8.98281652e+00 1.33696520e+00 2.03059611e-04 8.97148578e+00 1.69563241e-01 2.91825789e-04 1.13307471e-02
550              1.50652316e+00 4.94823855e-04 8.98281673e+00 1.33696520e+00 2.03059611e-04 8.97148578e+00 1.69557961e-01 2.91764244e-04 1.13309564e-02
551              1.50652579e+00 4.95281327e-04 8.98278807e+00 1.33696157e+00 2.03665776e-04 8.97145675e+00 1.69564226e-01 2.91615551e-04 1.13313196e-02
552              1.50651927e+00 4.95151053e-04 8.98278819e+00 1.33696157e+00 2.03665776e-04 8.97145675e+00 1.69557701e-01 2.91485277e-04 1.13314429e-02
553              1.50651896e+00 4.63501030e-04 8.98275860e+00 1.33695467e+00 1.71831267e-04 8.97142719e+00 1.69564297e-01 2.91669764e-04 1.13314090e-02
554              1.50651385e+00 4.63656295e-04 8.98275919e+00 1.33695467e+00 1.71831267e-04 8.97142719e+00 1.69559186e-01 2.91825029e-04 1.13320050e-02
555              1.50651905e+00 4.63203713e-04 8.98275930e+00 1.33695467e+00 1.71831267e-04 8.97142719e+00 1.69564389e-01 2.91372447e-04 1.13321171e-02
556              1.50651175e+00 4.44187613e-04 8.98274051e+00 1.33695618e+00 1.52474337e-04 8.97140878e+00 1.69555574e-01 2.91713276e-04 1.13317301e-02
557              1.50651826e+00 4.44228840e-04 8.98273981e+00 1.33695618e+00 1.52474337e-04 8.97140878e+00 1.69562087e-01 2.91754502e-04 1.13310335e-02
558              1.50651544e+00 4.51348655e-04 8.98269621e+00 1.33695849e+00 1.59097681e-04 8.97136407e+00 1.69556943e-01 2.92250973e-04 1.13321476e-02
559              1.50652067e+00 4.51473241e-04 8.98269561e+00 1.33695849e+00 1.59097681e-04 8.97136407e+00 1.69562174e-01 2.92375560e-04 1.13315448e-02
560              1.50651755e+00 4.66066573e-04 8.98265109e+00 1.33695961e+00 1.73712141e-04 8.97131884e+00 1.69557944e-01 2.92354431e-04 1.13322563e-02
561              1.50652303e+00 4.65954847e-04 8.98265082e+00 1.33695961e+00 1.73712141e-04 8.97131884e+00 1.69563416e-01 2.92242706e-04 1.13319809e-02
562              1.50651887e+00 4.65928120e-04 8.98265069e+00 1.33695961e+00 1.73712141e-04 8.97131884e+00 1.69559261e-01 2.92215979e-04 1.13318477e-02
563              1.50652420e+00 4.66153849e-04 8.98264992e+00 1.33695961e+00 1.73712141e-04 8.97131884e+00 1.69564587e-01 2.92441708e-04 1.13310855e-02
564              1.50651897e+00 4.66532636e-04 8.98265001e+00 1.33695961e+00 1.73712141e-04 8.97131884e+00 1.69559360e-01 2.92820495e-04 1.13311762e-02
565              1.50652708e+00 4.67445727e-04 8.98264886e+00 1.33695961e+00 1.73712141e-04 8.97131884e+00 1.69567473e-01 2.93733586e-04 1.13300259e-02
566              1.50652073e+00 4.67774242e-04 8.98265044e+00 1.33695961e+00 1.73712141e-04 8.97131884e+00 1.69561118e-01 2.94062101e-04 1.13316059e-02
567              1.50653085e+00 4.68535627e-04 8.98265161e+00 1.33695961e+00 1.73712141e-04 8.97131884e+00 1.69571244e-01 2.94823486e-04 1.13327744e-02
568              1.50652432e+00 4.68294680e-04 8.98265408e+00 1.33695961e+00 1.73712141e-04 8.97131884e+00 1.69564706e-01 2.94582539e-04 1.13352464e-02
569              1.50653323e+00 4.68309475e-04 8.98265375e+00 1.33695961e+00 1.73712141e-04 8.97131884e+00 1.69573622e-01 2.94597334e-04 1.13349129e-02
570              1.50652470e+00 4.67144411e-04 8.98265382e+00 1.33695961e+00 1.73712141e-04 8.97131884e+00 1.69565086e-01 2.93432269e-04 1.13349777e-02
571              1.50652449e+00 4.30340056e-04 8.98257271e+00 1.33695567e+00 1.37206334e-04 8.97124100e+00 1.69568816e-01 2.93133722e-04 1.13317112e-02
572              1.50651935e+00 4.31204130e-04 8.98257246e+00 1.33695567e+00 1.37206334e-04 8.97124100e+00 1.69563680e-01 2.93997796e-04 1.13314572e-02
573              1.50652718e+00 4.54484312e-04 8.98252226e+00 1.33695615e+00 1.61032790e-04 8.97119030e+00 1.69571024e-01 2.93451521e-04 1.13319551e-02
574              1.50652158e+00 4.54453552e-04 8.98252234e+00 1.33695615e+00 1.61032790e-04 8.97119030e+00 1.69565422e-01 2.93420762e-04 1.13320364e-02
575              1.50652453e+00 4.90914407e-04 8.98247790e+00 1.33695192e+00 1.98020241e-04 8.97114631e+00 1.69572603e-01 2.92894166e-04 1.13315928e-02
576              1.50651917e+00 4.90726256e-04 8.98247847e+00 1.33695192e+00 1.98020241e-04 8.97114631e+00 1.69567248e-01 2.92706015e-04 1.13321589e-02
577              1.50652857e+00 4.90312231e-04 8.98247812e+00 1.33695192e+00 1.98020241e-04 8.97114631e+00 1.69576650e-01 2.92291990e-04 1.13318088e-02
578              1.50652183e+00 4.78386530e-04 8.98244439e+00 1.33695161e+00 1.85694838e-04 8.97111253e+00 1.69570212e-01 2.92691693e-04 1.13318615e-02
579              1.50652697e+00 4.78032376e-04 8.98244368e+00 1.33695161e+00 1.85694838e-04 8.97111253e+00 1.69575357e-01 2.92337538e-04 1.13311482e-02
580              1.50652551e+00 4.67549009e-04 8.98242969e+00 1.33695408e+00 1.74214467e-04 8.97109726e+00 1.69571438e-01 2.93334541e-04 1.13324250e-02
581              1.50653179e+00 4.67551565e-04 8.98242936e+00 1.33695408e+00 1.74214467e-04 8.97109726e+00 1.69577712e-01 2.93337098e-04 1.13320973e-02
582              1.50652917e+00 4.74608274e-04 8.98241809e+00 1.33695614e+00 1.81142401e-04 8.97108515e+00 1.69573025e-01 2.93465873e-04 1.13329365e-02
583              1.50653370e+00 4.74032824e-04 8.98241743e+00 1.33695614e+00 1.81142401e-04 8.97108515e+00 1.69577558e-01 2.92890423e-04 1.13322771e-02
584              1.50652659e+00 4.73899091e-04 8.98241727e+00 1.33695614e+00 1.81142401e-04 8.97108515e+00 1.69570445e-01 2.92756690e-04 1.13321149e-02
585              1.50653397e+00 4.73894017e-04 8.98241671e+00 1.33695614e+00 1.81142401e-04 8.97108515e+00 1.69577824e-01 2.92751616e-04 1.13315571e-02
586              1.50652585e+00 4.74447353e-04 8.98241663e+00 1.33695614e+00 1.81142401e-04 8.97108515e+00 1.69569703e-01 2.93304952e-04 1.13314735e-02
587              1.50653500e+00 4.74799382e-04 8.98241655e+00 1.33695614e+00 1.81142401e-04 8.97108515e+00 1.69578859e-01 2.93656981e-04 1.13313929e-02
588              1.50652496e+00 4.74649952e-04 8.98241718e+00 1.33695614e+00 1.81142401e-04 8.97108515e+00 1.69568815e-01 2.93507551e-04 1.13320221e-02
589              1.50652789e+00 4.81637961e-04 8.98238366e+00 1.33695124e+00 1.88547929e-04 8.97105205e+00 1.69576656e-01 2.93090032e-04 1.13316115e-02
590              1.50652199e+00 4.81505496e-04 8.98238458e+00 1.33695124e+00 1.88547929e-04 8.97105205e+00 1.69570752e-01 2.92957567e-04 1.13325255e-02
591              1.50652600e+00 4.54824821e-04 8.98237731e+00 1.33694788e+00 1.61548789e-04 8.97104552e+00 1.69578119e-01 2.93276032e-04 1.13317872e-02
592              1.50652098e+00 4.55793291e-04 8.98237779e+00 1.33694788e+00 1.61548789e-04 8.97104552e+00 1.69573096e-01 2.94244502e-04 1.13322658e-02
593              1.50652465e+00 4.65481227e-04 8.98237823e+00 1.33694350e+00 1.71329773e-04 8.97104614e+00 1.69581148e-01 2.94151455e-04 1.13320881e-02
594              1.50651881e+00 4.65476177e-04 8.98237881e+00 1.33694350e+00 1.71329773e-04 8.97104614e+00 1.69575308e-01 2.94146405e-04 1.13326700e-02
595              1.50652503e+00 4.65245406e-04 8.98237842e+00 1.33694350e+00 1.71329773e-04 8.97104614e+00 1.69581527e-01 2.93915633e-04 1.13322775e-02
596              1.50651373e+00 4.75126075e-04 8.98237884e+00 1.33694051e+00 1.81696441e-04 8.97104620e+00 1.69573218e-01 2.93429635e-04 1.13326382e-02
597              1.50651848e+00 4.74340898e-04 8.98237864e+00 1.33694051e+00 1.81696441e-04 8.97104620e+00 1.69577971e-01 2.92644457e-04 1.13324420e-02
598              1.50651531e+00 4.62426877e-04 8.98238352e+00 1.33694147e+00 1.69621562e-04 8.97105084e+00 1.69573840e-01 2.92805315e-04 1.13326832e-02
599              1.50652019e+00 4.62616079e-04 8.98238280e+00 1.33694147e+00 1.69621562e-04 8.97105084e+00 1.69578714e-01 2.92994516e-04 1.13319638e-02
600              1.50651583e+00 4.62551839e-04 8.98238325e+00 1.33694147e+00 1.69621562e-04 8.97105084e+00 1.69574362e-01 2.92930277e-04 1.13324145e-02
601              1.50652085e+00 4.62378965e-04 8.98238284e+00 1.33694147e+00 1.69621562e-04 8.97105084e+00 1.69579374e-01 2.92757403e-04 1.13319975e-02
602              1.50651639e+00 4.62587816e-04 8.98238349e+00 1.33694147e+00 1.69621562e-04 8.97105084e+00 1.69574923e-01 2.92966254e-04 1.13326508e-02
603              1.50652354e+00 4.62362155e-04 8.98238311e+00 1.33694147e+00 1.69621562e-04 8.97105084e+00 1.69582070e-01 2.92740593e-04 1.13322721e-02
604              1.50651379e+00 4.61740200e-04 8.98238354e+00 1.33694147e+00 1.69621562e-04 8.97105084e+00 1.69572322e-01 2.92118638e-04 1.13327037e-02
605              1.50652097e+00 4.61603337e-04 8.98238303e+00 1.33694147e+00 1.69621562e-04 8.97105084e+00 1.69579503e-01 2.91981775e-04 1.13321918e-02
606              1.50651278e+00 4.61563463e-04 8.98238364e+00 1.33694147e+00 1.69621562e-04 8.97105084e+00 1.69571304e-01 2.91941901e-04 1.13327998e-02
607              1.50652237e+00 4.62181691e-04 8.98238294e+00 1.33694147e+00 1.69621562e-04 8.97105084e+00 1.69580901e-01 2.92560129e-04 1.13321026e-02
608              1.50651444e+00 4.63201604e-04 8.98238342e+00 1.33694147e+00 1.69621562e-04 8.97105084e+00 1.69572969e-01 2.93580042e-04 1.13325842e-02
609              1.50652668e+00 4.64619679e-04 8.98238371e+00 1.33694147e+00 1.69621562e-04 8.97105084e+00 1.69585204e-01 2.94998117e-04 1.13328743e-02
610              1.50651972e+00 4.64411158e-04 8.98238657e+00 1.33694147e+00 1.69621562e-04 8.97105084e+00 1.69578248e-01 2.94789596e-04 1.13357272e-02
611              1.50652731e+00 4.63777859e-04 8.98238716e+00 1.33694147e+00 1.69621562e-04 8.97105084e+00 1.69585843e-01 2.94156297e-04 1.13363253e-02
612              1.50651167e+00 5.07075091e-04 8.98232621e+00 1.33693682e+00 2.13569842e-04 8.97099147e+00 1.69574851e-01 2.93505249e-04 1.13347495e-02
613              1.50651766e+00 5.05860785e-04 8.98232520e+00 1.33693682e+00 2.13569842e-04 8.97099147e+00 1.69580835e-01 2.92290943e-04 1.13337372e-02
614              1.50651875e+00 4.59170039e-04 8.98231039e+00 1.33694601e+00 1.66302742e-04 8.97097757e+00 1.69572746e-01 2.92867296e-04 1.13328231e-02
615              1.50652567e+00 4.60083210e-04 8.98230950e+00 1.33694601e+00 1.66302742e-04 8.97097757e+00 1.69579669e-01 2.93780468e-04 1.13319308e-02
616              1.50651888e+00 4.60615708e-04 8.98231055e+00 1.33694601e+00 1.66302742e-04 8.97097757e+00 1.69572874e-01 2.94312966e-04 1.13329847e-02
617              1.50652984e+00 4.86677696e-04 8.98231121e+00 1.33694790e+00 1.93165761e-04 8.97097693e+00 1.69581942e-01 2.93511935e-04 1.13342854e-02
618              1.50652421e+00 4.86049451e-04 8.98231195e+00 1.33694790e+00 1.93165761e-04 8.97097693e+00 1.69576314e-01 2.92883690e-04 1.13350239e-02
619              1.50653031e+00 4.66115166e-04 8.98232529e+00 1.33695013e+00 1.73658971e-04 8.97099218e+00 1.69580181e-01 2.92456195e-04 1.13331091e-02
620              1.50652579e+00 4.66827664e-04 8.98232538e+00 1.33695013e+00 1.73658971e-04 8.97099218e+00 1.69575660e-01 2.93168693e-04 1.13331953e-02
621              1.50653833e+00 4.57841043e-04 8.98234898e+00 1.33695928e+00 1.63644046e-04 8.97101666e+00 1.69579055e-01 2.94196997e-04 1.13323158e-02
622              1.50653572e+00 4.58908640e-04 8.98234853e+00 1.33695928e+00 1.63644046e-04 8.97101666e+00 1.69576442e-01 2.95264594e-04 1.13318693e-02
623              1.50655006e+00 5.39951918e-04 8.98236139e+00 1.33696424e+00 2.44400061e-04 8.97102896e+00 1.69585819e-01 2.95551857e-04 1.13324270e-02
624              1.50654698e+00 5.38564418e-04 8.98236162e+00 1.33696424e+00 2.44400061e-04 8.97102896e+00 1.69582740e-01 2.94164356e-04 1.13326586e-02
625              1.50654418e+00 5.66490036e-04 8.98242070e+00 1.33695744e+00 2.77231665e-04 8.97108968e+00 1.69586733e-01 2.89258371e-04 1.13310187e-02
626              1.50653305e+00 5.64325003e-04 8.98242064e+00 1.33695744e+00 2.77231665e-04 8.97108968e+00 1.69575608e-01 2.87093338e-04 1.13309579e-02
627              1.50653154e+00 4.28921968e-04 8.98245755e+00 1.33695862e+00 1.39904209e-04 8.97112553e+00 1.69572917e-01 2.89017759e-04 1.13320216e-02
628              1.50653019e+00 4.32906053e-04 8.98245910e+00 1.33695862e+00 1.39904209e-04 8.97112553e+00 1.69571571e-01 2.93001844e-04 1.13335754e-02
629              1.50654336e+00 4.36182673e-04 8.98245888e+00 1.33695862e+00 1.39904209e-04 8.97112553e+00 1.69584736e-01 2.96278464e-04 1.13333506e-02
630              1.50654554e+00 5.53427331e-04 8.98247868e+00 1.33696065e+00 2.58088277e-04 8.97114493e+00 1.69584889e-01 2.95339055e-04 1.13337502e-02
631              1.50654467e+00 5.49502487e-04 8.98247773e+00 1.33696065e+00 2.58088277e-04 8.97114493e+00 1.69584018e-01 2.91414210e-04 1.13328036e-02
632              1.50653264e+00 5.57108300e-04 8.98252019e+00 1.33695684e+00 2.66618098e-04 8.97118812e+00 1.69575795e-01 2.90490202e-04 1.13320679e-02
633              1.50653438e+00 5.56305772e-04 8.98251938e+00 1.33695684e+00 2.66618098e-04 8.97118812e+00 1.69577537e-01 2.89687674e-04 1.13312618e-02
634              1.50653720e+00 5.12553536e-04 8.98256756e+00 1.33696364e+00 2.22466310e-04 8.97123538e+00 1.69573558e-01 2.90087226e-04 1.13321770e-02
635              1.50653815e+00 5.12859671e-04 8.98256636e+00 1.33696364e+00 2.22466310e-04 8.97123538e+00 1.69574512e-01 2.90393361e-04 1.13309777e-02
636              1.50654152e+00 5.13465656e-04 8.98260720e+00 1.33696935e+00 2.23043270e-04 8.97127493e+00 1.69572167e-01 2.90422386e-04 1.13322727e-02
637              1.50654200e+00 5.13204863e-04 8.98260669e+00 1.33696935e+00 2.23043270e-04 8.97127493e+00 1.69572650e-01 2.90161593e-04 1.13317607e-02
638              1.50654357e+00 5.13712412e-04 8.98260775e+00 1.33696935e+00 2.23043270e-04 8.97127493e+00 1.69574224e-01 2.90669142e-04 1.13328247e-02
639              1.50654363e+00 5.13461049e-04 8.98260727e+00 1.33696935e+00 2.23043270e-04 8.97127493e+00 1.69574274e-01 2.90417779e-04 1.13323407e-02
640              1.50654107e+00 5.12804316e-04 8.98260726e+00 1.33696935e+00 2.23043270e-04 8.97127493e+00 1.69571716e-01 2.89761045e-04 1.13323361e-02
641              1.50653807e+00 5.12271293e-04 8.98260579e+00 1.33696935e+00 2.23043270e-04 8.97127493e+00 1.69568720e-01 2.89228022e-04 1.13308606e-02
642              1.50653628e+00 5.12767602e-04 8.98260468e+00 1.33696935e+00 2.23043270e-04 8.97127493e+00 1.69566932e-01 2.89724331e-04 1.13297554e-02
643              1.50654488e+00 4.76057266e-04 8.98267148e+00 1.33697909e+00 1.86404585e-04 8.97134113e+00 1.69565793e-01 2.89652681e-04 1.13303465e-02
644              1.50654221e+00 4.77158127e-04 8.98267211e+00 1.33697909e+00 1.86404585e-04 8.97134113e+00 1.69563126e-01 2.90753541e-04 1.13309769e-02
645              1.50654996e+00 4.87932406e-04 8.98267495e+00 1.33698029e+00 1.96992824e-04 8.97134330e+00 1.69569669e-01 2.90939582e-04 1.13316475e-02
646              1.50654778e+00 4.87404731e-04 8.98267531e+00 1.33698029e+00 1.96992824e-04 8.97134330e+00 1.69567482e-01 2.90411908e-04 1.13320120e-02
647              1.50655187e+00 4.87139611e-04 8.98267477e+00 1.33698029e+00 1.96992824e-04 8.97134330e+00 1.69571574e-01 2.90146788e-04 1.13314664e-02
648              1.50654861e+00 4.87262783e-04 8.98267355e+00 1.33698029e+00 1.96992824e-04 8.97134330e+00 1.69568317e-01 2.90269960e-04 1.13302536e-02
649              1.50654676e+00 4.87699254e-04 8.98267106e+00 1.33698029e+00 1.96992824e-04 8.97134330e+00 1.69566470e-01 2.90706430e-04 1.13277636e-02
650              1.50654596e+00 4.90527522e-04 8.98266925e+00 1.33698029e+00 1.96992824e-04 8.97134330e+00 1.69565663e-01 2.93534699e-04 1.13259474e-02
651              1.50655141e+00 4.93248225e-04 8.98267046e+00 1.33698029e+00 1.96992824e-04 8.97134330e+00 1.69571114e-01 2.96255401e-04 1.13271559e-02
652              1.50656335e+00 5.97628447e-04 8.98271383e+00 1.33699005e+00 3.02204201e-04 8.97138179e+00 1.69573303e-01 2.95424247e-04 1.13320434e-02
653              1.50656646e+00 5.94374444e-04 8.98271376e+00 1.33699005e+00 3.02204201e-04 8.97138179e+00 1.69576411e-01 2.92170243e-04 1.13319684e-02
654              1.50655762e+00 5.35077229e-04 8.98270641e+00 1.33698664e+00 2.44007092e-04 8.97137566e+00 1.69570988e-01 2.91070137e-04 1.13307518e-02
655              1.50655978e+00 5.34788182e-04 8.98270543e+00 1.33698664e+00 2.44007092e-04 8.97137566e+00 1.69573143e-01 2.90781090e-04 1.13297668e-02
656              1.50655942e+00 4.54020086e-04 8.98271868e+00 1.33699119e+00 1.62739694e-04 8.97138923e+00 1.69568238e-01 2.91280392e-04 1.13294546e-02
657              1.50656092e+00 4.54654303e-04 8.98271798e+00 1.33699119e+00 1.62739694e-04 8.97138923e+00 1.69569737e-01 2.91914609e-04 1.13287500e-02
658              1.50656169e+00 4.55609836e-04 8.98271938e+00 1.33699119e+00 1.62739694e-04 8.97138923e+00 1.69570507e-01 2.92870142e-04 1.13301485e-02
659              1.50656468e+00 5.01536111e-04 8.98270557e+00 1.33699123e+00 2.08769686e-04 8.97137511e+00 1.69573441e-01 2.92766425e-04 1.13304597e-02
660              1.50655916e+00 5.00244117e-04 8.98270639e+00 1.33699123e+00 2.08769686e-04 8.97137511e+00 1.69567929e-01 2.91474432e-04 1.13312793e-02
661              1.50655770e+00 4.78569492e-04 8.98267104e+00 1.33698731e+00 1.87617777e-04 8.97134051e+00 1.69570387e-01 2.90951715e-04 1.13305304e-02
662              1.50655385e+00 4.78648378e-04 8.98267135e+00 1.33698731e+00 1.87617777e-04 8.97134051e+00 1.69566536e-01 2.91030601e-04 1.13308322e-02
663              1.50655333e+00 4.60381081e-04 8.98267586e+00 1.33698423e+00 1.68939675e-04 8.97134591e+00 1.69569102e-01 2.91441407e-04 1.13299505e-02
664              1.50654860e+00 4.60459861e-04 8.98267650e+00 1.33698423e+00 1.68939675e-04 8.97134591e+00 1.69564376e-01 2.91520186e-04 1.13305938e-02
665              1.50655181e+00 4.60822050e-04 8.98267648e+00 1.33698423e+00 1.68939675e-04 8.97134591e+00 1.69567586e-01 2.91882376e-04 1.13305668e-02
666              1.50655053e+00 4.61150624e-04 8.98267818e+00 1.33698423e+00 1.68939675e-04 8.97134591e+00 1.69566305e-01 2.92210950e-04 1.13322740e-02
667              1.50655120e+00 4.60398786e-04 8.98267779e+00 1.33698423e+00 1.68939675e-04 8.97134591e+00 1.69566971e-01 2.91459111e-04 1.13318770e-02
668              1.50654585e+00 4.59463861e-04 8.98267736e+00 1.33698423e+00 1.68939675e-04 8.97134591e+00 1.69561617e-01 2.90524187e-04 1.13314500e-02
669              1.50654488e+00 4.59283193e-04 8.98267614e+00 1.33698423e+00 1.68939675e-04 8.97134591e+00 1.69560648e-01 2.90343518e-04 1.13302355e-02
670              1.50654426e+00 4.60397279e-04 8.98267594e+00 1.33698423e+00 1.68939675e-04 8.97134591e+00 1.69560034e-01 2.91457604e-04 1.13300335e-02
671              1.50654616e+00 4.61386688e-04 8.98267698e+00 1.33698423e+00 1.68939675e-04 8.97134591e+00 1.69561928e-01 2.92447014e-04 1.13310690e-02
672              1.50654870e+00 4.45032659e-04 8.98269596e+00 1.33698644e+00 1.51208086e-04 8.97136420e+00 1.69562260e-01 2.93824573e-04 1.13317609e-02
673              1.50655225e+00 4.44404117e-04 8.98269547e+00 1.33698644e+00 1.51208086e-04 8.97136420e+00 1.69565811e-01 2.93196031e-04 1.13312735e-02
674              1.50654226e+00 4.41874704e-04 8.98270223e+00 1.33697858e+00 1.49298565e-04 8.97137045e+00 1.69563678e-01 2.92576139e-04 1.13317824e-02
675              1.50654422e+00 4.41587186e-04 8.98270211e+00 1.33697858e+00 1.49298565e-04 8.97137045e+00 1.69565645e-01 2.92288621e-04 1.13316560e-02
676              1.50654224e+00 4.41066066e-04 8.98270195e+00 1.33697858e+00 1.49298565e-04 8.97137045e+00 1.69563663e-01 2.91767501e-04 1.13315029e-02
677              1.50654249e+00 4.41440360e-04 8.98270089e+00 1.33697858e+00 1.49298565e-04 8.97137045e+00 1.69563911e-01 2.92141795e-04 1.13304434e-02
678              1.50654273e+00 4.42359213e-04 8.98270057e+00 1.33697858e+00 1.49298565e-04 8.97137045e+00 1.69564156e-01 2.93060648e-04 1.13301204e-02
679              1.50654554e+00 4.42990046e-04 8.98270060e+00 1.33697858e+00 1.49298565e-04 8.97137045e+00 1.69566963e-01 2.93691481e-04 1.13301517e-02
680              1.50654978e+00 4.44285702e-04 8.98270097e+00 1.33697858e+00 1.49298565e-04 8.97137045e+00 1.69571199e-01 2.94987137e-04 1.13305237e-02
681              1.50654354e+00 5.15985916e-04 8.98264500e+00 1.33696640e+00 2.21869337e-04 8.97131244e+00 1.69577146e-01 2.94116579e-04 1.13325587e-02
682              1.50653855e+00 5.14173204e-04 8.98264544e+00 1.33696640e+00 2.21869337e-04 8.97131244e+00 1.69572153e-01 2.92303867e-04 1.13329922e-02
683              1.50653053e+00 4.66862916e-04 8.98260076e+00 1.33695691e+00 1.74762802e-04 8.97126890e+00 1.69573616e-01 2.92100114e-04 1.13318566e-02
684              1.50652763e+00 4.67344361e-04 8.98260085e+00 1.33695691e+00 1.74762802e-04 8.97126890e+00 1.69570717e-01 2.92581559e-04 1.13319547e-02
685              1.50652861e+00 4.67296189e-04 8.98260064e+00 1.33695691e+00 1.74762802e-04 8.97126890e+00 1.69571700e-01 2.92533387e-04 1.13317375e-02
686              1.50652431e+00 4.67505953e-04 8.98260067e+00 1.33695691e+00 1.74762802e-04 8.97126890e+00 1.69567397e-01 2.92743150e-04 1.13317713e-02
687              1.50652455e+00 4.67632331e-04 8.98260139e+00 1.33695691e+00 1.74762802e-04 8.97126890e+00 1.69567634e-01 2.92869528e-04 1.13324930e-02
688              1.50652262e+00 4.67699596e-04 8.98260273e+00 1.33695691e+00 1.74762802e-04 8.97126890e+00 1.69565713e-01 2.92936793e-04 1.13338302e-02
689              1.50652067e+00 4.66327888e-04 8.98260362e+00 1.33695691e+00 1.74762802e-04 8.97126890e+00 1.69563759e-01 2.91565085e-04 1.13347178e-02
690              1.50650422e+00 4.47912950e-04 8.98257129e+00 1.33694400e+00 1.55287852e-04 8.97123801e+00 1.69560223e-01 2.92625098e-04 1.13332753e-02
691              1.50650914e+00 4.48757861e-04 8.98256977e+00 1.33694400e+00 1.55287852e-04 8.97123801e+00 1.69565143e-01 2.93470009e-04 1.13317602e-02
692              1.50650158e+00 4.46053893e-04 8.98253742e+00 1.33693630e+00 1.52479775e-04 8.97120402e+00 1.69565280e-01 2.93574117e-04 1.13334020e-02
693              1.50650562e+00 4.46000212e-04 8.98253688e+00 1.33693630e+00 1.52479775e-04 8.97120402e+00 1.69569325e-01 2.93520436e-04 1.13328606e-02
694              1.50650651e+00 4.45749678e-04 8.98253823e+00 1.33693630e+00 1.52479775e-04 8.97120402e+00 1.69570210e-01 2.93269903e-04 1.13342169e-02
695              1.50650839e+00 4.45362425e-04 8.98253857e+00 1.33693630e+00 1.52479775e-04 8.97120402e+00 1.69572092e-01 2.92882650e-04 1.13345492e-02
696              1.50650415e+00 4.44479627e-04 8.98253995e+00 1.33693630e+00 1.52479775e-04 8.97120402e+00 1.69567850e-01 2.91999851e-04 1.13359370e-02
697              1.50649955e+00 4.41738526e-04 8.98257158e+00 1.33693245e+00 1.50264078e-04 8.97123785e+00 1.69567094e-01 2.91474448e-04 1.13337327e-02
698              1.50649682e+00 4.42721258e-04 8.98257169e+00 1.33693245e+00 1.50264078e-04 8.97123785e+00 1.69564364e-01 2.92457179e-04 1.13338385e-02
699              1.50649665e+00 4.54393259e-04 8.98254709e+00 1.33692781e+00 1.61561509e-04 8.97121370e+00 1.69568831e-01 2.92831749e-04 1.13333899e-02
700              1.50649425e+00 4.54825495e-04 8.98254762e+00 1.33692781e+00 1.61561509e-04 8.97121370e+00 1.69566439e-01 2.93263986e-04 1.13339177e-02
701              1.50649903e+00 4.54468403e-04 8.98254788e+00 1.33692781e+00 1.61561509e-04 8.97121370e+00 1.69571219e-01 2.92906893e-04 1.13341790e-02
702              1.50649586e+00 4.54258613e-04 8.98254922e+00 1.33692781e+00 1.61561509e-04 8.97121370e+00 1.69568046e-01 2.92697104e-04 1.13355152e-02
703              1.50649544e+00 4.53723553e-04 8.98254892e+00 1.33692781e+00 1.61561509e-04 8.97121370e+00 1.69567625e-01 2.92162043e-04 1.13352137e-02
704              1.50649153e+00 4.53866505e-04 8.98254895e+00 1.33692781e+00 1.61561509e-04 8.97121370e+00 1.69563721e-01 2.92304996e-04 1.13352479e-02
705              1.50648884e+00 4.54946791e-04 8.98254717e+00 1.33692781e+00 1.61561509e-04 8.97121370e+00 1.69561030e-01 2.93385281e-04 1.13334708e-02
706              1.50648645e+00 4.65193817e-04 8.98255180e+00 1.33692759e+00 1.70401433e-04 8.97121773e+00 1.69558855e-01 2.94792384e-04 1.13340720e-02
707              1.50649144e+00 4.65096472e-04 8.98255151e+00 1.33692759e+00 1.70401433e-04 8.97121773e+00 1.69563852e-01 2.94695039e-04 1.13337785e-02
708              1.50649313e+00 4.87394773e-04 8.98258453e+00 1.33692849e+00 1.93614945e-04 8.97124880e+00 1.69564644e-01 2.93779828e-04 1.13357357e-02
709              1.50649753e+00 4.87245856e-04 8.98258393e+00 1.33692849e+00 1.93614945e-04 8.97124880e+00 1.69569045e-01 2.93630911e-04 1.13351306e-02
710              1.50649761e+00 4.86011526e-04 8.98258403e+00 1.33692849e+00 1.93614945e-04 8.97124880e+00 1.69569122e-01 2.92396581e-04 1.13352357e-02
711              1.50649848e+00 4.64095667e-04 8.98257344e+00 1.33692669e+00 1.72181007e-04 8.97124074e+00 1.69571787e-01 2.91914660e-04 1.13327013e-02
712              1.50649805e+00 4.64991011e-04 8.98257392e+00 1.33692669e+00 1.72181007e-04 8.97124074e+00 1.69571363e-01 2.92810004e-04 1.13331811e-02
713              1.50650263e+00 4.82101276e-04 8.98256608e+00 1.33692424e+00 1.89082959e-04 8.97123193e+00 1.69578387e-01 2.93018317e-04 1.13341528e-02
714              1.50650103e+00 4.82209924e-04 8.98256717e+00 1.33692424e+00 1.89082959e-04 8.97123193e+00 1.69576790e-01 2.93126965e-04 1.13352393e-02
715              1.50650076e+00 4.81780133e-04 8.98256776e+00 1.33692424e+00 1.89082959e-04 8.97123193e+00 1.69576517e-01 2.92697174e-04 1.13358321e-02
716              1.50649212e+00 4.66859874e-04 8.98253288e+00 1.33691601e+00 1.74912942e-04 8.97119668e+00 1.69576110e-01 2.91946933e-04 1.13362040e-02
717              1.50649727e+00 4.67818371e-04 8.98253186e+00 1.33691601e+00 1.74912942e-04 8.97119668e+00 1.69581257e-01 2.92905430e-04 1.13351807e-02
718              1.50648894e+00 4.60621104e-04 8.98253993e+00 1.33691172e+00 1.67347073e-04 8.97120587e+00 1.69577216e-01 2.93274031e-04 1.13340594e-02
719              1.50648998e+00 4.61100462e-04 8.98253989e+00 1.33691172e+00 1.67347073e-04 8.97120587e+00 1.69578263e-01 2.93753389e-04 1.13340218e-02
720              1.50648910e+00 4.68314473e-04 8.98253828e+00 1.33691161e+00 1.74654623e-04 8.97120234e+00 1.69577484e-01 2.93659849e-04 1.13359461e-02
721              1.50649140e+00 4.68697395e-04 8.98253736e+00 1.33691161e+00 1.74654623e-04 8.97120234e+00 1.69579788e-01 2.94042772e-04 1.13350267e-02
722              1.50649367e+00 4.68219985e-04 8.98253859e+00 1.33691161e+00 1.74654623e-04 8.97120234e+00 1.69582053e-01 2.93565362e-04 1.13362507e-02
723              1.50649558e+00 4.59732747e-04 8.98253977e+00 1.33691437e+00 1.66328269e-04 8.97120592e+00 1.69581210e-01 2.93404477e-04 1.13338522e-02
724              1.50649187e+00 4.60551106e-04 8.98253943e+00 1.33691437e+00 1.66328269e-04 8.97120592e+00 1.69577507e-01 2.94222837e-04 1.13335048e-02
725              1.50650265e+00 4.84196571e-04 8.98257360e+00 1.33691951e+00 1.89545472e-04 8.97124027e+00 1.69583139e-01 2.94651099e-04 1.13333211e-02
726              1.50649964e+00 4.84224902e-04 8.98257358e+00 1.33691951e+00 1.89545472e-04 8.97124027e+00 1.69580132e-01 2.94679430e-04 1.13333023e-02
727              1.50650958e+00 5.06317091e-04 8.98259886e+00 1.33692329e+00 2.12334413e-04 8.97126570e+00 1.69586290e-01 2.93982678e-04 1.13331594e-02
728              1.50650457e+00 5.05816851e-04 8.98259847e+00 1.33692329e+00 2.12334413e-04 8.97126570e+00 1.69581277e-01 2.93482438e-04 1.13327711e-02
729              1.50650769e+00 5.05137385e-04 8.98259747e+00 1.33692329e+00 2.12334413e-04 8.97126570e+00 1.69584397e-01 2.92802972e-04 1.13317714e-02
730              1.50650322e+00 5.04407052e-04 8.98259730e+00 1.33692329e+00 2.12334413e-04 8.97126570e+00 1.69579924e-01 2.92072639e-04 1.13315983e-02
731              1.50650361e+00 5.03891047e-04 8.98259610e+00 1.33692329e+00 2.12334413e-04 8.97126570e+00 1.69580318e-01 2.91556634e-04 1.13304054e-02
732              1.50650056e+00 5.04741165e-04 8.98259635e+00 1.33692329e+00 2.12334413e-04 8.97126570e+00 1.69577265e-01 2.92406752e-04 1.13306479e-02
733              1.50650475e+00 5.04841724e-04 8.98259708e+00 1.33692329e+00 2.12334413e-04 8.97126570e+00 1.69581457e-01 2.92507311e-04 1.13313858e-02
734              1.50650399e+00 5.04304447e-04 8.98259969e+00 1.33692329e+00 2.12334413e-04 8.97126570e+00 1.69580704e-01 2.91970034e-04 1.13339915e-02
735              1.50650204e+00 5.02610455e-04 8.98260075e+00 1.33692329e+00 2.12334413e-04 8.97126570e+00 1.69578745e-01 2.90276043e-04 1.13350501e-02
736              1.50649392e+00 4.56974922e-04 8.98263303e+00 1.33692130e+00 1.66112627e-04 8.97129913e+00 1.69572617e-01 2.90862295e-04 1.13338969e-02
737              1.50649664e+00 4.57802870e-04 8.98263150e+00 1.33692130e+00 1.66112627e-04 8.97129913e+00 1.69575337e-01 2.91690243e-04 1.13323686e-02
738              1.50650861e+00 4.59021616e-04 8.98268796e+00 1.33693453e+00 1.66524193e-04 8.97135569e+00 1.69574078e-01 2.92497423e-04 1.13322709e-02
739              1.50651102e+00 4.59622006e-04 8.98268598e+00 1.33693453e+00 1.66524193e-04 8.97135569e+00 1.69576486e-01 2.93097813e-04 1.13302868e-02
740              1.50652512e+00 5.04164946e-04 8.98271368e+00 1.33694580e+00 2.11256091e-04 8.97138089e+00 1.69579325e-01 2.92908855e-04 1.13327916e-02
741              1.50652717e+00 5.03049968e-04 8.98271283e+00 1.33694580e+00 2.11256091e-04 8.97138089e+00 1.69581368e-01 2.91793877e-04 1.13319388e-02
742              1.50653095e+00 5.02822315e-04 8.98271431e+00 1.33694580e+00 2.11256091e-04 8.97138089e+00 1.69585153e-01 2.91566224e-04 1.13334217e-02
743              1.50654020e+00 4.90139571e-04 8.98274297e+00 1.33695279e+00 1.99057490e-04 8.97141009e+00 1.69587412e-01 2.91082081e-04 1.13328795e-02
744              1.50653341e+00 4.89590466e-04 8.98274295e+00 1.33695279e+00 1.99057490e-04 8.97141009e+00 1.69580623e-01 2.90532976e-04 1.13328610e-02
745              1.50654787e+00 4.92324313e-04 8.98277232e+00 1.33696202e+00 2.01429096e-04 8.97144015e+00 1.69585848e-01 2.90895217e-04 1.13321669e-02
746              1.50654330e+00 4.92428503e-04 8.98277251e+00 1.33696202e+00 2.01429096e-04 8.97144015e+00 1.69581280e-01 2.90999407e-04 1.13323549e-02
747              1.50655547e+00 5.08302195e-04 8.98280897e+00 1.33696964e+00 2.17376590e-04 8.97147609e+00 1.69585822e-01 2.90925605e-04 1.13328744e-02
748              1.50654786e+00 5.07510262e-04 8.98280946e+00 1.33696964e+00 2.17376590e-04 8.97147609e+00 1.69578216e-01 2.90133673e-04 1.13333623e-02
749              1.50655152e+00 5.07487754e-04 8.98280906e+00 1.33696964e+00 2.17376590e-04 8.97147609e+00 1.69581879e-01 2.90111164e-04 1.13329705e-02
750              1.50654493e+00 5.07920856e-04 8.98281013e+00 1.33696964e+00 2.17376590e-04 8.97147609e+00 1.69575284e-01 2.90544267e-04 1.13340380e-02
751              1.50654817e+00 5.07739944e-04 8.98280924e+00 1.33696964e+00 2.17376590e-04 8.97147609e+00 1.69578527e-01 2.90363355e-04 1.13331497e-02
752              1.50653906e+00 5.08005838e-04 8.98280891e+00 1.33696964e+00 2.17376590e-04 8.97147609e+00 1.69569418e-01 2.90629248e-04 1.13328137e-02
753              1.50654941e+00 5.08088044e-04 8.98280814e+00 1.33696964e+00 2.17376590e-04 8.97147609e+00 1.69579764e-01 2.90711455e-04 1.13320435e-02
754              1.50654185e+00 5.07355308e-04 8.98281027e+00 1.33696964e+00 2.17376590e-04 8.97147609e+00 1.69572206e-01 2.89978718e-04 1.13341739e-02
755              1.50654803e+00 5.06162931e-04 8.98281024e+00 1.33696964e+00 2.17376590e-04 8.97147609e+00 1.69578387e-01 2.88786341e-04 1.13341477e-02
756              1.50654845e+00 4.68497010e-04 8.98290271e+00 1.33698039e+00 1.79858466e-04 8.97156819e+00 1.69568060e-01 2.88638544e-04 1.13345227e-02
757              1.50655422e+00 4.68719236e-04 8.98290108e+00 1.33698039e+00 1.79858466e-04 8.97156819e+00 1.69573826e-01 2.88860770e-04 1.13328909e-02
758              1.50655964e+00 4.62667021e-04 8.98290412e+00 1.33699183e+00 1.72771858e-04 8.97157120e+00 1.69567803e-01 2.89895163e-04 1.13329228e-02
759              1.50656652e+00 4.62873410e-04 8.98290268e+00 1.33699183e+00 1.72771858e-04 8.97157120e+00 1.69574685e-01 2.90101553e-04 1.13314816e-02
760              1.50657171e+00 4.87717945e-04 8.98287999e+00 1.33699958e+00 1.97589890e-04 8.97154644e+00 1.69572134e-01 2.90128055e-04 1.13335500e-02
761              1.50657597e+00 4.87029118e-04 8.98287956e+00 1.33699958e+00 1.97589890e-04 8.97154644e+00 1.69576385e-01 2.89439229e-04 1.13331204e-02
762              1.50657029e+00 4.86787804e-04 8.98288054e+00 1.33699958e+00 1.97589890e-04 8.97154644e+00 1.69570711e-01 2.89197914e-04 1.13341041e-02
763              1.50657873e+00 4.86971533e-04 8.98288025e+00 1.33699958e+00 1.97589890e-04 8.97154644e+00 1.69579153e-01 2.89381643e-04 1.13338082e-02
764              1.50656821e+00 4.87032700e-04 8.98288014e+00 1.33699958e+00 1.97589890e-04 8.97154644e+00 1.69568625e-01 2.89442810e-04 1.13337034e-02
765              1.50657561e+00 4.88424044e-04 8.98287801e+00 1.33699958e+00 1.97589890e-04 8.97154644e+00 1.69576033e-01 2.90834154e-04 1.13315686e-02
766              1.50656882e+00 4.89465780e-04 8.98287871e+00 1.33699958e+00 1.97589890e-04 8.97154644e+00 1.69569242e-01 2.91875891e-04 1.13322694e-02
767              1.50658879e+00 5.36526217e-04 8.98289436e+00 1.33700923e+00 2.45290447e-04 8.97156133e+00 1.69579561e-01 2.91235771e-04 1.13330338e-02
768              1.50657841e+00 5.34582751e-04 8.98289486e+00 1.33700923e+00 2.45290447e-04 8.97156133e+00 1.69569185e-01 2.89292305e-04 1.13335241e-02
769              1.50657947e+00 4.89631275e-04 8.98285314e+00 1.33700657e+00 2.00721049e-04 8.97152000e+00 1.69572899e-01 2.88910226e-04 1.13331471e-02
770              1.50657222e+00 4.89982048e-04 8.98285311e+00 1.33700657e+00 2.00721049e-04 8.97152000e+00 1.69565646e-01 2.89260999e-04 1.13331087e-02
771              1.50657928e+00 4.90319149e-04 8.98285201e+00 1.33700657e+00 2.00721049e-04 8.97152000e+00 1.69572707e-01 2.89598100e-04 1.13320121e-02
772              1.50656764e+00 4.91077509e-04 8.98285061e+00 1.33700657e+00 2.00721049e-04 8.97152000e+00 1.69561065e-01 2.90356460e-04 1.13306142e-02
773              1.50657458e+00 4.91896950e-04 8.98284989e+00 1.33700657e+00 2.00721049e-04 8.97152000e+00 1.69568005e-01 2.91175901e-04 1.13298909e-02
774              1.50657174e+00 4.91521579e-04 8.98285221e+00 1.33700657e+00 2.00721049e-04 8.97152000e+00 1.69565171e-01 2.90800530e-04 1.13322161e-02
775              1.50658083e+00 4.90478058e-04 8.98285416e+00 1.33700657e+00 2.00721049e-04 8.97152000e+00 1.69574256e-01 2.89757009e-04 1.13341675e-02
776              1.50657398e+00 4.89245849e-04 8.98285703e+00 1.33700657e+00 2.00721049e-04 8.97152000e+00 1.69567412e-01 2.88524799e-04 1.13370297e-02
777              1.50658327e+00 4.88575974e-04 8.98285690e+00 1.33700657e+00 2.00721049e-04 8.97152000e+00 1.69576695e-01 2.87854925e-04 1.13369055e-02
778              1.50657990e+00 4.14041779e-04 8.98281122e+00 1.33701146e+00 1.25726113e-04 8.97147697e+00 1.69568440e-01 2.88315667e-04 1.13342480e-02
779              1.50658268e+00 4.15544096e-04 8.98280948e+00 1.33701146e+00 1.25726113e-04 8.97147697e+00 1.69571212e-01 2.89817984e-04 1.13325056e-02
780              1.50658374e+00 4.40241955e-04 8.98275036e+00 1.33702060e+00 1.50018993e-04 8.97141718e+00 1.69563141e-01 2.90222961e-04 1.13331788e-02
781              1.50658806e+00 4.39158460e-04 8.98274927e+00 1.33702060e+00 1.50018993e-04 8.97141718e+00 1.69567461e-01 2.89139466e-04 1.13320880e-02
782              1.50658411e+00 4.38602943e-04 8.98275065e+00 1.33702060e+00 1.50018993e-04 8.97141718e+00 1.69563513e-01 2.88583950e-04 1.13334611e-02
783              1.50658691e+00 4.21142227e-04 8.98265779e+00 1.33701612e+00 1.31746437e-04 8.97132357e+00 1.69570785e-01 2.89395790e-04 1.13342140e-02
784              1.50657865e+00 4.22098569e-04 8.98265756e+00 1.33701612e+00 1.31746437e-04 8.97132357e+00 1.69562528e-01 2.90352132e-04 1.13339865e-02
785              1.50657908e+00 4.21708457e-04 8.98256067e+00 1.33700875e+00 1.30748726e-04 8.97122794e+00 1.69570336e-01 2.90959731e-04 1.13327296e-02
786              1.50657266e+00 4.22272294e-04 8.98256052e+00 1.33700875e+00 1.30748726e-04 8.97122794e+00 1.69563910e-01 2.91523567e-04 1.13325854e-02
787              1.50657888e+00 4.22337877e-04 8.98256018e+00 1.33700875e+00 1.30748726e-04 8.97122794e+00 1.69570129e-01 2.91589151e-04 1.13322442e-02
788              1.50657118e+00 4.22282148e-04 8.98256174e+00 1.33700875e+00 1.30748726e-04 8.97122794e+00 1.69562428e-01 2.91533422e-04 1.13337987e-02
789              1.50658010e+00 4.21470445e-04 8.98256331e+00 1.33700875e+00 1.30748726e-04 8.97122794e+00 1.69571351e-01 2.90721718e-04 1.13353736e-02
790              1.50657833e+00 4.19559967e-04 8.98256700e+00 1.33700875e+00 1.30748726e-04 8.97122794e+00 1.69569583e-01 2.88811241e-04 1.13390605e-02
791              1.50657807e+00 4.17980242e-04 8.98256562e+00 1.33700875e+00 1.30748726e-04 8.97122794e+00 1.69569318e-01 2.87231515e-04 1.13376876e-02
792              1.50656828e+00 3.89755239e-04 8.98248612e+00 1.33700925e+00 1.00684884e-04 8.97115077e+00 1.69559030e-01 2.89070355e-04 1.13353473e-02
793              1.50657680e+00 3.91855844e-04 8.98248406e+00 1.33700925e+00 1.00684884e-04 8.97115077e+00 1.69567548e-01 2.91170960e-04 1.13332884e-02
794              1.50658157e+00 4.69798189e-04 8.98240402e+00 1.33701508e+00 1.77713503e-04 8.97106817e+00 1.69566490e-01 2.92084687e-04 1.13358439e-02
795              1.50658655e+00 4.69096834e-04 8.98240241e+00 1.33701508e+00 1.77713503e-04 8.97106817e+00 1.69571469e-01 2.91383331e-04 1.13342407e-02
796              1.50657399e+00 5.12508082e-04 8.98234558e+00 1.33700920e+00 2.22003412e-04 8.97101036e+00 1.69564785e-01 2.90504670e-04 1.13352218e-02
797              1.50657752e+00 5.11128927e-04 8.98234458e+00 1.33700920e+00 2.22003412e-04 8.97101036e+00 1.69568316e-01 2.89125516e-04 1.13342157e-02
798              1.50656560e+00 5.10448274e-04 8.98234375e+00 1.33700920e+00 2.22003412e-04 8.97101036e+00 1.69556400e-01 2.88444862e-04 1.13333915e-02
799              1.50657190e+00 4.66385379e-04 8.98232099e+00 1.33701087e+00 1.76497308e-04 8.97098916e+00 1.69561028e-01 2.89888071e-04 1.13318339e-02
800              1.50656759e+00 4.68771990e-04 8.98232080e+00 1.33701087e+00 1.76497308e-04 8.97098916e+00 1.69556717e-01 2.92274682e-04 1.13316417e-02
801              1.50657465e+00 4.98918697e-04 8.98231027e+00 1.33700543e+00 2.07105257e-04 8.97097674e+00 1.69569222e-01 2.91813441e-04 1.13335243e-02
802              1.50656734e+00 4.98276678e-04 8.98231105e+00 1.33700543e+00 2.07105257e-04 8.97097674e+00 1.69561908e-01 2.91171421e-04 1.13343109e-02
803              1.50655880e+00 4.65511271e-04 8.98228611e+00 1.33699116e+00 1.74554661e-04 8.97095258e+00 1.69567646e-01 2.90956609e-04 1.13335251e-02
804              1.50655329e+00 4.66490500e-04 8.98228696e+00 1.33699116e+00 1.74554661e-04 8.97095258e+00 1.69562127e-01 2.91935838e-04 1.13343757e-02
805              1.50655896e+00 4.66369449e-04 8.98228622e+00 1.33699116e+00 1.74554661e-04 8.97095258e+00 1.69567799e-01 2.91814788e-04 1.13336437e-02
806              1.50654720e+00 4.66469774e-04 8.98228499e+00 1.33699116e+00 1.74554661e-04 8.97095258e+00 1.69556042e-01 2.91915112e-04 1.13324114e-02
807              1.50656262e+00 4.67711492e-04 8.98228320e+00 1.33699116e+00 1.74554661e-04 8.97095258e+00 1.69571467e-01 2.93156831e-04 1.13306165e-02
808              1.50654617e+00 4.68942338e-04 8.98228364e+00 1.33699116e+00 1.74554661e-04 8.97095258e+00 1.69555007e-01 2.94387676e-04 1.13310599e-02
809              1.50655028e+00 4.67985379e-04 8.98228753e+00 1.33699116e+00 1.74554661e-04 8.97095258e+00 1.69559123e-01 2.93430717e-04 1.13349546e-02
810              1.50655796e+00 5.34493423e-04 8.98221469e+00 1.33699126e+00 2.43724413e-04 8.97087426e+00 1.69566701e-01 2.90769011e-04 1.13404272e-02
811              1.50656260e+00 5.33219805e-04 8.98221083e+00 1.33699126e+00 2.43724413e-04 8.97087426e+00 1.69571339e-01 2.89495393e-04 1.13365689e-02
812              1.50654695e+00 4.57248658e-04 8.98219762e+00 1.33698335e+00 1.64407272e-04 8.97086535e+00 1.69563600e-01 2.92841386e-04 1.13322671e-02
813              1.50654893e+00 4.60643143e-04 8.98219679e+00 1.33698335e+00 1.64407272e-04 8.97086535e+00 1.69565585e-01 2.96235871e-04 1.13314339e-02
814              1.50654391e+00 5.05440708e-04 8.98225609e+00 1.33698545e+00 2.09111925e-04 8.97092243e+00 1.69558463e-01 2.96328782e-04 1.13336598e-02
815              1.50654864e+00 5.03964191e-04 8.98225629e+00 1.33698545e+00 2.09111925e-04 8.97092243e+00 1.69563187e-01 2.94852266e-04 1.13338592e-02
816              1.50654749e+00 5.03014778e-04 8.98225906e+00 1.33698545e+00 2.09111925e-04 8.97092243e+00 1.69562038e-01 2.93902852e-04 1.13366330e-02
817              1.50654663e+00 4.70519531e-04 8.98221208e+00 1.33697826e+00 1.76938563e-04 8.97087600e+00 1.69568366e-01 2.93580968e-04 1.13360803e-02
818              1.50654017e+00 4.71681693e-04 8.98221141e+00 1.33697826e+00 1.76938563e-04 8.97087600e+00 1.69561903e-01 2.94743130e-04 1.13354091e-02
819              1.50654238e+00 4.62099972e-04 8.98224597e+00 1.33697424e+00 1.67223466e-04 8.97091300e+00 1.69568136e-01 2.94876506e-04 1.13329760e-02
820              1.50653750e+00 4.63008354e-04 8.98224553e+00 1.33697424e+00 1.67223466e-04 8.97091300e+00 1.69563261e-01 2.95784888e-04 1.13325366e-02
821              1.50654504e+00 4.95405748e-04 8.98230236e+00 1.33697304e+00 2.00002129e-04 8.97096923e+00 1.69572003e-01 2.95403619e-04 1.13331361e-02
822              1.50653907e+00 4.95021664e-04 8.98230211e+00 1.33697304e+00 2.00002129e-04 8.97096923e+00 1.69566035e-01 2.95019535e-04 1.13328778e-02
823              1.50654594e+00 4.93994436e-04 8.98230220e+00 1.33697304e+00 2.00002129e-04 8.97096923e+00 1.69572902e-01 2.93992307e-04 1.13329727e-02
824              1.50653793e+00 4.93125469e-04 8.98230343e+00 1.33697304e+00 2.00002129e-04 8.97096923e+00 1.69564894e-01 2.93123340e-04 1.13342034e-02
825              1.50654314e+00 4.92524039e-04 8.98230286e+00 1.33697304e+00 2.00002129e-04 8.97096923e+00 1.69570104e-01 2.92521909e-04 1.13336372e-02
826              1.50653349e+00 4.93205858e-04 8.98230151e+00 1.33697304e+00 2.00002129e-04 8.97096923e+00 1.69560454e-01 2.93203728e-04 1.13322811e-02
827              1.50654284e+00 4.93947027e-04 8.98229938e+00 1.33697304e+00 2.00002129e-04 8.97096923e+00 1.69569806e-01 2.93944898e-04 1.13301496e-02
828              1.50654001e+00 5.21716434e-04 8.98236928e+00 1.33697584e+00 2.28003427e-04 8.97103717e+00 1.69564166e-01 2.93713007e-04 1.13321080e-02
829              1.50654533e+00 5.21093951e-04 8.98236960e+00 1.33697584e+00 2.28003427e-04 8.97103717e+00 1.69569483e-01 2.93090524e-04 1.13324268e-02
830              1.50654245e+00 5.16029894e-04 8.98242837e+00 1.33697568e+00 2.23135584e-04 8.97109444e+00 1.69566765e-01 2.92894309e-04 1.13339229e-02
831              1.50654918e+00 5.15597570e-04 8.98242724e+00 1.33697568e+00 2.23135584e-04 8.97109444e+00 1.69573498e-01 2.92461986e-04 1.13327990e-02
832              1.50654421e+00 5.15739506e-04 8.98242736e+00 1.33697568e+00 2.23135584e-04 8.97109444e+00 1.69568529e-01 2.92603922e-04 1.13329214e-02
833              1.50655121e+00 4.95806743e-04 8.98249502e+00 1.33697729e+00 2.02397388e-04 8.97116407e+00 1.69573922e-01 2.93409355e-04 1.13309551e-02
834              1.50654616e+00 4.96716794e-04 8.98249507e+00 1.33697729e+00 2.02397388e-04 8.97116407e+00 1.69568870e-01 2.94319406e-04 1.13310022e-02
835              1.50655364e+00 5.03321526e-04 8.98258277e+00 1.33697853e+00 2.09402382e-04 8.97125145e+00 1.69575105e-01 2.93919144e-04 1.13313182e-02
836              1.50654742e+00 5.03070578e-04 8.98258321e+00 1.33697853e+00 2.09402382e-04 8.97125145e+00 1.69568889e-01 2.93668196e-04 1.13317603e-02
837              1.50655199e+00 4.92989195e-04 8.98264345e+00 1.33697671e+00 1.98684670e-04 8.97131298e+00 1.69575273e-01 2.94304524e-04 1.13304620e-02
838              1.50654802e+00 4.93762633e-04 8.98264305e+00 1.33697671e+00 1.98684670e-04 8.97131298e+00 1.69571304e-01 2.95077963e-04 1.13300616e-02
839              1.50655187e+00 4.93283594e-04 8.98264024e+00 1.33697671e+00 1.98684670e-04 8.97131298e+00 1.69575160e-01 2.94598923e-04 1.13272528e-02
840              1.50654318e+00 5.24862856e-04 8.98275872e+00 1.33697387e+00 2.30926154e-04 8.97143028e+00 1.69569308e-01 2.93936701e-04 1.13284352e-02
841              1.50654909e+00 5.23543332e-04 8.98275853e+00 1.33697387e+00 2.30926154e-04 8.97143028e+00 1.69575216e-01 2.92617178e-04 1.13282425e-02
842              1.50654182e+00 5.37048344e-04 8.98284032e+00 1.33697149e+00 2.44885540e-04 8.97151058e+00 1.69570329e-01 2.92162803e-04 1.13297372e-02
843              1.50654610e+00 5.36250147e-04 8.98283957e+00 1.33697149e+00 2.44885540e-04 8.97151058e+00 1.69574607e-01 2.91364607e-04 1.13289864e-02
844              1.50653800e+00 5.02638959e-04 8.98290233e+00 1.33696774e+00 2.10408483e-04 8.97157257e+00 1.69570255e-01 2.92230476e-04 1.13297588e-02
845              1.50654242e+00 5.03097668e-04 8.98290219e+00 1.33696774e+00 2.10408483e-04 8.97157257e+00 1.69574682e-01 2.92689185e-04 1.13296208e-02
846              1.50653897e+00 5.03673477e-04 8.98290299e+00 1.33696774e+00 2.10408483e-04 8.97157257e+00 1.69571233e-01 2.93264994e-04 1.13304171e-02
847              1.50654294e+00 5.03715102e-04 8.98290175e+00 1.33696774e+00 2.10408483e-04 8.97157257e+00 1.69575198e-01 2.93306619e-04 1.13291776e-02
848              1.50653399e+00 5.03246394e-04 8.98290210e+00 1.33696774e+00 2.10408483e-04 8.97157257e+00 1.69566250e-01 2.92837912e-04 1.13295286e-02
849              1.50653967e+00 5.02609474e-04 8.98290240e+00 1.33696774e+00 2.10408483e-04 8.97157257e+00 1.69571931e-01 2.92200991e-04 1.13298292e-02
850              1.50653045e+00 5.02486492e-04 8.98290274e+00 1.33696774e+00 2.10408483e-04 8.97157257e+00 1.69562710e-01 2.92078010e-04 1.13301655e-02
851              1.50653838e+00 5.03061124e-04 8.98290154e+00 1.33696774e+00 2.10408483e-04 8.97157257e+00 1.69570643e-01 2.92652641e-04 1.13289648e-02
852              1.50652849e+00 5.03873837e-04 8.98290228e+00 1.33696774e+00 2.10408483e-04 8.97157257e+00 1.69560747e-01 2.93465354e-04 1.13297074e-02
853              1.50653740e+00 5.11282959e-04 8.98301895e+00 1.33696739e+00 2.16124002e-04 8.97169029e+00 1.69570010e-01 2.95158958e-04 1.13286576e-02
854              1.50653087e+00 5.11380720e-04 8.98301951e+00 1.33696739e+00 2.16124002e-04 8.97169029e+00 1.69563477e-01 2.95256719e-04 1.13292157e-02
855              1.50652957e+00 5.24868154e-04 8.98307616e+00 1.33695869e+00 2.30248262e-04 8.97174681e+00 1.69570885e-01 2.94619892e-04 1.13293554e-02
856              1.50652209e+00 5.23148078e-04 8.98307638e+00 1.33695869e+00 2.30248262e-04 8.97174681e+00 1.69563403e-01 2.92899816e-04 1.13295681e-02
857              1.50651716e+00 4.71360964e-04 8.98309645e+00 1.33694703e+00 1.78640201e-04 8.97176702e+00 1.69570139e-01 2.92720763e-04 1.13294385e-02
858              1.50650975e+00 4.71314381e-04 8.98309684e+00 1.33694703e+00 1.78640201e-04 8.97176702e+00 1.69562723e-01 2.92674181e-04 1.13298216e-02
859              1.50651712e+00 4.70775050e-04 8.98309751e+00 1.33694703e+00 1.78640201e-04 8.97176702e+00 1.69570091e-01 2.92134849e-04 1.13304985e-02
860              1.50650146e+00 4.56513355e-04 8.98312768e+00 1.33694360e+00 1.63810982e-04 8.97179734e+00 1.69557854e-01 2.92702373e-04 1.13303470e-02
861              1.50650689e+00 4.56851196e-04 8.98312712e+00 1.33694360e+00 1.63810982e-04 8.97179734e+00 1.69563287e-01 2.93040214e-04 1.13297786e-02
862              1.50649937e+00 4.71370078e-04 8.98311814e+00 1.33694291e+00 1.78495802e-04 8.97178718e+00 1.69556460e-01 2.92874277e-04 1.13309592e-02
863              1.50650511e+00 4.70952205e-04 8.98311745e+00 1.33694291e+00 1.78495802e-04 8.97178718e+00 1.69562196e-01 2.92456403e-04 1.13302757e-02
864              1.50650208e+00 4.57443733e-04 8.98310187e+00 1.33694361e+00 1.64762223e-04 8.97177075e+00 1.69558472e-01 2.92681510e-04 1.13311177e-02
865              1.50650675e+00 4.57887483e-04 8.98310110e+00 1.33694361e+00 1.64762223e-04 8.97177075e+00 1.69563137e-01 2.93125261e-04 1.13303469e-02
866              1.50650033e+00 4.58346757e-04 8.98310117e+00 1.33694361e+00 1.64762223e-04 8.97177075e+00 1.69556720e-01 2.93584535e-04 1.13304191e-02
867              1.50650727e+00 4.75677186e-04 8.98311132e+00 1.33694487e+00 1.81760016e-04 8.97178151e+00 1.69562398e-01 2.93917170e-04 1.13298140e-02
868              1.50650090e+00 4.75964163e-04 8.98311192e+00 1.33694487e+00 1.81760016e-04 8.97178151e+00 1.69556028e-01 2.94204147e-04 1.13304125e-02
869              1.50650867e+00 4.96719156e-04 8.98307537e+00 1.33694420e+00 2.02671245e-04 8.97174400e+00 1.69564469e-01 2.94047910e-04 1.13313716e-02
870              1.50650176e+00 4.96556001e-04 8.98307578e+00 1.33694420e+00 2.02671245e-04 8.97174400e+00 1.69557552e-01 2.93884756e-04 1.13317799e-02
871              1.50650482e+00 4.97751052e-04 8.98303710e+00 1.33694148e+00 2.03737883e-04 8.97170603e+00 1.69563341e-01 2.94013169e-04 1.13310752e-02
872              1.50649779e+00 4.98049145e-04 8.98303766e+00 1.33694148e+00 2.03737883e-04 8.97170603e+00 1.69556308e-01 2.94311262e-04 1.13316375e-02
873              1.50650380e+00 4.98420432e-04 8.98303755e+00 1.33694148e+00 2.03737883e-04 8.97170603e+00 1.69562318e-01 2.94682549e-04 1.13315280e-02
874              1.50650180e+00 5.19715055e-04 8.98302464e+00 1.33694445e+00 2.24454169e-04 8.97169211e+00 1.69557349e-01 2.95260887e-04 1.13325337e-02
875              1.50650812e+00 5.19092652e-04 8.98302329e+00 1.33694445e+00 2.24454169e-04 8.97169211e+00 1.69563676e-01 2.94638483e-04 1.13311824e-02
876              1.50650456e+00 5.29966273e-04 8.98298560e+00 1.33694667e+00 2.36285270e-04 8.97165346e+00 1.69557883e-01 2.93681003e-04 1.13321373e-02
877              1.50650783e+00 5.28573789e-04 8.98298541e+00 1.33694667e+00 2.36285270e-04 8.97165346e+00 1.69561159e-01 2.92288520e-04 1.13319543e-02
878              1.50650755e+00 4.85956929e-04 8.98291247e+00 1.33694954e+00 1.93065675e-04 8.97157885e+00 1.69558010e-01 2.92891254e-04 1.13336188e-02
879              1.50651125e+00 4.86473935e-04 8.98291174e+00 1.33694954e+00 1.93065675e-04 8.97157885e+00 1.69561710e-01 2.93408260e-04 1.13328938e-02
880              1.50650750e+00 4.86942422e-04 8.98291247e+00 1.33694954e+00 1.93065675e-04 8.97157885e+00 1.69557964e-01 2.93876747e-04 1.13336244e-02
881              1.50651314e+00 4.87096110e-04 8.98291138e+00 1.33694954e+00 1.93065675e-04 8.97157885e+00 1.69563599e-01 2.94030435e-04 1.13325317e-02
882              1.50650540e+00 4.87237383e-04 8.98291147e+00 1.33694954e+00 1.93065675e-04 8.97157885e+00 1.69555865e-01 2.94171708e-04 1.13326210e-02
883              1.50651349e+00 4.86960916e-04 8.98291156e+00 1.33694954e+00 1.93065675e-04 8.97157885e+00 1.69563953e-01 2.93895241e-04 1.13327116e-02
884              1.50650569e+00 4.87271605e-04 8.98291281e+00 1.33694954e+00 1.93065675e-04 8.97157885e+00 1.69556153e-01 2.94205930e-04 1.13339654e-02
885              1.50651899e+00 5.14999214e-04 8.98282456e+00 1.33695213e+00 2.20159425e-04 8.97149090e+00 1.69566863e-01 2.94839789e-04 1.13336567e-02
886              1.50651114e+00 5.15343124e-04 8.98282447e+00 1.33695213e+00 2.20159425e-04 8.97149090e+00 1.69559019e-01 2.95183699e-04 1.13335702e-02
887              1.50652068e+00 5.27238122e-04 8.98272447e+00 1.33695430e+00 2.32114062e-04 8.97139148e+00 1.69566380e-01 2.95124061e-04 1.13329928e-02
888              1.50651351e+00 5.26949270e-04 8.98272452e+00 1.33695430e+00 2.32114062e-04 8.97139148e+00 1.69559210e-01 2.94835208e-04 1.13330369e-02
889              1.50652485e+00 5.19569990e-04 8.98264295e+00 1.33695890e+00 2.24909869e-04 8.97130989e+00 1.69565950e-01 2.94660120e-04 1.13330598e-02
890              1.50651792e+00 5.19384414e-04 8.98264295e+00 1.33695890e+00 2.24909869e-04 8.97130989e+00 1.69559018e-01 2.94474544e-04 1.13330603e-02
891              1.50652508e+00 5.18856706e-04 8.98264327e+00 1.33695890e+00 2.24909869e-04 8.97130989e+00 1.69566183e-01 2.93946836e-04 1.13333771e-02
892              1.50652715e+00 5.03983213e-04 8.98255377e+00 1.33696973e+00 2.10443298e-04 8.97122039e+00 1.69557421e-01 2.93539915e-04 1.13333840e-02
893              1.50653220e+00 5.03989015e-04 8.98255308e+00 1.33696973e+00 2.10443298e-04 8.97122039e+00 1.69562468e-01 2.93545717e-04 1.13326911e-02
894              1.50654399e+00 5.03701750e-04 8.98245159e+00 1.33698437e+00 2.10029006e-04 8.97111795e+00 1.69559610e-01 2.93672744e-04 1.13336403e-02
895              1.50654904e+00 5.03921119e-04 8.98245066e+00 1.33698437e+00 2.10029006e-04 8.97111795e+00 1.69564665e-01 2.93892112e-04 1.13327057e-02
896              1.50656163e+00 5.02170938e-04 8.98236412e+00 1.33699925e+00 2.08148907e-04 8.97103080e+00 1.69562385e-01 2.94022031e-04 1.13333106e-02
897              1.50656679e+00 5.02399809e-04 8.98236362e+00 1.33699925e+00 2.08148907e-04 8.97103080e+00 1.69567548e-01 2.94250902e-04 1.13328145e-02
898              1.50657556e+00 5.03349314e-04 8.98230510e+00 1.33701454e+00 2.08751015e-04 8.97097245e+00 1.69561020e-01 2.94598299e-04 1.13326439e-02
899              1.50657991e+00 5.03357438e-04 8.98230485e+00 1.33701454e+00 2.08751015e-04 8.97097245e+00 1.69565364e-01 2.94606423e-04 1.13323976e-02
900              1.50657319e+00 5.03511529e-04 8.98230569e+00 1.33701454e+00 2.08751015e-04 8.97097245e+00 1.69558643e-01 2.94760513e-04 1.13332412e-02
901              1.50659844e+00 5.18485062e-04 8.98221100e+00 1.33703118e+00 2.23510741e-04 8.97087725e+00 1.69567256e-01 2.94974321e-04 1.13337505e-02
902              1.50659614e+00 5.19214846e-04 8.98221048e+00 1.33703118e+00 2.23510741e-04 8.97087725e+00 1.69564959e-01 2.95704104e-04 1.13332232e-02
903              1.50660959e+00 5.45196194e-04 8.98217504e+00 1.33703955e+00 2.50938084e-04 8.97084276e+00 1.69570043e-01 2.94258110e-04 1.13322785e-02
904              1.50660228e+00 5.44102536e-04 8.98217547e+00 1.33703955e+00 2.50938084e-04 8.97084276e+00 1.69562727e-01 2.93164451e-04 1.13327018e-02
905              1.50661268e+00 5.01024063e-04 8.98214201e+00 1.33704410e+00 2.07845468e-04 8.97080922e+00 1.69568579e-01 2.93178594e-04 1.13327925e-02
906              1.50660803e+00 5.01811585e-04 8.98214232e+00 1.33704410e+00 2.07845468e-04 8.97080922e+00 1.69563926e-01 2.93966117e-04 1.13330979e-02
907              1.50661560e+00 4.91461217e-04 8.98211716e+00 1.33704520e+00 1.97346375e-04 8.97078438e+00 1.69570391e-01 2.94114842e-04 1.13327721e-02
908              1.50660899e+00 4.91778036e-04 8.98211719e+00 1.33704520e+00 1.97346375e-04 8.97078438e+00 1.69563783e-01 2.94431661e-04 1.13328069e-02
909              1.50661827e+00 4.91212261e-04 8.98211701e+00 1.33704520e+00 1.97346375e-04 8.97078438e+00 1.69573070e-01 2.93865886e-04 1.13326215e-02
910              1.50661271e+00 5.04910441e-04 8.98209852e+00 1.33704717e+00 2.11623227e-04 8.97076569e+00 1.69565543e-01 2.93287214e-04 1.13328239e-02
911              1.50661729e+00 5.04205090e-04 8.98209775e+00 1.33704717e+00 2.11623227e-04 8.97076569e+00 1.69570121e-01 2.92581862e-04 1.13320607e-02
912              1.50661281e+00 4.98261685e-04 8.98210201e+00 1.33704868e+00 2.05427829e-04 8.97076925e+00 1.69564121e-01 2.92833855e-04 1.13327615e-02
913              1.50661899e+00 4.98365740e-04 8.98210103e+00 1.33704868e+00 2.05427829e-04 8.97076925e+00 1.69570308e-01 2.92937911e-04 1.13317811e-02
914              1.50661278e+00 4.88917575e-04 8.98210856e+00 1.33704579e+00 1.96120639e-04 8.97077579e+00 1.69566991e-01 2.92796935e-04 1.13327671e-02
915              1.50661756e+00 4.88860522e-04 8.98210729e+00 1.33704579e+00 1.96120639e-04 8.97077579e+00 1.69571773e-01 2.92739883e-04 1.13314914e-02
916              1.50660447e+00 4.83358879e-04 8.98213018e+00 1.33703810e+00 1.90160539e-04 8.97079830e+00 1.69566371e-01 2.93198339e-04 1.13318846e-02
917              1.50660993e+00 4.83455796e-04 8.98212968e+00 1.33703810e+00 1.90160539e-04 8.97079830e+00 1.69571829e-01 2.93295257e-04 1.13313813e-02
918              1.50660582e+00 4.82908739e-04 8.98213087e+00 1.33703810e+00 1.90160539e-04 8.97079830e+00 1.69567719e-01 2.92748200e-04 1.13325701e-02
919              1.50660161e+00 4.83345774e-04 8.98213206e+00 1.33702945e+00 1.91123790e-04 8.97080070e+00 1.69572160e-01 2.92221983e-04 1.13313646e-02
920              1.50659574e+00 4.84065109e-04 8.98213220e+00 1.33702945e+00 1.91123790e-04 8.97080070e+00 1.69566283e-01 2.92941318e-04 1.13315038e-02
921              1.50659019e+00 4.90103528e-04 8.98217472e+00 1.33701600e+00 1.97196019e-04 8.97084293e+00 1.69574196e-01 2.92907509e-04 1.13317927e-02
922              1.50658447e+00 4.90595598e-04 8.98217493e+00 1.33701600e+00 1.97196019e-04 8.97084293e+00 1.69568477e-01 2.93399579e-04 1.13319934e-02
923              1.50657266e+00 4.91369159e-04 8.98222477e+00 1.33699748e+00 1.98453442e-04 8.97089320e+00 1.69575176e-01 2.92915717e-04 1.13315671e-02
924              1.50656701e+00 4.91328082e-04 8.98222472e+00 1.33699748e+00 1.98453442e-04 8.97089320e+00 1.69569530e-01 2.92874640e-04 1.13315197e-02
925              1.50654837e+00 4.90930562e-04 8.98229402e+00 1.33697491e+00 1.98337014e-04 8.97096328e+00 1.69573461e-01 2.92593548e-04 1.13307419e-02
926              1.50654248e+00 4.91097119e-04 8.98229460e+00 1.33697491e+00 1.98337014e-04 8.97096328e+00 1.69567570e-01 2.92760105e-04 1.13313235e-02
927              1.50652608e+00 5.01035963e-04 8.98235909e+00 1.33695255e+00 2.08930454e-04 8.97102745e+00 1.69573535e-01 2.92105509e-04 1.13316388e-02
928              1.50652048e+00 5.01029616e-04 8.98235899e+00 1.33695255e+00 2.08930454e-04 8.97102745e+00 1.69567937e-01 2.92099161e-04 1.13315472e-02
929              1.50652817e+00 5.00781603e-04 8.98235904e+00 1.33695255e+00 2.08930454e-04 8.97102745e+00 1.69575627e-01 2.91851149e-04 1.13315902e-02
930              1.50650296e+00 4.99709214e-04 8.98244262e+00 1.33693376e+00 2.07947340e-04 8.97111056e+00 1.69569202e-01 2.91761874e-04 1.13320611e-02
931              1.50650496e+00 4.98695910e-04 8.98244205e+00 1.33693376e+00 2.07947340e-04 8.97111056e+00 1.69571197e-01 2.90748569e-04 1.13314855e-02
932              1.50648254e+00 4.88269817e-04 8.98251256e+00 1.33691655e+00 1.97305848e-04 8.97118071e+00 1.69565991e-01 2.90963968e-04 1.13318552e-02
933              1.50648648e+00 4.88361127e-04 8.98251196e+00 1.33691655e+00 1.97305848e-04 8.97118071e+00 1.69569924e-01 2.91055279e-04 1.13312513e-02
934              1.50646995e+00 4.91071405e-04 8.98258214e+00 1.33690279e+00 1.99491721e-04 8.97125023e+00 1.69567159e-01 2.91579684e-04 1.13319109e-02
935              1.50647244e+00 4.91208510e-04 8.98258136e+00 1.33690279e+00 1.99491721e-04 8.97125023e+00 1.69569650e-01 2.91716789e-04 1.13311336e-02
936              1.50645433e+00 5.10019367e-04 8.98267474e+00 1.33689048e+00 2.18381862e-04 8.97134402e+00 1.69563849e-01 2.91637505e-04 1.13307214e-02
937              1.50645698e+00 5.09309063e-04 8.98267487e+00 1.33689048e+00 2.18381862e-04 8.97134402e+00 1.69566496e-01 2.90927202e-04 1.13308572e-02
938              1.50644316e+00 5.03751671e-04 8.98275241e+00 1.33688129e+00 2.13071078e-04 8.97142076e+00 1.69561870e-01 2.90680593e-04 1.13316528e-02
939              1.50644575e+00 5.03697959e-04 8.98275204e+00 1.33688129e+00 2.13071078e-04 8.97142076e+00 1.69564459e-01 2.90626881e-04 1.13312807e-02
940              1.50643718e+00 4.92333246e-04 8.98281818e+00 1.33687715e+00 2.01177594e-04 8.97148658e+00 1.69560030e-01 2.91155652e-04 1.13316012e-02
941              1.50644116e+00 4.92541572e-04 8.98281808e+00 1.33687715e+00 2.01177594e-04 8.97148658e+00 1.69564013e-01 2.91363978e-04 1.13314935e-02
942              1.50643401e+00 4.92888639e-04 8.98281801e+00 1.33687715e+00 2.01177594e-04 8.97148658e+00 1.69556859e-01 2.91711046e-04 1.13314289e-02
943              1.50643085e+00 4.90710739e-04 8.98288659e+00 1.33686847e+00 1.98889127e-04 8.97155540e+00 1.69562379e-01 2.91821612e-04 1.13311850e-02
944              1.50642489e+00 4.90615998e-04 8.98288727e+00 1.33686847e+00 1.98889127e-04 8.97155540e+00 1.69556424e-01 2.91726872e-04 1.13318668e-02
945              1.50642737e+00 4.77955204e-04 8.98292719e+00 1.33686433e+00 1.86261059e-04 8.97159542e+00 1.69563032e-01 2.91694145e-04 1.13317725e-02
946              1.50642107e+00 4.78055583e-04 8.98292734e+00 1.33686433e+00 1.86261059e-04 8.97159542e+00 1.69556738e-01 2.91794524e-04 1.13319264e-02
947              1.50642490e+00 4.68709580e-04 8.98295713e+00 1.33686271e+00 1.76572490e-04 8.97162575e+00 1.69562194e-01 2.92137090e-04 1.13313788e-02
948              1.50641839e+00 4.68993578e-04 8.98295781e+00 1.33686271e+00 1.76572490e-04 8.97162575e+00 1.69555675e-01 2.92421088e-04 1.13320570e-02
949              1.50642652e+00 4.65454325e-04 8.98297934e+00 1.33686433e+00 1.72740238e-04 8.97164745e+00 1.69562194e-01 2.92714086e-04 1.13318870e-02
950              1.50642049e+00 4.65563054e-04 8.98298010e+00 1.33686433e+00 1.72740238e-04 8.97164745e+00 1.69556162e-01 2.92822816e-04 1.13326449e-02
951              1.50643331e+00 4.61517246e-04 8.98299378e+00 1.33686973e+00 1.68467354e-04 8.97166149e+00 1.69563575e-01 2.93049892e-04 1.13322863e-02
952              1.50642690e+00 4.61885674e-04 8.98299432e+00 1.33686973e+00 1.68467354e-04 8.97166149e+00 1.69557166e-01 2.93418320e-04 1.13328302e-02
953              1.50644346e+00 4.61600792e-04 8.98299366e+00 1.33687762e+00 1.67899036e-04 8.97166123e+00 1.69565841e-01 2.93701755e-04 1.13324237e-02
954              1.50645053e+00 4.67881750e-04 8.98298790e+00 1.33688946e+00 1.73447840e-04 8.97165517e+00 1.69561071e-01 2.94433910e-04 1.13327298e-02
955              1.50645491e+00 4.67530498e-04 8.98298735e+00 1.33688946e+00 1.73447840e-04 8.97165517e+00 1.69565451e-01 2.94082658e-04 1.13321813e-02
956              1.50647129e+00 4.79895807e-04 8.98295692e+00 1.33690956e+00 1.85580691e-04 8.97162407e+00 1.69561732e-01 2.94315116e-04 1.13328475e-02
957              1.50647699e+00 4.79699382e-04 8.98295610e+00 1.33690956e+00 1.85580691e-04 8.97162407e+00 1.69567433e-01 2.94118691e-04 1.13320262e-02
958              1.50649669e+00 4.82489548e-04 8.98292021e+00 1.33693241e+00 1.88140263e-04 8.97158782e+00 1.69564284e-01 2.94349285e-04 1.13323950e-02
959              1.50650077e+00 4.82577388e-04 8.98291933e+00 1.33693241e+00 1.88140263e-04 8.97158782e+00 1.69568361e-01 2.94437125e-04 1.13315088e-02
960              1.50652212e+00 4.91084664e-04 8.98288396e+00 1.33695642e+00 1.96202424e-04 8.97155214e+00 1.69565701e-01 2.94882241e-04 1.13318286e-02
961              1.50652659e+00 4.91156695e-04 8.98288314e+00 1.33695642e+00 1.96202424e-04 8.97155214e+00 1.69570169e-01 2.94954271e-04 1.13310053e-02
962              1.50654794e+00 5.00488544e-04 8.98283491e+00 1.33698074e+00 2.05508714e-04 8.97150341e+00 1.69567202e-01 2.94979830e-04 1.13314988e-02
963              1.50655185e+00 5.00206338e-04 8.98283378e+00 1.33698074e+00 2.05508714e-04 8.97150341e+00 1.69571111e-01 2.94697625e-04 1.13303686e-02
964              1.50657097e+00 5.11980387e-04 8.98278923e+00 1.33700381e+00 2.17379120e-04 8.97145856e+00 1.69567164e-01 2.94601267e-04 1.13306683e-02
965              1.50657584e+00 5.11666322e-04 8.98278836e+00 1.33700381e+00 2.17379120e-04 8.97145856e+00 1.69572036e-01 2.94287202e-04 1.13298055e-02
966              1.50657195e+00 5.11335517e-04 8.98278878e+00 1.33700381e+00 2.17379120e-04 8.97145856e+00 1.69568140e-01 2.93956397e-04 1.13302204e-02
967              1.50659968e+00 5.07461493e-04 8.98273285e+00 1.33702636e+00 2.13933717e-04 8.97140229e+00 1.69573328e-01 2.93527776e-04 1.13305686e-02
968              1.50659822e+00 5.07095439e-04 8.98273312e+00 1.33702636e+00 2.13933717e-04 8.97140229e+00 1.69571868e-01 2.93161723e-04 1.13308379e-02
969              1.50661389e+00 5.02673871e-04 8.98267375e+00 1.33703840e+00 2.09700023e-04 8.97134394e+00 1.69575488e-01 2.92973849e-04 1.13298127e-02
970              1.50660835e+00 5.02368648e-04 8.98267418e+00 1.33703840e+00 2.09700023e-04 8.97134394e+00 1.69569951e-01 2.92668625e-04 1.13302472e-02
971              1.50661622e+00 4.94259874e-04 8.98261586e+00 1.33704266e+00 2.01819049e-04 8.97128566e+00 1.69573566e-01 2.92440825e-04 1.13302002e-02
972              1.50660997e+00 4.94130004e-04 8.98261670e+00 1.33704266e+00 2.01819049e-04 8.97128566e+00 1.69567312e-01 2.92310955e-04 1.13310401e-02
973              1.50661494e+00 4.91407544e-04 8.98252734e+00 1.33704094e+00 1.99253551e-04 8.97119579e+00 1.69574000e-01 2.92153993e-04 1.13315555e-02
974              1.50660817e+00 4.91200834e-04 8.98252750e+00 1.33704094e+00 1.99253551e-04 8.97119579e+00 1.69567231e-01 2.91947284e-04 1.13317163e-02
975              1.50660534e+00 4.85588202e-04 8.98244513e+00 1.33703120e+00 1.93920917e-04 8.97111382e+00 1.69574137e-01 2.91667285e-04 1.13313050e-02
976              1.50659727e+00 4.85693914e-04 8.98244544e+00 1.33703120e+00 1.93920917e-04 8.97111382e+00 1.69566067e-01 2.91772997e-04 1.13316119e-02
977              1.50659120e+00 4.82599157e-04 8.98236217e+00 1.33701713e+00 1.90686257e-04 8.97103053e+00 1.69574063e-01 2.91912900e-04 1.13316446e-02
978              1.50658301e+00 4.82818057e-04 8.98236235e+00 1.33701713e+00 1.90686257e-04 8.97103053e+00 1.69565875e-01 2.92131800e-04 1.13318210e-02
979              1.50659322e+00 4.82523937e-04 8.98236301e+00 1.33701713e+00 1.90686257e-04 8.97103053e+00 1.69576090e-01 2.91837680e-04 1.13324767e-02
980              1.50657369e+00 4.81358533e-04 8.98228058e+00 1.33700811e+00 1.89621284e-04 8.97094809e+00 1.69565579e-01 2.91737248e-04 1.13324872e-02
981              1.50657864e+00 4.81197783e-04 8.98227986e+00 1.33700811e+00 1.89621284e-04 8.97094809e+00 1.69570529e-01 2.91576498e-04 1.13317689e-02
982              1.50656279e+00 4.80239125e-04 8.98219060e+00 1.33699737e+00 1.88572147e-04 8.97085811e+00 1.69565423e-01 2.91666978e-04 1.13324936e-02
983              1.50656936e+00 4.80506194e-04 8.98218983e+00 1.33699737e+00 1.88572147e-04 8.97085811e+00 1.69571988e-01 2.91934047e-04 1.13317192e-02
984              1.50655302e+00 4.84638986e-04 8.98212145e+00 1.33698448e+00 1.92829719e-04 8.97078880e+00 1.69568544e-01 2.91809266e-04 1.13326460e-02
985              1.50655722e+00 4.84861929e-04 8.98212067e+00 1.33698448e+00 1.92829719e-04 8.97078880e+00 1.69572738e-01 2.92032209e-04 1.13318697e-02
986              1.50653697e+00 4.86187674e-04 8.98206890e+00 1.33696835e+00 1.94165278e-04 8.97073668e+00 1.69568622e-01 2.92022396e-04 1.13322200e-02
987              1.50654110e+00 4.86410225e-04 8.98206840e+00 1.33696835e+00 1.94165278e-04 8.97073668e+00 1.69572751e-01 2.92244947e-04 1.13317231e-02
988              1.50652301e+00 4.91642519e-04 8.98202344e+00 1.33695382e+00 1.99543494e-04 8.97069059e+00 1.69569183e-01 2.92099025e-04 1.13328453e-02
989              1.50652734e+00 4.91886715e-04 8.98202266e+00 1.33695382e+00 1.99543494e-04 8.97069059e+00 1.69573512e-01 2.92343221e-04 1.13320698e-02
990              1.50650948e+00 4.97743140e-04 8.98199676e+00 1.33693857e+00 2.05424615e-04 8.97066393e+00 1.69570912e-01 2.92318525e-04 1.13328340e-02
991              1.50649945e+00 5.01486953e-04 8.98199823e+00 1.33692561e+00 2.09125572e-04 8.97066606e+00 1.69573840e-01 2.92361381e-04 1.13321658e-02
992              1.50649527e+00 5.01799193e-04 8.98199862e+00 1.33692561e+00 2.09125572e-04 8.97066606e+00 1.69569658e-01 2.92673621e-04 1.13325530e-02
993              1.50648438e+00 4.99939576e-04 8.98201319e+00 1.33691075e+00 2.07219486e-04 8.97068083e+00 1.69573634e-01 2.92720090e-04 1.13323600e-02
994              1.50648066e+00 5.00066793e-04 8.98201343e+00 1.33691075e+00 2.07219486e-04 8.97068083e+00 1.69569911e-01 2.92847307e-04 1.13326063e-02
995              1.50646970e+00 5.05492448e-04 8.98204905e+00 1.33689610e+00 2.12798720e-04 8.97071730e+00 1.69573598e-01 2.92693728e-04 1.13317441e-02
996              1.50646532e+00 5.05694447e-04 8.98204937e+00 1.33689610e+00 2.12798720e-04 8.97071730e+00 1.69569223e-01 2.92895727e-04 1.13320675e-02
997              1.50645634e+00 5.11002441e-04 8.98210821e+00 1.33688331e+00 2.17999919e-04 8.97077660e+00 1.69573031e-01 2.93002522e-04 1.13316132e-02
998              1.50645232e+00 5.11272412e-04 8.98210853e+00 1.33688331e+00 2.17999919e-04 8.97077660e+00 1.69569017e-01 2.93272492e-04 1.13319283e-02
999              1.50644446e+00 5.20086662e-04 8.98219198e+00 1.33687209e+00 2.26906031e-04 8.97086090e+00 1.69572372e-01 2.93180631e-04 1.13310860e-02
1000             1.50644025e+00 5.20066289e-04 8.98219249e+00 1.33687209e+00 2.26906031e-04 8.97086090e+00 1.69568162e-01 2.93160258e-04 1.13315872e-02
1001             1.50644456e+00 5.19853032e-04 8.98219183e+00 1.33687209e+00 2.26906031e-04 8.97086090e+00 1.69572477e-01 2.92947001e-04 1.13309278e-02
1002             1.50643056e+00 5.07255525e-04 8.98228724e+00 1.33686215e+00 2.14089610e-04 8.97095507e+00 1.69568417e-01 2.93165915e-04 1.13321682e-02
1003             1.50643581e+00 5.06814598e-04 8.98228670e+00 1.33686215e+00 2.14089610e-04 8.97095507e+00 1.69573665e-01 2.92724988e-04 1.13316317e-02
1004             1.50642476e+00 5.02458856e-04 8.98239056e+00 1.33685787e+00 2.09003833e-04 8.97105878e+00 1.69566891e-01 2.93455024e-04 1.13317880e-02
1005             1.50642954e+00 5.02481010e-04 8.98239015e+00 1.33685787e+00 2.09003833e-04 8.97105878e+00 1.69571674e-01 2.93477177e-04 1.13313753e-02
1006             1.50642304e+00 5.06285289e-04 8.98249833e+00 1.33685731e+00 2.12557307e-04 8.97116616e+00 1.69565731e-01 2.93727982e-04 1.13321706e-02
1007             1.50642757e+00 5.05667594e-04 8.98249834e+00 1.33685731e+00 2.12557307e-04 8.97116616e+00 1.69570255e-01 2.93110287e-04 1.13321800e-02
1008             1.50642603e+00 4.99562479e-04 8.98260249e+00 1.33686233e+00 2.06057626e-04 8.97126949e+00 1.69563697e-01 2.93504853e-04 1.13329970e-02
1009             1.50643166e+00 4.99416205e-04 8.98260217e+00 1.33686233e+00 2.06057626e-04 8.97126949e+00 1.69569333e-01 2.93358579e-04 1.13326810e-02
1010             1.50643389e+00 4.91976708e-04 8.98270944e+00 1.33687070e+00 1.98211648e-04 8.97137659e+00 1.69563181e-01 2.93765060e-04 1.13328520e-02
1011             1.50643901e+00 4.91755460e-04 8.98270929e+00 1.33687070e+00 1.98211648e-04 8.97137659e+00 1.69568307e-01 2.93543812e-04 1.13326966e-02
1012             1.50644655e+00 4.87363983e-04 8.98281481e+00 1.33688505e+00 1.93520880e-04 8.97148160e+00 1.69561499e-01 2.93843103e-04 1.13332147e-02
1013             1.50646575e+00 4.80492232e-04 8.98289400e+00 1.33689740e+00 1.86947463e-04 8.97156194e+00 1.69568349e-01 2.93544769e-04 1.13320645e-02
1014             1.50646031e+00 4.80621303e-04 8.98289481e+00 1.33689740e+00 1.86947463e-04 8.97156194e+00 1.69562909e-01 2.93673840e-04 1.13328661e-02
1015             1.50648258e+00 4.82547132e-04 8.98296856e+00 1.33691392e+00 1.88598995e-04 8.97163656e+00 1.69568660e-01 2.93948137e-04 1.13320029e-02
1016             1.50647902e+00 4.82827280e-04 8.98296909e+00 1.33691392e+00 1.88598995e-04 8.97163656e+00 1.69565108e-01 2.94228285e-04 1.13325330e-02
1017             1.50650094e+00 4.84030304e-04 8.98303573e+00 1.33693153e+00 1.89776206e-04 8.97170415e+00 1.69569405e-01 2.94254097e-04 1.13315864e-02
1018             1.50649853e+00 4.83968440e-04 8.98303632e+00 1.33693153e+00 1.89776206e-04 8.97170415e+00 1.69567001e-01 2.94192233e-04 1.13321765e-02
1019             1.50651915e+00 4.80284936e-04 8.98309610e+00 1.33694818e+00 1.86671193e-04 8.97176494e+00 1.69570964e-01 2.93613742e-04 1.13311615e-02
1020             1.50651592e+00 4.80222042e-04 8.98309683e+00 1.33694818e+00 1.86671193e-04 8.97176494e+00 1.69567738e-01 2.93550849e-04 1.13318913e-02
1021             1.50653752e+00 4.79709783e-04 8.98313332e+00 1.33696500e+00 1.86500442e-04 8.97180197e+00 1.69572528e-01 2.93209341e-04 1.13313458e-02
1022             1.50653448e+00 4.79884341e-04 8.98313354e+00 1.33696500e+00 1.86500442e-04 8.97180197e+00 1.69569481e-01 2.93383898e-04 1.13315685e-02
1023             1.50653750e+00 4.79523343e-04 8.98313226e+00 1.33696500e+00 1.86500442e-04 8.97180197e+00 1.69572501e-01 2.93022900e-04 1.13302856e-02
1024             1.50655112e+00 4.82348513e-04 8.98317122e+00 1.33698257e+00 1.89236903e-04 8.97183983e+00 1.69568551e-01 2.93111610e-04 1.13313944e-02
1025             1.50655791e+00 4.81659250e-04 8.98317067e+00 1.33698257e+00 1.89236903e-04 8.97183983e+00 1.69575344e-01 2.92422346e-04 1.13308453e-02
1026             1.50656973e+00 4.80323325e-04 8.98316669e+00 1.33699951e+00 1.87569450e-04 8.97183519e+00 1.69570226e-01 2.92753875e-04 1.13314911e-02
1027             1.50657484e+00 4.80229592e-04 8.98316584e+00 1.33699951e+00 1.87569450e-04 8.97183519e+00 1.69575329e-01 2.92660142e-04 1.13306415e-02
1028             1.50658314e+00 4.84843132e-04 8.98314178e+00 1.33701447e+00 1.92413866e-04 8.97181042e+00 1.69568663e-01 2.92429267e-04 1.13313526e-02
1029             1.50658927e+00 4.84568869e-04 8.98314144e+00 1.33701447e+00 1.92413866e-04 8.97181042e+00 1.69574795e-01 2.92155003e-04 1.13310178e-02
1030             1.50659844e+00 4.89069467e-04 8.98309286e+00 1.33702966e+00 1.97055187e-04 8.97176087e+00 1.69568777e-01 2.92014280e-04 1.13319956e-02
1031             1.50660418e+00 4.88930013e-04 8.98309224e+00 1.33702966e+00 1.97055187e-04 8.97176087e+00 1.69574517e-01 2.91874826e-04 1.13313760e-02
1032             1.50661094e+00 4.91009442e-04 8.98303247e+00 1.33704386e+00 1.99319763e-04 8.97170047e+00 1.69567076e-01 2.91689679e-04 1.13320044e-02
1033             1.50661748e+00 4.91063053e-04 8.98303209e+00 1.33704386e+00 1.99319763e-04 8.97170047e+00 1.69573614e-01 2.91743290e-04 1.13316279e-02
1034             1.50660902e+00 4.90816670e-04 8.98303280e+00 1.33704386e+00 1.99319763e-04 8.97170047e+00 1.69565156e-01 2.91496907e-04 1.13323315e-02
1035             1.50662558e+00 4.92970385e-04 8.98294904e+00 1.33705378e+00 2.01155556e-04 8.97161811e+00 1.69571795e-01 2.91814830e-04 1.13309264e-02
1036             1.50661937e+00 4.93259617e-04 8.98294980e+00 1.33705378e+00 2.01155556e-04 8.97161811e+00 1.69565585e-01 2.92104061e-04 1.13316890e-02
1037             1.50663109e+00 4.91130307e-04 8.98285507e+00 1.33705910e+00 1.99454692e-04 8.97152321e+00 1.69571985e-01 2.91675615e-04 1.13318633e-02
1038             1.50662607e+00 4.91299298e-04 8.98285557e+00 1.33705910e+00 1.99454692e-04 8.97152321e+00 1.69566971e-01 2.91844606e-04 1.13323567e-02
1039             1.50663236e+00 4.89347920e-04 8.98273954e+00 1.33706098e+00 1.97932245e-04 8.97140777e+00 1.69571379e-01 2.91415674e-04 1.13317665e-02
1040             1.50662754e+00 4.89512907e-04 8.98273981e+00 1.33706098e+00 1.97932245e-04 8.97140777e+00 1.69566560e-01 2.91580661e-04 1.13320383e-02
1041             1.50662978e+00 4.87139640e-04 8.98262153e+00 1.33705874e+00 1.96078381e-04 8.97128995e+00 1.69571049e-01 2.91061259e-04 1.13315784e-02
1042             1.50662584e+00 4.87364351e-04 8.98262205e+00 1.33705874e+00 1.96078381e-04 8.97128995e+00 1.69567108e-01 2.91285970e-04 1.13320986e-02
1043             1.50662514e+00 4.87086675e-04 8.98249727e+00 1.33705440e+00 1.96239455e-04 8.97116547e+00 1.69570742e-01 2.90847221e-04 1.13317981e-02
1044             1.50662042e+00 4.87542547e-04 8.98249757e+00 1.33705440e+00 1.96239455e-04 8.97116547e+00 1.69566024e-01 2.91303092e-04 1.13320958e-02
1045             1.50661780e+00 4.89334807e-04 8.98237051e+00 1.33704690e+00 1.98373478e-04 8.97103865e+00 1.69570897e-01 2.90961329e-04 1.13318539e-02
1046             1.50661386e+00 4.89807970e-04 8.98237085e+00 1.33704690e+00 1.98373478e-04 8.97103865e+00 1.69566960e-01 2.91434492e-04 1.13321930e-02
1047             1.50661883e+00 4.89389205e-04 8.98237044e+00 1.33704690e+00 1.98373478e-04 8.97103865e+00 1.69571927e-01 2.91015727e-04 1.13317833e-02
1048             1.50660750e+00 4.92505714e-04 8.98225991e+00 1.33704105e+00 2.01244043e-04 8.97092734e+00 1.69566445e-01 2.91261672e-04 1.13325752e-02
1049             1.50661232e+00 4.92059414e-04 8.98225950e+00 1.33704105e+00 2.01244043e-04 8.97092734e+00 1.69571272e-01 2.90815372e-04 1.13321606e-02
1050             1.50660218e+00 5.00252704e-04 8.98215542e+00 1.33703544e+00 2.09253647e-04 8.97082255e+00 1.69566738e-01 2.90999057e-04 1.13328722e-02
1051             1.50660693e+00 5.00178360e-04 8.98215475e+00 1.33703544e+00 2.09253647e-04 8.97082255e+00 1.69571489e-01 2.90924713e-04 1.13321999e-02
1052             1.50659504e+00 4.95465911e-04 8.98207180e+00 1.33702922e+00 2.04438333e-04 8.97073902e+00 1.69565821e-01 2.91027578e-04 1.13327807e-02
1053             1.50660031e+00 4.95677269e-04 8.98207150e+00 1.33702922e+00 2.04438333e-04 8.97073902e+00 1.69571095e-01 2.91238936e-04 1.13324778e-02
1054             1.50658972e+00 4.90656347e-04 8.98200991e+00 1.33702399e+00 1.99235850e-04 8.97067676e+00 1.69565730e-01 2.91420498e-04 1.13331480e-02
1055             1.50659491e+00 4.90899339e-04 8.98200953e+00 1.33702399e+00 1.99235850e-04 8.97067676e+00 1.69570922e-01 2.91663489e-04 1.13327704e-02
1056             1.50658408e+00 4.89937057e-04 8.98196649e+00 1.33701925e+00 1.98132904e-04 8.97063318e+00 1.69564835e-01 2.91804153e-04 1.13333074e-02
1057             1.50658963e+00 4.90062244e-04 8.98196617e+00 1.33701925e+00 1.98132904e-04 8.97063318e+00 1.69570382e-01 2.91929340e-04 1.13329910e-02
1058             1.50657955e+00 4.88223606e-04 8.98193759e+00 1.33701500e+00 1.96221596e-04 8.97060404e+00 1.69564544e-01 2.92002010e-04 1.13335516e-02
1059             1.50658016e+00 4.85053417e-04 8.98192537e+00 1.33701022e+00 1.93049552e-04 8.97059273e+00 1.69569940e-01 2.92003865e-04 1.13326446e-02
1060             1.50657510e+00 4.85385080e-04 8.98192593e+00 1.33701022e+00 1.93049552e-04 8.97059273e+00 1.69564878e-01 2.92335528e-04 1.13332016e-02
1061             1.50657257e+00 4.84917538e-04 8.98193105e+00 1.33700231e+00 1.92298710e-04 8.97059832e+00 1.69570262e-01 2.92618828e-04 1.13327307e-02
1062             1.50656820e+00 4.85561105e-04 8.98193159e+00 1.33700231e+00 1.92298710e-04 8.97059832e+00 1.69565892e-01 2.93262396e-04 1.13332734e-02
1063             1.50656462e+00 4.91701432e-04 8.98195819e+00 1.33699493e+00 1.98462492e-04 8.97062572e+00 1.69569684e-01 2.93238941e-04 1.13324724e-02
1064             1.50656049e+00 4.91968907e-04 8.98195866e+00 1.33699493e+00 1.98462492e-04 8.97062572e+00 1.69565563e-01 2.93506415e-04 1.13329394e-02
1065             1.50655824e+00 4.98482282e-04 8.98200395e+00 1.33698798e+00 2.05063657e-04 8.97067158e+00 1.69570260e-01 2.93418626e-04 1.13323724e-02
1066             1.50655439e+00 4.98612724e-04 8.98200437e+00 1.33698798e+00 2.05063657e-04 8.97067158e+00 1.69566410e-01 2.93549067e-04 1.13327903e-02
1067             1.50655190e+00 4.98442682e-04 8.98206312e+00 1.33698264e+00 2.04710175e-04 8.97073135e+00 1.69569265e-01 2.93732506e-04 1.13317656e-02
1068             1.50654665e+00 4.98526086e-04 8.98206313e+00 1.33698264e+00 2.04710175e-04 8.97073135e+00 1.69564016e-01 2.93815911e-04 1.13317841e-02
1069             1.50654933e+00 5.24523696e-04 8.98213863e+00 1.33697567e+00 2.30491139e-04 8.97080671e+00 1.69573656e-01 2.94032557e-04 1.13319234e-02
1070             1.50654572e+00 5.24525674e-04 8.98213865e+00 1.33697567e+00 2.30491139e-04 8.97080671e+00 1.69570049e-01 2.94034535e-04 1.13319392e-02
1071             1.50653795e+00 5.42519828e-04 8.98224809e+00 1.33696262e+00 2.50379605e-04 8.97091655e+00 1.69575330e-01 2.92140223e-04 1.13315432e-02
1072             1.50651976e+00 5.16140084e-04 8.98234631e+00 1.33695349e+00 2.24444555e-04 8.97101441e+00 1.69566274e-01 2.91695529e-04 1.13318989e-02
1073             1.50652539e+00 5.15924005e-04 8.98234572e+00 1.33695349e+00 2.24444555e-04 8.97101441e+00 1.69571902e-01 2.91479450e-04 1.13313163e-02
1074             1.50651995e+00 4.87675276e-04 8.98244661e+00 1.33695282e+00 1.95617663e-04 8.97111382e+00 1.69567126e-01 2.92057613e-04 1.13327876e-02
1075             1.50652413e+00 4.87735069e-04 8.98244590e+00 1.33695282e+00 1.95617663e-04 8.97111382e+00 1.69571309e-01 2.92117406e-04 1.13320826e-02
1076             1.50651803e+00 4.88917462e-04 8.98254540e+00 1.33695002e+00 1.96545485e-04 8.97121280e+00 1.69568006e-01 2.92371977e-04 1.13325991e-02
1077             1.50652162e+00 4.88469250e-04 8.98254477e+00 1.33695002e+00 1.96545485e-04 8.97121280e+00 1.69571600e-01 2.91923765e-04 1.13319654e-02
1078             1.50651596e+00 4.70704697e-04 8.98264021e+00 1.33694765e+00 1.78784133e-04 8.97130778e+00 1.69568313e-01 2.91920564e-04 1.13324290e-02
1079             1.50651948e+00 4.70373557e-04 8.98263979e+00 1.33694765e+00 1.78784133e-04 8.97130778e+00 1.69571827e-01 2.91589424e-04 1.13320106e-02
1080             1.50651720e+00 4.49736371e-04 8.98272568e+00 1.33694847e+00 1.58180401e-04 8.97139302e+00 1.69568729e-01 2.91555970e-04 1.13326535e-02
1081             1.50652020e+00 4.49798773e-04 8.98272477e+00 1.33694847e+00 1.58180401e-04 8.97139302e+00 1.69571731e-01 2.91618372e-04 1.13317512e-02
1082             1.50651878e+00 4.49459941e-04 8.98272542e+00 1.33694847e+00 1.58180401e-04 8.97139302e+00 1.69570303e-01 2.91279540e-04 1.13323931e-02
1083             1.50652396e+00 4.37607203e-04 8.98281398e+00 1.33695250e+00 1.46281333e-04 8.97148240e+00 1.69571466e-01 2.91325871e-04 1.13315806e-02
1084             1.50652137e+00 4.37933363e-04 8.98281428e+00 1.33695250e+00 1.46281333e-04 8.97148240e+00 1.69568871e-01 2.91652030e-04 1.13318789e-02
1085             1.50652889e+00 4.36204761e-04 8.98288503e+00 1.33695499e+00 1.43663803e-04 8.97155332e+00 1.69573900e-01 2.92540959e-04 1.13317071e-02
1086             1.50652656e+00 4.36659526e-04 8.98288564e+00 1.33695499e+00 1.43663803e-04 8.97155332e+00 1.69571565e-01 2.92995724e-04 1.13323206e-02
1087             1.50653189e+00 4.48951188e-04 8.98294144e+00 1.33695679e+00 1.56186532e-04 8.97160932e+00 1.69575100e-01 2.92764656e-04 1.13321249e-02
1088             1.50652850e+00 4.48890878e-04 8.98294158e+00 1.33695679e+00 1.56186532e-04 8.97160932e+00 1.69571709e-01 2.92704346e-04 1.13322681e-02
1089             1.50653334e+00 4.59581097e-04 8.98297972e+00 1.33695781e+00 1.66773824e-04 8.97164802e+00 1.69575535e-01 2.92807273e-04 1.13316988e-02
1090             1.50653134e+00 4.59572397e-04 8.98298013e+00 1.33695781e+00 1.66773824e-04 8.97164802e+00 1.69573532e-01 2.92798573e-04 1.13321117e-02
1091             1.50653333e+00 4.59458907e-04 8.98298039e+00 1.33695781e+00 1.66773824e-04 8.97164802e+00 1.69575521e-01 2.92685083e-04 1.13323696e-02
1092             1.50653282e+00 4.71279932e-04 8.98299814e+00 1.33696117e+00 1.78620874e-04 8.97166573e+00 1.69571654e-01 2.92659058e-04 1.13324063e-02
1093             1.50653562e+00 4.71670538e-04 8.98299741e+00 1.33696117e+00 1.78620874e-04 8.97166573e+00 1.69574447e-01 2.93049664e-04 1.13316782e-02
1094             1.50653807e+00 4.87924261e-04 8.98298567e+00 1.33696499e+00 1.94946991e-04 8.97165318e+00 1.69573085e-01 2.92977270e-04 1.13324840e-02
1095             1.50654049e+00 4.88002026e-04 8.98298502e+00 1.33696499e+00 1.94946991e-04 8.97165318e+00 1.69575500e-01 2.93055035e-04 1.13318388e-02
1096             1.50654418e+00 4.99353425e-04 8.98295395e+00 1.33696996e+00 2.06704436e-04 8.97162177e+00 1.69574221e-01 2.92648989e-04 1.13321843e-02
1097             1.50654722e+00 4.99215974e-04 8.98295328e+00 1.33696996e+00 2.06704436e-04 8.97162177e+00 1.69577262e-01 2.92511538e-04 1.13315125e-02
1098             1.50654935e+00 5.07795232e-04 8.98292101e+00 1.33697503e+00 2.15944753e-04 8.97158926e+00 1.69574324e-01 2.91850479e-04 1.13317483e-02
1099             1.50655141e+00 5.07499962e-04 8.98292043e+00 1.33697503e+00 2.15944753e-04 8.97158926e+00 1.69576381e-01 2.91555209e-04 1.13311666e-02
1100             1.50655371e+00 5.12837767e-04 8.98287855e+00 1.33698044e+00 2.21649037e-04 8.97154695e+00 1.69573261e-01 2.91188729e-04 1.13315998e-02
1101             1.50655635e+00 5.12761785e-04 8.98287796e+00 1.33698044e+00 2.21649037e-04 8.97154695e+00 1.69575902e-01 2.91112747e-04 1.13310145e-02
1102             1.50655773e+00 5.12870205e-04 8.98282685e+00 1.33698430e+00 2.22011229e-04 8.97149532e+00 1.69573433e-01 2.90858976e-04 1.13315335e-02
1103             1.50656100e+00 5.07484893e-04 8.98277827e+00 1.33698584e+00 2.16721225e-04 8.97144687e+00 1.69575156e-01 2.90763668e-04 1.13314070e-02
1104             1.50655803e+00 5.07438849e-04 8.98277867e+00 1.33698584e+00 2.16721225e-04 8.97144687e+00 1.69572189e-01 2.90717624e-04 1.13318057e-02
1105             1.50656011e+00 5.01079934e-04 8.98271716e+00 1.33698392e+00 2.10533221e-04 8.97138551e+00 1.69576187e-01 2.90546713e-04 1.13316461e-02
1106             1.50655488e+00 5.00610600e-04 8.98271753e+00 1.33698392e+00 2.10533221e-04 8.97138551e+00 1.69570964e-01 2.90077379e-04 1.13320249e-02
1107             1.50655324e+00 4.87684062e-04 8.98265361e+00 1.33697878e+00 1.97741634e-04 8.97132207e+00 1.69574456e-01 2.89942429e-04 1.13315414e-02
1108             1.50654810e+00 4.87674278e-04 8.98265422e+00 1.33697878e+00 1.97741634e-04 8.97132207e+00 1.69569313e-01 2.89932644e-04 1.13321496e-02
1109             1.50654555e+00 4.76359045e-04 8.98258370e+00 1.33697177e+00 1.86256590e-04 8.97125206e+00 1.69573776e-01 2.90102455e-04 1.13316372e-02
1110             1.50653951e+00 4.76616565e-04 8.98258426e+00 1.33697177e+00 1.86256590e-04 8.97125206e+00 1.69567742e-01 2.90359976e-04 1.13321958e-02
1111             1.50653571e+00 4.72696159e-04 8.98251209e+00 1.33696335e+00 1.82321736e-04 8.97118054e+00 1.69572356e-01 2.90374423e-04 1.13315510e-02
1112             1.50653008e+00 4.73098821e-04 8.98251278e+00 1.33696335e+00 1.82321736e-04 8.97118054e+00 1.69566726e-01 2.90777085e-04 1.13322387e-02
1113             1.50652638e+00 4.70910705e-04 8.98244592e+00 1.33695386e+00 1.79985038e-04 8.97111418e+00 1.69572523e-01 2.90925667e-04 1.13317414e-02
1114             1.50652131e+00 4.71466143e-04 8.98244651e+00 1.33695386e+00 1.79985038e-04 8.97111418e+00 1.69567452e-01 2.91481105e-04 1.13323340e-02
1115             1.50652672e+00 4.71139163e-04 8.98244593e+00 1.33695386e+00 1.79985038e-04 8.97111418e+00 1.69572858e-01 2.91154125e-04 1.13317539e-02
1116             1.50651366e+00 4.73985795e-04 8.98239523e+00 1.33694698e+00 1.82311399e-04 8.97106266e+00 1.69566677e-01 2.91674396e-04 1.13325650e-02
1117             1.50651960e+00 4.73433090e-04 8.98239455e+00 1.33694698e+00 1.82311399e-04 8.97106266e+00 1.69572621e-01 2.91121691e-04 1.13318903e-02
1118             1.50650794e+00 4.80061987e-04 8.98233646e+00 1.33694121e+00 1.88159059e-04 8.97100402e+00 1.69566730e-01 2.91902928e-04 1.13324444e-02
1119             1.50651277e+00 4.80134179e-04 8.98233577e+00 1.33694121e+00 1.88159059e-04 8.97100402e+00 1.69571560e-01 2.91975120e-04 1.13317494e-02
1120             1.50650286e+00 4.87836108e-04 8.98229611e+00 1.33693560e+00 1.95494115e-04 8.97096347e+00 1.69567258e-01 2.92341993e-04 1.13326322e-02
1121             1.50650698e+00 4.87865982e-04 8.98229569e+00 1.33693560e+00 1.95494115e-04 8.97096347e+00 1.69571377e-01 2.92371867e-04 1.13322110e-02
1122             1.50649815e+00 4.93858875e-04 8.98226654e+00 1.33693110e+00 2.01093400e-04 8.97093360e+00 1.69567049e-01 2.92765475e-04 1.13329430e-02
1123             1.50650171e+00 4.93867237e-04 8.98226589e+00 1.33693110e+00 2.01093400e-04 8.97093360e+00 1.69570607e-01 2.92773837e-04 1.13322958e-02
1124             1.50649418e+00 4.98824673e-04 8.98225075e+00 1.33692725e+00 2.05806901e-04 8.97091787e+00 1.69566935e-01 2.93017772e-04 1.13328817e-02
1125             1.50649817e+00 4.98796589e-04 8.98225025e+00 1.33692725e+00 2.05806901e-04 8.97091787e+00 1.69570920e-01 2.92989688e-04 1.13323780e-02
1126             1.50649231e+00 5.02814996e-04 8.98224763e+00 1.33692504e+00 2.09645070e-04 8.97091475e+00 1.69567267e-01 2.93169926e-04 1.13328775e-02
1127             1.50649541e+00 5.02718913e-04 8.98224707e+00 1.33692504e+00 2.09645070e-04 8.97091475e+00 1.69570375e-01 2.93073843e-04 1.13323192e-02
1128             1.50649040e+00 5.02850198e-04 8.98224760e+00 1.33692504e+00 2.09645070e-04 8.97091475e+00 1.69565358e-01 2.93205128e-04 1.13328466e-02
1129             1.50649140e+00 5.04934554e-04 8.98225204e+00 1.33692060e+00 2.11807534e-04 8.97092012e+00 1.69570797e-01 2.93127020e-04 1.13319119e-02
1130             1.50648617e+00 5.05171308e-04 8.98225244e+00 1.33692060e+00 2.11807534e-04 8.97092012e+00 1.69565569e-01 2.93363774e-04 1.13323163e-02
1131             1.50648794e+00 5.04800768e-04 8.98227463e+00 1.33691619e+00 2.11660030e-04 8.97094263e+00 1.69571749e-01 2.93140738e-04 1.13319922e-02
1132             1.50648273e+00 5.04772622e-04 8.98227506e+00 1.33691619e+00 2.11660030e-04 8.97094263e+00 1.69566540e-01 2.93112592e-04 1.13324298e-02
1133             1.50648424e+00 5.00596995e-04 8.98230289e+00 1.33691106e+00 2.07436972e-04 8.97097104e+00 1.69573177e-01 2.93160023e-04 1.13318486e-02
1134             1.50647846e+00 5.00621850e-04 8.98230310e+00 1.33691106e+00 2.07436972e-04 8.97097104e+00 1.69567397e-01 2.93184878e-04 1.13320588e-02
1135             1.50647847e+00 4.96427842e-04 8.98234370e+00 1.33690571e+00 2.03398856e-04 8.97101238e+00 1.69572757e-01 2.93028986e-04 1.13313212e-02
1136             1.50647279e+00 4.96363720e-04 8.98234401e+00 1.33690571e+00 2.03398856e-04 8.97101238e+00 1.69567078e-01 2.92964864e-04 1.13316319e-02
1137             1.50647554e+00 4.95590928e-04 8.98239279e+00 1.33690167e+00 2.02689608e-04 8.97106145e+00 1.69573867e-01 2.92901320e-04 1.13313417e-02
1138             1.50646936e+00 4.94621894e-04 8.98244754e+00 1.33690053e+00 2.01597053e-04 8.97111569e+00 1.69568824e-01 2.93024841e-04 1.13318471e-02
1139             1.50647353e+00 4.94312276e-04 8.98244685e+00 1.33690053e+00 2.01597053e-04 8.97111569e+00 1.69572993e-01 2.92715223e-04 1.13311618e-02
1140             1.50647045e+00 4.95581199e-04 8.98249720e+00 1.33690107e+00 2.03006497e-04 8.97116531e+00 1.69569386e-01 2.92574702e-04 1.13318947e-02
1141             1.50647418e+00 4.95111943e-04 8.98249657e+00 1.33690107e+00 2.03006497e-04 8.97116531e+00 1.69573117e-01 2.92105446e-04 1.13312563e-02
1142             1.50647146e+00 4.90254518e-04 8.98253969e+00 1.33690252e+00 1.98164507e-04 8.97120803e+00 1.69568942e-01 2.92090011e-04 1.13316538e-02
1143             1.50647400e+00 4.90082556e-04 8.98253910e+00 1.33690252e+00 1.98164507e-04 8.97120803e+00 1.69571483e-01 2.91918049e-04 1.13310713e-02
1144             1.50647515e+00 4.76163425e-04 8.98257755e+00 1.33690575e+00 1.84053634e-04 8.97124594e+00 1.69569403e-01 2.92109791e-04 1.13316085e-02
1145             1.50647829e+00 4.76130112e-04 8.98257698e+00 1.33690575e+00 1.84053634e-04 8.97124594e+00 1.69572540e-01 2.92076478e-04 1.13310387e-02
1146             1.50647947e+00 4.65775585e-04 8.98260907e+00 1.33690969e+00 1.73459037e-04 8.97127751e+00 1.69569778e-01 2.92316548e-04 1.13315560e-02
1147             1.50648171e+00 4.65742164e-04 8.98260832e+00 1.33690969e+00 1.73459037e-04 8.97127751e+00 1.69572024e-01 2.92283127e-04 1.13308070e-02
1148             1.50647979e+00 4.65739388e-04 8.98260884e+00 1.33690969e+00 1.73459037e-04 8.97127751e+00 1.69570099e-01 2.92280351e-04 1.13313297e-02
1149             1.50648864e+00 4.62867442e-04 8.98264435e+00 1.33691546e+00 1.70840061e-04 8.97131356e+00 1.69573184e-01 2.92027381e-04 1.13307900e-02
1150             1.50648514e+00 4.62379439e-04 8.98264498e+00 1.33691546e+00 1.70840061e-04 8.97131356e+00 1.69569686e-01 2.91539378e-04 1.13314232e-02
1151             1.50649277e+00 4.58007265e-04 8.98267541e+00 1.33691932e+00 1.66187620e-04 8.97134444e+00 1.69573447e-01 2.91819644e-04 1.13309733e-02
1152             1.50648863e+00 4.58170513e-04 8.98267584e+00 1.33691932e+00 1.66187620e-04 8.97134444e+00 1.69569309e-01 2.91982893e-04 1.13314046e-02
1153             1.50649524e+00 4.68999926e-04 8.98269788e+00 1.33692088e+00 1.77017314e-04 8.97136678e+00 1.69574362e-01 2.91982612e-04 1.13311045e-02
1154             1.50649019e+00 4.68805386e-04 8.98269840e+00 1.33692088e+00 1.77017314e-04 8.97136678e+00 1.69569311e-01 2.91788072e-04 1.13316221e-02
1155             1.50649440e+00 4.79469257e-04 8.98271262e+00 1.33692058e+00 1.87677446e-04 8.97138154e+00 1.69573825e-01 2.91791811e-04 1.13310791e-02
1156             1.50648951e+00 4.79262098e-04 8.98271333e+00 1.33692058e+00 1.87677446e-04 8.97138154e+00 1.69568928e-01 2.91584652e-04 1.13317816e-02
1157             1.50649329e+00 4.83323071e-04 8.98271717e+00 1.33691882e+00 1.91609971e-04 8.97138553e+00 1.69574476e-01 2.91713101e-04 1.13316388e-02
1158             1.50648769e+00 4.83120110e-04 8.98271770e+00 1.33691882e+00 1.91609971e-04 8.97138553e+00 1.69568874e-01 2.91510139e-04 1.13321691e-02
1159             1.50648976e+00 4.89920382e-04 8.98271334e+00 1.33691586e+00 1.98322039e-04 8.97138162e+00 1.69573902e-01 2.91598343e-04 1.13317184e-02
1160             1.50648039e+00 4.91930104e-04 8.98269857e+00 1.33691197e+00 2.00654463e-04 8.97136630e+00 1.69568424e-01 2.91275641e-04 1.13322658e-02
1161             1.50648387e+00 4.91768620e-04 8.98269819e+00 1.33691197e+00 2.00654463e-04 8.97136630e+00 1.69571907e-01 2.91114158e-04 1.13318916e-02
1162             1.50647973e+00 4.90487555e-04 8.98268429e+00 1.33691182e+00 1.99484444e-04 8.97135149e+00 1.69567909e-01 2.91003112e-04 1.13327919e-02
1163             1.50648307e+00 4.90481948e-04 8.98268347e+00 1.33691182e+00 1.99484444e-04 8.97135149e+00 1.69571247e-01 2.90997505e-04 1.13319742e-02
1164             1.50647973e+00 4.84555696e-04 8.98266717e+00 1.33691498e+00 1.93574283e-04 8.97133496e+00 1.69564753e-01 2.90981412e-04 1.13322082e-02
1165             1.50648349e+00 4.84594221e-04 8.98266645e+00 1.33691498e+00 1.93574283e-04 8.97133496e+00 1.69568514e-01 2.91019938e-04 1.13314896e-02
1166             1.50648241e+00 4.76257356e-04 8.98264451e+00 1.33692037e+00 1.84783028e-04 8.97131271e+00 1.69562037e-01 2.91474328e-04 1.13317984e-02
1167             1.50648603e+00 4.76623200e-04 8.98264352e+00 1.33692037e+00 1.84783028e-04 8.97131271e+00 1.69565659e-01 2.91840172e-04 1.13308117e-02
1168             1.50649183e+00 5.11750877e-04 8.98262403e+00 1.33692683e+00 2.19510670e-04 8.97129245e+00 1.69564996e-01 2.92240207e-04 1.13315751e-02
1169             1.50649637e+00 5.11573078e-04 8.98262303e+00 1.33692683e+00 2.19510670e-04 8.97129245e+00 1.69569534e-01 2.92062408e-04 1.13305748e-02
1170             1.50648988e+00 5.36331385e-04 8.98263731e+00 1.33692522e+00 2.46348238e-04 8.97130655e+00 1.69564664e-01 2.89983147e-04 1.13307562e-02
1171             1.50648841e+00 5.05332292e-04 8.98264149e+00 1.33692482e+00 2.16065581e-04 8.97131102e+00 1.69563587e-01 2.89266711e-04 1.13304720e-02
1172             1.50648414e+00 5.05500490e-04 8.98264200e+00 1.33692482e+00 2.16065581e-04 8.97131102e+00 1.69559313e-01 2.89434909e-04 1.13309835e-02
1173             1.50648937e+00 4.68531036e-04 8.98263144e+00 1.33692592e+00 1.78098323e-04 8.97129969e+00 1.69563442e-01 2.90432713e-04 1.13317515e-02
1174             1.50648518e+00 4.69373212e-04 8.98263180e+00 1.33692592e+00 1.78098323e-04 8.97129969e+00 1.69559259e-01 2.91274889e-04 1.13321149e-02
1175             1.50648432e+00 4.78711358e-04 8.98261423e+00 1.33691929e+00 1.87117415e-04 8.97128236e+00 1.69565024e-01 2.91593943e-04 1.13318700e-02
1176             1.50647751e+00 4.78783861e-04 8.98261470e+00 1.33691929e+00 1.87117415e-04 8.97128236e+00 1.69558214e-01 2.91666446e-04 1.13323361e-02
1177             1.50647342e+00 4.79642577e-04 8.98259968e+00 1.33690974e+00 1.88079506e-04 8.97126783e+00 1.69563681e-01 2.91563071e-04 1.13318482e-02
1178             1.50646658e+00 4.79734986e-04 8.98260035e+00 1.33690974e+00 1.88079506e-04 8.97126783e+00 1.69556840e-01 2.91655480e-04 1.13325180e-02
1179             1.50647302e+00 4.79182981e-04 8.98260041e+00 1.33690974e+00 1.88079506e-04 8.97126783e+00 1.69563286e-01 2.91103475e-04 1.13325767e-02
1180             1.50646081e+00 4.70725455e-04 8.98260556e+00 1.33690725e+00 1.79288184e-04 8.97127342e+00 1.69553562e-01 2.91437271e-04 1.13321405e-02
1181             1.50646557e+00 4.70717465e-04 8.98260496e+00 1.33690725e+00 1.79288184e-04 8.97127342e+00 1.69558324e-01 2.91429281e-04 1.13315397e-02
1182             1.50646149e+00 4.70090045e-04 8.98258574e+00 1.33690835e+00 1.77872937e-04 8.97125316e+00 1.69553140e-01 2.92217108e-04 1.13325740e-02
1183             1.50646800e+00 4.70389682e-04 8.98258492e+00 1.33690835e+00 1.77872937e-04 8.97125316e+00 1.69559653e-01 2.92516745e-04 1.13317526e-02
1184             1.50646533e+00 4.75041501e-04 8.98256764e+00 1.33690972e+00 1.82084952e-04 8.97123504e+00 1.69555607e-01 2.92956549e-04 1.13325934e-02
1185             1.50647068e+00 4.75133379e-04 8.98256713e+00 1.33690972e+00 1.82084952e-04 8.97123504e+00 1.69560957e-01 2.93048428e-04 1.13320888e-02
1186             1.50647032e+00 4.69369540e-04 8.98255636e+00 1.33691378e+00 1.75827707e-04 8.97122397e+00 1.69556535e-01 2.93541833e-04 1.13323898e-02
1187             1.50647639e+00 4.69705043e-04 8.98255567e+00 1.33691378e+00 1.75827707e-04 8.97122397e+00 1.69562607e-01 2.93877336e-04 1.13316969e-02
1188             1.50648094e+00 4.72777350e-04 8.98254698e+00 1.33692369e+00 1.78597702e-04 8.97121441e+00 1.69557246e-01 2.94179649e-04 1.13325635e-02
1189             1.50649559e+00 4.81130971e-04 8.98253836e+00 1.33693163e+00 1.87166301e-04 8.97120702e+00 1.69563962e-01 2.93964670e-04 1.13313401e-02
1190             1.50649093e+00 4.81663073e-04 8.98253894e+00 1.33693163e+00 1.87166301e-04 8.97120702e+00 1.69559306e-01 2.94496772e-04 1.13319176e-02
1191             1.50650537e+00 4.86391601e-04 8.98251606e+00 1.33693999e+00 1.91867940e-04 8.97118483e+00 1.69565380e-01 2.94523661e-04 1.13312274e-02
1192             1.50650202e+00 4.86874820e-04 8.98251663e+00 1.33693999e+00 1.91867940e-04 8.97118483e+00 1.69562031e-01 2.95006880e-04 1.13317984e-02
1193             1.50651639e+00 4.94539863e-04 8.98250562e+00 1.33694887e+00 1.99713499e-04 8.97117481e+00 1.69567519e-01 2.94826365e-04 1.13308174e-02
1194             1.50651347e+00 4.94676624e-04 8.98250614e+00 1.33694887e+00 1.99713499e-04 8.97117481e+00 1.69564606e-01 2.94963126e-04 1.13313306e-02
1195             1.50652664e+00 5.03899244e-04 8.98250126e+00 1.33695766e+00 2.09484411e-04 8.97117063e+00 1.69568978e-01 2.94414833e-04 1.13306312e-02
1196             1.50652348e+00 5.03966945e-04 8.98250167e+00 1.33695766e+00 2.09484411e-04 8.97117063e+00 1.69565817e-01 2.94482534e-04 1.13310413e-02
1197             1.50653677e+00 5.13331778e-04 8.98250261e+00 1.33696645e+00 2.19330620e-04 8.97117227e+00 1.69570324e-01 2.94001158e-04 1.13303345e-02
1198             1.50653425e+00 5.13179010e-04 8.98250309e+00 1.33696645e+00 2.19330620e-04 8.97117227e+00 1.69567801e-01 2.93848390e-04 1.13308172e-02
1199             1.50654487e+00 5.11543632e-04 8.98250081e+00 1.33697357e+00 2.18258722e-04 8.97117074e+00 1.69571300e-01 2.93284910e-04 1.13300658e-02
1200             1.50654145e+00 5.11582443e-04 8.98250125e+00 1.33697357e+00 2.18258722e-04 8.97117074e+00 1.69567886e-01 2.93323721e-04 1.13305116e-02
