# Moment        
# CofR          : (0.00000000e+00 0.00000000e+00 0.00000000e+00)
#
# Time          	total_x total_y total_z	pressure_x pressure_y pressure_z	viscous_x viscous_y viscous_z
1                1.00874362e-02 -2.14295690e+00 -7.03166585e-04 1.00827254e-02 -2.14175222e+00 -6.83053955e-04 4.71080794e-06 -1.20467569e-03 -2.01126298e-05
2                2.06958953e-03 -1.30945475e+00 -1.19910356e-06 2.08124289e-03 -1.30876794e+00 7.58418257e-05 -1.16533602e-05 -6.86811967e-04 -7.70409293e-05
3                5.18044827e-03 -1.00623770e+00 9.95032809e-04 5.19507844e-03 -1.00549673e+00 1.11984791e-03 -1.46301640e-05 -7.40965515e-04 -1.24815104e-04
4                9.53741611e-03 -9.36985375e-01 1.18910058e-03 9.55638562e-03 -9.36135908e-01 1.32621441e-03 -1.89695115e-05 -8.49467095e-04 -1.37113837e-04
5                1.44444791e-02 -9.08351563e-01 1.17156692e-03 1.44661161e-02 -9.07388302e-01 1.36361238e-03 -2.16370171e-05 -9.63261812e-04 -1.92045453e-04
6                1.90253834e-02 -8.76741695e-01 1.24719300e-03 1.90531692e-02 -8.75646887e-01 1.46439604e-03 -2.77858012e-05 -1.09480836e-03 -2.17203045e-04
7                2.30801752e-02 -8.33156472e-01 1.43667947e-03 2.31102564e-02 -8.31955628e-01 1.69005900e-03 -3.00811881e-05 -1.20084332e-03 -2.53379533e-04
8                2.67269896e-02 -7.86194240e-01 1.68455097e-03 2.67615096e-02 -7.84969696e-01 1.98125856e-03 -3.45200344e-05 -1.22454438e-03 -2.96707595e-04
9                2.97235285e-02 -7.41220352e-01 1.93133901e-03 2.97620490e-02 -7.39940020e-01 2.26339541e-03 -3.85204801e-05 -1.28033202e-03 -3.32056399e-04
10               3.19209940e-02 -7.02838293e-01 2.14295775e-03 3.19641479e-02 -7.01525536e-01 2.51909699e-03 -4.31538938e-05 -1.31275761e-03 -3.76139236e-04
11               3.37439832e-02 -6.74430080e-01 2.36061649e-03 3.37889427e-02 -6.73079337e-01 2.78183603e-03 -4.49594782e-05 -1.35074306e-03 -4.21219535e-04
12               3.53269640e-02 -6.55773530e-01 2.60869726e-03 3.53710747e-02 -6.54345744e-01 3.08851833e-03 -4.41106842e-05 -1.42778640e-03 -4.79821074e-04
13               3.67416579e-02 -6.46025219e-01 2.89125245e-03 3.67808633e-02 -6.44509088e-01 3.41785299e-03 -3.92054288e-05 -1.51613100e-03 -5.26600543e-04
14               3.80914428e-02 -6.46769223e-01 3.13226396e-03 3.81212087e-02 -6.45163480e-01 3.67234750e-03 -2.97658567e-05 -1.60574223e-03 -5.40083543e-04
15               3.98895177e-02 -6.60169601e-01 3.30265415e-03 3.99149461e-02 -6.58474392e-01 3.88001481e-03 -2.54284550e-05 -1.69520883e-03 -5.77360658e-04
16               4.11647371e-02 -6.87423132e-01 3.44646596e-03 4.11944020e-02 -6.85638339e-01 4.02015803e-03 -2.96648870e-05 -1.78479291e-03 -5.73692070e-04
17               4.29331379e-02 -7.28732818e-01 3.47960501e-03 4.29622008e-02 -7.26857927e-01 4.05251706e-03 -2.90628931e-05 -1.87489123e-03 -5.72912044e-04
18               4.49186552e-02 -7.76954886e-01 3.47143724e-03 4.49447043e-02 -7.74985155e-01 4.04986703e-03 -2.60491424e-05 -1.96973061e-03 -5.78429793e-04
19               4.66355504e-02 -8.33786630e-01 3.50541232e-03 4.66485194e-02 -8.31727739e-01 4.07724083e-03 -1.29690313e-05 -2.05889115e-03 -5.71828503e-04
20               4.79600595e-02 -8.93033236e-01 3.55864950e-03 4.79570423e-02 -8.90888057e-01 4.13213031e-03 3.01720318e-06 -2.14517899e-03 -5.73480815e-04
21               4.90107033e-02 -9.48810814e-01 3.61809484e-03 4.90015246e-02 -9.46591177e-01 4.20289654e-03 9.17871861e-06 -2.21963622e-03 -5.84801700e-04
22               5.02244643e-02 -9.95329507e-01 3.69604247e-03 5.02152711e-02 -9.93045370e-01 4.30016170e-03 9.19326490e-06 -2.28413693e-03 -6.04119231e-04
23               5.11632081e-02 -1.02713080e+00 3.92132729e-03 5.11603736e-02 -1.02480205e+00 4.53709395e-03 2.83455525e-06 -2.32875185e-03 -6.15766659e-04
24               5.06487736e-02 -1.03915580e+00 4.43542157e-03 5.06467567e-02 -1.03680630e+00 5.05471352e-03 2.01682236e-06 -2.34949980e-03 -6.19291953e-04
25               4.78023349e-02 -1.02808489e+00 5.17456407e-03 4.78020940e-02 -1.02573588e+00 5.78751136e-03 2.40917992e-07 -2.34900543e-03 -6.12947297e-04
26               4.25645797e-02 -9.91531283e-01 5.86953470e-03 4.25628519e-02 -9.89200812e-01 6.48136939e-03 1.72778206e-06 -2.33047104e-03 -6.11834694e-04
27               3.61589056e-02 -9.28687219e-01 6.17516800e-03 3.61531246e-02 -9.26391034e-01 6.79294796e-03 5.78102485e-06 -2.29618525e-03 -6.17779963e-04
28               3.03444022e-02 -8.41312631e-01 5.95052523e-03 3.03330945e-02 -8.39063063e-01 6.58742697e-03 1.13077502e-05 -2.24956815e-03 -6.36901746e-04
29               2.63269792e-02 -7.34316649e-01 5.35875426e-03 2.63146785e-02 -7.32111924e-01 6.02322636e-03 1.23006843e-05 -2.20472531e-03 -6.64472104e-04
30               2.47059936e-02 -6.14416227e-01 4.66654217e-03 2.46984824e-02 -6.12254544e-01 5.35070162e-03 7.51120885e-06 -2.16168364e-03 -6.84159445e-04
31               2.54306333e-02 -4.95973961e-01 4.14940987e-03 2.54246636e-02 -4.93860218e-01 4.83921133e-03 5.96970196e-06 -2.11374273e-03 -6.89801463e-04
32               2.78806753e-02 -3.77739054e-01 3.87345234e-03 2.78706013e-02 -3.75671029e-01 4.57947652e-03 1.00739729e-05 -2.06802470e-03 -7.06024179e-04
33               3.16806418e-02 -2.64728249e-01 3.69040883e-03 3.16670007e-02 -2.62688419e-01 4.42073378e-03 1.36411057e-05 -2.03982968e-03 -7.30324953e-04
34               3.70462371e-02 -1.69646268e-01 3.30205990e-03 3.70353468e-02 -1.67597012e-01 4.06269623e-03 1.08902097e-05 -2.04925569e-03 -7.60636335e-04
35               4.37187023e-02 -8.63130894e-02 2.56652827e-03 4.37178316e-02 -8.42462826e-02 3.37192805e-03 8.70673496e-07 -2.06680679e-03 -8.05399780e-04
36               5.03712403e-02 -1.82999295e-02 1.59465096e-03 5.03880405e-02 -1.62031592e-02 2.44640399e-03 -1.68001558e-05 -2.09677032e-03 -8.51753039e-04
37               5.50561009e-02 3.31473701e-02 5.55955424e-04 5.50919767e-02 3.52845163e-02 1.44776080e-03 -3.58757742e-05 -2.13714618e-03 -8.91805381e-04
38               5.61762125e-02 6.82782950e-02 -4.09612697e-04 5.62262322e-02 7.04605674e-02 5.17010551e-04 -5.00196308e-05 -2.18227243e-03 -9.26623249e-04
39               5.28868329e-02 8.73391400e-02 -1.19789303e-03 5.29413131e-02 8.95626892e-02 -2.46159058e-04 -5.44802137e-05 -2.22354922e-03 -9.51733974e-04
40               4.53204000e-02 9.04645348e-02 -1.74509479e-03 4.53726149e-02 9.27214084e-02 -7.78350404e-04 -5.22148342e-05 -2.25687364e-03 -9.66744384e-04
41               3.45069231e-02 7.88932678e-02 -2.08033607e-03 3.45553960e-02 8.11869665e-02 -1.10942040e-03 -4.84728333e-05 -2.29369878e-03 -9.70915665e-04
42               2.33319424e-02 5.04078408e-02 -2.26751624e-03 2.33716336e-02 5.27071290e-02 -1.29533675e-03 -3.96911118e-05 -2.29928819e-03 -9.72179488e-04
43               1.39896196e-02 1.00341858e-02 -2.38356931e-03 1.40158236e-02 1.23251714e-02 -1.42007310e-03 -2.62040380e-05 -2.29098555e-03 -9.63496214e-04
44               8.01247264e-03 -3.80359481e-02 -2.50315449e-03 8.02530438e-03 -3.57613699e-02 -1.55402952e-03 -1.28317390e-05 -2.27457821e-03 -9.49124969e-04
45               5.76031070e-03 -8.97664508e-02 -2.61584010e-03 5.76094048e-03 -8.75091604e-02 -1.69360572e-03 -6.29779705e-07 -2.25729041e-03 -9.22234374e-04
46               6.71243247e-03 -1.41847767e-01 -2.68088450e-03 6.70431265e-03 -1.39604218e-01 -1.79593745e-03 8.11981947e-06 -2.24354897e-03 -8.84947048e-04
47               1.00845681e-02 -1.92302942e-01 -2.67932238e-03 1.00719549e-02 -1.90069253e-01 -1.84001741e-03 1.26132043e-05 -2.23368907e-03 -8.39304963e-04
48               1.48462649e-02 -2.40548952e-01 -2.61982608e-03 1.48296949e-02 -2.38319999e-01 -1.82798018e-03 1.65699728e-05 -2.22895280e-03 -7.91845895e-04
49               1.99107290e-02 -2.86922195e-01 -2.52792096e-03 1.98872237e-02 -2.84692092e-01 -1.77629237e-03 2.35052638e-05 -2.23010259e-03 -7.51628584e-04
50               2.40982732e-02 -3.28247908e-01 -2.41252000e-03 2.40678583e-02 -3.26016702e-01 -1.68995428e-03 3.04148783e-05 -2.23120544e-03 -7.22565717e-04
51               2.69022446e-02 -3.70023855e-01 -2.31726849e-03 2.68675240e-02 -3.67784435e-01 -1.61084434e-03 3.47206269e-05 -2.23941960e-03 -7.06424145e-04
52               2.78549374e-02 -4.11047045e-01 -2.24392640e-03 2.78149404e-02 -4.08800537e-01 -1.54337468e-03 3.99970051e-05 -2.24650877e-03 -7.00551716e-04
53               2.68783076e-02 -4.50114484e-01 -2.18824727e-03 2.68331529e-02 -4.47863876e-01 -1.48451065e-03 4.51547028e-05 -2.25060809e-03 -7.03736620e-04
54               2.41282133e-02 -4.86459511e-01 -2.14873426e-03 2.40805233e-02 -4.84206442e-01 -1.43727075e-03 4.76900121e-05 -2.25306885e-03 -7.11463504e-04
55               1.98524631e-02 -5.19585042e-01 -2.10921826e-03 1.98070306e-02 -5.17330204e-01 -1.38638997e-03 4.54324645e-05 -2.25483842e-03 -7.22828282e-04
56               1.43888756e-02 -5.49269340e-01 -2.05324237e-03 1.43481828e-02 -5.47012770e-01 -1.31836211e-03 4.06928293e-05 -2.25657034e-03 -7.34880258e-04
57               8.26797090e-03 -5.75357002e-01 -1.97899520e-03 8.23332889e-03 -5.73098953e-01 -1.22848242e-03 3.46420155e-05 -2.25804963e-03 -7.50512773e-04
58               2.02387367e-03 -5.97738367e-01 -1.89190099e-03 1.99461598e-03 -5.95478973e-01 -1.12891273e-03 2.92576853e-05 -2.25939343e-03 -7.62988258e-04
59               -3.91844780e-03 -6.16339862e-01 -1.80543729e-03 -3.94284659e-03 -6.14080018e-01 -1.02693775e-03 2.43987904e-05 -2.25984361e-03 -7.78499535e-04
60               -9.35143401e-03 -6.31193456e-01 -1.72649153e-03 -9.37208671e-03 -6.28934099e-01 -9.36644508e-04 2.06527069e-05 -2.25935668e-03 -7.89847019e-04
61               -1.40998441e-02 -6.42422449e-01 -1.66725852e-03 -1.41169012e-02 -6.40165057e-01 -8.60597734e-04 1.70571362e-05 -2.25739183e-03 -8.06660782e-04
62               -1.80178504e-02 -6.50229821e-01 -1.62242722e-03 -1.80310182e-02 -6.47975242e-01 -8.02117769e-04 1.31677735e-05 -2.25457890e-03 -8.20309448e-04
63               -2.08543862e-02 -6.54864067e-01 -1.59549484e-03 -2.08627201e-02 -6.52612949e-01 -7.57964232e-04 8.33393365e-06 -2.25111851e-03 -8.37530611e-04
64               -2.24931933e-02 -6.57420976e-01 -1.57354215e-03 -2.24961534e-02 -6.55173625e-01 -7.22946386e-04 2.96008512e-06 -2.24735051e-03 -8.50595759e-04
65               -2.22593954e-02 -6.55748438e-01 -1.56987613e-03 -2.22565477e-02 -6.53506286e-01 -7.01931827e-04 -2.84772337e-06 -2.24215124e-03 -8.67944305e-04
66               -2.01057042e-02 -6.50847726e-01 -1.56630833e-03 -2.00974054e-02 -6.48611972e-01 -6.87548319e-04 -8.29882577e-06 -2.23575456e-03 -8.78760012e-04
67               -1.58873497e-02 -6.41168115e-01 -1.56527803e-03 -1.58726568e-02 -6.38939244e-01 -6.73776104e-04 -1.46929330e-05 -2.22887074e-03 -8.91501923e-04
68               -1.00115075e-02 -6.28555359e-01 -1.48234963e-03 -9.99137069e-03 -6.26334545e-01 -5.91680253e-04 -2.01368462e-05 -2.22081324e-03 -8.90669373e-04
69               -2.86423615e-03 -6.13373123e-01 -1.29664047e-03 -2.83969264e-03 -6.11162950e-01 -4.13196118e-04 -2.45435106e-05 -2.21017217e-03 -8.83444352e-04
70               4.98471687e-03 -5.95672662e-01 -9.80943292e-04 5.01078917e-03 -5.93475909e-01 -1.17717051e-04 -2.60722998e-05 -2.19675306e-03 -8.63226242e-04
71               1.28660743e-02 -5.75645703e-01 -5.38722030e-04 1.28913276e-02 -5.73464196e-01 2.96327906e-04 -2.52533965e-05 -2.18150680e-03 -8.35049936e-04
72               1.98104168e-02 -5.55783201e-01 8.45004596e-06 1.98325338e-02 -5.53617696e-01 8.07248428e-04 -2.21170190e-05 -2.16550505e-03 -7.98798382e-04
73               2.59292423e-02 -5.34652743e-01 5.84433450e-04 2.59467338e-02 -5.32504021e-01 1.34645947e-03 -1.74915058e-05 -2.14872191e-03 -7.62026021e-04
74               3.11644993e-02 -5.12783215e-01 1.15056759e-03 3.11757233e-02 -5.10650919e-01 1.87631608e-03 -1.12239949e-05 -2.13229588e-03 -7.25748482e-04
75               3.56153780e-02 -4.91088252e-01 1.68093233e-03 3.56203509e-02 -4.88971039e-01 2.37566890e-03 -4.97286311e-06 -2.11721221e-03 -6.94736569e-04
76               3.92233275e-02 -4.71907865e-01 2.14759260e-03 3.92218533e-02 -4.69803725e-01 2.81559841e-03 1.47422359e-06 -2.10413907e-03 -6.68005806e-04
77               4.27668858e-02 -4.53462112e-01 2.57674230e-03 4.27599351e-02 -4.51370794e-01 3.22537932e-03 6.95066850e-06 -2.09131795e-03 -6.48637024e-04
78               4.63754902e-02 -4.36776738e-01 2.97228017e-03 4.63642794e-02 -4.34696913e-01 3.60651462e-03 1.12108357e-05 -2.07982481e-03 -6.34234453e-04
79               5.01079107e-02 -4.22449790e-01 3.33203498e-03 5.00944069e-02 -4.20380170e-01 3.95984614e-03 1.35038499e-05 -2.06961988e-03 -6.27811162e-04
80               5.39202860e-02 -4.10686401e-01 3.66182279e-03 5.39057334e-02 -4.08625257e-01 4.28710436e-03 1.45526719e-05 -2.06114394e-03 -6.25281568e-04
81               5.76265543e-02 -4.01550178e-01 3.95881068e-03 5.76127490e-02 -3.99496017e-01 4.58723792e-03 1.38052460e-05 -2.05416059e-03 -6.28427236e-04
82               6.09351436e-02 -3.95030714e-01 4.22652800e-03 6.09227339e-02 -3.92982033e-01 4.86014060e-03 1.24096661e-05 -2.04868131e-03 -6.33612598e-04
83               6.35344457e-02 -3.91071440e-01 4.46364687e-03 6.35245998e-02 -3.89026923e-01 5.10456809e-03 9.84590839e-06 -2.04451662e-03 -6.40921227e-04
84               6.50454998e-02 -3.89883463e-01 4.66737392e-03 6.50383248e-02 -3.87841970e-01 5.31383912e-03 7.17499398e-06 -2.04149305e-03 -6.46465194e-04
85               6.59130607e-02 -3.90486473e-01 4.85324219e-03 6.59089945e-02 -3.88447269e-01 5.50336789e-03 4.06624587e-06 -2.03920453e-03 -6.50125698e-04
86               6.61171234e-02 -3.92975594e-01 5.02006875e-03 6.61153986e-02 -3.90936939e-01 5.66911625e-03 1.72478153e-06 -2.03865431e-03 -6.49047500e-04
87               6.56481933e-02 -3.97749002e-01 5.13136154e-03 6.56486383e-02 -3.95710682e-01 5.77615886e-03 -4.45063964e-07 -2.03832007e-03 -6.44797323e-04
88               6.49242820e-02 -4.04634064e-01 5.18221329e-03 6.49254322e-02 -4.02595912e-01 5.81877740e-03 -1.15016517e-06 -2.03815155e-03 -6.36564101e-04
89               6.45673367e-02 -4.11781734e-01 5.16688373e-03 6.45683677e-02 -4.09744144e-01 5.79318228e-03 -1.03098432e-06 -2.03758919e-03 -6.26298555e-04
90               6.48484087e-02 -4.19541338e-01 5.08675165e-03 6.48480589e-02 -4.17504385e-01 5.70109354e-03 3.49840115e-07 -2.03695349e-03 -6.14341891e-04
91               6.58636898e-02 -4.27732886e-01 4.94919497e-03 6.58616461e-02 -4.25696818e-01 5.55116149e-03 2.04372840e-06 -2.03606823e-03 -6.01966513e-04
92               6.75679052e-02 -4.36127306e-01 4.76951274e-03 6.75631791e-02 -4.34091921e-01 5.35794841e-03 4.72604140e-06 -2.03538445e-03 -5.88435675e-04
93               6.98332593e-02 -4.44523977e-01 4.55699546e-03 6.98257810e-02 -4.42489414e-01 5.13348057e-03 7.47830121e-06 -2.03456370e-03 -5.76485109e-04
94               7.22924900e-02 -4.52181334e-01 4.33573342e-03 7.22819066e-02 -4.50147757e-01 4.90124607e-03 1.05833993e-05 -2.03357730e-03 -5.65512655e-04
95               7.49469129e-02 -4.59811537e-01 4.09368038e-03 7.49341294e-02 -4.57778449e-01 4.65115196e-03 1.27835936e-05 -2.03308860e-03 -5.57471572e-04
96               7.75257569e-02 -4.67152530e-01 3.84212280e-03 7.75107865e-02 -4.65119679e-01 4.39311036e-03 1.49704356e-05 -2.03285034e-03 -5.50987565e-04
97               7.97561603e-02 -4.74012081e-01 3.58734487e-03 7.97398587e-02 -4.71979393e-01 4.13469433e-03 1.63015804e-05 -2.03268839e-03 -5.47349465e-04
98               8.12186949e-02 -4.79514198e-01 3.35677927e-03 8.12013774e-02 -4.77481503e-01 3.90128388e-03 1.73175048e-05 -2.03269468e-03 -5.44504617e-04
99               8.20812212e-02 -4.85238687e-01 3.10610781e-03 8.20638511e-02 -4.83205965e-01 3.65128334e-03 1.73700610e-05 -2.03272224e-03 -5.45175529e-04
100              8.20528399e-02 -4.90079375e-01 2.85197206e-03 8.20358453e-02 -4.88047051e-01 3.39932881e-03 1.69945612e-05 -2.03232393e-03 -5.47356751e-04
101              8.10662802e-02 -4.93901314e-01 2.59330867e-03 8.10507537e-02 -4.91869804e-01 3.14551350e-03 1.55265233e-05 -2.03150907e-03 -5.52204834e-04
102              7.91053063e-02 -4.96662697e-01 2.33320263e-03 7.90913814e-02 -4.94632318e-01 2.89067457e-03 1.39249322e-05 -2.03037867e-03 -5.57471944e-04
103              7.62068283e-02 -4.98331590e-01 2.07133835e-03 7.61954677e-02 -4.96302699e-01 2.63620368e-03 1.13606514e-05 -2.02889095e-03 -5.64865331e-04
104              7.24573329e-02 -4.98879816e-01 1.81216749e-03 7.24484888e-02 -4.96852777e-01 2.38410739e-03 8.84408766e-06 -2.02703965e-03 -5.71939896e-04
105              6.77328000e-02 -4.98431559e-01 1.54680579e-03 6.77273648e-02 -4.96406826e-01 2.12733523e-03 5.43519161e-06 -2.02473301e-03 -5.80529437e-04
106              6.24441157e-02 -4.96624554e-01 1.29386048e-03 6.24418228e-02 -4.94602631e-01 1.88141688e-03 2.29289140e-06 -2.02192299e-03 -5.87556396e-04
107              5.67603808e-02 -4.93693982e-01 1.05344296e-03 5.67618094e-02 -4.91675301e-01 1.64901343e-03 -1.42859064e-06 -2.01868139e-03 -5.95570471e-04
108              5.08352302e-02 -4.89812499e-01 8.34522349e-04 5.08396648e-02 -4.87797206e-01 1.43637489e-03 -4.43463702e-06 -2.01529314e-03 -6.01852536e-04
109              4.48608332e-02 -4.85142560e-01 6.39052335e-04 4.48683860e-02 -4.83130795e-01 1.24757130e-03 -7.55275225e-06 -2.01176513e-03 -6.08518961e-04
110              3.91049974e-02 -4.79871926e-01 4.69790784e-04 3.91147461e-02 -4.77863659e-01 1.08248657e-03 -9.74863396e-06 -2.00826638e-03 -6.12695789e-04
111              3.38052054e-02 -4.74206250e-01 3.30211118e-04 3.38170612e-02 -4.72201426e-01 9.46844538e-04 -1.18558484e-05 -2.00482445e-03 -6.16633420e-04
112              2.92045969e-02 -4.68356199e-01 2.29059370e-04 2.92173252e-02 -4.66354584e-01 8.46867142e-04 -1.27283030e-05 -2.00161514e-03 -6.17807772e-04
113              2.54832821e-02 -4.62536886e-01 1.71849782e-04 2.54965528e-02 -4.60538179e-01 7.90965477e-04 -1.32707890e-05 -1.99870785e-03 -6.19115696e-04
114              2.29895017e-02 -4.57272122e-01 1.73883779e-04 2.30020280e-02 -4.55275672e-01 7.91194663e-04 -1.25262649e-05 -1.99644989e-03 -6.17310883e-04
115              2.14030564e-02 -4.52241366e-01 2.27745522e-04 2.14149450e-02 -4.50247022e-01 8.43032326e-04 -1.18885056e-05 -1.99434436e-03 -6.15286803e-04
116              2.08231141e-02 -4.47653048e-01 3.36488745e-04 2.08333528e-02 -4.45660316e-01 9.46882566e-04 -1.02387704e-05 -1.99273150e-03 -6.10393821e-04
117              2.12736582e-02 -4.43699701e-01 4.92416104e-04 2.12822634e-02 -4.41708155e-01 1.09796901e-03 -8.60518615e-06 -1.99154662e-03 -6.05552905e-04
118              2.26736700e-02 -4.40482442e-01 6.92658387e-04 2.26798863e-02 -4.38491573e-01 1.29137878e-03 -6.21625971e-06 -1.99086903e-03 -5.98720393e-04
119              2.48774304e-02 -4.38054138e-01 9.25177623e-04 2.48816009e-02 -4.36063538e-01 1.51744838e-03 -4.17054197e-06 -1.99060031e-03 -5.92270753e-04
120              2.77062467e-02 -4.36429639e-01 1.18195117e-03 2.77077730e-02 -4.34438882e-01 1.76634894e-03 -1.52636402e-06 -1.99075725e-03 -5.84397772e-04
121              3.09762344e-02 -4.35583353e-01 1.44709503e-03 3.09756093e-02 -4.33592152e-01 2.02432095e-03 6.25084274e-07 -1.99120092e-03 -5.77225921e-04
122              3.45110159e-02 -4.35477628e-01 1.71139197e-03 3.45079216e-02 -4.33485662e-01 2.28048473e-03 3.09432518e-06 -1.99196675e-03 -5.69092756e-04
123              3.81570840e-02 -4.36051584e-01 1.96009532e-03 3.81521553e-02 -4.34058690e-01 2.52184310e-03 4.92868256e-06 -1.99289395e-03 -5.61747781e-04
124              4.19942820e-02 -4.37165550e-01 2.19254367e-03 4.19870458e-02 -4.35171418e-01 2.74667491e-03 7.23624253e-06 -1.99413211e-03 -5.54131241e-04
125              4.56222896e-02 -4.38932110e-01 2.39187786e-03 4.56135304e-02 -4.36936740e-01 2.93927830e-03 8.75920395e-06 -1.99536986e-03 -5.47400446e-04
126              4.89720992e-02 -4.41154810e-01 2.55470714e-03 4.89616765e-02 -4.39158137e-01 3.09573789e-03 1.04226293e-05 -1.99667324e-03 -5.41030752e-04
127              5.20168851e-02 -4.43689248e-01 2.67574164e-03 5.20053173e-02 -4.41691399e-01 3.21124390e-03 1.15677605e-05 -1.99784846e-03 -5.35502262e-04
128              5.47466307e-02 -4.46429092e-01 2.75420157e-03 5.47336807e-02 -4.44430049e-01 3.28479298e-03 1.29500228e-05 -1.99904327e-03 -5.30591409e-04
129              5.71263636e-02 -4.49282068e-01 2.78992459e-03 5.71124066e-02 -4.47281986e-01 3.31576286e-03 1.39569350e-05 -2.00008174e-03 -5.25838265e-04
130              5.91574489e-02 -4.52157813e-01 2.78554306e-03 5.91423647e-02 -4.50156662e-01 3.30761191e-03 1.50842971e-05 -2.00115137e-03 -5.22068855e-04
131              6.06617011e-02 -4.54829912e-01 2.74203711e-03 6.06459443e-02 -4.52828053e-01 3.26037799e-03 1.57568683e-05 -2.00185881e-03 -5.18340880e-04
132              6.19305999e-02 -4.57440807e-01 2.66492833e-03 6.19138987e-02 -4.55438054e-01 3.18071842e-03 1.67011544e-05 -2.00275282e-03 -5.15790095e-04
133              6.28853370e-02 -4.59912504e-01 2.55759963e-03 6.28681603e-02 -4.57909074e-01 3.07153650e-03 1.71767126e-05 -2.00343053e-03 -5.13936873e-04
134              6.34932048e-02 -4.62162709e-01 2.42407478e-03 6.34756245e-02 -4.60158585e-01 2.93751769e-03 1.75802432e-05 -2.00412465e-03 -5.13442904e-04
135              6.36969910e-02 -4.64140564e-01 2.26787424e-03 6.36796432e-02 -4.62135991e-01 2.78140681e-03 1.73477667e-05 -2.00457303e-03 -5.13532574e-04
136              6.34741866e-02 -4.65794574e-01 2.09399198e-03 6.34571167e-02 -4.63789567e-01 2.60993756e-03 1.70698911e-05 -2.00500765e-03 -5.15945571e-04
137              6.27614785e-02 -4.67105793e-01 1.90804912e-03 6.27453586e-02 -4.65100615e-01 2.42670593e-03 1.61199821e-05 -2.00517721e-03 -5.18656815e-04
138              6.15441324e-02 -4.68053351e-01 1.71456155e-03 6.15292074e-02 -4.66048014e-01 2.23797783e-03 1.49249785e-05 -2.00533620e-03 -5.23416271e-04
139              5.97694625e-02 -4.68638989e-01 1.51869788e-03 5.97564027e-02 -4.66633741e-01 2.04735548e-03 1.30597643e-05 -2.00524730e-03 -5.28657607e-04
140              5.74563568e-02 -4.68868696e-01 1.32373481e-03 5.74452051e-02 -4.66863541e-01 1.85934685e-03 1.11517045e-05 -2.00515517e-03 -5.35612043e-04
141              5.45923984e-02 -4.68758847e-01 1.13434301e-03 5.45836314e-02 -4.66754022e-01 1.67660634e-03 8.76696398e-06 -2.00482566e-03 -5.42263335e-04
142              5.10731858e-02 -4.68351387e-01 9.48350584e-04 5.10669032e-02 -4.66346905e-01 1.49849057e-03 6.28259976e-06 -2.00448251e-03 -5.50139981e-04
143              4.71934312e-02 -4.67593913e-01 7.75172062e-04 4.71899119e-02 -4.65590012e-01 1.33226267e-03 3.51921845e-06 -2.00390096e-03 -5.57090612e-04
144              4.30952069e-02 -4.66561041e-01 6.18312355e-04 4.30940100e-02 -4.64557664e-01 1.18323928e-03 1.19688348e-06 -2.00337734e-03 -5.64926922e-04
145              3.88776979e-02 -4.65322593e-01 4.82634711e-04 3.88787819e-02 -4.63319880e-01 1.05384585e-03 -1.08397009e-06 -2.00271354e-03 -5.71211136e-04
146              3.47259483e-02 -4.63926913e-01 3.70194086e-04 3.47287806e-02 -4.61924745e-01 9.47382534e-04 -2.83231359e-06 -2.00216830e-03 -5.77188448e-04
147              3.07807385e-02 -4.62431419e-01 2.83298418e-04 3.07851668e-02 -4.60429906e-01 8.64582690e-04 -4.42831268e-06 -2.00151360e-03 -5.81284272e-04
148              2.72319541e-02 -4.60880196e-01 2.22664872e-04 2.72371387e-02 -4.58879195e-01 8.08127992e-04 -5.18467401e-06 -2.00100115e-03 -5.85463119e-04
149              2.43794597e-02 -4.59409224e-01 1.95248675e-04 2.43849534e-02 -4.57408727e-01 7.82238144e-04 -5.49369092e-06 -2.00049682e-03 -5.86989470e-04
150              2.20369843e-02 -4.57932008e-01 1.96376471e-04 2.20422175e-02 -4.55931891e-01 7.84805021e-04 -5.23319790e-06 -2.00011734e-03 -5.88428550e-04
151              2.03325270e-02 -4.56508786e-01 2.26537488e-04 2.03373617e-02 -4.54509076e-01 8.14134598e-04 -4.83461059e-06 -1.99970997e-03 -5.87597110e-04
152              1.93962419e-02 -4.55191531e-01 2.84889573e-04 1.93998500e-02 -4.53191984e-01 8.71569281e-04 -3.60815632e-06 -1.99954667e-03 -5.86679709e-04
153              1.92542388e-02 -4.54037702e-01 3.67740941e-04 1.92565653e-02 -4.52038327e-01 9.51141411e-04 -2.32648421e-06 -1.99937516e-03 -5.83400470e-04
154              1.99056896e-02 -4.53079696e-01 4.72436284e-04 1.99061845e-02 -4.51080246e-01 1.05286839e-03 -4.94903753e-07 -1.99945001e-03 -5.80432111e-04
155              2.12606285e-02 -4.52348892e-01 5.93156517e-04 2.12594770e-02 -4.50349395e-01 1.16866863e-03 1.15153116e-06 -1.99949655e-03 -5.75512113e-04
156              2.32348176e-02 -4.51856850e-01 7.25044815e-04 2.32315495e-02 -4.49857089e-01 1.29681439e-03 3.26807590e-06 -1.99976115e-03 -5.71769577e-04
157              2.57278618e-02 -4.51548323e-01 8.63303596e-04 2.57227240e-02 -4.49548367e-01 1.43014863e-03 5.13780533e-06 -1.99995546e-03 -5.66845036e-04
158              2.85824616e-02 -4.51532736e-01 1.00492890e-03 2.85753565e-02 -4.49532359e-01 1.56760692e-03 7.10511413e-06 -2.00037621e-03 -5.62678021e-04
159              3.11035584e-02 -4.51741915e-01 1.11554149e-03 3.10949603e-02 -4.49741164e-01 1.67426406e-03 8.59806708e-06 -2.00075096e-03 -5.58722578e-04
160              3.45910838e-02 -4.52212203e-01 1.25063411e-03 3.45810014e-02 -4.50211025e-01 1.80637425e-03 1.00823575e-05 -2.00117749e-03 -5.55740137e-04
161              3.70176108e-02 -4.52718737e-01 1.34951812e-03 3.70066269e-02 -4.50717200e-01 1.90249718e-03 1.09839765e-05 -2.00153664e-03 -5.52979056e-04
162              3.96058835e-02 -4.53408641e-01 1.44821352e-03 3.95939842e-02 -4.51406651e-01 1.99899128e-03 1.18992874e-05 -2.00199058e-03 -5.50777766e-04
163              4.19538348e-02 -4.54203601e-01 1.53601956e-03 4.19417239e-02 -4.52201350e-01 2.08471213e-03 1.21109341e-05 -2.00225015e-03 -5.48692571e-04
164              4.39376080e-02 -4.55057439e-01 1.61187044e-03 4.39250373e-02 -4.53054839e-01 2.15941969e-03 1.25706486e-05 -2.00260060e-03 -5.47549251e-04
165              4.54076761e-02 -4.55904414e-01 1.67086963e-03 4.53953603e-02 -4.53901717e-01 2.21698138e-03 1.23158080e-05 -2.00269626e-03 -5.46111752e-04
166              4.64985233e-02 -4.56739538e-01 1.71415750e-03 4.64861128e-02 -4.54736612e-01 2.25937671e-03 1.24105598e-05 -2.00292598e-03 -5.45219213e-04
167              4.72040968e-02 -4.57545190e-01 1.73911109e-03 4.71921167e-02 -4.55542194e-01 2.28323574e-03 1.19800646e-05 -2.00299557e-03 -5.44124652e-04
168              4.75325549e-02 -4.58292561e-01 1.74316070e-03 4.75205898e-02 -4.56289409e-01 2.28711598e-03 1.19650827e-05 -2.00315149e-03 -5.43955283e-04
169              4.75081697e-02 -4.58966832e-01 1.72474338e-03 4.74966975e-02 -4.56963681e-01 2.26880865e-03 1.14721971e-05 -2.00315012e-03 -5.44065272e-04
170              4.71902611e-02 -4.59549588e-01 1.68620448e-03 4.71790157e-02 -4.57546357e-01 2.23036069e-03 1.12454397e-05 -2.00323094e-03 -5.44156213e-04
171              4.66264961e-02 -4.60032138e-01 1.63017619e-03 4.66159737e-02 -4.58028994e-01 2.17490899e-03 1.05223685e-05 -2.00314330e-03 -5.44732795e-04
172              4.58791688e-02 -4.60418783e-01 1.55746319e-03 4.58689485e-02 -4.58415620e-01 2.10362710e-03 1.02203049e-05 -2.00316334e-03 -5.46163908e-04
173              4.49726518e-02 -4.60704503e-01 1.47454836e-03 4.49632049e-02 -4.58701491e-01 2.02244653e-03 9.44687464e-06 -2.00301173e-03 -5.47898170e-04
174              4.39467494e-02 -4.60884584e-01 1.38707021e-03 4.39377844e-02 -4.58881638e-01 1.93673462e-03 8.96500801e-06 -2.00294590e-03 -5.49664410e-04
175              4.33192555e-02 -4.60902931e-01 1.34987597e-03 4.33113192e-02 -4.58900208e-01 1.90061012e-03 7.93630869e-06 -2.00272341e-03 -5.50734151e-04
176              4.16604872e-02 -4.60916267e-01 1.25832601e-03 4.16528907e-02 -4.58913597e-01 1.81192536e-03 7.59645820e-06 -2.00267053e-03 -5.53599353e-04
177              4.09119208e-02 -4.60843332e-01 1.21910999e-03 4.09053147e-02 -4.58840900e-01 1.77428453e-03 6.60617970e-06 -2.00243207e-03 -5.55174543e-04
178              3.99120679e-02 -4.60693799e-01 1.17858332e-03 3.99059229e-02 -4.58691517e-01 1.73556463e-03 6.14491780e-06 -2.00228248e-03 -5.56981314e-04
179              3.88057387e-02 -4.60480488e-01 1.14122831e-03 3.88003720e-02 -4.58478388e-01 1.70003238e-03 5.36668666e-06 -2.00209977e-03 -5.58804075e-04
180              3.76800996e-02 -4.60215188e-01 1.10690260e-03 3.76749652e-02 -4.58213181e-01 1.66746465e-03 5.13442196e-06 -2.00200724e-03 -5.60562052e-04
181              3.65804382e-02 -4.59910915e-01 1.07437015e-03 3.65758204e-02 -4.57909083e-01 1.63714894e-03 4.61780533e-06 -2.00183166e-03 -5.62778793e-04
182              3.55393695e-02 -4.59583059e-01 1.04478144e-03 3.55348727e-02 -4.57581296e-01 1.60900289e-03 4.49682849e-06 -2.00176284e-03 -5.64221450e-04
183              3.45830664e-02 -4.59248145e-01 1.01702045e-03 3.45790158e-02 -4.57246519e-01 1.58308831e-03 4.05059450e-06 -2.00162689e-03 -5.66067865e-04
184              3.37261132e-02 -4.58913939e-01 9.91848484e-04 3.37219267e-02 -4.56912348e-01 1.55981494e-03 4.18648502e-06 -2.00159089e-03 -5.67966451e-04
185              3.29819471e-02 -4.58589862e-01 9.69651723e-04 3.29779281e-02 -4.56588385e-01 1.53941680e-03 4.01898971e-06 -2.00147742e-03 -5.69765079e-04
186              3.23599928e-02 -4.58279614e-01 9.51659048e-04 3.23557439e-02 -4.56278154e-01 1.52253624e-03 4.24893644e-06 -2.00145971e-03 -5.70877194e-04
187              3.18675643e-02 -4.57987556e-01 9.36995878e-04 3.18634057e-02 -4.55986191e-01 1.50951280e-03 4.15864723e-06 -2.00136511e-03 -5.72516927e-04
188              3.15125847e-02 -4.57715146e-01 9.28088772e-04 3.15079972e-02 -4.55713776e-01 1.50161467e-03 4.58750810e-06 -2.00137078e-03 -5.73525901e-04
189              3.13087945e-02 -4.57473113e-01 9.25409596e-04 3.13041058e-02 -4.55471806e-01 1.49985280e-03 4.68870620e-06 -2.00130702e-03 -5.74443200e-04
190              3.12654836e-02 -4.57266736e-01 9.31253024e-04 3.12603019e-02 -4.55265384e-01 1.50571996e-03 5.18171272e-06 -2.00135198e-03 -5.74466934e-04
191              3.13806250e-02 -4.57107281e-01 9.45344898e-04 3.13753186e-02 -4.55105953e-01 1.51991836e-03 5.30642233e-06 -2.00132805e-03 -5.74573457e-04
192              3.16451133e-02 -4.56998161e-01 9.68112543e-04 3.16391537e-02 -4.54996748e-01 1.54230861e-03 5.95953372e-06 -2.00141299e-03 -5.74196063e-04
193              3.20361955e-02 -4.56940504e-01 9.97124989e-04 3.20299726e-02 -4.54939084e-01 1.57123450e-03 6.22295259e-06 -2.00142080e-03 -5.74109506e-04
194              3.25398069e-02 -4.56934039e-01 1.03259345e-03 3.25329483e-02 -4.54932506e-01 1.60530995e-03 6.85860970e-06 -2.00153316e-03 -5.72716502e-04
195              3.31252435e-02 -4.56975273e-01 1.07039652e-03 3.31181926e-02 -4.54973698e-01 1.64227345e-03 7.05098613e-06 -2.00157531e-03 -5.71876934e-04
196              3.37739700e-02 -4.57059222e-01 1.10956718e-03 3.37662129e-02 -4.55057511e-01 1.68029440e-03 7.75708536e-06 -2.00171081e-03 -5.70727222e-04
197              3.44629924e-02 -4.57181082e-01 1.14776303e-03 3.44550124e-02 -4.55179320e-01 1.71755461e-03 7.97998051e-06 -2.00176174e-03 -5.69791579e-04
198              3.51742748e-02 -4.57334696e-01 1.18550658e-03 3.51657231e-02 -4.55332801e-01 1.75351725e-03 8.55170055e-06 -2.00189430e-03 -5.68010671e-04
199              3.58860019e-02 -4.57512241e-01 1.21993671e-03 3.58774086e-02 -4.55510298e-01 1.78722655e-03 8.59335680e-06 -2.00194253e-03 -5.67289839e-04
200              3.65788585e-02 -4.57706000e-01 1.25273310e-03 3.65697200e-02 -4.55703942e-01 1.81874676e-03 9.13854819e-06 -2.00205851e-03 -5.66013661e-04
201              3.72310243e-02 -4.57907344e-01 1.28227177e-03 3.72219330e-02 -4.55905269e-01 1.84760798e-03 9.09128628e-06 -2.00207575e-03 -5.65336205e-04
202              3.78270418e-02 -4.58107341e-01 1.30996863e-03 3.78176142e-02 -4.56105188e-01 1.87377241e-03 9.42761983e-06 -2.00215312e-03 -5.63803778e-04
203              3.83532147e-02 -4.58299789e-01 1.33422473e-03 3.83440259e-02 -4.56297648e-01 1.89723491e-03 9.18874353e-06 -2.00214087e-03 -5.63010189e-04
204              3.88033129e-02 -4.58479713e-01 1.35630503e-03 3.87937983e-02 -4.56477523e-01 1.91816710e-03 9.51457093e-06 -2.00218971e-03 -5.61862070e-04
205              3.91747901e-02 -4.58644631e-01 1.37470248e-03 3.91655284e-02 -4.56642475e-01 1.93633627e-03 9.26175468e-06 -2.00215632e-03 -5.61633797e-04
206              3.94609245e-02 -4.58790771e-01 1.39146442e-03 3.94514875e-02 -4.56788591e-01 1.95163387e-03 9.43695089e-06 -2.00217933e-03 -5.60169447e-04
207              3.96568959e-02 -4.58917287e-01 1.40318974e-03 3.96478589e-02 -4.56915151e-01 1.96308851e-03 9.03695292e-06 -2.00213663e-03 -5.59898767e-04
208              3.97528658e-02 -4.59017654e-01 1.41026119e-03 3.97436085e-02 -4.57015505e-01 1.96964751e-03 9.25739163e-06 -2.00214835e-03 -5.59386315e-04
209              3.97428250e-02 -4.59088263e-01 1.41045491e-03 3.97339561e-02 -4.57086168e-01 1.96998973e-03 8.86890511e-06 -2.00209541e-03 -5.59534817e-04
210              3.96327181e-02 -4.59126931e-01 1.40489567e-03 3.96237678e-02 -4.57124835e-01 1.96376195e-03 8.95029874e-06 -2.00209602e-03 -5.58866282e-04
211              3.94347946e-02 -4.59134805e-01 1.39137417e-03 3.94263221e-02 -4.57132767e-01 1.95103025e-03 8.47256479e-06 -2.00203866e-03 -5.59656079e-04
212              3.91690849e-02 -4.59116603e-01 1.37370516e-03 3.91604909e-02 -4.57114576e-01 1.93357324e-03 8.59403033e-06 -2.00202706e-03 -5.59868080e-04
213              3.88485385e-02 -4.59074312e-01 1.35216531e-03 3.88404173e-02 -4.57072363e-01 1.91300383e-03 8.12122469e-06 -2.00194951e-03 -5.60838521e-04
214              3.84875958e-02 -4.59012226e-01 1.32986684e-03 3.84794580e-02 -4.57010302e-01 1.89091628e-03 8.13780143e-06 -2.00192402e-03 -5.61049444e-04
215              3.81003609e-02 -4.58933536e-01 1.30648320e-03 3.80927589e-02 -4.56931700e-01 1.86847075e-03 7.60195668e-06 -2.00183561e-03 -5.61987556e-04
216              3.77013375e-02 -4.58843851e-01 1.28416507e-03 3.76936193e-02 -4.56842042e-01 1.84683649e-03 7.71819145e-06 -2.00180901e-03 -5.62671421e-04
217              3.73025742e-02 -4.58745376e-01 1.26216909e-03 3.72952681e-02 -4.56743658e-01 1.82623839e-03 7.30606035e-06 -2.00171874e-03 -5.64069297e-04
218              3.69136020e-02 -4.58642901e-01 1.24314251e-03 3.69062229e-02 -4.56641203e-01 1.80738814e-03 7.37908221e-06 -2.00169800e-03 -5.64245631e-04
219              3.65492953e-02 -4.58540994e-01 1.22515522e-03 3.65423429e-02 -4.56539375e-01 1.79032378e-03 6.95237527e-06 -2.00161907e-03 -5.65168560e-04
220              3.62138211e-02 -4.58442128e-01 1.20899661e-03 3.62066577e-02 -4.56440509e-01 1.77494719e-03 7.16335052e-06 -2.00161953e-03 -5.65950580e-04
221              3.59161417e-02 -4.58349246e-01 1.19447728e-03 3.59092767e-02 -4.56347694e-01 1.76133180e-03 6.86497780e-06 -2.00155208e-03 -5.66854520e-04
222              3.56563918e-02 -4.58264193e-01 1.18226651e-03 3.56493651e-02 -4.56262624e-01 1.74928778e-03 7.02675932e-06 -2.00156831e-03 -5.67021271e-04
223              3.54415393e-02 -4.58188946e-01 1.17069331e-03 3.54347921e-02 -4.56187435e-01 1.73873742e-03 6.74716967e-06 -2.00151085e-03 -5.68044108e-04
224              3.52696515e-02 -4.58124705e-01 1.16201157e-03 3.52626036e-02 -4.56123155e-01 1.73054477e-03 7.04789543e-06 -2.00155025e-03 -5.68533196e-04
225              3.51389527e-02 -4.58071354e-01 1.15494721e-03 3.51321059e-02 -4.56069844e-01 1.72403031e-03 6.84681117e-06 -2.00150980e-03 -5.69083094e-04
226              3.50463739e-02 -4.58027731e-01 1.15032271e-03 3.50393177e-02 -4.56026176e-01 1.71943390e-03 7.05620726e-06 -2.00155524e-03 -5.69111188e-04
227              3.49980734e-02 -4.57996497e-01 1.14751458e-03 3.49912330e-02 -4.55994982e-01 1.71693600e-03 6.84047985e-06 -2.00151451e-03 -5.69421417e-04
228              3.49911952e-02 -4.57977481e-01 1.14777788e-03 3.49840559e-02 -4.55975916e-01 1.71743755e-03 7.13930705e-06 -2.00156496e-03 -5.69659667e-04
229              3.50272093e-02 -4.57970467e-01 1.15042150e-03 3.50202283e-02 -4.55968945e-01 1.72062482e-03 6.98096156e-06 -2.00152218e-03 -5.70203326e-04
230              3.51024711e-02 -4.57976596e-01 1.15720085e-03 3.50952890e-02 -4.55975018e-01 1.72698890e-03 7.18209509e-06 -2.00157809e-03 -5.69788054e-04
231              3.52075843e-02 -4.57993068e-01 1.16558288e-03 3.52006115e-02 -4.55991530e-01 1.73536523e-03 6.97283562e-06 -2.00153773e-03 -5.69782346e-04
232              3.53382976e-02 -4.58018996e-01 1.17566754e-03 3.53309862e-02 -4.56017393e-01 1.74554027e-03 7.31135682e-06 -2.00160298e-03 -5.69872732e-04
233              3.54852782e-02 -4.58050869e-01 1.18646557e-03 3.54780980e-02 -4.56049300e-01 1.75639619e-03 7.18020141e-06 -2.00156897e-03 -5.69930620e-04
234              3.56437748e-02 -4.58089000e-01 1.19852257e-03 3.56363577e-02 -4.56087366e-01 1.76780461e-03 7.41712572e-06 -2.00163334e-03 -5.69282038e-04
235              3.58081284e-02 -4.58129797e-01 1.20926775e-03 3.58008980e-02 -4.56128192e-01 1.77869527e-03 7.23042868e-06 -2.00160548e-03 -5.69427515e-04
236              3.58085019e-02 -4.58129869e-01 1.20927021e-03 3.58008980e-02 -4.56128192e-01 1.77869527e-03 7.60390789e-06 -2.00167770e-03 -5.69425057e-04
237              3.60292719e-02 -4.58192536e-01 1.21622254e-03 3.60218695e-02 -4.56190878e-01 1.78547233e-03 7.40242962e-06 -2.00165771e-03 -5.69249797e-04
238              3.62087083e-02 -4.58244518e-01 1.22454883e-03 3.62010677e-02 -4.56242810e-01 1.79318630e-03 7.64064482e-06 -2.00170790e-03 -5.68637474e-04
239              3.62085410e-02 -4.58244498e-01 1.22453321e-03 3.62010677e-02 -4.56242810e-01 1.79318630e-03 7.47329091e-06 -2.00168794e-03 -5.68653093e-04
240              3.64295836e-02 -4.58315356e-01 1.23154525e-03 3.64217484e-02 -4.56313609e-01 1.80008351e-03 7.83525932e-06 -2.00174686e-03 -5.68538256e-04
241              3.64293526e-02 -4.58315325e-01 1.23101120e-03 3.64217484e-02 -4.56313609e-01 1.80008351e-03 7.60424294e-06 -2.00171551e-03 -5.69072303e-04
242              3.66427794e-02 -4.58384322e-01 1.23826837e-03 3.66350236e-02 -4.56382554e-01 1.80646120e-03 7.75580217e-06 -2.00176793e-03 -5.68192828e-04
243              3.67883820e-02 -4.58430349e-01 1.24421978e-03 3.67808807e-02 -4.56428629e-01 1.81242396e-03 7.50132714e-06 -2.00172007e-03 -5.68204180e-04
244              3.67886821e-02 -4.58430360e-01 1.24419428e-03 3.67808807e-02 -4.56428629e-01 1.81242396e-03 7.80148329e-06 -2.00173180e-03 -5.68229680e-04
245              3.69525760e-02 -4.58480218e-01 1.25175464e-03 3.69450742e-02 -4.56478509e-01 1.81983903e-03 7.50179995e-06 -2.00170922e-03 -5.68084390e-04
246              3.69528621e-02 -4.58480225e-01 1.25253491e-03 3.69450742e-02 -4.56478509e-01 1.81983903e-03 7.78786983e-06 -2.00171672e-03 -5.67304119e-04
247              3.70701579e-02 -4.58515114e-01 1.25773566e-03 3.70624885e-02 -4.56513391e-01 1.82584314e-03 7.66935349e-06 -2.00172289e-03 -5.68107483e-04
248              3.70705181e-02 -4.58515125e-01 1.25818072e-03 3.70624885e-02 -4.56513391e-01 1.82584314e-03 8.02957577e-06 -2.00173345e-03 -5.67662427e-04
249              3.71914371e-02 -4.58553716e-01 1.26532651e-03 3.71835143e-02 -4.56551971e-01 1.83340907e-03 7.92281094e-06 -2.00174497e-03 -5.68082565e-04
250              3.71916502e-02 -4.58553724e-01 1.26610866e-03 3.71835143e-02 -4.56551971e-01 1.83340907e-03 8.13587938e-06 -2.00175321e-03 -5.67300418e-04
251              3.72829070e-02 -4.58582694e-01 1.27303245e-03 3.72750992e-02 -4.56580924e-01 1.84044053e-03 7.80785094e-06 -2.00177007e-03 -5.67408083e-04
252              3.72833849e-02 -4.58582698e-01 1.27334513e-03 3.72750992e-02 -4.56580924e-01 1.84044053e-03 8.28572496e-06 -2.00177416e-03 -5.67095400e-04
253              3.72834114e-02 -4.58582683e-01 1.27285944e-03 3.72750992e-02 -4.56580924e-01 1.84044053e-03 8.31222649e-06 -2.00175977e-03 -5.67581088e-04
254              3.73510076e-02 -4.58605243e-01 1.28065237e-03 3.73425470e-02 -4.56603437e-01 1.84776022e-03 8.46069519e-06 -2.00180566e-03 -5.67107854e-04
255              3.73505025e-02 -4.58605227e-01 1.28127066e-03 3.73425470e-02 -4.56603437e-01 1.84776022e-03 7.95550315e-06 -2.00178967e-03 -5.66489562e-04
256              3.73949559e-02 -4.58620473e-01 1.28700569e-03 3.73867433e-02 -4.56618638e-01 1.85390864e-03 8.21258444e-06 -2.00183557e-03 -5.66902951e-04
257              3.73947137e-02 -4.58620444e-01 1.28718808e-03 3.73867433e-02 -4.56618638e-01 1.85390864e-03 7.97036011e-06 -2.00180580e-03 -5.66720553e-04
258              3.74137078e-02 -4.58627139e-01 1.29087158e-03 3.74055155e-02 -4.56625288e-01 1.85784498e-03 8.19234491e-06 -2.00185034e-03 -5.66973398e-04
259              3.74132834e-02 -4.58627101e-01 1.29085717e-03 3.74055155e-02 -4.56625288e-01 1.85784498e-03 7.76793785e-06 -2.00181232e-03 -5.66987807e-04
260              3.74172823e-02 -4.58626828e-01 1.29343413e-03 3.74093413e-02 -4.56624966e-01 1.86117595e-03 7.94096594e-06 -2.00186199e-03 -5.67741820e-04
261              3.74169496e-02 -4.58626766e-01 1.29367950e-03 3.74093413e-02 -4.56624966e-01 1.86117595e-03 7.60825739e-06 -2.00180074e-03 -5.67496441e-04
262              3.74042486e-02 -4.58620561e-01 1.29575165e-03 3.73964874e-02 -4.56618706e-01 1.86360948e-03 7.76119794e-06 -2.00185532e-03 -5.67857824e-04
263              3.73865531e-02 -4.58610248e-01 1.29578211e-03 3.73790069e-02 -4.56608498e-01 1.86353784e-03 7.54621429e-06 -2.00174964e-03 -5.67755732e-04
264              3.73867656e-02 -4.58610291e-01 1.29518392e-03 3.73790069e-02 -4.56608498e-01 1.86353784e-03 7.75869672e-06 -2.00179274e-03 -5.68353919e-04
265              3.73522264e-02 -4.58591498e-01 1.29603397e-03 3.73446809e-02 -4.56589789e-01 1.86467112e-03 7.54545438e-06 -2.00170909e-03 -5.68637145e-04
266              3.73523882e-02 -4.58591547e-01 1.29671412e-03 3.73446809e-02 -4.56589789e-01 1.86467112e-03 7.70732697e-06 -2.00175790e-03 -5.67956997e-04
267              3.73128733e-02 -4.58571738e-01 1.29763931e-03 3.73053783e-02 -4.56570051e-01 1.86609901e-03 7.49500628e-06 -2.00168673e-03 -5.68459696e-04
268              3.73131573e-02 -4.58571782e-01 1.29808521e-03 3.73053783e-02 -4.56570051e-01 1.86609901e-03 7.77897532e-06 -2.00173022e-03 -5.68013797e-04
269              3.72664358e-02 -4.58549273e-01 1.29813264e-03 3.72588261e-02 -4.56547612e-01 1.86666316e-03 7.60973405e-06 -2.00166139e-03 -5.68530528e-04
270              3.72665441e-02 -4.58549335e-01 1.29903552e-03 3.72588261e-02 -4.56547612e-01 1.86666316e-03 7.71800120e-06 -2.00172341e-03 -5.67627640e-04
271              3.72662379e-02 -4.58549263e-01 1.29846175e-03 3.72588261e-02 -4.56547612e-01 1.86666316e-03 7.41186714e-06 -2.00165153e-03 -5.68201418e-04
272              3.72217462e-02 -4.58530562e-01 1.30023363e-03 3.72141579e-02 -4.56528808e-01 1.86800480e-03 7.58827422e-06 -2.00175442e-03 -5.67771168e-04
273              3.72216145e-02 -4.58530468e-01 1.30075906e-03 3.72141579e-02 -4.56528808e-01 1.86800480e-03 7.45658636e-06 -2.00165978e-03 -5.67245740e-04
274              3.71705182e-02 -4.58512004e-01 1.29929129e-03 3.71626395e-02 -4.56510253e-01 1.86704388e-03 7.87870795e-06 -2.00175076e-03 -5.67752592e-04
275              3.71701345e-02 -4.58511916e-01 1.29926278e-03 3.71626395e-02 -4.56510253e-01 1.86704388e-03 7.49500190e-06 -2.00166252e-03 -5.67781108e-04
276              3.71198310e-02 -4.58493324e-01 1.29670830e-03 3.71122213e-02 -4.56491546e-01 1.86491321e-03 7.60966709e-06 -2.00177860e-03 -5.68204912e-04
277              3.71195760e-02 -4.58493231e-01 1.29695455e-03 3.71122213e-02 -4.56491546e-01 1.86491321e-03 7.35468711e-06 -2.00168564e-03 -5.67958666e-04
278              3.70757169e-02 -4.58476405e-01 1.29528774e-03 3.70682357e-02 -4.56474615e-01 1.86332502e-03 7.48117471e-06 -2.00179044e-03 -5.68037289e-04
279              3.70755533e-02 -4.58476298e-01 1.29549903e-03 3.70682357e-02 -4.56474615e-01 1.86332502e-03 7.31760590e-06 -2.00168324e-03 -5.67825995e-04
280              3.70324869e-02 -4.58462108e-01 1.29286851e-03 3.70247827e-02 -4.56460319e-01 1.86148315e-03 7.70417282e-06 -2.00178914e-03 -5.68614641e-04
281              3.70053149e-02 -4.58449307e-01 1.29030858e-03 3.69978778e-02 -4.56447636e-01 1.85911849e-03 7.43714102e-06 -2.00167119e-03 -5.68809916e-04
282              3.70055376e-02 -4.58449383e-01 1.29028947e-03 3.69978778e-02 -4.56447636e-01 1.85911849e-03 7.65980642e-06 -2.00174699e-03 -5.68829027e-04
283              3.69764079e-02 -4.58436305e-01 1.28815466e-03 3.69690963e-02 -4.56434613e-01 1.85706647e-03 7.31164910e-06 -2.00169188e-03 -5.68911814e-04
284              3.69767678e-02 -4.58436347e-01 1.28837761e-03 3.69690963e-02 -4.56434613e-01 1.85706647e-03 7.67146425e-06 -2.00173379e-03 -5.68688858e-04
285              3.69499916e-02 -4.58424363e-01 1.28622146e-03 3.69424711e-02 -4.56422683e-01 1.85582747e-03 7.52051559e-06 -2.00167976e-03 -5.69606017e-04
286              3.69502772e-02 -4.58424381e-01 1.28713853e-03 3.69424711e-02 -4.56422683e-01 1.85582747e-03 7.80615184e-06 -2.00169724e-03 -5.68688940e-04
287              3.69308095e-02 -4.58413848e-01 1.28569391e-03 3.69232408e-02 -4.56412164e-01 1.85559666e-03 7.56861452e-06 -2.00168468e-03 -5.69902756e-04
288              3.69312927e-02 -4.58413860e-01 1.28632627e-03 3.69232408e-02 -4.56412164e-01 1.85559666e-03 8.05185660e-06 -2.00169637e-03 -5.69270398e-04
289              3.69148070e-02 -4.58404767e-01 1.28718306e-03 3.69068693e-02 -4.56403089e-01 1.85715525e-03 7.93771275e-06 -2.00167815e-03 -5.69972197e-04
290              3.69153115e-02 -4.58404761e-01 1.28810374e-03 3.69068693e-02 -4.56403089e-01 1.85715525e-03 8.44218888e-06 -2.00167270e-03 -5.69051518e-04
291              3.68939621e-02 -4.58397430e-01 1.28750801e-03 3.68853654e-02 -4.56395773e-01 1.85781964e-03 8.59673642e-06 -2.00165667e-03 -5.70311630e-04
292              3.68810387e-02 -4.58392794e-01 1.28732910e-03 3.68721994e-02 -4.56391103e-01 1.85841547e-03 8.83925729e-06 -2.00169058e-03 -5.71086367e-04
293              3.68806721e-02 -4.58392767e-01 1.28939542e-03 3.68721994e-02 -4.56391103e-01 1.85841547e-03 8.47266655e-06 -2.00166347e-03 -5.69020052e-04
294              3.68690488e-02 -4.58392282e-01 1.28989475e-03 3.68598773e-02 -4.56390611e-01 1.85994937e-03 9.17157711e-06 -2.00167078e-03 -5.70054612e-04
295              3.68684218e-02 -4.58392282e-01 1.28954683e-03 3.68598773e-02 -4.56390611e-01 1.85994937e-03 8.54450967e-06 -2.00167103e-03 -5.70402533e-04
296              3.68739080e-02 -4.58392468e-01 1.28768865e-03 3.68656070e-02 -4.56390768e-01 1.85803174e-03 8.30093373e-06 -2.00169991e-03 -5.70343098e-04
297              3.68731515e-02 -4.58392469e-01 1.28764812e-03 3.68656070e-02 -4.56390768e-01 1.85803174e-03 7.54441348e-06 -2.00170090e-03 -5.70383622e-04
298              3.69001750e-02 -4.58394765e-01 1.28439000e-03 3.68923593e-02 -4.56393073e-01 1.85469494e-03 7.81577754e-06 -2.00169156e-03 -5.70304938e-04
299              3.68996021e-02 -4.58394754e-01 1.28502145e-03 3.68923593e-02 -4.56393073e-01 1.85469494e-03 7.24287110e-06 -2.00168123e-03 -5.69673485e-04
300              3.69246179e-02 -4.58401835e-01 1.28306131e-03 3.69167452e-02 -4.56400156e-01 1.85378859e-03 7.87270967e-06 -2.00167850e-03 -5.70727282e-04
301              3.69242449e-02 -4.58401817e-01 1.28246010e-03 3.69167452e-02 -4.56400156e-01 1.85378859e-03 7.49972896e-06 -2.00166118e-03 -5.71328494e-04
302              3.69519665e-02 -4.58412728e-01 1.28394879e-03 3.69442508e-02 -4.56411043e-01 1.85512711e-03 7.71572396e-06 -2.00168506e-03 -5.71178315e-04
303              3.69795880e-02 -4.58420271e-01 1.28454813e-03 3.69720788e-02 -4.56418647e-01 1.85582437e-03 7.50917967e-06 -2.00162416e-03 -5.71276238e-04
304              3.69796996e-02 -4.58420292e-01 1.28406195e-03 3.69720788e-02 -4.56418647e-01 1.85582437e-03 7.62079645e-06 -2.00164471e-03 -5.71762427e-04
305              3.70121373e-02 -4.58430480e-01 1.28730183e-03 3.70046518e-02 -4.56428874e-01 1.85858842e-03 7.48554163e-06 -2.00160575e-03 -5.71286589e-04
306              3.70122579e-02 -4.58430509e-01 1.28835891e-03 3.70046518e-02 -4.56428874e-01 1.85858842e-03 7.60615479e-06 -2.00163510e-03 -5.70229515e-04
307              3.70413265e-02 -4.58441345e-01 1.29132495e-03 3.70337778e-02 -4.56439754e-01 1.86167540e-03 7.54870734e-06 -2.00159099e-03 -5.70350458e-04
308              3.70416889e-02 -4.58441379e-01 1.29167477e-03 3.70337778e-02 -4.56439754e-01 1.86167540e-03 7.91118545e-06 -2.00162526e-03 -5.70000634e-04
309              3.70691592e-02 -4.58451988e-01 1.29554202e-03 3.70616414e-02 -4.56450397e-01 1.86446674e-03 7.51780189e-06 -2.00159105e-03 -5.68924720e-04
310              3.70693095e-02 -4.58452048e-01 1.29613166e-03 3.70616414e-02 -4.56450397e-01 1.86446674e-03 7.66808894e-06 -2.00165091e-03 -5.68335078e-04
311              3.70686351e-02 -4.58452009e-01 1.29713607e-03 3.70616414e-02 -4.56450397e-01 1.86446674e-03 6.99369514e-06 -2.00161177e-03 -5.67330674e-04
312              3.71005937e-02 -4.58465330e-01 1.29948918e-03 3.70930172e-02 -4.56463602e-01 1.86826348e-03 7.57654695e-06 -2.00172760e-03 -5.68774298e-04
313              3.71005338e-02 -4.58465224e-01 1.29956470e-03 3.70930172e-02 -4.56463602e-01 1.86826348e-03 7.51659475e-06 -2.00162196e-03 -5.68698785e-04
314              3.71298295e-02 -4.58476372e-01 1.30314570e-03 3.71219317e-02 -4.56474657e-01 1.87165240e-03 7.89777094e-06 -2.00171502e-03 -5.68506692e-04
315              3.71296026e-02 -4.58476267e-01 1.30444611e-03 3.71219317e-02 -4.56474657e-01 1.87165240e-03 7.67090767e-06 -2.00161034e-03 -5.67206286e-04
316              3.71551571e-02 -4.58486487e-01 1.30830710e-03 3.71472746e-02 -4.56484755e-01 1.87554892e-03 7.88246768e-06 -2.00173177e-03 -5.67241825e-04
317              3.71549811e-02 -4.58486381e-01 1.30904882e-03 3.71472746e-02 -4.56484755e-01 1.87554892e-03 7.70648540e-06 -2.00162603e-03 -5.66500105e-04
318              3.71761804e-02 -4.58497150e-01 1.31178690e-03 3.71680415e-02 -4.56495417e-01 1.87894891e-03 8.13890602e-06 -2.00173343e-03 -5.67162009e-04
319              3.71759842e-02 -4.58497048e-01 1.31256644e-03 3.71680415e-02 -4.56495417e-01 1.87894891e-03 7.94278662e-06 -2.00163098e-03 -5.66382470e-04
320              3.71764409e-02 -4.58497169e-01 1.31055456e-03 3.71680415e-02 -4.56495417e-01 1.87894891e-03 8.39948121e-06 -2.00175201e-03 -5.68394349e-04
321              3.71971137e-02 -4.58505568e-01 1.31491826e-03 3.71891081e-02 -4.56503946e-01 1.88124943e-03 8.00555815e-06 -2.00162229e-03 -5.66331170e-04
322              3.71976155e-02 -4.58505637e-01 1.31564311e-03 3.71891081e-02 -4.56503946e-01 1.88124943e-03 8.50736964e-06 -2.00169112e-03 -5.65606321e-04
323              3.72041605e-02 -4.58513723e-01 1.31629010e-03 3.71960714e-02 -4.56512070e-01 1.88169056e-03 8.08916168e-06 -2.00165265e-03 -5.65400465e-04
324              3.72043641e-02 -4.58513798e-01 1.31511461e-03 3.71960714e-02 -4.56512070e-01 1.88169056e-03 8.29266916e-06 -2.00172782e-03 -5.66575957e-04
325              3.72157147e-02 -4.58519436e-01 1.31261692e-03 3.72079109e-02 -4.56517763e-01 1.87959231e-03 7.80375355e-06 -2.00167306e-03 -5.66975385e-04
326              3.72159182e-02 -4.58519483e-01 1.31334743e-03 3.72079109e-02 -4.56517763e-01 1.87959231e-03 8.00731977e-06 -2.00172061e-03 -5.66244875e-04
327              3.72283227e-02 -4.58523252e-01 1.31206077e-03 3.72208255e-02 -4.56521569e-01 1.87827830e-03 7.49721964e-06 -2.00168300e-03 -5.66217534e-04
328              3.72289015e-02 -4.58523290e-01 1.31150653e-03 3.72208255e-02 -4.56521569e-01 1.87827830e-03 8.07602462e-06 -2.00172080e-03 -5.66771774e-04
329              3.72357055e-02 -4.58524692e-01 1.31013232e-03 3.72278850e-02 -4.56523012e-01 1.87683264e-03 7.82049310e-06 -2.00167974e-03 -5.66700318e-04
330              3.72359386e-02 -4.58524725e-01 1.31022381e-03 3.72278850e-02 -4.56523012e-01 1.87683264e-03 8.05358898e-06 -2.00171311e-03 -5.66608830e-04
331              3.72435253e-02 -4.58524007e-01 1.30800004e-03 3.72360133e-02 -4.56522319e-01 1.87480462e-03 7.51196294e-06 -2.00168717e-03 -5.66804575e-04
332              3.72507447e-02 -4.58524016e-01 1.30688150e-03 3.72427661e-02 -4.56522283e-01 1.87371022e-03 7.97858795e-06 -2.00173380e-03 -5.66828722e-04
333              3.72504390e-02 -4.58523991e-01 1.30676585e-03 3.72427661e-02 -4.56522283e-01 1.87371022e-03 7.67287012e-06 -2.00170851e-03 -5.66944371e-04
334              3.72531149e-02 -4.58522929e-01 1.30640656e-03 3.72451947e-02 -4.56521188e-01 1.87286493e-03 7.92027561e-06 -2.00174108e-03 -5.66458371e-04
335              3.72528470e-02 -4.58522911e-01 1.30625135e-03 3.72451947e-02 -4.56521188e-01 1.87286493e-03 7.65233733e-06 -2.00172316e-03 -5.66613578e-04
336              3.72591303e-02 -4.58522219e-01 1.30538989e-03 3.72510445e-02 -4.56520457e-01 1.87246392e-03 8.08576266e-06 -2.00176132e-03 -5.67074031e-04
337              3.72588615e-02 -4.58522207e-01 1.30483106e-03 3.72510445e-02 -4.56520457e-01 1.87246392e-03 7.81692750e-06 -2.00174943e-03 -5.67632863e-04
338              3.72614444e-02 -4.58520828e-01 1.30674262e-03 3.72536507e-02 -4.56519050e-01 1.87354162e-03 7.79368732e-06 -2.00177805e-03 -5.66799001e-04
339              3.72613295e-02 -4.58520802e-01 1.30728029e-03 3.72536507e-02 -4.56519050e-01 1.87354162e-03 7.67878604e-06 -2.00175169e-03 -5.66261332e-04
340              3.72478346e-02 -4.58518711e-01 1.30879880e-03 3.72390646e-02 -4.56516976e-01 1.87421490e-03 8.77004376e-06 -2.00173523e-03 -5.65416105e-04
341              3.72475125e-02 -4.58518694e-01 1.30696516e-03 3.72390646e-02 -4.56516976e-01 1.87421490e-03 8.44787707e-06 -2.00171839e-03 -5.67249742e-04
342              3.72377419e-02 -4.58514531e-01 1.30315655e-03 3.72298070e-02 -4.56512750e-01 1.87127224e-03 7.93491587e-06 -2.00178083e-03 -5.68115681e-04
343              3.72373810e-02 -4.58514513e-01 1.30305487e-03 3.72298070e-02 -4.56512750e-01 1.87127224e-03 7.57404654e-06 -2.00176268e-03 -5.68217362e-04
344              3.72376442e-02 -4.58514513e-01 1.30529475e-03 3.72298070e-02 -4.56512750e-01 1.87127224e-03 7.83722450e-06 -2.00176301e-03 -5.65977490e-04
345              3.72318551e-02 -4.58509824e-01 1.31031326e-03 3.72242676e-02 -4.56508092e-01 1.87586363e-03 7.58748639e-06 -2.00173204e-03 -5.65550374e-04
346              3.72321714e-02 -4.58509810e-01 1.31179356e-03 3.72242676e-02 -4.56508092e-01 1.87586363e-03 7.90377354e-06 -2.00171840e-03 -5.64070072e-04
347              3.72126683e-02 -4.58504466e-01 1.30814910e-03 3.72050468e-02 -4.56502754e-01 1.87355918e-03 7.62146578e-06 -2.00171231e-03 -5.65410076e-04
348              3.72128026e-02 -4.58504475e-01 1.30683527e-03 3.72050468e-02 -4.56502754e-01 1.87355918e-03 7.75580329e-06 -2.00172167e-03 -5.66723910e-04
349              3.72004552e-02 -4.58497259e-01 1.29967816e-03 3.71930244e-02 -4.56495542e-01 1.86812880e-03 7.43085420e-06 -2.00171620e-03 -5.68450643e-04
350              3.72006704e-02 -4.58497258e-01 1.30147816e-03 3.71930244e-02 -4.56495542e-01 1.86812880e-03 7.64602015e-06 -2.00171527e-03 -5.66650647e-04
351              3.71896067e-02 -4.58489918e-01 1.29864663e-03 3.71824473e-02 -4.56488212e-01 1.86678127e-03 7.15935858e-06 -2.00170581e-03 -5.68134633e-04
352              3.71901538e-02 -4.58489918e-01 1.29840779e-03 3.71824473e-02 -4.56488212e-01 1.86678127e-03 7.70645241e-06 -2.00170582e-03 -5.68373477e-04
353              3.71764920e-02 -4.58483504e-01 1.29668430e-03 3.71690647e-02 -4.56481824e-01 1.86504574e-03 7.42723087e-06 -2.00167972e-03 -5.68361435e-04
354              3.71764920e-02 -4.58483536e-01 1.29762776e-03 3.71690647e-02 -4.56481824e-01 1.86504574e-03 7.42724004e-06 -2.00171235e-03 -5.67417979e-04
355              3.71654606e-02 -4.58477622e-01 1.29464298e-03 3.71586678e-02 -4.56475922e-01 1.86265632e-03 6.79279625e-06 -2.00170009e-03 -5.68013338e-04
356              3.71622101e-02 -4.58472093e-01 1.29239943e-03 3.71548228e-02 -4.56470371e-01 1.86027332e-03 7.38730702e-06 -2.00172195e-03 -5.67873885e-04
357              3.71619238e-02 -4.58472069e-01 1.29160606e-03 3.71548228e-02 -4.56470371e-01 1.86027332e-03 7.10099667e-06 -2.00169789e-03 -5.68667260e-04
358              3.71575946e-02 -4.58467515e-01 1.29198724e-03 3.71500715e-02 -4.56465771e-01 1.85980994e-03 7.52315041e-06 -2.00174372e-03 -5.67822693e-04
359              3.71573749e-02 -4.58467484e-01 1.29159820e-03 3.71500715e-02 -4.56465771e-01 1.85980994e-03 7.30347742e-06 -2.00171289e-03 -5.68211738e-04
360              3.71504038e-02 -4.58464078e-01 1.29259340e-03 3.71427936e-02 -4.56462318e-01 1.86028839e-03 7.61025358e-06 -2.00176015e-03 -5.67694985e-04
361              3.71502007e-02 -4.58464021e-01 1.29199752e-03 3.71427936e-02 -4.56462318e-01 1.86028839e-03 7.40713193e-06 -2.00170384e-03 -5.68290869e-04
362              3.71450287e-02 -4.58459931e-01 1.29312103e-03 3.71375915e-02 -4.56458168e-01 1.85994288e-03 7.43725385e-06 -2.00176249e-03 -5.66821848e-04
363              3.71446898e-02 -4.58459881e-01 1.29252574e-03 3.71375915e-02 -4.56458168e-01 1.85994288e-03 7.09834745e-06 -2.00171305e-03 -5.67417140e-04
364              3.71448860e-02 -4.58459936e-01 1.29306733e-03 3.71375915e-02 -4.56458168e-01 1.85994288e-03 7.29454969e-06 -2.00176749e-03 -5.66875550e-04
365              3.71432565e-02 -4.58455278e-01 1.29185863e-03 3.71359758e-02 -4.56453568e-01 1.86013580e-03 7.28073265e-06 -2.00170957e-03 -5.68277169e-04
366              3.71435833e-02 -4.58455297e-01 1.29297568e-03 3.71359758e-02 -4.56453568e-01 1.86013580e-03 7.60750853e-06 -2.00172858e-03 -5.67160115e-04
367              3.71400852e-02 -4.58451914e-01 1.29253178e-03 3.71328448e-02 -4.56450224e-01 1.86085732e-03 7.24032197e-06 -2.00169062e-03 -5.68325545e-04
368              3.71403251e-02 -4.58451968e-01 1.29346253e-03 3.71328448e-02 -4.56450224e-01 1.86085732e-03 7.48025124e-06 -2.00174482e-03 -5.67394796e-04
369              3.71399852e-02 -4.58450204e-01 1.29371858e-03 3.71329161e-02 -4.56448481e-01 1.86190191e-03 7.06912895e-06 -2.00172288e-03 -5.68183332e-04
370              3.71402175e-02 -4.58450257e-01 1.29505681e-03 3.71329161e-02 -4.56448481e-01 1.86190191e-03 7.30147595e-06 -2.00177591e-03 -5.66845097e-04
371              3.71400405e-02 -4.58450257e-01 1.29265728e-03 3.71329161e-02 -4.56448481e-01 1.86190191e-03 7.12448956e-06 -2.00177612e-03 -5.69244633e-04
372              3.71443258e-02 -4.58447488e-01 1.29591303e-03 3.71367860e-02 -4.56445723e-01 1.86254422e-03 7.53985398e-06 -2.00176518e-03 -5.66631190e-04
373              3.71441868e-02 -4.58447439e-01 1.29534726e-03 3.71367860e-02 -4.56445723e-01 1.86254422e-03 7.40084129e-06 -2.00171560e-03 -5.67196956e-04
374              3.71393133e-02 -4.58446288e-01 1.29595989e-03 3.71316044e-02 -4.56444509e-01 1.86225213e-03 7.70887765e-06 -2.00177933e-03 -5.66292243e-04
375              3.71387181e-02 -4.58446271e-01 1.29402876e-03 3.71316044e-02 -4.56444509e-01 1.86225213e-03 7.11371754e-06 -2.00176249e-03 -5.68223371e-04
376              3.71462670e-02 -4.58444613e-01 1.29331861e-03 3.71392019e-02 -4.56442813e-01 1.86052714e-03 7.06505005e-06 -2.00179993e-03 -5.67208526e-04
377              3.71460658e-02 -4.58444569e-01 1.29268919e-03 3.71392019e-02 -4.56442813e-01 1.86052714e-03 6.86383905e-06 -2.00175651e-03 -5.67837951e-04
378              3.71564017e-02 -4.58443255e-01 1.29332880e-03 3.71493696e-02 -4.56441477e-01 1.85987190e-03 7.03208014e-06 -2.00177780e-03 -5.66543105e-04
379              3.71563647e-02 -4.58443217e-01 1.29200180e-03 3.71493696e-02 -4.56441477e-01 1.85987190e-03 6.99511909e-06 -2.00173989e-03 -5.67870097e-04
380              3.71567332e-02 -4.58443237e-01 1.29295790e-03 3.71493696e-02 -4.56441477e-01 1.85987190e-03 7.36354078e-06 -2.00175910e-03 -5.66913998e-04
381              3.71611387e-02 -4.58444365e-01 1.29285503e-03 3.71540614e-02 -4.56442634e-01 1.86098434e-03 7.07723938e-06 -2.00173186e-03 -5.68129304e-04
382              3.71614573e-02 -4.58444398e-01 1.29321359e-03 3.71540614e-02 -4.56442634e-01 1.86098434e-03 7.39590014e-06 -2.00176476e-03 -5.67770750e-04
383              3.71707705e-02 -4.58445134e-01 1.29395187e-03 3.71637269e-02 -4.56443389e-01 1.86236775e-03 7.04367768e-06 -2.00174439e-03 -5.68415880e-04
384              3.71710749e-02 -4.58445159e-01 1.29458602e-03 3.71637269e-02 -4.56443389e-01 1.86236775e-03 7.34800866e-06 -2.00176925e-03 -5.67781730e-04
385              3.71814210e-02 -4.58446225e-01 1.29556565e-03 3.71743677e-02 -4.56444485e-01 1.86383129e-03 7.05330139e-06 -2.00173980e-03 -5.68265638e-04
386              3.71817975e-02 -4.58446250e-01 1.29639363e-03 3.71743677e-02 -4.56444485e-01 1.86383129e-03 7.42980263e-06 -2.00176481e-03 -5.67437658e-04
387              3.71883619e-02 -4.58449372e-01 1.29749858e-03 3.71812451e-02 -4.56447615e-01 1.86557348e-03 7.11684119e-06 -2.00175774e-03 -5.68074898e-04
388              3.71886420e-02 -4.58449402e-01 1.29776925e-03 3.71812451e-02 -4.56447615e-01 1.86557348e-03 7.39687158e-06 -2.00178773e-03 -5.67804227e-04
389              3.71936141e-02 -4.58452705e-01 1.30002489e-03 3.71868027e-02 -4.56450918e-01 1.86805489e-03 6.81142862e-06 -2.00178705e-03 -5.68029999e-04
390              3.71939528e-02 -4.58452720e-01 1.30085185e-03 3.71868027e-02 -4.56450918e-01 1.86805489e-03 7.15011990e-06 -2.00180190e-03 -5.67203041e-04
391              3.71989659e-02 -4.58456738e-01 1.30263746e-03 3.71922199e-02 -4.56454942e-01 1.87080563e-03 6.74597797e-06 -2.00179593e-03 -5.68168171e-04
392              3.72042965e-02 -4.58458379e-01 1.30465732e-03 3.71970457e-02 -4.56456565e-01 1.87243464e-03 7.25080865e-06 -2.00181421e-03 -5.67777321e-04
393              3.72040023e-02 -4.58458366e-01 1.30356803e-03 3.71970457e-02 -4.56456565e-01 1.87243464e-03 6.95656134e-06 -2.00180134e-03 -5.68866614e-04
394              3.72105975e-02 -4.58461650e-01 1.30701024e-03 3.72037102e-02 -4.56459808e-01 1.87441088e-03 6.88725230e-06 -2.00184178e-03 -5.67400646e-04
395              3.72106031e-02 -4.58461630e-01 1.30602815e-03 3.72037102e-02 -4.56459808e-01 1.87441088e-03 6.89284300e-06 -2.00182148e-03 -5.68382734e-04
396              3.72170237e-02 -4.58466391e-01 1.30929042e-03 3.72099224e-02 -4.56464540e-01 1.87663045e-03 7.10127842e-06 -2.00185167e-03 -5.67340030e-04
397              3.72169634e-02 -4.58466354e-01 1.30843345e-03 3.72099224e-02 -4.56464540e-01 1.87663045e-03 7.04101161e-06 -2.00181459e-03 -5.68197002e-04
398              3.72210495e-02 -4.58470879e-01 1.31026809e-03 3.72138247e-02 -4.56469023e-01 1.87783017e-03 7.22476430e-06 -2.00185630e-03 -5.67562072e-04
399              3.72207933e-02 -4.58470845e-01 1.30906861e-03 3.72138247e-02 -4.56469023e-01 1.87783017e-03 6.96857215e-06 -2.00182195e-03 -5.68761559e-04
400              3.72207731e-02 -4.58470872e-01 1.31039938e-03 3.72138247e-02 -4.56469023e-01 1.87783017e-03 6.94843360e-06 -2.00184878e-03 -5.67430784e-04
401              3.72204792e-02 -4.58470858e-01 1.30879638e-03 3.72138247e-02 -4.56469023e-01 1.87783017e-03 6.65452363e-06 -2.00183506e-03 -5.69033790e-04
402              3.72207081e-02 -4.58470857e-01 1.31154748e-03 3.72138247e-02 -4.56469023e-01 1.87783017e-03 6.88341819e-06 -2.00183415e-03 -5.66282681e-04
403              3.72207783e-02 -4.58470849e-01 1.30819166e-03 3.72138247e-02 -4.56469023e-01 1.87783017e-03 6.95361713e-06 -2.00182626e-03 -5.69638503e-04
404              3.72213144e-02 -4.58470817e-01 1.30928821e-03 3.72138247e-02 -4.56469023e-01 1.87783017e-03 7.48972159e-06 -2.00179400e-03 -5.68541952e-04
405              3.72206445e-02 -4.58470888e-01 1.30713214e-03 3.72138247e-02 -4.56469023e-01 1.87783017e-03 6.81979964e-06 -2.00186448e-03 -5.70698028e-04
406              3.72212031e-02 -4.58470850e-01 1.30884098e-03 3.72138247e-02 -4.56469023e-01 1.87783017e-03 7.37842210e-06 -2.00182710e-03 -5.68989183e-04
407              3.72206319e-02 -4.58470906e-01 1.30709478e-03 3.72138247e-02 -4.56469023e-01 1.87783017e-03 6.80718907e-06 -2.00188284e-03 -5.70735381e-04
408              3.72209202e-02 -4.58470941e-01 1.30836803e-03 3.72138247e-02 -4.56469023e-01 1.87783017e-03 7.09554018e-06 -2.00191824e-03 -5.69462140e-04
409              3.72322257e-02 -4.58476003e-01 1.30751904e-03 3.72256675e-02 -4.56474121e-01 1.87855602e-03 6.55821203e-06 -2.00188202e-03 -5.71036971e-04
410              3.72324925e-02 -4.58476076e-01 1.30930743e-03 3.72256675e-02 -4.56474121e-01 1.87855602e-03 6.82498335e-06 -2.00195467e-03 -5.69248590e-04
411              3.72365761e-02 -4.58482549e-01 1.30900165e-03 3.72299775e-02 -4.56480627e-01 1.87997747e-03 6.59856989e-06 -2.00192204e-03 -5.70975816e-04
412              3.72370144e-02 -4.58482563e-01 1.31060044e-03 3.72299775e-02 -4.56480627e-01 1.87997747e-03 7.03690436e-06 -2.00193603e-03 -5.69377026e-04
413              3.72350037e-02 -4.58488681e-01 1.31290841e-03 3.72284347e-02 -4.56486777e-01 1.88305441e-03 6.56895128e-06 -2.00190439e-03 -5.70146008e-04
414              3.72355379e-02 -4.58488675e-01 1.31467236e-03 3.72284347e-02 -4.56486777e-01 1.88305441e-03 7.10310277e-06 -2.00189781e-03 -5.68382058e-04
415              3.72351840e-02 -4.58488666e-01 1.31276513e-03 3.72284347e-02 -4.56486777e-01 1.88305441e-03 6.74926797e-06 -2.00188884e-03 -5.70289288e-04
416              3.72436976e-02 -4.58490951e-01 1.31680206e-03 3.72367412e-02 -4.56489041e-01 1.88484332e-03 6.95635191e-06 -2.00191043e-03 -5.68041264e-04
417              3.72435566e-02 -4.58490899e-01 1.31535773e-03 3.72367412e-02 -4.56489041e-01 1.88484332e-03 6.81533767e-06 -2.00185823e-03 -5.69485594e-04
418              3.72462956e-02 -4.58493375e-01 1.31806086e-03 3.72393277e-02 -4.56491443e-01 1.88590755e-03 6.96784712e-06 -2.00193204e-03 -5.67846691e-04
419              3.72462131e-02 -4.58493334e-01 1.31682344e-03 3.72393277e-02 -4.56491443e-01 1.88590755e-03 6.88533868e-06 -2.00189029e-03 -5.69084106e-04
420              3.72473456e-02 -4.58494727e-01 1.31889442e-03 3.72402507e-02 -4.56492799e-01 1.88678310e-03 7.09497427e-06 -2.00192706e-03 -5.67888681e-04
421              3.72472995e-02 -4.58494670e-01 1.31736948e-03 3.72402507e-02 -4.56492799e-01 1.88678310e-03 7.04880026e-06 -2.00187103e-03 -5.69413619e-04
422              3.72498629e-02 -4.58494051e-01 1.31849266e-03 3.72427030e-02 -4.56492135e-01 1.88667209e-03 7.15988730e-06 -2.00191540e-03 -5.68179433e-04
423              3.72496058e-02 -4.58494003e-01 1.31704360e-03 3.72427030e-02 -4.56492135e-01 1.88667209e-03 6.90282894e-06 -2.00186778e-03 -5.69628489e-04
424              3.72497555e-02 -4.58494020e-01 1.31857462e-03 3.72427030e-02 -4.56492135e-01 1.88667209e-03 7.05253166e-06 -2.00188440e-03 -5.68097474e-04
425              3.72578231e-02 -4.58492856e-01 1.31704715e-03 3.72508850e-02 -4.56491014e-01 1.88699033e-03 6.93817517e-06 -2.00184193e-03 -5.69943175e-04
426              3.72580668e-02 -4.58492887e-01 1.31803431e-03 3.72508850e-02 -4.56491014e-01 1.88699033e-03 7.18182635e-06 -2.00187236e-03 -5.68956020e-04
427              3.72633314e-02 -4.58491733e-01 1.31766019e-03 3.72565952e-02 -4.56489898e-01 1.88730340e-03 6.73614637e-06 -2.00183456e-03 -5.69643213e-04
428              3.72637745e-02 -4.58491764e-01 1.31826410e-03 3.72565952e-02 -4.56489898e-01 1.88730340e-03 7.17929605e-06 -2.00186568e-03 -5.69039309e-04
429              3.72646329e-02 -4.58490811e-01 1.31787196e-03 3.72577357e-02 -4.56488981e-01 1.88752778e-03 6.89719117e-06 -2.00183074e-03 -5.69655819e-04
430              3.72649380e-02 -4.58490849e-01 1.31875520e-03 3.72577357e-02 -4.56488981e-01 1.88752778e-03 7.20227584e-06 -2.00186797e-03 -5.68772579e-04
431              3.72610531e-02 -4.58490558e-01 1.31780048e-03 3.72541447e-02 -4.56488725e-01 1.88750995e-03 6.90838116e-06 -2.00183356e-03 -5.69709467e-04
432              3.72613129e-02 -4.58490601e-01 1.31834439e-03 3.72541447e-02 -4.56488725e-01 1.88750995e-03 7.16822130e-06 -2.00187652e-03 -5.69165562e-04
433              3.72610033e-02 -4.58490578e-01 1.31718298e-03 3.72541447e-02 -4.56488725e-01 1.88750995e-03 6.85860001e-06 -2.00185316e-03 -5.70326971e-04
434              3.72614235e-02 -4.58488411e-01 1.31716083e-03 3.72540525e-02 -4.56486541e-01 1.88650667e-03 7.37105972e-06 -2.00187069e-03 -5.69345835e-04
435              3.72609296e-02 -4.58488379e-01 1.31615804e-03 3.72540525e-02 -4.56486541e-01 1.88650667e-03 6.87709065e-06 -2.00183857e-03 -5.70348627e-04
436              3.72590113e-02 -4.58487533e-01 1.31738714e-03 3.72521745e-02 -4.56485644e-01 1.88609115e-03 6.83686575e-06 -2.00188918e-03 -5.68704009e-04
437              3.72589672e-02 -4.58487482e-01 1.31665464e-03 3.72521745e-02 -4.56485644e-01 1.88609115e-03 6.79269492e-06 -2.00183827e-03 -5.69436507e-04
438              3.72564441e-02 -4.58485240e-01 1.31875479e-03 3.72493001e-02 -4.56483395e-01 1.88603581e-03 7.14397679e-06 -2.00184462e-03 -5.67281013e-04
439              3.72563063e-02 -4.58485188e-01 1.31752949e-03 3.72493001e-02 -4.56483395e-01 1.88603581e-03 7.00618585e-06 -2.00179233e-03 -5.68506319e-04
440              3.72479696e-02 -4.58482637e-01 1.31548156e-03 3.72404117e-02 -4.56480803e-01 1.88407523e-03 7.55788569e-06 -2.00183440e-03 -5.68593668e-04
441              3.72474337e-02 -4.58482591e-01 1.31421994e-03 3.72404117e-02 -4.56480803e-01 1.88407523e-03 7.02204056e-06 -2.00178811e-03 -5.69855294e-04
442              3.72503964e-02 -4.58478856e-01 1.31430907e-03 3.72434324e-02 -4.56477043e-01 1.88205915e-03 6.96399669e-06 -2.00181280e-03 -5.67750077e-04
443              3.72503875e-02 -4.58478793e-01 1.31308910e-03 3.72434324e-02 -4.56477043e-01 1.88205915e-03 6.95516925e-06 -2.00175046e-03 -5.68970047e-04
444              3.72490446e-02 -4.58475957e-01 1.31280447e-03 3.72417659e-02 -4.56474175e-01 1.88032312e-03 7.27864841e-06 -2.00178202e-03 -5.67518655e-04
445              3.72498616e-02 -4.58473923e-01 1.31025344e-03 3.72426995e-02 -4.56472209e-01 1.87949282e-03 7.16210617e-06 -2.00171332e-03 -5.69239384e-04
446              3.72501012e-02 -4.58473953e-01 1.31085289e-03 3.72426995e-02 -4.56472209e-01 1.87949282e-03 7.40173011e-06 -2.00174340e-03 -5.68639935e-04
447              3.72388339e-02 -4.58472915e-01 1.31018194e-03 3.72318995e-02 -4.56471208e-01 1.87909472e-03 6.93442698e-06 -2.00170645e-03 -5.68912779e-04
448              3.72393042e-02 -4.58472955e-01 1.30977347e-03 3.72318995e-02 -4.56471208e-01 1.87909472e-03 7.40470912e-06 -2.00174661e-03 -5.69321245e-04
449              3.72286440e-02 -4.58470382e-01 1.30920784e-03 3.72215674e-02 -4.56468689e-01 1.87810690e-03 7.07661250e-06 -2.00169343e-03 -5.68899064e-04
450              3.72290305e-02 -4.58470420e-01 1.30896399e-03 3.72215674e-02 -4.56468689e-01 1.87810690e-03 7.46311672e-06 -2.00173182e-03 -5.69142914e-04
451              3.72167856e-02 -4.58467827e-01 1.30665779e-03 3.72095795e-02 -4.56466129e-01 1.87618219e-03 7.20609520e-06 -2.00169781e-03 -5.69524401e-04
452              3.72171098e-02 -4.58467866e-01 1.30571882e-03 3.72095795e-02 -4.56466129e-01 1.87618219e-03 7.53029869e-06 -2.00173746e-03 -5.70463371e-04
453              3.72163938e-02 -4.58467861e-01 1.30728455e-03 3.72095795e-02 -4.56466129e-01 1.87618219e-03 6.81426153e-06 -2.00173180e-03 -5.68897639e-04
454              3.72167445e-02 -4.58467954e-01 1.30495765e-03 3.72095795e-02 -4.56466129e-01 1.87618219e-03 7.16502730e-06 -2.00182474e-03 -5.71224534e-04
455              3.72166846e-02 -4.58467808e-01 1.30637026e-03 3.72095795e-02 -4.56466129e-01 1.87618219e-03 7.10513466e-06 -2.00167943e-03 -5.69811933e-04
456              3.72169506e-02 -4.58467940e-01 1.30446731e-03 3.72095795e-02 -4.56466129e-01 1.87618219e-03 7.37113140e-06 -2.00181078e-03 -5.71714878e-04
457              3.72169920e-02 -4.58467816e-01 1.30520574e-03 3.72095795e-02 -4.56466129e-01 1.87618219e-03 7.41248002e-06 -2.00168681e-03 -5.70976445e-04
458              3.72169573e-02 -4.58467948e-01 1.30423116e-03 3.72095795e-02 -4.56466129e-01 1.87618219e-03 7.37783325e-06 -2.00181915e-03 -5.71951029e-04
459              3.72169218e-02 -4.58467826e-01 1.30485999e-03 3.72095795e-02 -4.56466129e-01 1.87618219e-03 7.34226069e-06 -2.00169684e-03 -5.71322196e-04
460              3.72168938e-02 -4.58467952e-01 1.30309849e-03 3.72095795e-02 -4.56466129e-01 1.87618219e-03 7.31432593e-06 -2.00182292e-03 -5.73083693e-04
461              3.72166933e-02 -4.58467865e-01 1.30393408e-03 3.72095795e-02 -4.56466129e-01 1.87618219e-03 7.11374473e-06 -2.00173576e-03 -5.72248113e-04
462              3.72140499e-02 -4.58464530e-01 1.30100465e-03 3.72065667e-02 -4.56462788e-01 1.87354905e-03 7.48320154e-06 -2.00174151e-03 -5.72544402e-04
463              3.72137482e-02 -4.58464515e-01 1.30156230e-03 3.72065667e-02 -4.56462788e-01 1.87354905e-03 7.18145061e-06 -2.00172685e-03 -5.71986756e-04
464              3.72073763e-02 -4.58463051e-01 1.30067033e-03 3.71999412e-02 -4.56461258e-01 1.87312165e-03 7.43509817e-06 -2.00179236e-03 -5.72451319e-04
465              3.72070477e-02 -4.58463003e-01 1.30160849e-03 3.71999412e-02 -4.56461258e-01 1.87312165e-03 7.10650596e-06 -2.00174432e-03 -5.71513159e-04
466              3.71981994e-02 -4.58462540e-01 1.30280758e-03 3.71911683e-02 -4.56460757e-01 1.87408346e-03 7.03108274e-06 -2.00178293e-03 -5.71275875e-04
467              3.71980723e-02 -4.58462486e-01 1.30333410e-03 3.71911683e-02 -4.56460757e-01 1.87408346e-03 6.90395796e-06 -2.00172940e-03 -5.70749354e-04
468              3.71983083e-02 -4.58462540e-01 1.30235400e-03 3.71911683e-02 -4.56460757e-01 1.87408346e-03 7.14001639e-06 -2.00178356e-03 -5.71729463e-04
469              3.71868088e-02 -4.58460934e-01 1.30270982e-03 3.71798031e-02 -4.56459225e-01 1.87352831e-03 7.00563789e-06 -2.00170872e-03 -5.70818490e-04
470              3.71873608e-02 -4.58460928e-01 1.30162333e-03 3.71798031e-02 -4.56459225e-01 1.87352831e-03 7.55769497e-06 -2.00170238e-03 -5.71904983e-04
471              3.71805918e-02 -4.58459697e-01 1.30173232e-03 3.71736364e-02 -4.56458005e-01 1.87281341e-03 6.95542901e-06 -2.00169156e-03 -5.71081083e-04
472              3.71812238e-02 -4.58459702e-01 1.30083231e-03 3.71736364e-02 -4.56458005e-01 1.87281341e-03 7.58739063e-06 -2.00169670e-03 -5.71981094e-04
473              3.71760979e-02 -4.58458433e-01 1.30137372e-03 3.71689716e-02 -4.56456762e-01 1.87218771e-03 7.12637630e-06 -2.00167114e-03 -5.70813993e-04
474              3.71766236e-02 -4.58458452e-01 1.30070768e-03 3.71689716e-02 -4.56456762e-01 1.87218771e-03 7.65203934e-06 -2.00169006e-03 -5.71480029e-04
475              3.71762967e-02 -4.58458431e-01 1.30183963e-03 3.71689716e-02 -4.56456762e-01 1.87218771e-03 7.32516591e-06 -2.00166908e-03 -5.70348082e-04
476              3.71766845e-02 -4.58458531e-01 1.30019867e-03 3.71689716e-02 -4.56456762e-01 1.87218771e-03 7.71290743e-06 -2.00176877e-03 -5.71989044e-04
477              3.71762821e-02 -4.58458461e-01 1.30128280e-03 3.71689716e-02 -4.56456762e-01 1.87218771e-03 7.31055494e-06 -2.00169862e-03 -5.70904918e-04
478              3.71764714e-02 -4.58458565e-01 1.30081206e-03 3.71689716e-02 -4.56456762e-01 1.87218771e-03 7.49980071e-06 -2.00180261e-03 -5.71375651e-04
479              3.71764159e-02 -4.58458421e-01 1.30194638e-03 3.71689716e-02 -4.56456762e-01 1.87218771e-03 7.44433876e-06 -2.00165857e-03 -5.70241330e-04
480              3.71764163e-02 -4.58458603e-01 1.30136810e-03 3.71689716e-02 -4.56456762e-01 1.87218771e-03 7.44472927e-06 -2.00184058e-03 -5.70819613e-04
481              3.71764315e-02 -4.58458416e-01 1.30196058e-03 3.71689716e-02 -4.56456762e-01 1.87218771e-03 7.45993132e-06 -2.00165376e-03 -5.70227131e-04
482              3.71667801e-02 -4.58462547e-01 1.30175906e-03 3.71593923e-02 -4.56460719e-01 1.87157190e-03 7.38782961e-06 -2.00182837e-03 -5.69812837e-04
483              3.71665977e-02 -4.58462461e-01 1.30135995e-03 3.71593923e-02 -4.56460719e-01 1.87157190e-03 7.20544279e-06 -2.00174266e-03 -5.70211950e-04
484              3.71621660e-02 -4.58463753e-01 1.30077829e-03 3.71547568e-02 -4.56461900e-01 1.87151252e-03 7.40919897e-06 -2.00185263e-03 -5.70734231e-04
485              3.71620663e-02 -4.58463643e-01 1.30145881e-03 3.71547568e-02 -4.56461900e-01 1.87151252e-03 7.30951504e-06 -2.00174288e-03 -5.70053708e-04
486              3.71509136e-02 -4.58464596e-01 1.30130305e-03 3.71434579e-02 -4.56462741e-01 1.87190321e-03 7.45566639e-06 -2.00185506e-03 -5.70600160e-04
487              3.71506653e-02 -4.58464508e-01 1.30097734e-03 3.71434579e-02 -4.56462741e-01 1.87190321e-03 7.20736234e-06 -2.00176649e-03 -5.70925867e-04
488              3.71507588e-02 -4.58464591e-01 1.30023280e-03 3.71434579e-02 -4.56462741e-01 1.87190321e-03 7.30087726e-06 -2.00184960e-03 -5.71670404e-04
489              3.71524711e-02 -4.58461829e-01 1.30060721e-03 3.71455395e-02 -4.56460043e-01 1.87108989e-03 6.93159146e-06 -2.00178595e-03 -5.70482680e-04
490              3.71529198e-02 -4.58461864e-01 1.30031555e-03 3.71455395e-02 -4.56460043e-01 1.87108989e-03 7.38024715e-06 -2.00182129e-03 -5.70774335e-04
491              3.71527742e-02 -4.58460923e-01 1.29968502e-03 3.71454876e-02 -4.56459128e-01 1.87068983e-03 7.28653117e-06 -2.00179468e-03 -5.71004808e-04
492              3.71532157e-02 -4.58460972e-01 1.29919484e-03 3.71454876e-02 -4.56459128e-01 1.87068983e-03 7.72801183e-06 -2.00184422e-03 -5.71494995e-04
493              3.71512666e-02 -4.58461224e-01 1.29897596e-03 3.71436527e-02 -4.56459400e-01 1.87116831e-03 7.61392451e-06 -2.00182413e-03 -5.72192348e-04
494              3.71516164e-02 -4.58461246e-01 1.29931864e-03 3.71436527e-02 -4.56459400e-01 1.87116831e-03 7.96368025e-06 -2.00184631e-03 -5.71849670e-04
495              3.71503548e-02 -4.58461206e-01 1.29939706e-03 3.71426470e-02 -4.56459367e-01 1.87153617e-03 7.70779081e-06 -2.00183878e-03 -5.72139116e-04
496              3.71508036e-02 -4.58461227e-01 1.29956006e-03 3.71426470e-02 -4.56459367e-01 1.87153617e-03 8.15652594e-06 -2.00186038e-03 -5.71976118e-04
497              3.71504036e-02 -4.58461209e-01 1.29981649e-03 3.71426470e-02 -4.56459367e-01 1.87153617e-03 7.75659810e-06 -2.00184210e-03 -5.71719682e-04
498              3.71508840e-02 -4.58461537e-01 1.30268402e-03 3.71432016e-02 -4.56459642e-01 1.87273706e-03 7.68244071e-06 -2.00189533e-03 -5.70053045e-04
499              3.71508760e-02 -4.58461484e-01 1.30364610e-03 3.71432016e-02 -4.56459642e-01 1.87273706e-03 7.67446495e-06 -2.00184168e-03 -5.69090966e-04
500              3.71477891e-02 -4.58461099e-01 1.30071940e-03 3.71394980e-02 -4.56459240e-01 1.87124551e-03 8.29111298e-06 -2.00185959e-03 -5.70526110e-04
501              3.71473411e-02 -4.58461081e-01 1.29967351e-03 3.71394980e-02 -4.56459240e-01 1.87124551e-03 7.84307147e-06 -2.00184160e-03 -5.71572008e-04
502              3.71558702e-02 -4.58460055e-01 1.29740412e-03 3.71482747e-02 -4.56458185e-01 1.86872490e-03 7.59552182e-06 -2.00186926e-03 -5.71320779e-04
503              3.71555577e-02 -4.58460055e-01 1.29777573e-03 3.71482747e-02 -4.56458185e-01 1.86872490e-03 7.28302753e-06 -2.00186945e-03 -5.70949166e-04
504              3.71671307e-02 -4.58460443e-01 1.29759895e-03 3.71598444e-02 -4.56458584e-01 1.86813030e-03 7.28627076e-06 -2.00185908e-03 -5.70531348e-04
505              3.71669829e-02 -4.58460439e-01 1.29697818e-03 3.71598444e-02 -4.56458584e-01 1.86813030e-03 7.13849760e-06 -2.00185502e-03 -5.71152117e-04
506              3.71674183e-02 -4.58460410e-01 1.29677740e-03 3.71598444e-02 -4.56458584e-01 1.86813030e-03 7.57389912e-06 -2.00182613e-03 -5.71352899e-04
507              3.71771009e-02 -4.58459977e-01 1.29409543e-03 3.71695766e-02 -4.56458185e-01 1.86520723e-03 7.52421421e-06 -2.00179219e-03 -5.71111795e-04
508              3.71771931e-02 -4.58459975e-01 1.29297867e-03 3.71695766e-02 -4.56458185e-01 1.86520723e-03 7.61644672e-06 -2.00178992e-03 -5.72228559e-04
509              3.71876919e-02 -4.58460520e-01 1.29221203e-03 3.71804762e-02 -4.56458761e-01 1.86337819e-03 7.21567847e-06 -2.00175973e-03 -5.71166157e-04
510              3.71880119e-02 -4.58460508e-01 1.29255252e-03 3.71804762e-02 -4.56458761e-01 1.86337819e-03 7.53567711e-06 -2.00174751e-03 -5.70825671e-04
511              3.72043360e-02 -4.58461017e-01 1.29309578e-03 3.71970364e-02 -4.56459297e-01 1.86324693e-03 7.29960141e-06 -2.00171940e-03 -5.70151155e-04
512              3.72047405e-02 -4.58461020e-01 1.29260117e-03 3.71970364e-02 -4.56459297e-01 1.86324693e-03 7.70409222e-06 -2.00172220e-03 -5.70645762e-04
513              3.72169910e-02 -4.58461613e-01 1.29345780e-03 3.72094936e-02 -4.56459912e-01 1.86270251e-03 7.49745317e-06 -2.00170157e-03 -5.69244713e-04
514              3.72171493e-02 -4.58461626e-01 1.29358615e-03 3.72094936e-02 -4.56459912e-01 1.86270251e-03 7.65575718e-06 -2.00171489e-03 -5.69116361e-04
515              3.72165754e-02 -4.58461627e-01 1.29489230e-03 3.72094936e-02 -4.56459912e-01 1.86270251e-03 7.08186962e-06 -2.00171563e-03 -5.67810213e-04
516              3.72287935e-02 -4.58465878e-01 1.29543999e-03 3.72211003e-02 -4.56464151e-01 1.86471246e-03 7.69322497e-06 -2.00172747e-03 -5.69272469e-04
517              3.72285630e-02 -4.58465877e-01 1.29595391e-03 3.72211003e-02 -4.56464151e-01 1.86471246e-03 7.46276232e-06 -2.00172620e-03 -5.68758550e-04
518              3.72367706e-02 -4.58470537e-01 1.29910635e-03 3.72290324e-02 -4.56468802e-01 1.86733265e-03 7.73816546e-06 -2.00173546e-03 -5.68226302e-04
519              3.72365445e-02 -4.58470499e-01 1.29979274e-03 3.72290324e-02 -4.56468802e-01 1.86733265e-03 7.51213674e-06 -2.00169753e-03 -5.67539910e-04
520              3.72449381e-02 -4.58474375e-01 1.30239273e-03 3.72370999e-02 -4.56472666e-01 1.86961313e-03 7.83820672e-06 -2.00170893e-03 -5.67220393e-04
521              3.72446960e-02 -4.58474341e-01 1.30279459e-03 3.72370999e-02 -4.56472666e-01 1.86961313e-03 7.59603589e-06 -2.00167537e-03 -5.66818537e-04
522              3.72510416e-02 -4.58479139e-01 1.30357298e-03 3.72430219e-02 -4.56477440e-01 1.87074535e-03 8.01965637e-06 -2.00169890e-03 -5.67172369e-04
523              3.72506257e-02 -4.58479109e-01 1.30351561e-03 3.72430219e-02 -4.56477440e-01 1.87074535e-03 7.60382635e-06 -2.00166867e-03 -5.67229740e-04
524              3.72507502e-02 -4.58479170e-01 1.30312208e-03 3.72430219e-02 -4.56477440e-01 1.87074535e-03 7.72825386e-06 -2.00173025e-03 -5.67623274e-04
525              3.72651393e-02 -4.58482070e-01 1.30479630e-03 3.72575553e-02 -4.56480426e-01 1.87151160e-03 7.58397830e-06 -2.00164308e-03 -5.66715295e-04
526              3.72655733e-02 -4.58482117e-01 1.30441665e-03 3.72575553e-02 -4.56480426e-01 1.87151160e-03 8.01796015e-06 -2.00169009e-03 -5.67094950e-04
527              3.72663308e-02 -4.58485666e-01 1.30587822e-03 3.72585754e-02 -4.56484009e-01 1.87258382e-03 7.75538102e-06 -2.00165684e-03 -5.66705602e-04
528              3.72667045e-02 -4.58485724e-01 1.30505588e-03 3.72585754e-02 -4.56484009e-01 1.87258382e-03 8.12904197e-06 -2.00171481e-03 -5.67527942e-04
529              3.72664972e-02 -4.58488012e-01 1.30634388e-03 3.72586117e-02 -4.56486352e-01 1.87365497e-03 7.88552190e-06 -2.00165920e-03 -5.67311084e-04
530              3.72668014e-02 -4.58488060e-01 1.30605513e-03 3.72586117e-02 -4.56486352e-01 1.87365497e-03 8.18972038e-06 -2.00170709e-03 -5.67599832e-04
531              3.72636083e-02 -4.58489831e-01 1.30655438e-03 3.72555837e-02 -4.56488169e-01 1.87429180e-03 8.02455696e-06 -2.00166167e-03 -5.67737418e-04
532              3.72640175e-02 -4.58489881e-01 1.30546870e-03 3.72555837e-02 -4.56488169e-01 1.87429180e-03 8.43379638e-06 -2.00171202e-03 -5.68823103e-04
533              3.72583852e-02 -4.58490312e-01 1.30650949e-03 3.72501957e-02 -4.56488638e-01 1.87530329e-03 8.18955784e-06 -2.00167354e-03 -5.68793799e-04
534              3.72588108e-02 -4.58490346e-01 1.30607030e-03 3.72501957e-02 -4.56488638e-01 1.87530329e-03 8.61514024e-06 -2.00170786e-03 -5.69232989e-04
535              3.72588671e-02 -4.58490289e-01 1.30635343e-03 3.72501957e-02 -4.56488638e-01 1.87530329e-03 8.67144133e-06 -2.00165090e-03 -5.68949859e-04
536              3.72415795e-02 -4.58494509e-01 1.30737102e-03 3.72329486e-02 -4.56492755e-01 1.87686753e-03 8.63090867e-06 -2.00175435e-03 -5.69496514e-04
537              3.72413834e-02 -4.58494444e-01 1.30795201e-03 3.72329486e-02 -4.56492755e-01 1.87686753e-03 8.43480983e-06 -2.00168854e-03 -5.68915518e-04
538              3.72274876e-02 -4.58496225e-01 1.30655443e-03 3.72188207e-02 -4.56494455e-01 1.87690486e-03 8.66686728e-06 -2.00177032e-03 -5.70350436e-04
539              3.72271890e-02 -4.58496157e-01 1.30648667e-03 3.72188207e-02 -4.56494455e-01 1.87690486e-03 8.36828063e-06 -2.00170240e-03 -5.70418190e-04
540              3.72162249e-02 -4.58497557e-01 1.30412443e-03 3.72078308e-02 -4.56495767e-01 1.87567691e-03 8.39418506e-06 -2.00179047e-03 -5.71552487e-04
541              3.72158349e-02 -4.58497510e-01 1.30428746e-03 3.72078308e-02 -4.56495767e-01 1.87567691e-03 8.00413107e-06 -2.00174351e-03 -5.71389452e-04
542              3.72113015e-02 -4.58498472e-01 1.30361029e-03 3.72034652e-02 -4.56496658e-01 1.87504640e-03 7.83628871e-06 -2.00181402e-03 -5.71436110e-04
543              3.72111004e-02 -4.58498432e-01 1.30332288e-03 3.72034652e-02 -4.56496658e-01 1.87504640e-03 7.63517045e-06 -2.00177366e-03 -5.71723515e-04
544              3.72113634e-02 -4.58498469e-01 1.30288270e-03 3.72034652e-02 -4.56496658e-01 1.87504640e-03 7.89819049e-06 -2.00181053e-03 -5.72163694e-04
545              3.72111888e-02 -4.58498454e-01 1.30324925e-03 3.72034652e-02 -4.56496658e-01 1.87504640e-03 7.72360112e-06 -2.00179617e-03 -5.71797145e-04
546              3.72112181e-02 -4.58498522e-01 1.30113722e-03 3.72034652e-02 -4.56496658e-01 1.87504640e-03 7.75289693e-06 -2.00186360e-03 -5.73909180e-04
547              3.72111548e-02 -4.58498427e-01 1.30193021e-03 3.72034652e-02 -4.56496658e-01 1.87504640e-03 7.68954423e-06 -2.00176867e-03 -5.73116186e-04
548              3.72113457e-02 -4.58498550e-01 1.30008161e-03 3.72034652e-02 -4.56496658e-01 1.87504640e-03 7.88048388e-06 -2.00189214e-03 -5.74964791e-04
549              3.71965610e-02 -4.58496436e-01 1.30195603e-03 3.71886382e-02 -4.56494632e-01 1.87542694e-03 7.92282052e-06 -2.00180439e-03 -5.73470907e-04
550              3.71968778e-02 -4.58496434e-01 1.30117647e-03 3.71886382e-02 -4.56494632e-01 1.87542694e-03 8.23968265e-06 -2.00180220e-03 -5.74250468e-04
551              3.71981131e-02 -4.58491492e-01 1.30022883e-03 3.71903259e-02 -4.56489670e-01 1.87347839e-03 7.78722414e-06 -2.00182280e-03 -5.73249560e-04
552              3.71984704e-02 -4.58491477e-01 1.29911921e-03 3.71903259e-02 -4.56489670e-01 1.87347839e-03 8.14448425e-06 -2.00180755e-03 -5.74359174e-04
553              3.72035681e-02 -4.58485509e-01 1.29667775e-03 3.71957106e-02 -4.56483709e-01 1.86988548e-03 7.85751815e-06 -2.00180028e-03 -5.73207731e-04
554              3.72038122e-02 -4.58485513e-01 1.29629024e-03 3.71957106e-02 -4.56483709e-01 1.86988548e-03 8.10156576e-06 -2.00180414e-03 -5.73595241e-04
555              3.72033275e-02 -4.58485545e-01 1.29785689e-03 3.71957106e-02 -4.56483709e-01 1.86988548e-03 7.61692108e-06 -2.00183646e-03 -5.72028587e-04
556              3.71978262e-02 -4.58483113e-01 1.29616457e-03 3.71896016e-02 -4.56481249e-01 1.87065027e-03 8.22460096e-06 -2.00186316e-03 -5.74485705e-04
557              3.71976100e-02 -4.58483059e-01 1.29759749e-03 3.71896016e-02 -4.56481249e-01 1.87065027e-03 8.00840087e-06 -2.00180933e-03 -5.73052786e-04
558              3.71987273e-02 -4.58479027e-01 1.29910745e-03 3.71909152e-02 -4.56477181e-01 1.87254812e-03 7.81213631e-06 -2.00184526e-03 -5.73440671e-04
559              3.71984368e-02 -4.58479003e-01 1.30007900e-03 3.71909152e-02 -4.56477181e-01 1.87254812e-03 7.52159938e-06 -2.00182154e-03 -5.72469125e-04
560              3.71961112e-02 -4.58475502e-01 1.30141750e-03 3.71882650e-02 -4.56473649e-01 1.87414238e-03 7.84616156e-06 -2.00185231e-03 -5.72724879e-04
561              3.71959136e-02 -4.58475491e-01 1.30210478e-03 3.71882650e-02 -4.56473649e-01 1.87414238e-03 7.64856100e-06 -2.00184135e-03 -5.72037603e-04
562              3.71963907e-02 -4.58475466e-01 1.30179613e-03 3.71882650e-02 -4.56473649e-01 1.87414238e-03 8.12568905e-06 -2.00181719e-03 -5.72346249e-04
563              3.71962214e-02 -4.58475461e-01 1.30288197e-03 3.71882650e-02 -4.56473649e-01 1.87414238e-03 7.95639726e-06 -2.00181213e-03 -5.71260414e-04
564              3.71966465e-02 -4.58475486e-01 1.30222084e-03 3.71882650e-02 -4.56473649e-01 1.87414238e-03 8.38152934e-06 -2.00183626e-03 -5.71921544e-04
565              3.71967966e-02 -4.58475409e-01 1.30395035e-03 3.71882650e-02 -4.56473649e-01 1.87414238e-03 8.53163036e-06 -2.00175951e-03 -5.70192029e-04
566              3.71965621e-02 -4.58475532e-01 1.30291451e-03 3.71882650e-02 -4.56473649e-01 1.87414238e-03 8.29711267e-06 -2.00188298e-03 -5.71227868e-04
567              3.71954662e-02 -4.58475485e-01 1.30609834e-03 3.71882650e-02 -4.56473649e-01 1.87414238e-03 7.20120881e-06 -2.00183603e-03 -5.68044043e-04
568              3.71949173e-02 -4.58475660e-01 1.30482804e-03 3.71882650e-02 -4.56473649e-01 1.87414238e-03 6.65224269e-06 -2.00201058e-03 -5.69314344e-04
569              3.71946772e-02 -4.58475572e-01 1.30738287e-03 3.71882650e-02 -4.56473649e-01 1.87414238e-03 6.41220797e-06 -2.00192310e-03 -5.66759513e-04
570              3.71950848e-02 -4.58475697e-01 1.30578274e-03 3.71882650e-02 -4.56473649e-01 1.87414238e-03 6.81981388e-06 -2.00204769e-03 -5.68359646e-04
571              3.71930312e-02 -4.58466423e-01 1.30583184e-03 3.71854227e-02 -4.56464537e-01 1.87439197e-03 7.60855074e-06 -2.00188599e-03 -5.68560132e-04
572              3.71935539e-02 -4.58466364e-01 1.30528256e-03 3.71854227e-02 -4.56464537e-01 1.87439197e-03 8.13129138e-06 -2.00182745e-03 -5.69109410e-04
573              3.71874594e-02 -4.58459575e-01 1.30669482e-03 3.71799755e-02 -4.56457786e-01 1.87482978e-03 7.48393614e-06 -2.00178821e-03 -5.68134964e-04
574              3.71879220e-02 -4.58459565e-01 1.30554395e-03 3.71799755e-02 -4.56457786e-01 1.87482978e-03 7.94652515e-06 -2.00177865e-03 -5.69285832e-04
575              3.71882249e-02 -4.58455340e-01 1.30573184e-03 3.71806884e-02 -4.56453616e-01 1.87315545e-03 7.53651372e-06 -2.00172396e-03 -5.67423613e-04
576              3.71887305e-02 -4.58455364e-01 1.30429336e-03 3.71806884e-02 -4.56453616e-01 1.87315545e-03 8.04204901e-06 -2.00174773e-03 -5.68862091e-04
577              3.71884790e-02 -4.58455286e-01 1.30653259e-03 3.71806884e-02 -4.56453616e-01 1.87315545e-03 7.79059848e-06 -2.00166971e-03 -5.66622862e-04
578              3.71845510e-02 -4.58454676e-01 1.30344389e-03 3.71762019e-02 -4.56452959e-01 1.87149173e-03 8.34908188e-06 -2.00171675e-03 -5.68047844e-04
579              3.71842635e-02 -4.58454625e-01 1.30378508e-03 3.71762019e-02 -4.56452959e-01 1.87149173e-03 8.06161253e-06 -2.00166572e-03 -5.67706650e-04
580              3.71792339e-02 -4.58455932e-01 1.30148261e-03 3.71712233e-02 -4.56454192e-01 1.86948798e-03 8.01061126e-06 -2.00174050e-03 -5.68005367e-04
581              3.71789253e-02 -4.58455895e-01 1.30266885e-03 3.71712233e-02 -4.56454192e-01 1.86948798e-03 7.70198180e-06 -2.00170353e-03 -5.66819128e-04
582              3.71717569e-02 -4.58457944e-01 1.30110669e-03 3.71638520e-02 -4.56456172e-01 1.86832029e-03 7.90495211e-06 -2.00177217e-03 -5.67213602e-04
583              3.71714764e-02 -4.58457906e-01 1.30167206e-03 3.71638520e-02 -4.56456172e-01 1.86832029e-03 7.62445108e-06 -2.00173445e-03 -5.66648228e-04
584              3.71720886e-02 -4.58457940e-01 1.29943130e-03 3.71638520e-02 -4.56456172e-01 1.86832029e-03 8.23659977e-06 -2.00176824e-03 -5.68888993e-04
585              3.71717195e-02 -4.58457886e-01 1.30110601e-03 3.71638520e-02 -4.56456172e-01 1.86832029e-03 7.86754923e-06 -2.00171386e-03 -5.67214285e-04
586              3.71721976e-02 -4.58457944e-01 1.29959584e-03 3.71638520e-02 -4.56456172e-01 1.86832029e-03 8.34564401e-06 -2.00177257e-03 -5.68724456e-04
587              3.71717455e-02 -4.58457887e-01 1.30253836e-03 3.71638520e-02 -4.56456172e-01 1.86832029e-03 7.89355339e-06 -2.00171512e-03 -5.65781935e-04
588              3.71720502e-02 -4.58457983e-01 1.29973157e-03 3.71638520e-02 -4.56456172e-01 1.86832029e-03 8.19819620e-06 -2.00181099e-03 -5.68588720e-04
589              3.71669971e-02 -4.58453853e-01 1.29790114e-03 3.71591304e-02 -4.56452170e-01 1.86517718e-03 7.86676820e-06 -2.00168301e-03 -5.67276035e-04
590              3.71669994e-02 -4.58453911e-01 1.29761684e-03 3.71591304e-02 -4.56452170e-01 1.86517718e-03 7.86904472e-06 -2.00174182e-03 -5.67560342e-04
591              3.71649068e-02 -4.58453287e-01 1.29532991e-03 3.71572190e-02 -4.56451596e-01 1.86201570e-03 7.68777963e-06 -2.00169118e-03 -5.66685790e-04
592              3.71652726e-02 -4.58453344e-01 1.29499418e-03 3.71572190e-02 -4.56451596e-01 1.86201570e-03 8.05362347e-06 -2.00174782e-03 -5.67021518e-04
593              3.71648974e-02 -4.58452795e-01 1.29527582e-03 3.71572465e-02 -4.56451112e-01 1.86082507e-03 7.65092315e-06 -2.00168303e-03 -5.65549253e-04
594              3.71651567e-02 -4.58452840e-01 1.29493017e-03 3.71572465e-02 -4.56451112e-01 1.86082507e-03 7.91020176e-06 -2.00172795e-03 -5.65894904e-04
595              3.71648301e-02 -4.58452815e-01 1.29590757e-03 3.71572465e-02 -4.56451112e-01 1.86082507e-03 7.58362878e-06 -2.00170274e-03 -5.64917498e-04
596              3.71711357e-02 -4.58455836e-01 1.29360220e-03 3.71633183e-02 -4.56454094e-01 1.86006254e-03 7.81742161e-06 -2.00174177e-03 -5.66460343e-04
597              3.71708390e-02 -4.58455807e-01 1.29414345e-03 3.71633183e-02 -4.56454094e-01 1.86006254e-03 7.52075177e-06 -2.00171267e-03 -5.65919092e-04
598              3.71761949e-02 -4.58459239e-01 1.29200179e-03 3.71681664e-02 -4.56457518e-01 1.85846705e-03 8.02846681e-06 -2.00172112e-03 -5.66465253e-04
599              3.71759705e-02 -4.58459201e-01 1.29267689e-03 3.71681664e-02 -4.56457518e-01 1.85846705e-03 7.80409710e-06 -2.00168380e-03 -5.65790161e-04
600              3.71763461e-02 -4.58459223e-01 1.29140150e-03 3.71681664e-02 -4.56457518e-01 1.85846705e-03 8.17971798e-06 -2.00170540e-03 -5.67065550e-04
601              3.71760865e-02 -4.58459192e-01 1.29148564e-03 3.71681664e-02 -4.56457518e-01 1.85846705e-03 7.92008438e-06 -2.00167425e-03 -5.66981404e-04
602              3.71760563e-02 -4.58459217e-01 1.29103108e-03 3.71681664e-02 -4.56457518e-01 1.85846705e-03 7.88989657e-06 -2.00169949e-03 -5.67435964e-04
603              3.71754523e-02 -4.58459178e-01 1.29232513e-03 3.71681664e-02 -4.56457518e-01 1.85846705e-03 7.28595055e-06 -2.00166003e-03 -5.66141915e-04
604              3.71757516e-02 -4.58459249e-01 1.28933682e-03 3.71681664e-02 -4.56457518e-01 1.85846705e-03 7.58524168e-06 -2.00173183e-03 -5.69130228e-04
605              3.71757709e-02 -4.58459141e-01 1.29028004e-03 3.71681664e-02 -4.56457518e-01 1.85846705e-03 7.60451822e-06 -2.00162358e-03 -5.68187008e-04
606              3.71762966e-02 -4.58459264e-01 1.28788344e-03 3.71681664e-02 -4.56457518e-01 1.85846705e-03 8.13017810e-06 -2.00174662e-03 -5.70583611e-04
607              3.71764426e-02 -4.58459182e-01 1.28924680e-03 3.71681664e-02 -4.56457518e-01 1.85846705e-03 8.27623997e-06 -2.00166469e-03 -5.69220251e-04
608              3.71770419e-02 -4.58459241e-01 1.28675287e-03 3.71681664e-02 -4.56457518e-01 1.85846705e-03 8.87554092e-06 -2.00172361e-03 -5.71714181e-04
609              3.71766560e-02 -4.58459123e-01 1.28980601e-03 3.71681664e-02 -4.56457518e-01 1.85846705e-03 8.48956696e-06 -2.00160521e-03 -5.68661038e-04
610              3.71758440e-02 -4.58459332e-01 1.28910861e-03 3.71681664e-02 -4.56457518e-01 1.85846705e-03 7.67760991e-06 -2.00181461e-03 -5.69358433e-04
611              3.71748746e-02 -4.58459290e-01 1.29147322e-03 3.71681664e-02 -4.56457518e-01 1.85846705e-03 6.70822180e-06 -2.00177201e-03 -5.66993833e-04
612              3.71912854e-02 -4.58456394e-01 1.28938162e-03 3.71840497e-02 -4.56454626e-01 1.85816711e-03 7.23567023e-06 -2.00176788e-03 -5.68785490e-04
613              3.71911855e-02 -4.58456366e-01 1.29033443e-03 3.71840497e-02 -4.56454626e-01 1.85816711e-03 7.13576597e-06 -2.00173976e-03 -5.67832675e-04
614              3.72016820e-02 -4.58459547e-01 1.28706607e-03 3.71936831e-02 -4.56457819e-01 1.85621036e-03 7.99892825e-06 -2.00172876e-03 -5.69144294e-04
615              3.72014528e-02 -4.58459490e-01 1.28868517e-03 3.71936831e-02 -4.56457819e-01 1.85621036e-03 7.76975855e-06 -2.00167149e-03 -5.67525199e-04
616              3.72013197e-02 -4.58459554e-01 1.28694865e-03 3.71936831e-02 -4.56457819e-01 1.85621036e-03 7.63661891e-06 -2.00173531e-03 -5.69261717e-04
617              3.72061295e-02 -4.58464586e-01 1.28723731e-03 3.71995277e-02 -4.56462894e-01 1.85461439e-03 6.60179410e-06 -2.00169180e-03 -5.67377085e-04
618              3.72061669e-02 -4.58464649e-01 1.28696584e-03 3.71995277e-02 -4.56462894e-01 1.85461439e-03 6.63916394e-06 -2.00175452e-03 -5.67648549e-04
619              3.72146829e-02 -4.58468222e-01 1.28647751e-03 3.72077485e-02 -4.56466509e-01 1.85455194e-03 6.93439547e-06 -2.00171247e-03 -5.68074429e-04
620              3.72153093e-02 -4.58468240e-01 1.28619681e-03 3.72077485e-02 -4.56466509e-01 1.85455194e-03 7.56080280e-06 -2.00173120e-03 -5.68355127e-04
621              3.72247349e-02 -4.58469480e-01 1.28942488e-03 3.72170486e-02 -4.56467784e-01 1.85826655e-03 7.68633947e-06 -2.00169546e-03 -5.68841670e-04
622              3.72254978e-02 -4.58469459e-01 1.29003589e-03 3.72170486e-02 -4.56467784e-01 1.85826655e-03 8.44915813e-06 -2.00167483e-03 -5.68230662e-04
623              3.72344910e-02 -4.58468050e-01 1.29978884e-03 3.72269580e-02 -4.56466403e-01 1.86464688e-03 7.53307725e-06 -2.00164768e-03 -5.64858044e-04
624              3.72349187e-02 -4.58468069e-01 1.29984437e-03 3.72269580e-02 -4.56466403e-01 1.86464688e-03 7.96072015e-06 -2.00166649e-03 -5.64802513e-04
625              3.72199577e-02 -4.58467757e-01 1.29865374e-03 3.72117635e-02 -4.56466155e-01 1.86309828e-03 8.19417732e-06 -2.00160206e-03 -5.64444539e-04
626              3.72202969e-02 -4.58467786e-01 1.29500593e-03 3.72117635e-02 -4.56466155e-01 1.86309828e-03 8.53338190e-06 -2.00163092e-03 -5.68092350e-04
627              3.72139545e-02 -4.58466745e-01 1.28771110e-03 3.72065829e-02 -4.56465059e-01 1.85812690e-03 7.37158438e-06 -2.00168532e-03 -5.70415804e-04
628              3.72137192e-02 -4.58466767e-01 1.28841864e-03 3.72065829e-02 -4.56465059e-01 1.85812690e-03 7.13636734e-06 -2.00170796e-03 -5.69708258e-04
629              3.72131902e-02 -4.58466699e-01 1.29442471e-03 3.72065829e-02 -4.56465059e-01 1.85812690e-03 6.60733976e-06 -2.00163990e-03 -5.63702191e-04
630              3.72159965e-02 -4.58468333e-01 1.30247336e-03 3.72088080e-02 -4.56466702e-01 1.86515014e-03 7.18841962e-06 -2.00163127e-03 -5.62676786e-04
631              3.72158479e-02 -4.58468323e-01 1.30066295e-03 3.72088080e-02 -4.56466702e-01 1.86515014e-03 7.03991802e-06 -2.00162054e-03 -5.64487193e-04
632              3.72006816e-02 -4.58470833e-01 1.29738001e-03 3.71928983e-02 -4.56469213e-01 1.86425360e-03 7.78333322e-06 -2.00162035e-03 -5.66873588e-04
633              3.72005925e-02 -4.58470813e-01 1.29647208e-03 3.71928983e-02 -4.56469213e-01 1.86425360e-03 7.69424745e-06 -2.00160020e-03 -5.67781525e-04
634              3.71871807e-02 -4.58473869e-01 1.29593798e-03 3.71793375e-02 -4.56472245e-01 1.86403484e-03 7.84313792e-06 -2.00162393e-03 -5.68096855e-04
635              3.71873691e-02 -4.58473836e-01 1.29545996e-03 3.71793375e-02 -4.56472245e-01 1.86403484e-03 8.03154173e-06 -2.00159158e-03 -5.68574883e-04
636              3.71774561e-02 -4.58477068e-01 1.29582718e-03 3.71694142e-02 -4.56475453e-01 1.86425095e-03 8.04190076e-06 -2.00161495e-03 -5.68423776e-04
637              3.71773172e-02 -4.58477053e-01 1.29427347e-03 3.71694142e-02 -4.56475453e-01 1.86425095e-03 7.90297250e-06 -2.00160062e-03 -5.69977482e-04
638              3.71772406e-02 -4.58477057e-01 1.29669951e-03 3.71694142e-02 -4.56475453e-01 1.86425095e-03 7.82642177e-06 -2.00160480e-03 -5.67551444e-04
639              3.71767814e-02 -4.58477091e-01 1.29590925e-03 3.71694142e-02 -4.56475453e-01 1.86425095e-03 7.36722300e-06 -2.00163873e-03 -5.68341703e-04
640              3.71772374e-02 -4.58477085e-01 1.29594936e-03 3.71694142e-02 -4.56475453e-01 1.86425095e-03 7.82323897e-06 -2.00163253e-03 -5.68301592e-04
641              3.71776355e-02 -4.58477094e-01 1.29260159e-03 3.71694142e-02 -4.56475453e-01 1.86425095e-03 8.22128322e-06 -2.00164179e-03 -5.71649363e-04
642              3.71787308e-02 -4.58477005e-01 1.29313962e-03 3.71694142e-02 -4.56475453e-01 1.86425095e-03 9.31656907e-06 -2.00155215e-03 -5.71111334e-04
643              3.71546393e-02 -4.58481312e-01 1.29082123e-03 3.71459988e-02 -4.56479668e-01 1.86404131e-03 8.64049335e-06 -2.00164385e-03 -5.73220075e-04
644              3.71549056e-02 -4.58481327e-01 1.29181230e-03 3.71459988e-02 -4.56479668e-01 1.86404131e-03 8.90686173e-06 -2.00165882e-03 -5.72229009e-04
645              3.71539006e-02 -4.58481934e-01 1.29439467e-03 3.71459255e-02 -4.56480289e-01 1.86539668e-03 7.97510738e-06 -2.00164482e-03 -5.71002002e-04
646              3.71541656e-02 -4.58481920e-01 1.29560723e-03 3.71459255e-02 -4.56480289e-01 1.86539668e-03 8.24011088e-06 -2.00163115e-03 -5.69789446e-04
647              3.71539680e-02 -4.58481906e-01 1.29606679e-03 3.71459255e-02 -4.56480289e-01 1.86539668e-03 8.04249318e-06 -2.00161671e-03 -5.69329887e-04
648              3.71549893e-02 -4.58481897e-01 1.29714667e-03 3.71459255e-02 -4.56480289e-01 1.86539668e-03 9.06386383e-06 -2.00160779e-03 -5.68250004e-04
649              3.71556569e-02 -4.58481890e-01 1.29527535e-03 3.71459255e-02 -4.56480289e-01 1.86539668e-03 9.73142372e-06 -2.00160081e-03 -5.70121329e-04
650              3.71569650e-02 -4.58481794e-01 1.29706534e-03 3.71459255e-02 -4.56480289e-01 1.86539668e-03 1.10395248e-05 -2.00150510e-03 -5.68331337e-04
651              3.71558899e-02 -4.58481903e-01 1.29843194e-03 3.71459255e-02 -4.56480289e-01 1.86539668e-03 9.96443066e-06 -2.00161390e-03 -5.66964738e-04
652              3.71430225e-02 -4.58482006e-01 1.30985046e-03 3.71347851e-02 -4.56480327e-01 1.87420792e-03 8.23737202e-06 -2.00167877e-03 -5.64357460e-04
653              3.71424814e-02 -4.58481986e-01 1.30859381e-03 3.71347851e-02 -4.56480327e-01 1.87420792e-03 7.69623405e-06 -2.00165944e-03 -5.65614106e-04
654              3.71403633e-02 -4.58480303e-01 1.30527633e-03 3.71315793e-02 -4.56478617e-01 1.87169175e-03 8.78397942e-06 -2.00168644e-03 -5.66415418e-04
655              3.71402805e-02 -4.58480234e-01 1.30433356e-03 3.71315793e-02 -4.56478617e-01 1.87169175e-03 8.70114216e-06 -2.00161676e-03 -5.67358192e-04
656              3.71259995e-02 -4.58477039e-01 1.30271261e-03 3.71166239e-02 -4.56475404e-01 1.87107409e-03 9.37554710e-06 -2.00163500e-03 -5.68361487e-04
657              3.71258245e-02 -4.58476973e-01 1.30152900e-03 3.71166239e-02 -4.56475404e-01 1.87107409e-03 9.20052042e-06 -2.00156888e-03 -5.69545092e-04
658              3.71256473e-02 -4.58477017e-01 1.30322747e-03 3.71166239e-02 -4.56475404e-01 1.87107409e-03 9.02339595e-06 -2.00161335e-03 -5.67846628e-04
659              3.71222577e-02 -4.58472350e-01 1.30599689e-03 3.71139964e-02 -4.56470735e-01 1.87399860e-03 8.26137901e-06 -2.00161555e-03 -5.68001709e-04
660              3.71223461e-02 -4.58472378e-01 1.30519875e-03 3.71139964e-02 -4.56470735e-01 1.87399860e-03 8.34970057e-06 -2.00164296e-03 -5.68799849e-04
661              3.71319978e-02 -4.58466868e-01 1.30279928e-03 3.71236296e-02 -4.56465241e-01 1.87295323e-03 8.36819949e-06 -2.00162733e-03 -5.70153944e-04
662              3.71323216e-02 -4.58466897e-01 1.30284122e-03 3.71236296e-02 -4.56465241e-01 1.87295323e-03 8.69198060e-06 -2.00165568e-03 -5.70112006e-04
663              3.71251393e-02 -4.58464547e-01 1.30176172e-03 3.71165769e-02 -4.56462880e-01 1.87234837e-03 8.56242048e-06 -2.00166681e-03 -5.70586648e-04
664              3.71253715e-02 -4.58464595e-01 1.30116856e-03 3.71165769e-02 -4.56462880e-01 1.87234837e-03 8.79463494e-06 -2.00171576e-03 -5.71179809e-04
665              3.71248908e-02 -4.58464593e-01 1.30115357e-03 3.71165769e-02 -4.56462880e-01 1.87234837e-03 8.31389366e-06 -2.00171325e-03 -5.71194799e-04
666              3.71246324e-02 -4.58464655e-01 1.30240100e-03 3.71165769e-02 -4.56462880e-01 1.87234837e-03 8.05552175e-06 -2.00177575e-03 -5.69947367e-04
667              3.71242493e-02 -4.58464687e-01 1.30123828e-03 3.71165769e-02 -4.56462880e-01 1.87234837e-03 7.67244133e-06 -2.00180681e-03 -5.71110095e-04
668              3.71248506e-02 -4.58464710e-01 1.30012822e-03 3.71165769e-02 -4.56462880e-01 1.87234837e-03 8.27371789e-06 -2.00182992e-03 -5.72220152e-04
669              3.71251796e-02 -4.58464704e-01 1.29785465e-03 3.71165769e-02 -4.56462880e-01 1.87234837e-03 8.60276706e-06 -2.00182411e-03 -5.74493716e-04
670              3.71258711e-02 -4.58464636e-01 1.29887575e-03 3.71165769e-02 -4.56462880e-01 1.87234837e-03 9.29424789e-06 -2.00175579e-03 -5.73472620e-04
671              3.71251626e-02 -4.58464763e-01 1.29750563e-03 3.71165769e-02 -4.56462880e-01 1.87234837e-03 8.58576088e-06 -2.00188354e-03 -5.74842741e-04
672              3.71056246e-02 -4.58468134e-01 1.29950287e-03 3.70971493e-02 -4.56466317e-01 1.87282498e-03 8.47524842e-06 -2.00181780e-03 -5.73322109e-04
673              3.71053527e-02 -4.58468119e-01 1.29929871e-03 3.70971493e-02 -4.56466317e-01 1.87282498e-03 8.20338700e-06 -2.00180231e-03 -5.73526279e-04
674              3.70976781e-02 -4.58468150e-01 1.29940726e-03 3.70892077e-02 -4.56466307e-01 1.87253295e-03 8.47041908e-06 -2.00184333e-03 -5.73125694e-04
675              3.70972767e-02 -4.58468184e-01 1.29918048e-03 3.70892077e-02 -4.56466307e-01 1.87253295e-03 8.06904333e-06 -2.00187735e-03 -5.73352467e-04
676              3.70978246e-02 -4.58468161e-01 1.29952080e-03 3.70892077e-02 -4.56466307e-01 1.87253295e-03 8.61694007e-06 -2.00185442e-03 -5.73012150e-04
677              3.70980547e-02 -4.58468187e-01 1.29818162e-03 3.70892077e-02 -4.56466307e-01 1.87253295e-03 8.84703278e-06 -2.00188037e-03 -5.74351329e-04
678              3.70984872e-02 -4.58468130e-01 1.30030862e-03 3.70892077e-02 -4.56466307e-01 1.87253295e-03 9.27958027e-06 -2.00182348e-03 -5.72224326e-04
679              3.70979468e-02 -4.58468185e-01 1.29887288e-03 3.70892077e-02 -4.56466307e-01 1.87253295e-03 8.73917884e-06 -2.00187866e-03 -5.73660070e-04
680              3.70976604e-02 -4.58468055e-01 1.30132099e-03 3.70892077e-02 -4.56466307e-01 1.87253295e-03 8.45277455e-06 -2.00174866e-03 -5.71211963e-04
681              3.71253984e-02 -4.58458363e-01 1.30645778e-03 3.71184267e-02 -4.56456550e-01 1.87658446e-03 6.97173067e-06 -2.00181245e-03 -5.70126681e-04
682              3.71259248e-02 -4.58458345e-01 1.30673381e-03 3.71184267e-02 -4.56456550e-01 1.87658446e-03 7.49815226e-06 -2.00179495e-03 -5.69850645e-04
683              3.71383876e-02 -4.58455533e-01 1.30144845e-03 3.71303130e-02 -4.56453742e-01 1.87322650e-03 8.07459265e-06 -2.00179128e-03 -5.71778049e-04
684              3.71387383e-02 -4.58455502e-01 1.30163905e-03 3.71303130e-02 -4.56453742e-01 1.87322650e-03 8.42533471e-06 -2.00176062e-03 -5.71587444e-04
685              3.71385081e-02 -4.58455526e-01 1.30018863e-03 3.71303130e-02 -4.56453742e-01 1.87322650e-03 8.19509278e-06 -2.00178410e-03 -5.73037865e-04
686              3.71386412e-02 -4.58455506e-01 1.30048608e-03 3.71303130e-02 -4.56453742e-01 1.87322650e-03 8.32823942e-06 -2.00176371e-03 -5.72740411e-04
687              3.71377488e-02 -4.58455566e-01 1.29934145e-03 3.71303130e-02 -4.56453742e-01 1.87322650e-03 7.43578948e-06 -2.00182407e-03 -5.73885046e-04
688              3.71375905e-02 -4.58455518e-01 1.30051933e-03 3.71303130e-02 -4.56453742e-01 1.87322650e-03 7.27745461e-06 -2.00177658e-03 -5.72707162e-04
689              3.71369206e-02 -4.58455625e-01 1.29854822e-03 3.71303130e-02 -4.56453742e-01 1.87322650e-03 6.60756255e-06 -2.00188351e-03 -5.74678275e-04
690              3.71691016e-02 -4.58451183e-01 1.29651541e-03 3.71612557e-02 -4.56449337e-01 1.87018649e-03 7.84591492e-06 -2.00184561e-03 -5.73671073e-04
691              3.71690800e-02 -4.58451109e-01 1.29709307e-03 3.71612557e-02 -4.56449337e-01 1.87018649e-03 7.82429543e-06 -2.00177173e-03 -5.73093417e-04
692              3.71828583e-02 -4.58450030e-01 1.29533650e-03 3.71751452e-02 -4.56448155e-01 1.86848251e-03 7.71312589e-06 -2.00187485e-03 -5.73146015e-04
693              3.71824601e-02 -4.58450029e-01 1.29577961e-03 3.71751452e-02 -4.56448155e-01 1.86848251e-03 7.31485223e-06 -2.00187397e-03 -5.72702900e-04
694              3.71824236e-02 -4.58450097e-01 1.29708945e-03 3.71751452e-02 -4.56448155e-01 1.86848251e-03 7.27842676e-06 -2.00194144e-03 -5.71393061e-04
695              3.71816453e-02 -4.58450105e-01 1.29680990e-03 3.71751452e-02 -4.56448155e-01 1.86848251e-03 6.50005161e-06 -2.00195008e-03 -5.71672610e-04
696              3.71816749e-02 -4.58450212e-01 1.29750638e-03 3.71751452e-02 -4.56448155e-01 1.86848251e-03 6.52972127e-06 -2.00205667e-03 -5.70976130e-04
697              3.71678678e-02 -4.58462107e-01 1.30022282e-03 3.71609827e-02 -4.56460115e-01 1.87202139e-03 6.88504390e-06 -2.00199261e-03 -5.71798564e-04
698              3.71682767e-02 -4.58462117e-01 1.30142619e-03 3.71609827e-02 -4.56460115e-01 1.87202139e-03 7.29395635e-06 -2.00200214e-03 -5.70595198e-04
699              3.71709206e-02 -4.58466131e-01 1.30269880e-03 3.71641695e-02 -4.56464245e-01 1.87353634e-03 6.75109437e-06 -2.00188537e-03 -5.70837540e-04
700              3.71711782e-02 -4.58466156e-01 1.30323285e-03 3.71641695e-02 -4.56464245e-01 1.87353634e-03 7.00868550e-06 -2.00191048e-03 -5.70303491e-04
701              3.71706926e-02 -4.58466107e-01 1.30307920e-03 3.71641695e-02 -4.56464245e-01 1.87353634e-03 6.52306798e-06 -2.00186174e-03 -5.70457138e-04
702              3.71709679e-02 -4.58466146e-01 1.30374344e-03 3.71641695e-02 -4.56464245e-01 1.87353634e-03 6.79837353e-06 -2.00190058e-03 -5.69792898e-04
703              3.71708648e-02 -4.58466123e-01 1.30214615e-03 3.71641695e-02 -4.56464245e-01 1.87353634e-03 6.69526612e-06 -2.00187755e-03 -5.71390192e-04
704              3.71715947e-02 -4.58466212e-01 1.30253354e-03 3.71641695e-02 -4.56464245e-01 1.87353634e-03 7.42514003e-06 -2.00196638e-03 -5.71002795e-04
705              3.71716109e-02 -4.58466218e-01 1.30190004e-03 3.71641695e-02 -4.56464245e-01 1.87353634e-03 7.44134938e-06 -2.00197223e-03 -5.71636302e-04
706              3.71706897e-02 -4.58472564e-01 1.30485735e-03 3.71633610e-02 -4.56470541e-01 1.87421947e-03 7.32868405e-06 -2.00202297e-03 -5.69362114e-04
707              3.71701924e-02 -4.58472560e-01 1.30508382e-03 3.71633610e-02 -4.56470541e-01 1.87421947e-03 6.83144090e-06 -2.00201878e-03 -5.69135650e-04
708              3.71719205e-02 -4.58483459e-01 1.30681692e-03 3.71649646e-02 -4.56481357e-01 1.87497700e-03 6.95588377e-06 -2.00210126e-03 -5.68160077e-04
709              3.71715704e-02 -4.58483388e-01 1.30691715e-03 3.71649646e-02 -4.56481357e-01 1.87497700e-03 6.60581921e-06 -2.00203047e-03 -5.68059846e-04
710              3.71718665e-02 -4.58483348e-01 1.30717524e-03 3.71649646e-02 -4.56481357e-01 1.87497700e-03 6.90184773e-06 -2.00199027e-03 -5.67801758e-04
711              3.71749884e-02 -4.58488441e-01 1.30551235e-03 3.71677841e-02 -4.56486546e-01 1.87417895e-03 7.20430174e-06 -2.00189551e-03 -5.68666606e-04
712              3.71753586e-02 -4.58488442e-01 1.30643973e-03 3.71677841e-02 -4.56486546e-01 1.87417895e-03 7.57451444e-06 -2.00189617e-03 -5.67739220e-04
713              3.71851042e-02 -4.58489540e-01 1.30684865e-03 3.71781893e-02 -4.56487649e-01 1.87372283e-03 6.91486692e-06 -2.00189128e-03 -5.66874174e-04
714              3.71851571e-02 -4.58489561e-01 1.30789852e-03 3.71781893e-02 -4.56487649e-01 1.87372283e-03 6.96781681e-06 -2.00191223e-03 -5.65824304e-04
715              3.71846308e-02 -4.58489622e-01 1.30744707e-03 3.71781893e-02 -4.56487649e-01 1.87372283e-03 6.44145692e-06 -2.00197269e-03 -5.66275755e-04
716              3.72046575e-02 -4.58489379e-01 1.30459385e-03 3.71974216e-02 -4.56487447e-01 1.87079607e-03 7.23593010e-06 -2.00193205e-03 -5.66202220e-04
717              3.72043833e-02 -4.58489338e-01 1.30538209e-03 3.71974216e-02 -4.56487447e-01 1.87079607e-03 6.96169263e-06 -2.00189112e-03 -5.65413983e-04
718              3.72160577e-02 -4.58491082e-01 1.30366368e-03 3.72087430e-02 -4.56489247e-01 1.86846093e-03 7.31471039e-06 -2.00183478e-03 -5.64797242e-04
719              3.72155634e-02 -4.58491076e-01 1.30346635e-03 3.72087430e-02 -4.56489247e-01 1.86846093e-03 6.82038866e-06 -2.00182889e-03 -5.64994573e-04
720              3.72341865e-02 -4.58493882e-01 1.30300218e-03 3.72273579e-02 -4.56492075e-01 1.86713420e-03 6.82862992e-06 -2.00180712e-03 -5.64132018e-04
721              3.72340677e-02 -4.58493859e-01 1.30275187e-03 3.72273579e-02 -4.56492075e-01 1.86713420e-03 6.70983847e-06 -2.00178355e-03 -5.64382321e-04
722              3.72340557e-02 -4.58493813e-01 1.30393589e-03 3.72273579e-02 -4.56492075e-01 1.86713420e-03 6.69783665e-06 -2.00173793e-03 -5.63198309e-04
723              3.72467339e-02 -4.58499025e-01 1.30220838e-03 3.72395638e-02 -4.56497319e-01 1.86672955e-03 7.17006375e-06 -2.00170622e-03 -5.64521174e-04
724              3.72471759e-02 -4.58498986e-01 1.30245938e-03 3.72395638e-02 -4.56497319e-01 1.86672955e-03 7.61211792e-06 -2.00166646e-03 -5.64270175e-04
725              3.72447704e-02 -4.58504103e-01 1.30503856e-03 3.72376484e-02 -4.56502445e-01 1.86884602e-03 7.12195111e-06 -2.00165798e-03 -5.63807456e-04
726              3.72449766e-02 -4.58504052e-01 1.30561027e-03 3.72376484e-02 -4.56502445e-01 1.86884602e-03 7.32813247e-06 -2.00160696e-03 -5.63235747e-04
727              3.72436740e-02 -4.58507284e-01 1.30716972e-03 3.72366597e-02 -4.56505689e-01 1.86985352e-03 7.01434900e-06 -2.00159533e-03 -5.62683804e-04
728              3.72441516e-02 -4.58507247e-01 1.30646375e-03 3.72366597e-02 -4.56505689e-01 1.86985352e-03 7.49195512e-06 -2.00155811e-03 -5.63389776e-04
729              3.72440515e-02 -4.58507228e-01 1.30611025e-03 3.72366597e-02 -4.56505689e-01 1.86985352e-03 7.39178639e-06 -2.00153853e-03 -5.63743277e-04
730              3.72444698e-02 -4.58507214e-01 1.30587243e-03 3.72366597e-02 -4.56505689e-01 1.86985352e-03 7.81010317e-06 -2.00152473e-03 -5.63981093e-04
731              3.72445123e-02 -4.58507201e-01 1.30479251e-03 3.72366597e-02 -4.56505689e-01 1.86985352e-03 7.85265931e-06 -2.00151172e-03 -5.65061009e-04
732              3.72447320e-02 -4.58507190e-01 1.30496685e-03 3.72366597e-02 -4.56505689e-01 1.86985352e-03 8.07231347e-06 -2.00150107e-03 -5.64886671e-04
733              3.72440237e-02 -4.58507214e-01 1.30434876e-03 3.72366597e-02 -4.56505689e-01 1.86985352e-03 7.36398678e-06 -2.00152456e-03 -5.65504768e-04
734              3.72433899e-02 -4.58507275e-01 1.30561439e-03 3.72366597e-02 -4.56505689e-01 1.86985352e-03 6.73019471e-06 -2.00158619e-03 -5.64239136e-04
735              3.72427945e-02 -4.58507324e-01 1.30338015e-03 3.72366597e-02 -4.56505689e-01 1.86985352e-03 6.13484341e-06 -2.00163477e-03 -5.66473369e-04
736              3.72496689e-02 -4.58514082e-01 1.29956358e-03 3.72423764e-02 -4.56512449e-01 1.86694092e-03 7.29251770e-06 -2.00163311e-03 -5.67377348e-04
737              3.72497910e-02 -4.58514072e-01 1.29968336e-03 3.72423764e-02 -4.56512449e-01 1.86694092e-03 7.41464221e-06 -2.00162285e-03 -5.67257565e-04
738              3.72349435e-02 -4.58519534e-01 1.30275887e-03 3.72271725e-02 -4.56517886e-01 1.86905307e-03 7.77099192e-06 -2.00164864e-03 -5.66294196e-04
739              3.72350289e-02 -4.58519464e-01 1.30223010e-03 3.72271725e-02 -4.56517886e-01 1.86905307e-03 7.85639082e-06 -2.00157880e-03 -5.66822970e-04
740              3.72243594e-02 -4.58518793e-01 1.30592432e-03 3.72167524e-02 -4.56517164e-01 1.87167844e-03 7.60703089e-06 -2.00162888e-03 -5.65754115e-04
741              3.72242382e-02 -4.58518762e-01 1.30507634e-03 3.72167524e-02 -4.56517164e-01 1.87167844e-03 7.48582300e-06 -2.00159723e-03 -5.66602102e-04
742              3.72241692e-02 -4.58518790e-01 1.30703124e-03 3.72167524e-02 -4.56517164e-01 1.87167844e-03 7.41684826e-06 -2.00162578e-03 -5.64647198e-04
743              3.72129913e-02 -4.58519264e-01 1.30664437e-03 3.72057177e-02 -4.56517666e-01 1.87242695e-03 7.27362421e-06 -2.00159823e-03 -5.65782584e-04
744              3.72135636e-02 -4.58519301e-01 1.30575086e-03 3.72057177e-02 -4.56517666e-01 1.87242695e-03 7.84590189e-06 -2.00163558e-03 -5.66676091e-04
745              3.71966971e-02 -4.58516996e-01 1.30627082e-03 3.71891310e-02 -4.56515413e-01 1.87338747e-03 7.56618911e-06 -2.00158360e-03 -5.67116647e-04
746              3.71970689e-02 -4.58517040e-01 1.30640739e-03 3.71891310e-02 -4.56515413e-01 1.87338747e-03 7.93798011e-06 -2.00162759e-03 -5.66980082e-04
747              3.71796433e-02 -4.58513526e-01 1.30585710e-03 3.71722560e-02 -4.56511901e-01 1.87337260e-03 7.38733802e-06 -2.00162520e-03 -5.67515496e-04
748              3.71800100e-02 -4.58513611e-01 1.30478084e-03 3.71722560e-02 -4.56511901e-01 1.87337260e-03 7.75406542e-06 -2.00171003e-03 -5.68591751e-04
749              3.71797739e-02 -4.58513585e-01 1.30451900e-03 3.71722560e-02 -4.56511901e-01 1.87337260e-03 7.51789386e-06 -2.00168421e-03 -5.68853595e-04
750              3.71800564e-02 -4.58513682e-01 1.30402077e-03 3.71722560e-02 -4.56511901e-01 1.87337260e-03 7.80048057e-06 -2.00178173e-03 -5.69351822e-04
751              3.71797299e-02 -4.58513655e-01 1.30506232e-03 3.71722560e-02 -4.56511901e-01 1.87337260e-03 7.47389689e-06 -2.00175404e-03 -5.68310279e-04
752              3.71803223e-02 -4.58513736e-01 1.30316312e-03 3.71722560e-02 -4.56511901e-01 1.87337260e-03 8.06633003e-06 -2.00183513e-03 -5.70209478e-04
753              3.71799914e-02 -4.58513630e-01 1.30544505e-03 3.71722560e-02 -4.56511901e-01 1.87337260e-03 7.73545276e-06 -2.00172985e-03 -5.67927545e-04
754              3.71799273e-02 -4.58513773e-01 1.30360766e-03 3.71722560e-02 -4.56511901e-01 1.87337260e-03 7.67131936e-06 -2.00187290e-03 -5.69764932e-04
755              3.71797031e-02 -4.58513660e-01 1.30481972e-03 3.71722560e-02 -4.56511901e-01 1.87337260e-03 7.44713575e-06 -2.00175948e-03 -5.68552874e-04
756              3.71520064e-02 -4.58522856e-01 1.29979005e-03 3.71441364e-02 -4.56520993e-01 1.87091667e-03 7.87004209e-06 -2.00186252e-03 -5.71126618e-04
757              3.71519398e-02 -4.58522756e-01 1.30079797e-03 3.71441364e-02 -4.56520993e-01 1.87091667e-03 7.80346900e-06 -2.00176279e-03 -5.70118698e-04
758              3.71351713e-02 -4.58519733e-01 1.30011550e-03 3.71274229e-02 -4.56517947e-01 1.87132894e-03 7.74844817e-06 -2.00178547e-03 -5.71213441e-04
759              3.71349317e-02 -4.58519647e-01 1.30151384e-03 3.71274229e-02 -4.56517947e-01 1.87132894e-03 7.50878067e-06 -2.00169949e-03 -5.69815100e-04
760              3.71219684e-02 -4.58511422e-01 1.30179789e-03 3.71146013e-02 -4.56509631e-01 1.87182337e-03 7.36714203e-06 -2.00179106e-03 -5.70025477e-04
761              3.71216098e-02 -4.58511392e-01 1.30226444e-03 3.71146013e-02 -4.56509631e-01 1.87182337e-03 7.00856294e-06 -2.00176137e-03 -5.69558929e-04
762              3.71218669e-02 -4.58511452e-01 1.30017500e-03 3.71146013e-02 -4.56509631e-01 1.87182337e-03 7.26565119e-06 -2.00182138e-03 -5.71648366e-04
763              3.71217926e-02 -4.58511433e-01 1.30204978e-03 3.71146013e-02 -4.56509631e-01 1.87182337e-03 7.19135532e-06 -2.00180185e-03 -5.69773583e-04
764              3.71223509e-02 -4.58511548e-01 1.29926107e-03 3.71146013e-02 -4.56509631e-01 1.87182337e-03 7.74961107e-06 -2.00191756e-03 -5.72562300e-04
765              3.71226316e-02 -4.58511410e-01 1.30044978e-03 3.71146013e-02 -4.56509631e-01 1.87182337e-03 8.03037547e-06 -2.00177869e-03 -5.71373589e-04
766              3.71223121e-02 -4.58511519e-01 1.29961647e-03 3.71146013e-02 -4.56509631e-01 1.87182337e-03 7.71079866e-06 -2.00188853e-03 -5.72206895e-04
767              3.70935596e-02 -4.58503435e-01 1.30364081e-03 3.70866234e-02 -4.56501658e-01 1.87321463e-03 6.93620728e-06 -2.00177619e-03 -5.69573821e-04
768              3.70938789e-02 -4.58503453e-01 1.30153539e-03 3.70866234e-02 -4.56501658e-01 1.87321463e-03 7.25553601e-06 -2.00179476e-03 -5.71679243e-04
769              3.70905069e-02 -4.58491549e-01 1.29666667e-03 3.70830209e-02 -4.56489757e-01 1.86910589e-03 7.48600730e-06 -2.00179159e-03 -5.72439219e-04
770              3.70909221e-02 -4.58491559e-01 1.29616714e-03 3.70830209e-02 -4.56489757e-01 1.86910589e-03 7.90120451e-06 -2.00180223e-03 -5.72938749e-04
771              3.70910158e-02 -4.58491542e-01 1.29758320e-03 3.70830209e-02 -4.56489757e-01 1.86910589e-03 7.99491005e-06 -2.00178500e-03 -5.71522690e-04
772              3.70915681e-02 -4.58491590e-01 1.29546074e-03 3.70830209e-02 -4.56489757e-01 1.86910589e-03 8.54721145e-06 -2.00183250e-03 -5.73645153e-04
773              3.70910230e-02 -4.58491573e-01 1.29722852e-03 3.70830209e-02 -4.56489757e-01 1.86910589e-03 8.00211412e-06 -2.00181590e-03 -5.71877369e-04
774              3.70902492e-02 -4.58491669e-01 1.29742718e-03 3.70830209e-02 -4.56489757e-01 1.86910589e-03 7.22831444e-06 -2.00191210e-03 -5.71678712e-04
775              3.70894860e-02 -4.58491693e-01 1.29862340e-03 3.70830209e-02 -4.56489757e-01 1.86910589e-03 6.46505884e-06 -2.00193545e-03 -5.70482487e-04
776              3.70897840e-02 -4.58491809e-01 1.29531517e-03 3.70830209e-02 -4.56489757e-01 1.86910589e-03 6.76309907e-06 -2.00205201e-03 -5.73790717e-04
777              3.70904200e-02 -4.58491785e-01 1.29650673e-03 3.70830209e-02 -4.56489757e-01 1.86910589e-03 7.39902990e-06 -2.00202766e-03 -5.72599157e-04
778              3.70832058e-02 -4.58485897e-01 1.29284517e-03 3.70747682e-02 -4.56483888e-01 1.86701212e-03 8.43763648e-06 -2.00200857e-03 -5.74166953e-04
779              3.70830249e-02 -4.58485802e-01 1.29334131e-03 3.70747682e-02 -4.56483888e-01 1.86701212e-03 8.25672493e-06 -2.00191395e-03 -5.73670817e-04
780              3.70819417e-02 -4.58476295e-01 1.29489194e-03 3.70743264e-02 -4.56474376e-01 1.86958604e-03 7.61526105e-06 -2.00191978e-03 -5.74694106e-04
781              3.70816327e-02 -4.58476227e-01 1.29567272e-03 3.70743264e-02 -4.56474376e-01 1.86958604e-03 7.30626076e-06 -2.00185121e-03 -5.73913320e-04
782              3.70817460e-02 -4.58476266e-01 1.29535282e-03 3.70743264e-02 -4.56474376e-01 1.86958604e-03 7.41960588e-06 -2.00189010e-03 -5.74233220e-04
783              3.70923668e-02 -4.58463305e-01 1.29600589e-03 3.70848949e-02 -4.56461445e-01 1.86899962e-03 7.47190498e-06 -2.00185989e-03 -5.72993733e-04
784              3.70927175e-02 -4.58463307e-01 1.29524602e-03 3.70848949e-02 -4.56461445e-01 1.86899962e-03 7.82259825e-06 -2.00186170e-03 -5.73753598e-04
785              3.70967048e-02 -4.58449318e-01 1.29673203e-03 3.70893246e-02 -4.56447493e-01 1.86914501e-03 7.38022535e-06 -2.00182493e-03 -5.72412976e-04
786              3.70967032e-02 -4.58449369e-01 1.29614478e-03 3.70893246e-02 -4.56447493e-01 1.86914501e-03 7.37859305e-06 -2.00187612e-03 -5.73000228e-04
787              3.70959559e-02 -4.58449349e-01 1.29608223e-03 3.70893246e-02 -4.56447493e-01 1.86914501e-03 6.63131452e-06 -2.00185596e-03 -5.73062783e-04
788              3.70954063e-02 -4.58449476e-01 1.29498480e-03 3.70893246e-02 -4.56447493e-01 1.86914501e-03 6.08176765e-06 -2.00198282e-03 -5.74160206e-04
789              3.70948624e-02 -4.58449483e-01 1.29660855e-03 3.70893246e-02 -4.56447493e-01 1.86914501e-03 5.53780462e-06 -2.00198972e-03 -5.72536456e-04
790              3.70953301e-02 -4.58449661e-01 1.29652013e-03 3.70893246e-02 -4.56447493e-01 1.86914501e-03 6.00558146e-06 -2.00216811e-03 -5.72624876e-04
791              3.70960259e-02 -4.58449631e-01 1.29469700e-03 3.70893246e-02 -4.56447493e-01 1.86914501e-03 6.70136449e-06 -2.00213829e-03 -5.74448014e-04
792              3.70851089e-02 -4.58445077e-01 1.29603032e-03 3.70773996e-02 -4.56442918e-01 1.87353996e-03 7.70928410e-06 -2.00215885e-03 -5.77509634e-04
793              3.70844532e-02 -4.58444943e-01 1.29866746e-03 3.70773996e-02 -4.56442918e-01 1.87353996e-03 7.05366714e-06 -2.00202504e-03 -5.74872501e-04
794              3.71145484e-02 -4.58439241e-01 1.30506509e-03 3.71083120e-02 -4.56437133e-01 1.87854902e-03 6.23646763e-06 -2.00210772e-03 -5.73483926e-04
795              3.71145064e-02 -4.58439137e-01 1.30654989e-03 3.71083120e-02 -4.56437133e-01 1.87854902e-03 6.19443643e-06 -2.00200383e-03 -5.71999127e-04
796              3.71374463e-02 -4.58436473e-01 1.30336899e-03 3.71300371e-02 -4.56434378e-01 1.87770111e-03 7.40912894e-06 -2.00209580e-03 -5.74332123e-04
797              3.71372055e-02 -4.58436390e-01 1.30376178e-03 3.71300371e-02 -4.56434378e-01 1.87770111e-03 7.16834237e-06 -2.00201199e-03 -5.73939332e-04
798              3.71380814e-02 -4.58436443e-01 1.29990818e-03 3.71300371e-02 -4.56434378e-01 1.87770111e-03 8.04422700e-06 -2.00206572e-03 -5.77792937e-04
799              3.71392850e-02 -4.58434053e-01 1.29945954e-03 3.71317091e-02 -4.56432100e-01 1.87597978e-03 7.57591395e-06 -2.00195238e-03 -5.76520244e-04
800              3.71396434e-02 -4.58434080e-01 1.30010259e-03 3.71317091e-02 -4.56432100e-01 1.87597978e-03 7.93436166e-06 -2.00197941e-03 -5.75877198e-04
801              3.71477055e-02 -4.58433075e-01 1.30191095e-03 3.71406078e-02 -4.56431111e-01 1.87558325e-03 7.09778307e-06 -2.00196415e-03 -5.73672304e-04
802              3.71478451e-02 -4.58433137e-01 1.30162557e-03 3.71406078e-02 -4.56431111e-01 1.87558325e-03 7.23735638e-06 -2.00202549e-03 -5.73957684e-04
803              3.71655911e-02 -4.58433409e-01 1.29872105e-03 3.71583536e-02 -4.56431448e-01 1.87229641e-03 7.23745482e-06 -2.00196080e-03 -5.73575363e-04
804              3.71656810e-02 -4.58433459e-01 1.29864734e-03 3.71583536e-02 -4.56431448e-01 1.87229641e-03 7.32735383e-06 -2.00201122e-03 -5.73649072e-04
805              3.71651105e-02 -4.58433404e-01 1.30012147e-03 3.71583536e-02 -4.56431448e-01 1.87229641e-03 6.75688050e-06 -2.00195608e-03 -5.72174938e-04
806              3.71658194e-02 -4.58433438e-01 1.29871933e-03 3.71583536e-02 -4.56431448e-01 1.87229641e-03 7.46579707e-06 -2.00199005e-03 -5.73577076e-04
807              3.71656156e-02 -4.58433272e-01 1.29588742e-03 3.71583536e-02 -4.56431448e-01 1.87229641e-03 7.26190967e-06 -2.00182434e-03 -5.76408995e-04
808              3.71649282e-02 -4.58433402e-01 1.30012659e-03 3.71583536e-02 -4.56431448e-01 1.87229641e-03 6.57459715e-06 -2.00195383e-03 -5.72169815e-04
809              3.71649828e-02 -4.58433471e-01 1.30511776e-03 3.71583536e-02 -4.56431448e-01 1.87229641e-03 6.62917655e-06 -2.00202328e-03 -5.67178654e-04
810              3.71552560e-02 -4.58437576e-01 1.29727080e-03 3.71466658e-02 -4.56435466e-01 1.87263845e-03 8.59014345e-06 -2.00210935e-03 -5.75367646e-04
811              3.71543317e-02 -4.58437490e-01 1.29726142e-03 3.71466658e-02 -4.56435466e-01 1.87263845e-03 7.66584859e-06 -2.00202360e-03 -5.75377026e-04
812              3.71858031e-02 -4.58443832e-01 1.29693321e-03 3.71780682e-02 -4.56441907e-01 1.87261128e-03 7.73487795e-06 -2.00192439e-03 -5.75678078e-04
813              3.71857326e-02 -4.58443830e-01 1.30049292e-03 3.71780682e-02 -4.56441907e-01 1.87261128e-03 7.66438912e-06 -2.00192254e-03 -5.72118366e-04
814              3.72192002e-02 -4.58454733e-01 1.30720109e-03 3.72115738e-02 -4.56452742e-01 1.87678776e-03 7.62633574e-06 -2.00199091e-03 -5.69586670e-04
815              3.72189618e-02 -4.58454749e-01 1.30757010e-03 3.72115738e-02 -4.56452742e-01 1.87678776e-03 7.38797338e-06 -2.00200688e-03 -5.69217667e-04
816              3.72195768e-02 -4.58454793e-01 1.30470392e-03 3.72115738e-02 -4.56452742e-01 1.87678776e-03 8.00291559e-06 -2.00205033e-03 -5.72083843e-04
817              3.72405718e-02 -4.58459772e-01 1.30354786e-03 3.72326135e-02 -4.56457781e-01 1.87526161e-03 7.95832977e-06 -2.00199156e-03 -5.71713754e-04
818              3.72406077e-02 -4.58459754e-01 1.30445628e-03 3.72326135e-02 -4.56457781e-01 1.87526161e-03 7.99422033e-06 -2.00197316e-03 -5.70805333e-04
819              3.72650434e-02 -4.58469182e-01 1.30754298e-03 3.72573419e-02 -4.56467286e-01 1.87821802e-03 7.70142979e-06 -2.00189679e-03 -5.70675043e-04
820              3.72652692e-02 -4.58469164e-01 1.30771569e-03 3.72573419e-02 -4.56467286e-01 1.87821802e-03 7.92730495e-06 -2.00187875e-03 -5.70502333e-04
821              3.72930195e-02 -4.58478162e-01 1.31287363e-03 3.72854877e-02 -4.56476329e-01 1.88202484e-03 7.53180831e-06 -2.00183350e-03 -5.69151209e-04
822              3.72930375e-02 -4.58478142e-01 1.31342650e-03 3.72854877e-02 -4.56476329e-01 1.88202484e-03 7.54983140e-06 -2.00181364e-03 -5.68598346e-04
823              3.72929110e-02 -4.58478127e-01 1.31419545e-03 3.72854877e-02 -4.56476329e-01 1.88202484e-03 7.42330773e-06 -2.00179827e-03 -5.67829396e-04
824              3.72935934e-02 -4.58478202e-01 1.31177145e-03 3.72854877e-02 -4.56476329e-01 1.88202484e-03 8.10570747e-06 -2.00187283e-03 -5.70253390e-04
825              3.72937273e-02 -4.58478123e-01 1.31340408e-03 3.72854877e-02 -4.56476329e-01 1.88202484e-03 8.23955432e-06 -2.00179403e-03 -5.68620764e-04
826              3.72943390e-02 -4.58478111e-01 1.31144634e-03 3.72854877e-02 -4.56476329e-01 1.88202484e-03 8.85131312e-06 -2.00178187e-03 -5.70578502e-04
827              3.72939274e-02 -4.58477959e-01 1.31255153e-03 3.72854877e-02 -4.56476329e-01 1.88202484e-03 8.43972998e-06 -2.00163047e-03 -5.69473312e-04
828              3.72898737e-02 -4.58493165e-01 1.32235693e-03 3.72823628e-02 -4.56491387e-01 1.89226720e-03 7.51086222e-06 -2.00177747e-03 -5.69910269e-04
829              3.72897023e-02 -4.58493184e-01 1.32367374e-03 3.72823628e-02 -4.56491387e-01 1.89226720e-03 7.33947090e-06 -2.00179639e-03 -5.68593465e-04
830              3.72981185e-02 -4.58505624e-01 1.32593561e-03 3.72898184e-02 -4.56503777e-01 1.89647036e-03 8.30009423e-06 -2.00184652e-03 -5.70534752e-04
831              3.72979261e-02 -4.58505584e-01 1.32750054e-03 3.72898184e-02 -4.56503777e-01 1.89647036e-03 8.10770273e-06 -2.00180714e-03 -5.68969817e-04
832              3.72989245e-02 -4.58505656e-01 1.32541891e-03 3.72898184e-02 -4.56503777e-01 1.89647036e-03 9.10612727e-06 -2.00187862e-03 -5.71051452e-04
833              3.73093236e-02 -4.58514967e-01 1.32773014e-03 3.73001610e-02 -4.56513201e-01 1.89747324e-03 9.16259123e-06 -2.00176671e-03 -5.69743095e-04
834              3.73092271e-02 -4.58514949e-01 1.32829573e-03 3.73001610e-02 -4.56513201e-01 1.89747324e-03 9.06603444e-06 -2.00174821e-03 -5.69177513e-04
835              3.73092999e-02 -4.58524837e-01 1.33116962e-03 3.73009251e-02 -4.56523116e-01 1.90009152e-03 8.37482932e-06 -2.00172157e-03 -5.68921899e-04
836              3.73093249e-02 -4.58524834e-01 1.33061343e-03 3.73009251e-02 -4.56523116e-01 1.90009152e-03 8.39978274e-06 -2.00171824e-03 -5.69478081e-04
837              3.73165441e-02 -4.58530802e-01 1.33183903e-03 3.73080195e-02 -4.56529170e-01 1.90146741e-03 8.52458335e-06 -2.00163195e-03 -5.69628379e-04
838              3.73167317e-02 -4.58530769e-01 1.33237445e-03 3.73080195e-02 -4.56529170e-01 1.90146741e-03 8.71221147e-06 -2.00159819e-03 -5.69092963e-04
839              3.73170993e-02 -4.58530676e-01 1.33308947e-03 3.73080195e-02 -4.56529170e-01 1.90146741e-03 9.07980719e-06 -2.00150548e-03 -5.68377941e-04
840              3.73120293e-02 -4.58539152e-01 1.33415886e-03 3.73025224e-02 -4.56537577e-01 1.90406635e-03 9.50688524e-06 -2.00157407e-03 -5.69907487e-04
841              3.73114570e-02 -4.58539097e-01 1.33571703e-03 3.73025224e-02 -4.56537577e-01 1.90406635e-03 8.93459810e-06 -2.00151917e-03 -5.68349320e-04
842              3.73056205e-02 -4.58544132e-01 1.33441481e-03 3.72964403e-02 -4.56542553e-01 1.90445537e-03 9.18017644e-06 -2.00157979e-03 -5.70040565e-04
843              3.73051877e-02 -4.58544089e-01 1.33498406e-03 3.72964403e-02 -4.56542553e-01 1.90445537e-03 8.74736284e-06 -2.00153621e-03 -5.69471307e-04
844              3.73073152e-02 -4.58546958e-01 1.33067328e-03 3.72981669e-02 -4.56545395e-01 1.90141588e-03 9.14827768e-06 -2.00156283e-03 -5.70742600e-04
845              3.73068355e-02 -4.58546939e-01 1.33191027e-03 3.72981669e-02 -4.56545395e-01 1.90141588e-03 8.66853365e-06 -2.00154391e-03 -5.69505613e-04
846              3.73069246e-02 -4.58546943e-01 1.33246979e-03 3.72981669e-02 -4.56545395e-01 1.90141588e-03 8.75763752e-06 -2.00154737e-03 -5.68946098e-04
847              3.73066482e-02 -4.58546942e-01 1.33365263e-03 3.72981669e-02 -4.56545395e-01 1.90141588e-03 8.48122709e-06 -2.00154684e-03 -5.67763252e-04
848              3.73067295e-02 -4.58547035e-01 1.33173226e-03 3.72981669e-02 -4.56545395e-01 1.90141588e-03 8.56250735e-06 -2.00164015e-03 -5.69683627e-04
849              3.73061127e-02 -4.58547052e-01 1.33229702e-03 3.72981669e-02 -4.56545395e-01 1.90141588e-03 7.94575091e-06 -2.00165715e-03 -5.69118859e-04
850              3.73067105e-02 -4.58547093e-01 1.33031588e-03 3.72981669e-02 -4.56545395e-01 1.90141588e-03 8.54354638e-06 -2.00169817e-03 -5.71100008e-04
851              3.73073204e-02 -4.58547001e-01 1.33166050e-03 3.72981669e-02 -4.56545395e-01 1.90141588e-03 9.15349223e-06 -2.00160610e-03 -5.69755380e-04
852              3.73080382e-02 -4.58547150e-01 1.32920698e-03 3.72981669e-02 -4.56545395e-01 1.90141588e-03 9.87120830e-06 -2.00175530e-03 -5.72208902e-04
853              3.72999049e-02 -4.58556143e-01 1.33056137e-03 3.72904466e-02 -4.56554556e-01 1.90053406e-03 9.45826406e-06 -2.00158667e-03 -5.69972688e-04
854              3.72996074e-02 -4.58556120e-01 1.33089181e-03 3.72904466e-02 -4.56554556e-01 1.90053406e-03 9.16080339e-06 -2.00156374e-03 -5.69642245e-04
855              3.72983185e-02 -4.58555821e-01 1.32830845e-03 3.72902454e-02 -4.56554282e-01 1.89625620e-03 8.07310751e-06 -2.00153928e-03 -5.67947752e-04
856              3.72985710e-02 -4.58555805e-01 1.32737447e-03 3.72902454e-02 -4.56554282e-01 1.89625620e-03 8.32561316e-06 -2.00152277e-03 -5.68881728e-04
857              3.73008634e-02 -4.58549855e-01 1.31762766e-03 3.72921344e-02 -4.56548363e-01 1.88707943e-03 8.72899377e-06 -2.00149189e-03 -5.69451768e-04
858              3.73009678e-02 -4.58549897e-01 1.31766847e-03 3.72921344e-02 -4.56548363e-01 1.88707943e-03 8.83339554e-06 -2.00153405e-03 -5.69410962e-04
859              3.73005594e-02 -4.58549887e-01 1.31837221e-03 3.72921344e-02 -4.56548363e-01 1.88707943e-03 8.42497912e-06 -2.00152401e-03 -5.68707221e-04
860              3.73009058e-02 -4.58548745e-01 1.31114534e-03 3.72919355e-02 -4.56547115e-01 1.88237329e-03 8.97028192e-06 -2.00163036e-03 -5.71227950e-04
861              3.73004825e-02 -4.58548715e-01 1.31222935e-03 3.72919355e-02 -4.56547115e-01 1.88237329e-03 8.54695604e-06 -2.00159938e-03 -5.70143938e-04
862              3.73040339e-02 -4.58544392e-01 1.30783646e-03 3.72957334e-02 -4.56542697e-01 1.87811754e-03 8.30043318e-06 -2.00169558e-03 -5.70281082e-04
863              3.73035556e-02 -4.58544354e-01 1.30857003e-03 3.72957334e-02 -4.56542697e-01 1.87811754e-03 7.82218339e-06 -2.00165710e-03 -5.69547514e-04
864              3.73022028e-02 -4.58539599e-01 1.30206244e-03 3.72937963e-02 -4.56537880e-01 1.87249366e-03 8.40647282e-06 -2.00171927e-03 -5.70431224e-04
865              3.73019056e-02 -4.58539573e-01 1.30225851e-03 3.72937963e-02 -4.56537880e-01 1.87249366e-03 8.10933175e-06 -2.00169319e-03 -5.70235149e-04
866              3.73020957e-02 -4.58539624e-01 1.30292166e-03 3.72937963e-02 -4.56537880e-01 1.87249366e-03 8.29936402e-06 -2.00174452e-03 -5.69571998e-04
867              3.72921571e-02 -4.58535471e-01 1.30008886e-03 3.72839629e-02 -4.56533769e-01 1.86950614e-03 8.19413296e-06 -2.00170210e-03 -5.69417278e-04
868              3.72924540e-02 -4.58535519e-01 1.29959451e-03 3.72839629e-02 -4.56533769e-01 1.86950614e-03 8.49107875e-06 -2.00174957e-03 -5.69911631e-04
869              3.72839903e-02 -4.58525910e-01 1.29549548e-03 3.72759059e-02 -4.56524176e-01 1.86545495e-03 8.08446858e-06 -2.00173435e-03 -5.69959474e-04
870              3.72840960e-02 -4.58525970e-01 1.29542667e-03 3.72759059e-02 -4.56524176e-01 1.86545495e-03 8.19010100e-06 -2.00179350e-03 -5.70028280e-04
871              3.72760882e-02 -4.58516220e-01 1.28960793e-03 3.72678192e-02 -4.56514459e-01 1.86013746e-03 8.26905987e-06 -2.00176036e-03 -5.70529529e-04
872              3.72763407e-02 -4.58516300e-01 1.28920979e-03 3.72678192e-02 -4.56514459e-01 1.86013746e-03 8.52155575e-06 -2.00184010e-03 -5.70927669e-04
873              3.72760621e-02 -4.58516284e-01 1.28937462e-03 3.72678192e-02 -4.56514459e-01 1.86013746e-03 8.24297308e-06 -2.00182454e-03 -5.70762843e-04
874              3.72623777e-02 -4.58510858e-01 1.28820717e-03 3.72544707e-02 -4.56508958e-01 1.85759265e-03 7.90699459e-06 -2.00189917e-03 -5.69385476e-04
875              3.72623346e-02 -4.58510790e-01 1.28949887e-03 3.72544707e-02 -4.56508958e-01 1.85759265e-03 7.86386101e-06 -2.00183127e-03 -5.68093776e-04
876              3.72444145e-02 -4.58503568e-01 1.28223347e-03 3.72360322e-02 -4.56501660e-01 1.85246707e-03 8.38232023e-06 -2.00190848e-03 -5.70233603e-04
877              3.72439429e-02 -4.58503546e-01 1.28146096e-03 3.72360322e-02 -4.56501660e-01 1.85246707e-03 7.91072570e-06 -2.00188603e-03 -5.71006111e-04
878              3.72294973e-02 -4.58494590e-01 1.27533991e-03 3.72218054e-02 -4.56492634e-01 1.84686207e-03 7.69194522e-06 -2.00195654e-03 -5.71522153e-04
879              3.72292339e-02 -4.58494575e-01 1.27532231e-03 3.72218054e-02 -4.56492634e-01 1.84686207e-03 7.42848314e-06 -2.00194176e-03 -5.71539761e-04
880              3.72290831e-02 -4.58494608e-01 1.27559296e-03 3.72218054e-02 -4.56492634e-01 1.84686207e-03 7.27776713e-06 -2.00197461e-03 -5.71269103e-04
881              3.72290420e-02 -4.58494555e-01 1.27589987e-03 3.72218054e-02 -4.56492634e-01 1.84686207e-03 7.23661574e-06 -2.00192105e-03 -5.70962201e-04
882              3.72293277e-02 -4.58494602e-01 1.27514022e-03 3.72218054e-02 -4.56492634e-01 1.84686207e-03 7.52233868e-06 -2.00196854e-03 -5.71721849e-04
883              3.72290391e-02 -4.58494591e-01 1.27638729e-03 3.72218054e-02 -4.56492634e-01 1.84686207e-03 7.23371017e-06 -2.00195755e-03 -5.70474780e-04
884              3.72292018e-02 -4.58494675e-01 1.27445144e-03 3.72218054e-02 -4.56492634e-01 1.84686207e-03 7.39639122e-06 -2.00204170e-03 -5.72410627e-04
885              3.72107285e-02 -4.58480461e-01 1.27378416e-03 3.72033950e-02 -4.56478517e-01 1.84387226e-03 7.33354144e-06 -2.00194441e-03 -5.70088104e-04
886              3.72110333e-02 -4.58480486e-01 1.27327383e-03 3.72033950e-02 -4.56478517e-01 1.84387226e-03 7.63834500e-06 -2.00196862e-03 -5.70598431e-04
887              3.72042263e-02 -4.58466961e-01 1.27166889e-03 3.71969869e-02 -4.56465010e-01 1.84112612e-03 7.23939136e-06 -2.00195126e-03 -5.69457226e-04
888              3.72044951e-02 -4.58466976e-01 1.27052488e-03 3.71969869e-02 -4.56465010e-01 1.84112612e-03 7.50816921e-06 -2.00196679e-03 -5.70601241e-04
889              3.71959068e-02 -4.58455339e-01 1.26892470e-03 3.71886724e-02 -4.56453382e-01 1.83856323e-03 7.23434900e-06 -2.00195734e-03 -5.69638533e-04
890              3.71961959e-02 -4.58455359e-01 1.26849249e-03 3.71886724e-02 -4.56453382e-01 1.83856323e-03 7.52343519e-06 -2.00197692e-03 -5.70070738e-04
891              3.71958047e-02 -4.58455381e-01 1.26898793e-03 3.71886724e-02 -4.56453382e-01 1.83856323e-03 7.13225335e-06 -2.00199935e-03 -5.69575305e-04
892              3.71828886e-02 -4.58447216e-01 1.26699200e-03 3.71753293e-02 -4.56445200e-01 1.83878476e-03 7.55930813e-06 -2.00201642e-03 -5.71792753e-04
893              3.71829267e-02 -4.58447177e-01 1.26785586e-03 3.71753293e-02 -4.56445200e-01 1.83878476e-03 7.59744226e-06 -2.00197744e-03 -5.70928899e-04
894              3.71775522e-02 -4.58440319e-01 1.27048702e-03 3.71698105e-02 -4.56438319e-01 1.84145679e-03 7.74171229e-06 -2.00200074e-03 -5.70969768e-04
895              3.71773181e-02 -4.58440297e-01 1.27161363e-03 3.71698105e-02 -4.56438319e-01 1.84145679e-03 7.50760274e-06 -2.00197777e-03 -5.69843155e-04
896              3.71674529e-02 -4.58435114e-01 1.27595883e-03 3.71596576e-02 -4.56433120e-01 1.84653450e-03 7.79524298e-06 -2.00199431e-03 -5.70575676e-04
897              3.71671783e-02 -4.58435098e-01 1.27672287e-03 3.71596576e-02 -4.56433120e-01 1.84653450e-03 7.52061531e-06 -2.00197801e-03 -5.69811635e-04
898              3.71621009e-02 -4.58432752e-01 1.28496720e-03 3.71543538e-02 -4.56430757e-01 1.85398602e-03 7.74716359e-06 -2.00199555e-03 -5.69018821e-04
899              3.71620407e-02 -4.58432734e-01 1.28564681e-03 3.71543538e-02 -4.56430757e-01 1.85398602e-03 7.68691482e-06 -2.00197763e-03 -5.68339215e-04
900              3.71626368e-02 -4.58432784e-01 1.28315011e-03 3.71543538e-02 -4.56430757e-01 1.85398602e-03 8.28305342e-06 -2.00202695e-03 -5.70835914e-04
901              3.71493437e-02 -4.58426990e-01 1.29355549e-03 3.71421445e-02 -4.56425018e-01 1.86186243e-03 7.19923750e-06 -2.00197166e-03 -5.68306940e-04
902              3.71499266e-02 -4.58426956e-01 1.29518518e-03 3.71421445e-02 -4.56425018e-01 1.86186243e-03 7.78214500e-06 -2.00193844e-03 -5.66677257e-04
903              3.71410795e-02 -4.58424901e-01 1.30122425e-03 3.71333511e-02 -4.56423006e-01 1.86788795e-03 7.72844552e-06 -2.00189574e-03 -5.66663706e-04
904              3.71413693e-02 -4.58424922e-01 1.30013993e-03 3.71333511e-02 -4.56423006e-01 1.86788795e-03 8.01818387e-06 -2.00191672e-03 -5.67748027e-04
905              3.71405354e-02 -4.58422934e-01 1.30278486e-03 3.71329939e-02 -4.56421054e-01 1.87121918e-03 7.54152226e-06 -2.00187981e-03 -5.68434327e-04
906              3.71406694e-02 -4.58422931e-01 1.30305608e-03 3.71329939e-02 -4.56421054e-01 1.87121918e-03 7.67552772e-06 -2.00187728e-03 -5.68163106e-04
907              3.71539584e-02 -4.58421545e-01 1.30979481e-03 3.71469334e-02 -4.56419722e-01 1.87622833e-03 7.02506468e-06 -2.00182285e-03 -5.66433518e-04
908              3.71546576e-02 -4.58421548e-01 1.30913761e-03 3.71469334e-02 -4.56419722e-01 1.87622833e-03 7.72418529e-06 -2.00182567e-03 -5.67090721e-04
909              3.71546119e-02 -4.58421501e-01 1.31013193e-03 3.71469334e-02 -4.56419722e-01 1.87622833e-03 7.67857026e-06 -2.00177854e-03 -5.66096402e-04
910              3.71527922e-02 -4.58423661e-01 1.31435594e-03 3.71447537e-02 -4.56421846e-01 1.88168597e-03 8.03852964e-06 -2.00181507e-03 -5.67330027e-04
911              3.71524035e-02 -4.58423584e-01 1.31502385e-03 3.71447537e-02 -4.56421846e-01 1.88168597e-03 7.64978226e-06 -2.00173852e-03 -5.66662119e-04
912              3.71634575e-02 -4.58428779e-01 1.31909596e-03 3.71555762e-02 -4.56426995e-01 1.88633732e-03 7.88131056e-06 -2.00178403e-03 -5.67241356e-04
913              3.71632381e-02 -4.58428686e-01 1.32029283e-03 3.71555762e-02 -4.56426995e-01 1.88633732e-03 7.66188385e-06 -2.00169062e-03 -5.66044493e-04
914              3.71795587e-02 -4.58433762e-01 1.32354564e-03 3.71717047e-02 -4.56432028e-01 1.88993683e-03 7.85394963e-06 -2.00173387e-03 -5.66391187e-04
915              3.71793617e-02 -4.58433656e-01 1.32367844e-03 3.71717047e-02 -4.56432028e-01 1.88993683e-03 7.65698301e-06 -2.00162805e-03 -5.66258391e-04
916              3.72038591e-02 -4.58439721e-01 1.32752353e-03 3.71960622e-02 -4.56438042e-01 1.89317694e-03 7.79684924e-06 -2.00167951e-03 -5.65653414e-04
917              3.72036860e-02 -4.58439633e-01 1.32831698e-03 3.71960622e-02 -4.56438042e-01 1.89317694e-03 7.62374613e-06 -2.00159135e-03 -5.64859959e-04
918              3.72039411e-02 -4.58439664e-01 1.32771615e-03 3.71960622e-02 -4.56438042e-01 1.89317694e-03 7.87888010e-06 -2.00162234e-03 -5.65460791e-04
919              3.72235652e-02 -4.58443274e-01 1.32981611e-03 3.72158064e-02 -4.56441689e-01 1.89553896e-03 7.75884655e-06 -2.00158500e-03 -5.65722847e-04
920              3.72238775e-02 -4.58443286e-01 1.32946225e-03 3.72158064e-02 -4.56441689e-01 1.89553896e-03 8.07118356e-06 -2.00159750e-03 -5.66076703e-04
921              3.72454264e-02 -4.58448747e-01 1.33236397e-03 3.72378777e-02 -4.56447148e-01 1.89738998e-03 7.54869503e-06 -2.00159894e-03 -5.65026010e-04
922              3.72457513e-02 -4.58448756e-01 1.33289382e-03 3.72378777e-02 -4.56447148e-01 1.89738998e-03 7.87364272e-06 -2.00160742e-03 -5.64496163e-04
923              3.72699464e-02 -4.58454494e-01 1.33275870e-03 3.72622004e-02 -4.56452913e-01 1.89718149e-03 7.74605392e-06 -2.00158019e-03 -5.64422787e-04
924              3.72703508e-02 -4.58454484e-01 1.33190770e-03 3.72622004e-02 -4.56452913e-01 1.89718149e-03 8.15044486e-06 -2.00157071e-03 -5.65273785e-04
925              3.72954630e-02 -4.58460517e-01 1.33182137e-03 3.72876484e-02 -4.56458951e-01 1.89584173e-03 7.81460903e-06 -2.00156563e-03 -5.64020361e-04
926              3.72958914e-02 -4.58460516e-01 1.33145659e-03 3.72876484e-02 -4.56458951e-01 1.89584173e-03 8.24307563e-06 -2.00156459e-03 -5.64385138e-04
927              3.73116124e-02 -4.58466609e-01 1.32886849e-03 3.73035923e-02 -4.56465038e-01 1.89302870e-03 8.02005607e-06 -2.00157183e-03 -5.64160219e-04
928              3.73119388e-02 -4.58466604e-01 1.32776833e-03 3.73035923e-02 -4.56465038e-01 1.89302870e-03 8.34645567e-06 -2.00156684e-03 -5.65260377e-04
929              3.73116204e-02 -4.58466598e-01 1.32927686e-03 3.73035923e-02 -4.56465038e-01 1.89302870e-03 8.02807952e-06 -2.00156083e-03 -5.63751840e-04
930              3.73276271e-02 -4.58477511e-01 1.32529194e-03 3.73195711e-02 -4.56475896e-01 1.89038516e-03 8.05592001e-06 -2.00161500e-03 -5.65093215e-04
931              3.73273740e-02 -4.58477513e-01 1.32569930e-03 3.73195711e-02 -4.56475896e-01 1.89038516e-03 7.80290568e-06 -2.00161678e-03 -5.64685864e-04
932              3.73404802e-02 -4.58486113e-01 1.31911662e-03 3.73320909e-02 -4.56484475e-01 1.88615602e-03 8.38929595e-06 -2.00163799e-03 -5.67039397e-04
933              3.73401200e-02 -4.58486103e-01 1.31996564e-03 3.73320909e-02 -4.56484475e-01 1.88615602e-03 8.02905497e-06 -2.00162792e-03 -5.66190379e-04
934              3.73495506e-02 -4.58494048e-01 1.31513335e-03 3.73413409e-02 -4.56492414e-01 1.88205363e-03 8.20970495e-06 -2.00163405e-03 -5.66920285e-04
935              3.73493598e-02 -4.58494071e-01 1.31533531e-03 3.73413409e-02 -4.56492414e-01 1.88205363e-03 8.01891360e-06 -2.00165642e-03 -5.66718328e-04
936              3.73550237e-02 -4.58503615e-01 1.31004712e-03 3.73464863e-02 -4.56501965e-01 1.87776375e-03 8.53744569e-06 -2.00164977e-03 -5.67716633e-04
937              3.73546866e-02 -4.58503661e-01 1.31002721e-03 3.73464863e-02 -4.56501965e-01 1.87776375e-03 8.20028196e-06 -2.00169564e-03 -5.67736543e-04
938              3.73500747e-02 -4.58511495e-01 1.30275334e-03 3.73416236e-02 -4.56509803e-01 1.87181291e-03 8.45111007e-06 -2.00169160e-03 -5.69059574e-04
939              3.73496213e-02 -4.58511554e-01 1.30302805e-03 3.73416236e-02 -4.56509803e-01 1.87181291e-03 7.99765645e-06 -2.00175061e-03 -5.68784857e-04
940              3.73444182e-02 -4.58518897e-01 1.29636340e-03 3.73360478e-02 -4.56517164e-01 1.86645466e-03 8.37033561e-06 -2.00173371e-03 -5.70091260e-04
941              3.73440231e-02 -4.58518948e-01 1.29686031e-03 3.73360478e-02 -4.56517164e-01 1.86645466e-03 7.97530376e-06 -2.00178421e-03 -5.69594350e-04
942              3.73443958e-02 -4.58518930e-01 1.29587322e-03 3.73360478e-02 -4.56517164e-01 1.86645466e-03 8.34795944e-06 -2.00176629e-03 -5.70581432e-04
943              3.73427650e-02 -4.58523850e-01 1.28908120e-03 3.73348733e-02 -4.56522108e-01 1.85875611e-03 7.89173683e-06 -2.00174186e-03 -5.69674910e-04
944              3.73427950e-02 -4.58523878e-01 1.28831721e-03 3.73348733e-02 -4.56522108e-01 1.85875611e-03 7.92168673e-06 -2.00177049e-03 -5.70438902e-04
945              3.73325070e-02 -4.58525325e-01 1.28166649e-03 3.73247301e-02 -4.56523592e-01 1.85223058e-03 7.77691538e-06 -2.00173290e-03 -5.70564090e-04
946              3.73326661e-02 -4.58525349e-01 1.28120846e-03 3.73247301e-02 -4.56523592e-01 1.85223058e-03 7.93593186e-06 -2.00175684e-03 -5.71022121e-04
947              3.73178696e-02 -4.58524802e-01 1.27531539e-03 3.73101545e-02 -4.56523096e-01 1.84639672e-03 7.71509349e-06 -2.00170647e-03 -5.71081331e-04
948              3.73180371e-02 -4.58524859e-01 1.27458571e-03 3.73101545e-02 -4.56523096e-01 1.84639672e-03 7.88259749e-06 -2.00176363e-03 -5.71811010e-04
949              3.72995124e-02 -4.58522930e-01 1.26995131e-03 3.72920226e-02 -4.56521216e-01 1.84119157e-03 7.48981404e-06 -2.00171334e-03 -5.71240260e-04
950              3.72995753e-02 -4.58523002e-01 1.26952209e-03 3.72920226e-02 -4.56521216e-01 1.84119157e-03 7.55270421e-06 -2.00178550e-03 -5.71669480e-04
951              3.72768726e-02 -4.58520633e-01 1.26596124e-03 3.72695144e-02 -4.56518918e-01 1.83679315e-03 7.35823031e-06 -2.00171569e-03 -5.70831919e-04
952              3.72771481e-02 -4.58520711e-01 1.26493907e-03 3.72695144e-02 -4.56518918e-01 1.83679315e-03 7.63368153e-06 -2.00179323e-03 -5.71854088e-04
953              3.72511914e-02 -4.58516497e-01 1.26317435e-03 3.72437311e-02 -4.56514791e-01 1.83378006e-03 7.46029590e-06 -2.00170566e-03 -5.70605706e-04
954              3.72296789e-02 -4.58513850e-01 1.26283833e-03 3.72219065e-02 -4.56512103e-01 1.83326917e-03 7.77238930e-06 -2.00174666e-03 -5.70430835e-04
955              3.72293957e-02 -4.58513825e-01 1.26314322e-03 3.72219065e-02 -4.56512103e-01 1.83326917e-03 7.48920116e-06 -2.00172171e-03 -5.70125944e-04
956              3.72046209e-02 -4.58508613e-01 1.26371368e-03 3.71966599e-02 -4.56506848e-01 1.83438204e-03 7.96101386e-06 -2.00176487e-03 -5.70668355e-04
957              3.72042542e-02 -4.58508564e-01 1.26419127e-03 3.71966599e-02 -4.56506848e-01 1.83438204e-03 7.59428330e-06 -2.00171563e-03 -5.70190765e-04
958              3.71811380e-02 -4.58502361e-01 1.26607733e-03 3.71732429e-02 -4.56500611e-01 1.83560235e-03 7.89506605e-06 -2.00174992e-03 -5.69525016e-04
959              3.71808999e-02 -4.58502307e-01 1.26567909e-03 3.71732429e-02 -4.56500611e-01 1.83560235e-03 7.65698064e-06 -2.00169602e-03 -5.69923259e-04
960              3.71592001e-02 -4.58495786e-01 1.26917588e-03 3.71512062e-02 -4.56494051e-01 1.83800533e-03 7.99396224e-06 -2.00173512e-03 -5.68829448e-04
961              3.71589928e-02 -4.58495722e-01 1.26890247e-03 3.71512062e-02 -4.56494051e-01 1.83800533e-03 7.78666079e-06 -2.00167187e-03 -5.69102861e-04
962              3.71384672e-02 -4.58487326e-01 1.27343368e-03 3.71304043e-02 -4.56485609e-01 1.84132556e-03 8.06286158e-06 -2.00171645e-03 -5.67891884e-04
963              3.71382983e-02 -4.58487255e-01 1.27288569e-03 3.71304043e-02 -4.56485609e-01 1.84132556e-03 7.89400903e-06 -2.00164586e-03 -5.68439870e-04
964              3.71214237e-02 -4.58478114e-01 1.27731172e-03 3.71131371e-02 -4.56476410e-01 1.84490012e-03 8.28655551e-06 -2.00170307e-03 -5.67588398e-04
965              3.71212566e-02 -4.58478037e-01 1.27687648e-03 3.71131371e-02 -4.56476410e-01 1.84490012e-03 8.11945232e-06 -2.00162611e-03 -5.68023637e-04
966              3.71214761e-02 -4.58478103e-01 1.27864427e-03 3.71131371e-02 -4.56476410e-01 1.84490012e-03 8.33901801e-06 -2.00169274e-03 -5.66255847e-04
967              3.70935244e-02 -4.58469412e-01 1.28119225e-03 3.70854867e-02 -4.56467766e-01 1.84896688e-03 8.03778794e-06 -2.00164579e-03 -5.67774637e-04
968              3.70938412e-02 -4.58469438e-01 1.28167665e-03 3.70854867e-02 -4.56467766e-01 1.84896688e-03 8.35455930e-06 -2.00167138e-03 -5.67290237e-04
969              3.70779217e-02 -4.58458356e-01 1.28469886e-03 3.70697684e-02 -4.56456751e-01 1.85222784e-03 8.15330069e-06 -2.00160503e-03 -5.67528986e-04
970              3.70780846e-02 -4.58458379e-01 1.28543551e-03 3.70697684e-02 -4.56456751e-01 1.85222784e-03 8.31619754e-06 -2.00162769e-03 -5.66792335e-04
971              3.70714942e-02 -4.58446193e-01 1.28895725e-03 3.70636557e-02 -4.56444579e-01 1.85540138e-03 7.83851861e-06 -2.00161410e-03 -5.66444130e-04
972              3.70718259e-02 -4.58446224e-01 1.28848021e-03 3.70636557e-02 -4.56444579e-01 1.85540138e-03 8.17023918e-06 -2.00164550e-03 -5.66921172e-04
973              3.70724852e-02 -4.58431697e-01 1.29159344e-03 3.70645960e-02 -4.56430073e-01 1.85793982e-03 7.88917336e-06 -2.00162475e-03 -5.66346381e-04
974              3.70726910e-02 -4.58431706e-01 1.29116738e-03 3.70645960e-02 -4.56430073e-01 1.85793982e-03 8.09499151e-06 -2.00163382e-03 -5.66772442e-04
975              3.70786063e-02 -4.58417884e-01 1.29345787e-03 3.70708183e-02 -4.56416276e-01 1.85964175e-03 7.78797365e-06 -2.00160809e-03 -5.66183877e-04
976              3.70789145e-02 -4.58417903e-01 1.29241674e-03 3.70708183e-02 -4.56416276e-01 1.85964175e-03 8.09616253e-06 -2.00162696e-03 -5.67225013e-04
977              3.70942758e-02 -4.58404509e-01 1.29475426e-03 3.70865258e-02 -4.56402907e-01 1.86080318e-03 7.75005162e-06 -2.00160211e-03 -5.66048918e-04
978              3.70945189e-02 -4.58404523e-01 1.29423007e-03 3.70865258e-02 -4.56402907e-01 1.86080318e-03 7.99312091e-06 -2.00161589e-03 -5.66573108e-04
979              3.70940802e-02 -4.58404507e-01 1.29580823e-03 3.70865258e-02 -4.56402907e-01 1.86080318e-03 7.55439545e-06 -2.00159927e-03 -5.64994944e-04
980              3.71121050e-02 -4.58394922e-01 1.29646576e-03 3.71041909e-02 -4.56393228e-01 1.86352331e-03 7.91404772e-06 -2.00169381e-03 -5.67057553e-04
981              3.71119078e-02 -4.58394864e-01 1.29706427e-03 3.71041909e-02 -4.56393228e-01 1.86352331e-03 7.71683585e-06 -2.00163604e-03 -5.66459047e-04
982              3.71362542e-02 -4.58386520e-01 1.29848371e-03 3.71283702e-02 -4.56384814e-01 1.86529703e-03 7.88402358e-06 -2.00170661e-03 -5.66813326e-04
983              3.71360176e-02 -4.58386458e-01 1.29913020e-03 3.71283702e-02 -4.56384814e-01 1.86529703e-03 7.64740526e-06 -2.00164464e-03 -5.66166836e-04
984              3.71615431e-02 -4.58381292e-01 1.30002436e-03 3.71537551e-02 -4.56379567e-01 1.86650838e-03 7.78794103e-06 -2.00172497e-03 -5.66484018e-04
985              3.71613661e-02 -4.58381248e-01 1.29999054e-03 3.71537551e-02 -4.56379567e-01 1.86650838e-03 7.61093828e-06 -2.00168118e-03 -5.66517831e-04
986              3.71915812e-02 -4.58378496e-01 1.30096854e-03 3.71838322e-02 -4.56376751e-01 1.86722025e-03 7.74900342e-06 -2.00174505e-03 -5.66251712e-04
987              3.71913638e-02 -4.58378464e-01 1.30101086e-03 3.71838322e-02 -4.56376751e-01 1.86722025e-03 7.53156011e-06 -2.00171275e-03 -5.66209391e-04
988              3.72208489e-02 -4.58377906e-01 1.30108649e-03 3.72130913e-02 -4.56376121e-01 1.86759434e-03 7.75758973e-06 -2.00178503e-03 -5.66507849e-04
989              3.72206544e-02 -4.58377876e-01 1.30098876e-03 3.72130913e-02 -4.56376121e-01 1.86759434e-03 7.56313382e-06 -2.00175435e-03 -5.66605580e-04
990              3.72468631e-02 -4.58380529e-01 1.30120971e-03 3.72391162e-02 -4.56378726e-01 1.86740099e-03 7.74690752e-06 -2.00180382e-03 -5.66191286e-04
991              3.72706800e-02 -4.58385349e-01 1.30028800e-03 3.72632439e-02 -4.56383552e-01 1.86680777e-03 7.43605678e-06 -2.00179619e-03 -5.66519769e-04
992              3.72710226e-02 -4.58385376e-01 1.30018901e-03 3.72632439e-02 -4.56383552e-01 1.86680777e-03 7.77869190e-06 -2.00182384e-03 -5.66618764e-04
993              3.72909132e-02 -4.58392893e-01 1.29825028e-03 3.72834597e-02 -4.56391072e-01 1.86544085e-03 7.45351977e-06 -2.00182052e-03 -5.67190564e-04
994              3.72911734e-02 -4.58392902e-01 1.29899022e-03 3.72834597e-02 -4.56391072e-01 1.86544085e-03 7.71370372e-06 -2.00183003e-03 -5.66450633e-04
995              3.73057995e-02 -4.58402759e-01 1.29709594e-03 3.72983162e-02 -4.56400943e-01 1.86415909e-03 7.48328845e-06 -2.00181667e-03 -5.67063156e-04
996              3.73061509e-02 -4.58402779e-01 1.29711231e-03 3.72983162e-02 -4.56400943e-01 1.86415909e-03 7.83471457e-06 -2.00183593e-03 -5.67046788e-04
997              3.73166778e-02 -4.58414760e-01 1.29530485e-03 3.73092508e-02 -4.56412935e-01 1.86240260e-03 7.42702222e-06 -2.00182477e-03 -5.67097749e-04
998              3.73170612e-02 -4.58414782e-01 1.29546905e-03 3.73092508e-02 -4.56412935e-01 1.86240260e-03 7.81046401e-06 -2.00184722e-03 -5.66933549e-04
999              3.73205800e-02 -4.58429232e-01 1.29319538e-03 3.73130323e-02 -4.56427408e-01 1.85992061e-03 7.54776304e-06 -2.00182406e-03 -5.66725233e-04
1000             3.73209954e-02 -4.58429269e-01 1.29258762e-03 3.73130323e-02 -4.56427408e-01 1.85992061e-03 7.96317165e-06 -2.00186101e-03 -5.67332995e-04
1001             3.73206873e-02 -4.58429252e-01 1.29319691e-03 3.73130323e-02 -4.56427408e-01 1.85992061e-03 7.65502873e-06 -2.00184439e-03 -5.66723707e-04
1002             3.73142383e-02 -4.58446972e-01 1.28905402e-03 3.73063642e-02 -4.56445105e-01 1.85698434e-03 7.87406738e-06 -2.00186689e-03 -5.67930318e-04
1003             3.73137671e-02 -4.58446963e-01 1.28962942e-03 3.73063642e-02 -4.56445105e-01 1.85698434e-03 7.40288489e-06 -2.00185760e-03 -5.67354917e-04
1004             3.73090359e-02 -4.58466095e-01 1.28698094e-03 3.73014437e-02 -4.56464226e-01 1.85539879e-03 7.59219892e-06 -2.00186893e-03 -5.68417847e-04
1005             3.73088059e-02 -4.58466079e-01 1.28781489e-03 3.73014437e-02 -4.56464226e-01 1.85539879e-03 7.36217629e-06 -2.00185269e-03 -5.67583895e-04
1006             3.72983372e-02 -4.58485591e-01 1.28545586e-03 3.72905922e-02 -4.56483722e-01 1.85381984e-03 7.74501487e-06 -2.00186924e-03 -5.68363977e-04
1007             3.72979310e-02 -4.58485596e-01 1.28582900e-03 3.72905922e-02 -4.56483722e-01 1.85381984e-03 7.33874451e-06 -2.00187407e-03 -5.67990835e-04
1008             3.72820965e-02 -4.58505713e-01 1.28295395e-03 3.72743914e-02 -4.56503828e-01 1.85272054e-03 7.70508256e-06 -2.00188445e-03 -5.69766583e-04
1009             3.72816917e-02 -4.58505698e-01 1.28379655e-03 3.72743914e-02 -4.56503828e-01 1.85272054e-03 7.30036220e-06 -2.00186989e-03 -5.68923985e-04
1010             3.72637152e-02 -4.58525622e-01 1.28309341e-03 3.72561794e-02 -4.56523751e-01 1.85295447e-03 7.53580248e-06 -2.00187077e-03 -5.69861061e-04
1011             3.72633569e-02 -4.58525610e-01 1.28407754e-03 3.72561794e-02 -4.56523751e-01 1.85295447e-03 7.17747468e-06 -2.00185891e-03 -5.68876932e-04
1012             3.72430035e-02 -4.58545455e-01 1.28392820e-03 3.72354771e-02 -4.56543584e-01 1.85437488e-03 7.52640527e-06 -2.00187052e-03 -5.70446686e-04
1013             3.72273802e-02 -4.58557519e-01 1.28576136e-03 3.72200509e-02 -4.56555741e-01 1.85528935e-03 7.32936900e-06 -2.00177837e-03 -5.69527989e-04
1014             3.72274848e-02 -4.58557554e-01 1.28541103e-03 3.72200509e-02 -4.56555741e-01 1.85528935e-03 7.43390894e-06 -2.00181278e-03 -5.69878325e-04
1015             3.72097743e-02 -4.58567432e-01 1.28794994e-03 3.72025471e-02 -4.56565684e-01 1.85736249e-03 7.22722931e-06 -2.00174788e-03 -5.69412548e-04
1016             3.72100537e-02 -4.58567460e-01 1.28756481e-03 3.72025471e-02 -4.56565684e-01 1.85736249e-03 7.50661944e-06 -2.00177595e-03 -5.69797676e-04
1017             3.71933844e-02 -4.58574742e-01 1.29038275e-03 3.71860555e-02 -4.56573017e-01 1.85993328e-03 7.32892221e-06 -2.00172577e-03 -5.69550538e-04
1018             3.71935866e-02 -4.58574756e-01 1.29094838e-03 3.71860555e-02 -4.56573017e-01 1.85993328e-03 7.53111822e-06 -2.00173947e-03 -5.68984903e-04
1019             3.71748323e-02 -4.58578172e-01 1.29377922e-03 3.71676059e-02 -4.56576466e-01 1.86254846e-03 7.22641113e-06 -2.00170555e-03 -5.68769238e-04
1020             3.71751681e-02 -4.58578199e-01 1.29350260e-03 3.71676059e-02 -4.56576466e-01 1.86254846e-03 7.56224601e-06 -2.00173278e-03 -5.69045862e-04
1021             3.71572151e-02 -4.58577026e-01 1.29663664e-03 3.71498351e-02 -4.56575333e-01 1.86517694e-03 7.38006640e-06 -2.00169257e-03 -5.68540299e-04
1022             3.71574275e-02 -4.58577038e-01 1.29640377e-03 3.71498351e-02 -4.56575333e-01 1.86517694e-03 7.59238820e-06 -2.00170464e-03 -5.68773172e-04
1023             3.71569642e-02 -4.58577004e-01 1.29792017e-03 3.71498351e-02 -4.56575333e-01 1.86517694e-03 7.12907870e-06 -2.00167035e-03 -5.67256764e-04
1024             3.71391309e-02 -4.58575761e-01 1.30053175e-03 3.71314460e-02 -4.56574036e-01 1.86954286e-03 7.68490507e-06 -2.00172416e-03 -5.69011109e-04
1025             3.71388238e-02 -4.58575711e-01 1.30112658e-03 3.71314460e-02 -4.56574036e-01 1.86954286e-03 7.37781931e-06 -2.00167457e-03 -5.68416281e-04
1026             3.71242310e-02 -4.58569417e-01 1.30444510e-03 3.71166058e-02 -4.56567703e-01 1.87311998e-03 7.62514717e-06 -2.00171344e-03 -5.68674883e-04
1027             3.71238996e-02 -4.58569348e-01 1.30541702e-03 3.71166058e-02 -4.56567703e-01 1.87311998e-03 7.29375768e-06 -2.00164442e-03 -5.67702966e-04
1028             3.71159670e-02 -4.58560107e-01 1.30851411e-03 3.71083208e-02 -4.56558400e-01 1.87747296e-03 7.64611519e-06 -2.00170776e-03 -5.68958854e-04
1029             3.71157473e-02 -4.58560048e-01 1.30955224e-03 3.71083208e-02 -4.56558400e-01 1.87747296e-03 7.42651043e-06 -2.00164868e-03 -5.67920720e-04
1030             3.71119368e-02 -4.58548700e-01 1.31338744e-03 3.71041999e-02 -4.56546983e-01 1.88209221e-03 7.73687142e-06 -2.00171662e-03 -5.68704768e-04
1031             3.71116176e-02 -4.58548638e-01 1.31438799e-03 3.71041999e-02 -4.56546983e-01 1.88209221e-03 7.41771117e-06 -2.00165465e-03 -5.67704222e-04
1032             3.71128004e-02 -4.58537141e-01 1.31806900e-03 3.71050950e-02 -4.56535408e-01 1.88715273e-03 7.70530813e-06 -2.00173337e-03 -5.69083731e-04
1033             3.71125518e-02 -4.58537088e-01 1.31938720e-03 3.71050950e-02 -4.56535408e-01 1.88715273e-03 7.45676619e-06 -2.00167984e-03 -5.67765524e-04
1034             3.71127936e-02 -4.58537169e-01 1.31746176e-03 3.71050950e-02 -4.56535408e-01 1.88715273e-03 7.69856615e-06 -2.00176107e-03 -5.69690967e-04
1035             3.71246084e-02 -4.58519980e-01 1.32272845e-03 3.71171621e-02 -4.56518322e-01 1.89035139e-03 7.44628957e-06 -2.00165843e-03 -5.67622945e-04
1036             3.71248776e-02 -4.58520023e-01 1.32234900e-03 3.71171621e-02 -4.56518322e-01 1.89035139e-03 7.71547150e-06 -2.00170134e-03 -5.68002394e-04
1037             3.71358398e-02 -4.58501866e-01 1.32526034e-03 3.71284815e-02 -4.56500157e-01 1.89273950e-03 7.35824999e-06 -2.00170940e-03 -5.67479163e-04
1038             3.71361157e-02 -4.58501887e-01 1.32529213e-03 3.71284815e-02 -4.56500157e-01 1.89273950e-03 7.63420929e-06 -2.00172985e-03 -5.67447370e-04
1039             3.71519865e-02 -4.58482310e-01 1.32725708e-03 3.71446238e-02 -4.56480595e-01 1.89471068e-03 7.36261635e-06 -2.00171567e-03 -5.67453609e-04
1040             3.71523571e-02 -4.58482317e-01 1.32694275e-03 3.71446238e-02 -4.56480595e-01 1.89471068e-03 7.73329861e-06 -2.00172194e-03 -5.67767937e-04
1041             3.71710486e-02 -4.58462253e-01 1.32837177e-03 3.71636819e-02 -4.56460524e-01 1.89600850e-03 7.36673854e-06 -2.00172982e-03 -5.67636728e-04
1042             3.71713251e-02 -4.58462260e-01 1.32860070e-03 3.71636819e-02 -4.56460524e-01 1.89600850e-03 7.64321194e-06 -2.00173680e-03 -5.67407791e-04
1043             3.71921249e-02 -4.58442524e-01 1.32905396e-03 3.71847834e-02 -4.56440773e-01 1.89658547e-03 7.34150946e-06 -2.00175035e-03 -5.67531509e-04
1044             3.71924897e-02 -4.58442531e-01 1.32875259e-03 3.71847834e-02 -4.56440773e-01 1.89658547e-03 7.70630827e-06 -2.00175725e-03 -5.67832875e-04
1045             3.72137625e-02 -4.58423464e-01 1.32877617e-03 3.72063994e-02 -4.56421699e-01 1.89623036e-03 7.36312054e-06 -2.00176526e-03 -5.67454190e-04
1046             3.72141150e-02 -4.58423466e-01 1.32854119e-03 3.72063994e-02 -4.56421699e-01 1.89623036e-03 7.71562078e-06 -2.00176752e-03 -5.67689173e-04
1047             3.72137698e-02 -4.58423463e-01 1.32930264e-03 3.72063994e-02 -4.56421699e-01 1.89623036e-03 7.37039237e-06 -2.00176409e-03 -5.66927722e-04
1048             3.72342414e-02 -4.58408311e-01 1.32833128e-03 3.72265732e-02 -4.56406488e-01 1.89657328e-03 7.66814719e-06 -2.00182340e-03 -5.68242008e-04
1049             3.72340035e-02 -4.58408288e-01 1.32913259e-03 3.72265732e-02 -4.56406488e-01 1.89657328e-03 7.43027068e-06 -2.00179951e-03 -5.67440689e-04
1050             3.72506027e-02 -4.58398046e-01 1.32777023e-03 3.72429039e-02 -4.56396211e-01 1.89609782e-03 7.69884256e-06 -2.00183422e-03 -5.68327586e-04
1051             3.72502924e-02 -4.58398022e-01 1.32802252e-03 3.72429039e-02 -4.56396211e-01 1.89609782e-03 7.38853674e-06 -2.00181034e-03 -5.68075291e-04
1052             3.72669922e-02 -4.58392639e-01 1.32524854e-03 3.72594397e-02 -4.56390777e-01 1.89432998e-03 7.55245817e-06 -2.00186110e-03 -5.69081438e-04
1053             3.72667249e-02 -4.58392623e-01 1.32578761e-03 3.72594397e-02 -4.56390777e-01 1.89432998e-03 7.28515701e-06 -2.00184520e-03 -5.68542372e-04
1054             3.72849483e-02 -4.58392212e-01 1.32338828e-03 3.72776236e-02 -4.56390329e-01 1.89247691e-03 7.32470012e-06 -2.00188287e-03 -5.69088622e-04
1055             3.72847224e-02 -4.58392187e-01 1.32390219e-03 3.72776236e-02 -4.56390329e-01 1.89247691e-03 7.09874980e-06 -2.00185795e-03 -5.68574720e-04
1056             3.72989622e-02 -4.58396168e-01 1.32132175e-03 3.72916624e-02 -4.56394265e-01 1.89068791e-03 7.29985811e-06 -2.00190364e-03 -5.69366159e-04
1057             3.72987598e-02 -4.58396146e-01 1.32154241e-03 3.72916624e-02 -4.56394265e-01 1.89068791e-03 7.09738994e-06 -2.00188117e-03 -5.69145502e-04
1058             3.73080897e-02 -4.58403706e-01 1.31983437e-03 3.73008733e-02 -4.56401789e-01 1.88942329e-03 7.21645869e-06 -2.00191746e-03 -5.69588914e-04
1059             3.73178310e-02 -4.58410356e-01 1.31856440e-03 3.73107005e-02 -4.56408514e-01 1.88782228e-03 7.13053840e-06 -2.00184184e-03 -5.69257875e-04
1060             3.73180950e-02 -4.58410390e-01 1.31777954e-03 3.73107005e-02 -4.56408514e-01 1.88782228e-03 7.39451069e-06 -2.00187580e-03 -5.70042744e-04
1061             3.73225173e-02 -4.58420230e-01 1.31745741e-03 3.73154441e-02 -4.56418398e-01 1.88699996e-03 7.07315090e-06 -2.00183155e-03 -5.69542554e-04
1062             3.73228060e-02 -4.58420255e-01 1.31792437e-03 3.73154441e-02 -4.56418398e-01 1.88699996e-03 7.36185757e-06 -2.00185667e-03 -5.69075589e-04
1063             3.73221332e-02 -4.58432202e-01 1.31744494e-03 3.73148186e-02 -4.56430385e-01 1.88704870e-03 7.31459320e-06 -2.00181742e-03 -5.69603759e-04
1064             3.73225216e-02 -4.58432225e-01 1.31763897e-03 3.73148186e-02 -4.56430385e-01 1.88704870e-03 7.70298745e-06 -2.00184065e-03 -5.69409728e-04
1065             3.73155793e-02 -4.58444694e-01 1.31791525e-03 3.73080478e-02 -4.56442881e-01 1.88746974e-03 7.53154503e-06 -2.00181296e-03 -5.69554493e-04
1066             3.73158759e-02 -4.58444706e-01 1.31851202e-03 3.73080478e-02 -4.56442881e-01 1.88746974e-03 7.82814585e-06 -2.00182563e-03 -5.68957726e-04
1067             3.73059883e-02 -4.58457293e-01 1.31827374e-03 3.72981952e-02 -4.56455506e-01 1.88814355e-03 7.79313908e-06 -2.00178693e-03 -5.69869810e-04
1068             3.73065356e-02 -4.58457302e-01 1.31802459e-03 3.72981952e-02 -4.56455506e-01 1.88814355e-03 8.34044501e-06 -2.00179621e-03 -5.70118956e-04
1069             3.72921265e-02 -4.58469985e-01 1.32119315e-03 3.72843072e-02 -4.56468250e-01 1.88939936e-03 7.81925248e-06 -2.00173446e-03 -5.68206207e-04
1070             3.72926159e-02 -4.58469991e-01 1.32213554e-03 3.72843072e-02 -4.56468250e-01 1.88939936e-03 8.30867631e-06 -2.00174067e-03 -5.67263821e-04
1071             3.72664382e-02 -4.58483271e-01 1.31912365e-03 3.72583904e-02 -4.56481583e-01 1.88658356e-03 8.04784571e-06 -2.00168747e-03 -5.67459916e-04
1072             3.72482324e-02 -4.58495146e-01 1.31283320e-03 3.72398050e-02 -4.56493423e-01 1.88283779e-03 8.42738160e-06 -2.00172332e-03 -5.70004586e-04
1073             3.72480408e-02 -4.58495096e-01 1.31352735e-03 3.72398050e-02 -4.56493423e-01 1.88283779e-03 8.23581233e-06 -2.00167316e-03 -5.69310430e-04
1074             3.72337874e-02 -4.58508235e-01 1.31193176e-03 3.72257876e-02 -4.56506507e-01 1.88127940e-03 7.99979957e-06 -2.00172839e-03 -5.69347640e-04
1075             3.72335526e-02 -4.58508188e-01 1.31155417e-03 3.72257876e-02 -4.56506507e-01 1.88127940e-03 7.76499263e-06 -2.00168144e-03 -5.69725225e-04
1076             3.72226932e-02 -4.58519905e-01 1.30955543e-03 3.72146915e-02 -4.56518201e-01 1.87834944e-03 8.00171261e-06 -2.00170446e-03 -5.68794014e-04
1077             3.72224818e-02 -4.58519867e-01 1.30866393e-03 3.72146915e-02 -4.56518201e-01 1.87834944e-03 7.79032137e-06 -2.00166596e-03 -5.69685517e-04
1078             3.72113650e-02 -4.58530133e-01 1.30582698e-03 3.72034047e-02 -4.56528453e-01 1.87478038e-03 7.96026539e-06 -2.00168046e-03 -5.68953401e-04
1079             3.72110118e-02 -4.58530086e-01 1.30512089e-03 3.72034047e-02 -4.56528453e-01 1.87478038e-03 7.60703732e-06 -2.00163363e-03 -5.69659488e-04
1080             3.72033865e-02 -4.58537936e-01 1.30300323e-03 3.71955626e-02 -4.56536290e-01 1.87238026e-03 7.82384180e-06 -2.00164590e-03 -5.69377027e-04
1081             3.72032249e-02 -4.58537892e-01 1.30201100e-03 3.71955626e-02 -4.56536290e-01 1.87238026e-03 7.66231529e-06 -2.00160219e-03 -5.70369259e-04
1082             3.72031141e-02 -4.58537897e-01 1.30399948e-03 3.71955626e-02 -4.56536290e-01 1.87238026e-03 7.55148341e-06 -2.00160700e-03 -5.68380773e-04
1083             3.71912052e-02 -4.58546511e-01 1.30243302e-03 3.71835679e-02 -4.56544911e-01 1.87252747e-03 7.63726250e-06 -2.00160074e-03 -5.70094453e-04
1084             3.71915654e-02 -4.58546506e-01 1.30239809e-03 3.71835679e-02 -4.56544911e-01 1.87252747e-03 7.99747553e-06 -2.00159548e-03 -5.70129383e-04
1085             3.71852037e-02 -4.58550039e-01 1.30376578e-03 3.71775859e-02 -4.56548441e-01 1.87336064e-03 7.61779985e-06 -2.00159787e-03 -5.69594855e-04
1086             3.71852738e-02 -4.58550040e-01 1.30516283e-03 3.71775859e-02 -4.56548441e-01 1.87336064e-03 7.68789277e-06 -2.00159917e-03 -5.68197810e-04
1087             3.71841160e-02 -4.58550442e-01 1.30709187e-03 3.71767971e-02 -4.56548835e-01 1.87517899e-03 7.31890713e-06 -2.00160717e-03 -5.68087122e-04
1088             3.71845787e-02 -4.58550438e-01 1.30732730e-03 3.71767971e-02 -4.56548835e-01 1.87517899e-03 7.78165611e-06 -2.00160302e-03 -5.67851688e-04
1089             3.71849523e-02 -4.58547826e-01 1.30926203e-03 3.71771993e-02 -4.56546214e-01 1.87705278e-03 7.75300875e-06 -2.00161217e-03 -5.67790750e-04
1090             3.71851464e-02 -4.58547825e-01 1.31048171e-03 3.71771993e-02 -4.56546214e-01 1.87705278e-03 7.94711939e-06 -2.00161116e-03 -5.66571071e-04
1091             3.71845856e-02 -4.58547856e-01 1.30994428e-03 3.71771993e-02 -4.56546214e-01 1.87705278e-03 7.38632804e-06 -2.00164253e-03 -5.67108500e-04
1092             3.71954756e-02 -4.58540964e-01 1.31336518e-03 3.71876518e-02 -4.56539311e-01 1.88022369e-03 7.82377754e-06 -2.00165334e-03 -5.66858514e-04
1093             3.71954445e-02 -4.58540945e-01 1.31334251e-03 3.71876518e-02 -4.56539311e-01 1.88022369e-03 7.79272062e-06 -2.00163383e-03 -5.66881186e-04
1094             3.72066533e-02 -4.58530904e-01 1.31696696e-03 3.71988045e-02 -4.56529232e-01 1.88248490e-03 7.84876449e-06 -2.00167236e-03 -5.65517941e-04
1095             3.72064406e-02 -4.58530898e-01 1.31647397e-03 3.71988045e-02 -4.56529232e-01 1.88248490e-03 7.63615770e-06 -2.00166576e-03 -5.66010934e-04
1096             3.72179470e-02 -4.58518653e-01 1.31829988e-03 3.72099797e-02 -4.56516973e-01 1.88387867e-03 7.96735497e-06 -2.00168036e-03 -5.65578795e-04
1097             3.72178748e-02 -4.58518645e-01 1.31834654e-03 3.72099797e-02 -4.56516973e-01 1.88387867e-03 7.89507668e-06 -2.00167279e-03 -5.65532132e-04
1098             3.72267128e-02 -4.58505149e-01 1.31959490e-03 3.72186243e-02 -4.56503463e-01 1.88481770e-03 8.08843195e-06 -2.00168512e-03 -5.65222799e-04
1099             3.72266055e-02 -4.58505145e-01 1.31887142e-03 3.72186243e-02 -4.56503463e-01 1.88481770e-03 7.98121709e-06 -2.00168125e-03 -5.65946280e-04
1100             3.72347031e-02 -4.58490921e-01 1.31915140e-03 3.72264632e-02 -4.56489229e-01 1.88521703e-03 8.23987622e-06 -2.00169162e-03 -5.66065629e-04
1101             3.72346097e-02 -4.58490928e-01 1.31863197e-03 3.72264632e-02 -4.56489229e-01 1.88521703e-03 8.14646257e-06 -2.00169885e-03 -5.66585053e-04
1102             3.72415580e-02 -4.58476049e-01 1.31819865e-03 3.72333106e-02 -4.56474336e-01 1.88436101e-03 8.24748352e-06 -2.00171282e-03 -5.66162358e-04
1103             3.72448195e-02 -4.58464886e-01 1.31631787e-03 3.72370294e-02 -4.56463152e-01 1.88312213e-03 7.79016525e-06 -2.00173407e-03 -5.66804261e-04
1104             3.72451001e-02 -4.58464883e-01 1.31628934e-03 3.72370294e-02 -4.56463152e-01 1.88312213e-03 8.07071514e-06 -2.00173070e-03 -5.66832790e-04
1105             3.72500096e-02 -4.58451292e-01 1.31304894e-03 3.72423323e-02 -4.56449566e-01 1.88031254e-03 7.67723830e-06 -2.00172611e-03 -5.67263609e-04
1106             3.72502244e-02 -4.58451301e-01 1.31287612e-03 3.72423323e-02 -4.56449566e-01 1.88031254e-03 7.89204612e-06 -2.00173523e-03 -5.67436427e-04
1107             3.72549964e-02 -4.58437762e-01 1.30869061e-03 3.72474287e-02 -4.56436040e-01 1.87661495e-03 7.56766640e-06 -2.00172200e-03 -5.67924346e-04
1108             3.72552370e-02 -4.58437786e-01 1.30790040e-03 3.72474287e-02 -4.56436040e-01 1.87661495e-03 7.80831829e-06 -2.00174595e-03 -5.68714551e-04
1109             3.72579657e-02 -4.58424556e-01 1.30473844e-03 3.72504633e-02 -4.56422833e-01 1.87320652e-03 7.50243515e-06 -2.00172261e-03 -5.68468082e-04
1110             3.72581766e-02 -4.58424585e-01 1.30403393e-03 3.72504633e-02 -4.56422833e-01 1.87320652e-03 7.71332341e-06 -2.00175234e-03 -5.69172587e-04
1111             3.72599150e-02 -4.58412948e-01 1.30058988e-03 3.72524799e-02 -4.56411231e-01 1.86935890e-03 7.43508663e-06 -2.00171646e-03 -5.68769018e-04
1112             3.72601986e-02 -4.58412994e-01 1.29946748e-03 3.72524799e-02 -4.56411231e-01 1.86935890e-03 7.71869458e-06 -2.00176254e-03 -5.69891414e-04
1113             3.72598759e-02 -4.58403898e-01 1.29614321e-03 3.72524417e-02 -4.56402181e-01 1.86498251e-03 7.43420637e-06 -2.00171714e-03 -5.68839299e-04
1114             3.72600665e-02 -4.58403935e-01 1.29538508e-03 3.72524417e-02 -4.56402181e-01 1.86498251e-03 7.62488623e-06 -2.00175414e-03 -5.69597436e-04
1115             3.72595237e-02 -4.58403899e-01 1.29739670e-03 3.72524417e-02 -4.56402181e-01 1.86498251e-03 7.08209459e-06 -2.00171781e-03 -5.67585816e-04
1116             3.72561946e-02 -4.58399589e-01 1.29234354e-03 3.72486092e-02 -4.56397826e-01 1.86240991e-03 7.58538850e-06 -2.00176302e-03 -5.70066375e-04
1117             3.72559828e-02 -4.58399534e-01 1.29326551e-03 3.72486092e-02 -4.56397826e-01 1.86240991e-03 7.37354720e-06 -2.00170870e-03 -5.69144400e-04
1118             3.72521629e-02 -4.58397722e-01 1.29003067e-03 3.72445851e-02 -4.56395978e-01 1.85972606e-03 7.57779971e-06 -2.00174377e-03 -5.69695387e-04
1119             3.72518643e-02 -4.58397660e-01 1.29055121e-03 3.72445851e-02 -4.56395978e-01 1.85972606e-03 7.27919331e-06 -2.00168197e-03 -5.69174851e-04
1120             3.72473859e-02 -4.58399334e-01 1.28713824e-03 3.72398065e-02 -4.56397599e-01 1.85671230e-03 7.57939575e-06 -2.00173496e-03 -5.69574059e-04
1121             3.72471628e-02 -4.58399291e-01 1.28753067e-03 3.72398065e-02 -4.56397599e-01 1.85671230e-03 7.35626419e-06 -2.00169172e-03 -5.69181626e-04
1122             3.72402538e-02 -4.58403729e-01 1.28495305e-03 3.72325947e-02 -4.56402006e-01 1.85405462e-03 7.65913848e-06 -2.00172272e-03 -5.69101574e-04
1123             3.72399919e-02 -4.58403683e-01 1.28497460e-03 3.72325947e-02 -4.56402006e-01 1.85405462e-03 7.39725176e-06 -2.00167669e-03 -5.69080021e-04
1124             3.72306484e-02 -4.58410289e-01 1.28313514e-03 3.72229010e-02 -4.56408579e-01 1.85215419e-03 7.74737052e-06 -2.00171012e-03 -5.69019055e-04
1125             3.72303847e-02 -4.58410251e-01 1.28324408e-03 3.72229010e-02 -4.56408579e-01 1.85215419e-03 7.48374253e-06 -2.00167285e-03 -5.68910115e-04
1126             3.72190094e-02 -4.58418949e-01 1.28257399e-03 3.72112395e-02 -4.56417248e-01 1.85100005e-03 7.76996173e-06 -2.00170036e-03 -5.68426069e-04
1127             3.72186759e-02 -4.58418913e-01 1.28274473e-03 3.72112395e-02 -4.56417248e-01 1.85100005e-03 7.43647838e-06 -2.00166494e-03 -5.68255324e-04
1128             3.72191554e-02 -4.58418943e-01 1.28179593e-03 3.72112395e-02 -4.56417248e-01 1.85100005e-03 7.91599022e-06 -2.00169470e-03 -5.69204128e-04
1129             3.72037269e-02 -4.58427654e-01 1.28066024e-03 3.71960988e-02 -4.56426020e-01 1.84880823e-03 7.62805331e-06 -2.00163441e-03 -5.68147985e-04
1130             3.72039718e-02 -4.58427678e-01 1.28093420e-03 3.71960988e-02 -4.56426020e-01 1.84880823e-03 7.87301605e-06 -2.00165774e-03 -5.67874025e-04
1131             3.71871543e-02 -4.58435932e-01 1.28046922e-03 3.71795176e-02 -4.56434310e-01 1.84778059e-03 7.63674118e-06 -2.00162263e-03 -5.67311364e-04
1132             3.71874341e-02 -4.58435960e-01 1.27966670e-03 3.71795176e-02 -4.56434310e-01 1.84778059e-03 7.91654847e-06 -2.00165058e-03 -5.68113883e-04
1133             3.71708348e-02 -4.58443619e-01 1.27994925e-03 3.71631057e-02 -4.56442021e-01 1.84723418e-03 7.72913050e-06 -2.00159860e-03 -5.67284932e-04
1134             3.71710234e-02 -4.58443631e-01 1.27974604e-03 3.71631057e-02 -4.56442021e-01 1.84723418e-03 7.91765560e-06 -2.00160985e-03 -5.67488142e-04
1135             3.71559900e-02 -4.58450922e-01 1.28021652e-03 3.71483010e-02 -4.56449345e-01 1.84707888e-03 7.68898673e-06 -2.00157626e-03 -5.66862354e-04
1136             3.71563231e-02 -4.58450936e-01 1.27943561e-03 3.71483010e-02 -4.56449345e-01 1.84707888e-03 8.02208691e-06 -2.00159095e-03 -5.67643263e-04
1137             3.71413030e-02 -4.58457796e-01 1.28037636e-03 3.71334467e-02 -4.56456232e-01 1.84724681e-03 7.85626641e-06 -2.00156455e-03 -5.66870449e-04
1138             3.71276728e-02 -4.58465328e-01 1.28177056e-03 3.71196842e-02 -4.56463732e-01 1.84868162e-03 7.98861442e-06 -2.00159533e-03 -5.66911053e-04
1139             3.71274107e-02 -4.58465285e-01 1.28229520e-03 3.71196842e-02 -4.56463732e-01 1.84868162e-03 7.72656836e-06 -2.00155271e-03 -5.66386413e-04
1140             3.71168390e-02 -4.58471177e-01 1.28336348e-03 3.71087550e-02 -4.56469581e-01 1.85009423e-03 8.08400778e-06 -2.00159569e-03 -5.66730750e-04
1141             3.71165602e-02 -4.58471150e-01 1.28282025e-03 3.71087550e-02 -4.56469581e-01 1.85009423e-03 7.80520434e-06 -2.00156899e-03 -5.67273980e-04
1142             3.71127603e-02 -4.58474921e-01 1.28454944e-03 3.71048747e-02 -4.56473330e-01 1.85079896e-03 7.88561114e-06 -2.00159080e-03 -5.66249517e-04
1143             3.71125234e-02 -4.58474894e-01 1.28334154e-03 3.71048747e-02 -4.56473330e-01 1.85079896e-03 7.64867606e-06 -2.00156318e-03 -5.67457422e-04
1144             3.71141952e-02 -4.58477170e-01 1.28451300e-03 3.71063562e-02 -4.56475580e-01 1.85116039e-03 7.83898072e-06 -2.00159041e-03 -5.66647393e-04
1145             3.71139238e-02 -4.58477141e-01 1.28349941e-03 3.71063562e-02 -4.56475580e-01 1.85116039e-03 7.56760625e-06 -2.00156126e-03 -5.67660982e-04
1146             3.71194550e-02 -4.58477620e-01 1.28583749e-03 3.71117608e-02 -4.56476045e-01 1.85213017e-03 7.69422278e-06 -2.00157498e-03 -5.66292673e-04
1147             3.71191872e-02 -4.58477591e-01 1.28458399e-03 3.71117608e-02 -4.56476045e-01 1.85213017e-03 7.42634895e-06 -2.00154571e-03 -5.67546173e-04
1148             3.71191750e-02 -4.58477613e-01 1.28619652e-03 3.71117608e-02 -4.56476045e-01 1.85213017e-03 7.41417417e-06 -2.00156797e-03 -5.65933651e-04
1149             3.71233642e-02 -4.58479543e-01 1.28767762e-03 3.71159971e-02 -4.56478001e-01 1.85508060e-03 7.36709069e-06 -2.00154232e-03 -5.67402978e-04
1150             3.71235813e-02 -4.58479565e-01 1.28783538e-03 3.71159971e-02 -4.56478001e-01 1.85508060e-03 7.58422627e-06 -2.00156440e-03 -5.67245217e-04
1151             3.71357717e-02 -4.58479731e-01 1.29035573e-03 3.71285428e-02 -4.56478197e-01 1.85773493e-03 7.22890571e-06 -2.00153377e-03 -5.67379191e-04
1152             3.71360826e-02 -4.58479755e-01 1.29078732e-03 3.71285428e-02 -4.56478197e-01 1.85773493e-03 7.53976670e-06 -2.00155812e-03 -5.66947608e-04
1153             3.71498936e-02 -4.58477513e-01 1.29431911e-03 3.71426972e-02 -4.56475972e-01 1.86097589e-03 7.19633724e-06 -2.00154054e-03 -5.66656774e-04
1154             3.71502139e-02 -4.58477547e-01 1.29460899e-03 3.71426972e-02 -4.56475972e-01 1.86097589e-03 7.51665466e-06 -2.00157482e-03 -5.66366897e-04
1155             3.71634399e-02 -4.58474466e-01 1.29746474e-03 3.71561044e-02 -4.56472917e-01 1.86363340e-03 7.33549544e-06 -2.00154864e-03 -5.66168655e-04
1156             3.71637121e-02 -4.58474518e-01 1.29714820e-03 3.71561044e-02 -4.56472917e-01 1.86363340e-03 7.60769252e-06 -2.00160072e-03 -5.66485197e-04
1157             3.71797598e-02 -4.58470481e-01 1.29950470e-03 3.71726130e-02 -4.56468910e-01 1.86551169e-03 7.14674099e-06 -2.00157164e-03 -5.66006995e-04
1158             3.71800672e-02 -4.58470528e-01 1.29940569e-03 3.71726130e-02 -4.56468910e-01 1.86551169e-03 7.45411778e-06 -2.00161809e-03 -5.66106004e-04
1159             3.71973127e-02 -4.58466232e-01 1.30053846e-03 3.71901842e-02 -4.56464653e-01 1.86641541e-03 7.12841969e-06 -2.00157867e-03 -5.65876944e-04
1160             3.72138862e-02 -4.58462130e-01 1.29928462e-03 3.72064051e-02 -4.56460484e-01 1.86564981e-03 7.48112493e-06 -2.00164552e-03 -5.66365193e-04
1161             3.72136850e-02 -4.58462119e-01 1.29890805e-03 3.72064051e-02 -4.56460484e-01 1.86564981e-03 7.27993651e-06 -2.00163421e-03 -5.66741754e-04
1162             3.72337715e-02 -4.58458886e-01 1.29810673e-03 3.72264367e-02 -4.56457193e-01 1.86451247e-03 7.33481450e-06 -2.00169233e-03 -5.66405741e-04
1163             3.72336692e-02 -4.58458857e-01 1.29785689e-03 3.72264367e-02 -4.56457193e-01 1.86451247e-03 7.23250684e-06 -2.00166392e-03 -5.66655585e-04
1164             3.72503547e-02 -4.58456900e-01 1.29580648e-03 3.72427890e-02 -4.56455176e-01 1.86344468e-03 7.56565643e-06 -2.00172333e-03 -5.67638203e-04
1165             3.72501744e-02 -4.58456862e-01 1.29531604e-03 3.72427890e-02 -4.56455176e-01 1.86344468e-03 7.38536412e-06 -2.00168508e-03 -5.68128644e-04
1166             3.72651814e-02 -4.58454654e-01 1.29443814e-03 3.72576071e-02 -4.56452910e-01 1.86327942e-03 7.57427563e-06 -2.00174338e-03 -5.68841283e-04
1167             3.72652274e-02 -4.58454608e-01 1.29401230e-03 3.72576071e-02 -4.56452910e-01 1.86327942e-03 7.62029649e-06 -2.00169803e-03 -5.69267124e-04
1168             3.72748861e-02 -4.58452555e-01 1.29691946e-03 3.72670890e-02 -4.56450823e-01 1.86483731e-03 7.79714890e-06 -2.00173174e-03 -5.67917846e-04
1169             3.72748512e-02 -4.58452519e-01 1.29705891e-03 3.72670890e-02 -4.56450823e-01 1.86483731e-03 7.76220814e-06 -2.00169585e-03 -5.67778395e-04
1170             3.72654607e-02 -4.58452058e-01 1.29403255e-03 3.72574039e-02 -4.56450340e-01 1.86173579e-03 8.05677375e-06 -2.00171819e-03 -5.67703240e-04
1171             3.72589471e-02 -4.58451869e-01 1.28745199e-03 3.72512849e-02 -4.56450151e-01 1.85757370e-03 7.66224211e-06 -2.00171805e-03 -5.70121711e-04
1172             3.72592082e-02 -4.58451896e-01 1.28716609e-03 3.72512849e-02 -4.56450151e-01 1.85757370e-03 7.92330414e-06 -2.00174490e-03 -5.70407607e-04
1173             3.72562048e-02 -4.58451978e-01 1.28403366e-03 3.72491765e-02 -4.56450240e-01 1.85502857e-03 7.02829203e-06 -2.00173782e-03 -5.70994908e-04
1174             3.72565385e-02 -4.58451984e-01 1.28449188e-03 3.72491765e-02 -4.56450240e-01 1.85502857e-03 7.36201980e-06 -2.00174326e-03 -5.70536684e-04
1175             3.72523580e-02 -4.58450461e-01 1.28249632e-03 3.72453759e-02 -4.56448753e-01 1.85214879e-03 6.98214155e-06 -2.00170855e-03 -5.69652472e-04
1176             3.72527189e-02 -4.58450484e-01 1.28150366e-03 3.72453759e-02 -4.56448753e-01 1.85214879e-03 7.34308678e-06 -2.00173118e-03 -5.70645136e-04
1177             3.72435098e-02 -4.58449428e-01 1.27751403e-03 3.72363774e-02 -4.56447733e-01 1.84798507e-03 7.13243442e-06 -2.00169477e-03 -5.70471039e-04
1178             3.72436286e-02 -4.58449462e-01 1.27692148e-03 3.72363774e-02 -4.56447733e-01 1.84798507e-03 7.25116243e-06 -2.00172897e-03 -5.71063592e-04
1179             3.72431440e-02 -4.58449447e-01 1.27772833e-03 3.72363774e-02 -4.56447733e-01 1.84798507e-03 6.76663020e-06 -2.00171388e-03 -5.70256742e-04
1180             3.72280301e-02 -4.58453942e-01 1.27342965e-03 3.72204947e-02 -4.56452196e-01 1.84615570e-03 7.53542146e-06 -2.00174566e-03 -5.72726056e-04
1181             3.72278602e-02 -4.58453899e-01 1.27419992e-03 3.72204947e-02 -4.56452196e-01 1.84615570e-03 7.36546579e-06 -2.00170285e-03 -5.71955786e-04
1182             3.72133750e-02 -4.58457168e-01 1.27300335e-03 3.72059430e-02 -4.56455428e-01 1.84539870e-03 7.43197177e-06 -2.00173924e-03 -5.72395348e-04
1183             3.72131291e-02 -4.58457109e-01 1.27400039e-03 3.72059430e-02 -4.56455428e-01 1.84539870e-03 7.18608777e-06 -2.00168109e-03 -5.71398311e-04
1184             3.71974093e-02 -4.58461476e-01 1.27321282e-03 3.71900487e-02 -4.56459751e-01 1.84483030e-03 7.36062086e-06 -2.00172535e-03 -5.71617475e-04
1185             3.71971429e-02 -4.58461430e-01 1.27375229e-03 3.71900487e-02 -4.56459751e-01 1.84483030e-03 7.09419325e-06 -2.00167890e-03 -5.71078003e-04
1186             3.71806846e-02 -4.58466684e-01 1.27398691e-03 3.71732865e-02 -4.56464972e-01 1.84502887e-03 7.39815233e-06 -2.00171169e-03 -5.71041959e-04
1187             3.71804727e-02 -4.58466630e-01 1.27509144e-03 3.71732865e-02 -4.56464972e-01 1.84502887e-03 7.18615636e-06 -2.00165840e-03 -5.69937431e-04
1188             3.71654476e-02 -4.58472645e-01 1.27719966e-03 3.71580468e-02 -4.56470930e-01 1.84783282e-03 7.40081214e-06 -2.00171573e-03 -5.70633156e-04
1189             3.71553408e-02 -4.58475372e-01 1.28076375e-03 3.71479430e-02 -4.56473745e-01 1.85056174e-03 7.39773302e-06 -2.00162706e-03 -5.69797990e-04
1190             3.71555017e-02 -4.58475410e-01 1.28076681e-03 3.71479430e-02 -4.56473745e-01 1.85056174e-03 7.55872456e-06 -2.00166550e-03 -5.69794923e-04
1191             3.71461580e-02 -4.58476524e-01 1.28498559e-03 3.71387732e-02 -4.56474911e-01 1.85411147e-03 7.38479317e-06 -2.00161336e-03 -5.69125884e-04
1192             3.71464539e-02 -4.58476563e-01 1.28500658e-03 3.71387732e-02 -4.56474911e-01 1.85411147e-03 7.68064483e-06 -2.00165195e-03 -5.69104888e-04
1193             3.71354570e-02 -4.58477836e-01 1.29005100e-03 3.71277881e-02 -4.56476231e-01 1.85868034e-03 7.66884852e-06 -2.00160438e-03 -5.68629346e-04
1194             3.71356674e-02 -4.58477858e-01 1.29063892e-03 3.71277881e-02 -4.56476231e-01 1.85868034e-03 7.87925242e-06 -2.00162672e-03 -5.68041424e-04
1195             3.71265641e-02 -4.58477713e-01 1.29587818e-03 3.71189180e-02 -4.56476106e-01 1.86339513e-03 7.64605888e-06 -2.00160657e-03 -5.67516956e-04
1196             3.71269537e-02 -4.58477740e-01 1.29579622e-03 3.71189180e-02 -4.56476106e-01 1.86339513e-03 8.03571158e-06 -2.00163395e-03 -5.67598911e-04
1197             3.71175724e-02 -4.58477291e-01 1.30102329e-03 3.71097275e-02 -4.56475687e-01 1.86795989e-03 7.84485530e-06 -2.00160372e-03 -5.66936594e-04
1198             3.71178555e-02 -4.58477310e-01 1.30108886e-03 3.71097275e-02 -4.56475687e-01 1.86795989e-03 8.12794131e-06 -2.00162298e-03 -5.66871029e-04
1199             3.71089111e-02 -4.58475108e-01 1.30553230e-03 3.71010331e-02 -4.56473517e-01 1.87152751e-03 7.87800463e-06 -2.00159087e-03 -5.65995209e-04
1200             3.71092328e-02 -4.58475125e-01 1.30458666e-03 3.71010331e-02 -4.56473517e-01 1.87152751e-03 8.19969475e-06 -2.00160861e-03 -5.66940856e-04
