/*--------------------------------*- C++ -*----------------------------------*\
| =========                 |                                                 |
| \\      /  F ield         | OpenFOAM: The Open Source CFD Toolbox           |
|  \\    /   O peration     | Version:  2312                                  |
|   \\  /    A nd           | Website:  www.openfoam.com                      |
|    \\/     M anipulation  |                                                 |
\*---------------------------------------------------------------------------*/
FoamFile
{
    version     2.0;
    format      ascii;
    arch        "LSB;label=32;scalar=64";
    class       volScalarField;
    location    "2000";
    object      yPlus;
}
// * * * * * * * * * * * * * * * * * * * * * * * * * * * * * * * * * * * * * //

dimensions      [0 0 0 0 0 0 0];

internalField   uniform 0;

boundaryField
{
    farfield
    {
        type            calculated;
        value           uniform 0;
    }
    aircraft
    {
        type            calculated;
        value           nonuniform List<scalar> 
15527
(
25.179395
25.084081
24.236254
22.97418
24.91011
25.297219
23.995917
23.961482
25.260735
25.352215
24.111539
24.049049
24.044255
25.406896
24.113115
24.190993
24.903622
25.111347
25.167628
25.133069
22.047518
22.755133
23.918994
22.509176
22.120453
21.832802
24.177094
22.673337
25.1399
25.100009
24.113164
23.971217
59.996856
42.452128
50.323633
24.103705
24.119072
24.883035
25.443729
51.268634
52.871386
53.95681
25.153991
25.231515
24.076413
24.055224
55.216627
54.928966
51.321039
23.98558
24.702453
25.120064
25.198981
51.350702
54.945673
54.101178
24.925106
24.861288
24.057696
24.25103
50.811715
49.115136
54.319182
20.640416
42.015693
28.718579
28.520862
28.382805
28.480077
29.108394
29.082264
29.026171
29.08019
29.113297
29.127723
29.123697
29.123876
29.021569
29.049108
29.073128
29.051065
28.577716
28.736546
28.873068
28.755429
28.235067
26.15298
28.321519
28.170855
28.305343
31.076334
28.456201
28.349668
28.449611
32.642051
37.635054
37.493252
28.763304
28.919785
29.013233
28.94302
37.277277
37.479699
29.116004
29.128233
29.121802
29.124709
36.74918
36.771318
36.746413
36.74154
29.110868
29.103072
29.078287
29.102401
36.75621
36.753461
29.016232
28.963043
28.888941
28.949226
36.800114
36.787498
36.801667
36.809065
28.540116
28.336059
28.195024
28.28883
36.989605
36.885605
37.744531
37.609856
37.7411
23.468471
24.259839
23.412339
23.087311
25.30166
25.281497
25.242551
23.974301
24.978983
25.467915
24.16016
24.166825
25.223295
25.25676
25.409939
24.003509
25.058594
25.013101
25.078112
25.063929
23.182237
22.859619
22.925963
22.461417
22.230119
21.865705
22.361874
22.542887
40.967281
23.543569
25.210511
25.201314
25.347851
24.014671
61.382357
63.056115
56.498357
57.450402
24.905586
24.049687
25.38491
25.421541
54.239153
53.438293
52.260559
54.922889
25.379569
25.304953
25.278895
24.095161
55.423326
53.199561
54.149888
51.908024
25.230637
25.269438
25.215845
25.151416
51.587625
56.16614
53.710061
53.550341
24.609943
24.754974
24.570238
24.285556
51.278482
52.137528
50.555812
60.117014
22.696959
43.562576
46.678279
70.789672
70.759021
68.531837
71.826303
73.313699
69.726993
76.476135
76.276712
70.815665
70.803447
77.4467
76.588829
77.277837
73.167562
76.042613
76.914591
70.847749
70.667786
70.804695
70.947273
61.172378
63.235946
69.225584
71.875379
60.489252
62.226563
68.767868
68.595489
70.664888
70.517912
76.410774
76.261305
77.201637
76.771901
73.118923
69.941217
70.507291
70.814514
76.158701
76.235044
76.567887
77.117746
70.982097
70.864436
70.70664
70.662834
70.035847
70.184128
20.038878
20.048957
21.346408
75.859696
75.955324
58.722672
58.198366
49.641796
49.580845
75.722545
75.679498
58.272023
58.207484
50.008492
49.566424
70.665959
70.682613
58.515975
58.533756
50.014172
49.858113
70.194743
69.811806
58.681227
58.589143
49.809574
49.789583
73.483649
69.701917
58.6351
58.555773
50.017099
50.031668
77.265909
76.504511
58.711784
58.736014
49.924526
49.839994
69.953371
70.517306
58.729733
58.59697
50.083711
49.874664
69.734939
72.860971
58.799622
58.574956
50.014737
49.864723
70.842533
70.760229
58.352267
58.358106
49.975132
49.713762
70.992135
70.755006
58.7178
58.418839
49.675755
49.690589
67.179107
67.342322
53.308279
56.618078
49.53265
49.233042
70.840068
74.799321
58.178545
57.721617
44.675144
48.191336
53.69243
73.86859
73.333929
56.944353
49.653152
49.265034
44.983738
48.525897
74.009137
74.102811
58.27398
57.731201
50.706536
107.27384
150.38289
137.9383
44.151169
121.97609
171.01826
153.14697
58.369492
70.622054
70.634805
58.491415
49.951747
49.922602
49.696924
49.784531
70.785403
69.980169
58.677957
58.640991
178.11058
208.32718
165.57495
174.45577
181.99859
201.85114
145.973
167.85632
159.2403
178.62705
145.36978
151.27775
132.22575
139.5497
170.34546
183.75138
58.551974
73.26053
77.577891
58.727775
50.040945
49.995891
49.809716
50.01765
69.829467
70.498073
58.80108
58.734113
166.64823
163.21957
135.74091
125.38409
164.88981
160.5755
124.29879
123.87231
165.10194
163.32769
121.70243
119.65055
122.46621
119.09357
169.02824
165.64037
58.595168
70.841081
70.740806
58.56612
49.851641
50.049722
49.856374
49.811921
70.314212
69.904179
58.51533
58.791068
165.56145
164.77955
119.33324
116.98859
166.56275
164.64971
118.59083
117.4177
165.11508
166.83609
118.86597
118.7991
118.25527
119.22399
168.13371
166.81009
58.747535
70.738299
70.567225
58.450293
49.784413
49.824181
50.05394
49.749946
70.706092
70.88634
58.511518
58.562664
162.82994
168.79353
119.62343
121.5364
168.76408
168.26003
119.68076
122.36637
162.12384
162.71619
132.81133
125.08654
120.71762
123.513
162.51776
161.32196
58.246347
70.782236
70.833823
58.46606
49.595952
49.783006
49.630199
49.791452
70.688738
70.59933
58.228397
58.412113
162.91393
176.37874
141.28049
148.74303
167.57917
178.7538
134.19003
140.22938
175.42861
200.22159
164.42646
174.04925
144.32602
168.84323
180.85882
198.13016
50.399291
104.923
147.62806
138.19492
169.09542
153.47209
43.639963
120.02791
34.393203
33.282795
69.81424
70.503528
50.139227
25.189702
50.162122
49.874742
25.185083
50.12604
52.908616
53.017551
21.113655
20.953938
75.594837
76.217152
48.784766
23.817369
48.097655
46.61446
23.016356
46.904339
53.796795
53.575035
70.609557
70.210533
49.433548
25.331634
50.136935
50.231985
25.299666
50.154533
53.330773
53.460402
21.025007
76.699556
76.594747
47.755539
24.12405
47.90977
47.82227
23.957316
47.751687
53.346625
53.450611
70.772707
70.515532
50.325597
25.33892
50.38112
50.419991
25.226262
50.214351
53.258934
53.360133
21.057658
20.981926
76.585803
76.029134
48.204805
24.10206
47.993734
47.825353
23.967359
47.686263
53.159659
53.556413
70.476883
69.961146
48.126104
24.742067
49.258825
50.395044
25.409475
50.285758
53.882431
53.865434
21.134419
76.888979
76.446998
47.732151
24.196112
48.052079
48.05081
24.194083
47.992207
53.9254
53.848475
70.846298
70.918584
49.843436
24.968605
49.886281
50.111615
25.111874
50.135068
53.846887
53.608619
21.062048
21.091251
71.058398
71.135971
50.169364
25.181807
50.228907
50.16678
25.191575
50.319112
53.731492
53.581615
66.34792
65.72885
44.250165
22.337238
44.959661
46.163928
22.685597
45.898947
52.841008
52.851453
20.952431
75.520442
75.863095
48.339524
23.173433
47.238572
46.158198
22.615476
46.37115
50.739066
51.187035
17.052539
18.473505
18.379612
17.122828
33.270521
31.087642
33.248963
31.128389
32.414489
30.281398
30.194074
32.491294
17.68965
19.116938
17.627325
19.189172
17.929445
18.440611
18.673277
18.078452
112.60125
107.39786
108.4284
108.6144
49.664763
61.477365
46.613906
67.661037
17.647528
21.500375
17.504186
21.836964
44.065704
22.554464
44.894217
71.951049
67.810939
22.385193
44.302537
44.961928
53.009817
53.039587
21.036747
20.963133
50.702809
51.031411
75.900045
71.887943
48.715719
23.974396
48.387361
46.397284
23.244604
47.279153
20.576826
207.16225
198.32055
48.530277
76.362491
107.7261
18.295499
36.995907
17.968642
19.384988
17.86948
19.484561
33.124632
31.090379
30.965661
33.258651
17.622476
19.139532
17.645421
19.016539
33.83054
31.455404
31.639587
33.649918
17.708387
19.179857
19.097359
17.702719
33.885622
31.496292
33.685271
31.687367
33.278089
31.224594
31.142312
33.423914
18.016847
19.387245
17.886666
19.526785
18.399611
64.59554
17.996293
70.522792
127.58145
120.01454
116.30293
130.87182
17.749987
25.010363
17.745042
24.081689
167.0539
159.28317
163.12985
166.05005
37.775848
83.312288
83.165725
38.609443
135.4432
136.38092
137.58704
134.01584
140.231
151.4405
153.5715
137.33352
20.804425
64.183321
22.064872
62.703746
50.091141
25.11294
50.021941
70.689714
70.695524
25.06636
50.083879
50.040032
53.975647
53.734947
53.187729
53.318146
20.970286
76.573043
76.383303
47.871477
24.03963
47.829185
47.843391
24.089946
47.920309
54.238659
208.27839
210.75343
50.384646
193.57908
198.00882
163.62946
169.2929
184.78297
183.28881
49.383273
52.252387
52.144756
17.672464
19.161303
17.774064
19.130352
33.303751
31.200476
31.204251
33.397452
17.751398
19.172121
17.704922
19.141926
33.359877
31.303376
31.179433
33.453911
17.933011
19.458146
19.430051
17.95248
33.610565
31.567021
33.782388
31.393776
33.757245
31.597603
31.545655
33.800652
17.816545
19.446999
17.925734
19.314291
17.413219
52.562281
17.183271
52.393468
126.67385
121.48047
123.45719
125.01152
17.81182
57.345402
17.416715
58.148759
124.08779
118.918
119.45899
123.50833
17.188003
51.676795
52.081926
17.177991
124.34395
118.96349
123.95176
119.33398
124.4344
119.50855
119.99178
124.08293
17.44551
49.664588
17.18592
49.611161
48.169029
23.963391
47.841966
77.038236
76.404168
24.083878
48.013402
47.920292
53.675491
53.912541
21.134037
53.86545
53.875745
70.879986
70.391265
49.431316
25.441156
50.310551
50.532824
25.39676
50.319125
51.34547
142.14009
140.05401
41.61644
53.069514
134.36624
134.26249
135.43792
135.39718
36.021736
134.19352
134.19559
36.450659
35.272481
56.309561
17.538964
19.359797
17.917754
18.950572
33.298884
31.160559
31.07499
33.373563
17.627654
19.140318
17.678468
19.101416
33.238727
31.39974
31.039544
33.524107
17.837251
19.068263
19.226116
17.610373
33.412915
31.240017
33.450518
31.256604
33.433286
31.199825
31.30189
33.391258
17.757437
19.264034
17.782356
19.122409
17.210114
48.480553
17.419566
48.532244
123.11287
117.88462
118.4105
122.50687
17.115153
49.088826
17.305703
49.551993
122.94687
118.05225
118.08025
122.91745
17.417038
48.237269
48.213759
17.191932
122.2871
117.69568
122.37582
117.60471
122.47877
117.75799
117.73621
122.56721
17.227555
48.55479
17.470921
48.948822
50.106524
25.249936
50.297092
70.823459
70.734708
25.214123
50.290908
50.248549
53.442386
53.455731
53.44118
53.405585
21.000433
76.388161
76.068924
47.779034
24.157833
47.894547
47.849319
24.052323
47.763511
51.48935
135.47074
135.70001
53.634867
135.55998
135.57345
135.87443
135.9261
136.04211
136.11218
33.717165
54.766778
54.771799
17.965706
19.431929
17.930414
19.480632
33.793169
31.553299
31.559519
33.772637
17.927274
19.454224
17.929012
19.446042
33.832616
31.563408
31.624576
33.770996
17.90925
19.289706
19.43433
17.797244
33.815212
31.379213
33.589612
31.60052
33.775101
31.367691
31.562628
33.574422
17.968249
19.248028
17.726227
19.490558
17.19189
51.036921
17.149181
51.345233
123.01999
118.57378
118.25632
123.37518
17.146515
49.969392
17.135294
49.590105
122.77409
118.20183
118.06391
123.00841
17.141405
53.11927
52.859031
17.368367
124.94419
120.10515
123.89748
121.34356
123.41484
118.91098
118.85063
123.40309
18.133102
57.072122
17.956078
57.73712
47.908868
23.905974
47.887529
73.120601
77.425282
23.943742
49.23258
48.04747
53.813286
53.55428
21.042514
53.831089
53.580848
70.937998
71.099018
50.190947
25.139803
50.175528
50.279661
25.229772
50.349661
50.954908
135.53075
135.42814
33.783692
54.571811
134.11544
134.425
139.66929
137.91481
38.314299
133.09683
133.13289
35.149251
35.350684
48.991935
17.966857
19.368145
17.848695
19.475065
33.847506
31.469857
31.648528
33.665291
18.000764
19.389011
17.870897
19.512364
33.76062
31.437271
31.576069
33.631229
17.700397
19.199307
19.203937
17.785007
33.382569
31.316426
33.478668
31.22411
33.383072
31.250427
31.184856
33.36926
17.686621
19.231653
17.726775
19.209559
34.432292
80.142689
34.939234
80.632824
133.28861
133.51523
131.45768
134.9634
20.998963
63.07357
21.810114
61.975047
143.18564
152.33124
153.92811
140.26469
18.365377
64.242373
69.817622
17.792638
125.93116
118.28906
129.26103
114.49177
165.67001
157.65204
161.07974
164.52406
17.777696
23.941711
17.75597
23.180208
49.867865
24.818174
49.707686
70.669532
70.642421
24.833075
49.749846
49.733973
53.185515
53.242512
53.170156
53.267462
20.990507
70.381475
70.362254
48.677639
24.107873
48.771364
49.012391
24.190556
48.925255
53.155968
155.63684
160.65172
49.650797
182.70772
181.19457
206.88345
209.25049
194.92575
199.66477
56.557118
44.334708
48.367202
17.095797
18.496571
17.187063
18.348675
33.147911
31.007859
31.009276
33.151028
17.592029
19.091941
17.599331
19.078032
32.342172
30.435737
30.21248
32.555952
17.793239
18.414538
17.998507
18.655372
110.91456
107.18589
108.16595
107.09169
17.597281
20.889437
17.566029
21.304408
48.725432
58.212976
45.167568
64.364946
20.797517
206.48076
194.10878
43.105923
44.339289
73.34456
103.80379
28.627857
28.596748
28.412662
28.435924
29.084512
29.086161
29.066215
29.071576
29.117303
29.122912
29.123049
29.125945
29.024474
29.029568
29.058901
29.05046
28.652883
28.677482
28.831834
28.813971
28.777464
28.641869
28.212097
28.19901
28.981571
28.811707
28.362865
28.346186
37.698481
37.578419
28.850263
28.875856
28.992212
28.984697
37.140258
37.173036
37.400763
36.904753
36.796225
36.804461
29.127397
29.131516
29.12056
29.119586
29.110057
29.108662
29.087962
29.088114
36.761719
36.761411
36.753367
36.771453
36.779798
36.780887
28.997968
28.992572
28.911706
28.923653
28.459626
28.426038
28.218909
28.24312
37.069295
37.047969
36.919299
37.301308
37.531766
37.520628
72.391382
76.442532
47.15782
23.492664
47.184973
48.478367
23.517332
47.369337
65.641387
58.669768
65.520805
65.045331
58.250117
65.095287
44.958102
49.538645
44.843364
53.206127
53.240317
20.899175
21.026785
49.671193
44.89314
44.953673
75.642665
75.68647
47.007344
23.237059
46.817584
46.699294
23.181764
46.755761
65.148934
58.134059
65.028833
65.069373
58.302147
65.123298
45.307223
49.973748
45.314111
53.230111
53.303287
49.630888
44.88442
44.934148
70.423423
70.681886
50.308754
25.293723
50.298095
50.177
25.258941
50.25419
65.292938
58.362823
65.180064
65.331356
58.472783
65.285721
45.285675
49.715929
44.994266
53.506153
53.461311
20.921665
21.02533
49.772024
45.155842
45.044644
77.10166
72.758974
50.120926
25.352541
50.161207
48.004884
24.715096
49.11947
65.578601
58.382314
65.28397
65.40217
58.472943
65.35127
45.086225
49.669847
44.944054
53.390688
53.238763
21.028263
20.954837
49.74504
45.088822
45.034029
70.948369
70.484409
49.567315
25.468083
50.277861
50.602488
25.470619
50.456378
65.505131
58.242742
65.043199
65.416955
58.614817
65.487784
45.277014
49.607924
44.90615
53.267426
53.990474
21.157781
21.181475
49.614565
45.299799
44.908487
77.030641
76.49371
48.237609
24.122223
48.019648
48.067427
23.943312
47.718177
65.61825
58.261304
65.149327
65.642903
58.291888
65.135909
45.167811
49.542924
44.836327
53.619181
53.872464
49.882979
45.104843
45.147973
70.37799
70.803547
50.035323
25.419521
50.380401
50.126599
25.434449
50.509638
65.601154
58.792315
65.646433
65.521637
58.789343
65.6487
45.35175
49.972372
45.229259
54.098913
53.262852
21.086078
20.932922
50.108447
45.132939
45.364976
76.498288
77.449558
50.21997
24.889116
49.325626
47.811782
24.160856
48.28198
65.664678
58.647165
65.548126
65.500329
58.81922
65.734811
45.269802
50.056349
45.306883
54.010178
53.170854
20.831385
20.906847
50.05829
45.110436
45.325638
70.90516
70.662692
50.015575
24.988195
49.93473
49.986393
25.021646
49.949906
65.183779
58.729509
65.602
65.219218
58.304377
65.176778
45.255074
50.095926
45.369084
53.430249
53.299803
21.048704
20.974874
49.800222
44.987838
45.11285
70.843577
70.918071
50.082615
25.080774
50.04478
50.097393
25.081244
50.133757
65.605638
58.806965
65.654176
65.270944
58.526175
65.350468
44.962053
50.016618
45.291647
53.177023
53.168461
49.620396
44.97632
44.912653
67.17671
67.024527
47.115169
23.091638
47.036551
46.611051
22.975531
46.814699
58.896079
54.288416
60.592694
63.30889
56.284778
62.888912
44.870783
49.468532
44.814551
52.990622
52.960694
20.665678
20.921203
49.459266
44.608641
44.815867
75.426099
75.120026
46.745296
22.445742
46.08754
46.040942
22.437497
46.022124
64.860807
58.032887
64.901054
64.540537
57.994792
64.852404
40.845981
45.968929
41.548066
51.869715
51.704982
20.497237
20.105002
47.858393
43.621688
43.313387
20.749877
19.228868
19.100851
20.87433
17.373422
18.602044
17.21829
18.808615
21.240355
19.376041
21.027016
19.578175
33.234856
31.03096
33.184424
31.065143
28.06872
30.017067
30.055002
28.006474
28.015628
29.965635
30.023129
27.963563
27.143952
29.273054
29.182194
27.233494
32.805272
30.455272
32.590823
30.726262
27.637073
29.404216
27.400581
29.635707
17.677423
19.090948
17.606758
19.167485
21.64206
19.915571
19.994285
21.560793
21.610393
19.888375
19.951677
21.521284
21.499731
23.768203
19.591594
34.780207
17.537176
18.174104
17.921031
19.426748
60.630963
44.909371
49.935493
52.287144
99.97312
105.45829
104.14103
101.52448
109.7512
109.23037
110.28995
108.44673
104.54699
107.93546
105.51903
106.80622
36.64959
55.884289
42.756477
45.59071
97.943471
78.631582
83.910128
94.185918
79.389646
71.028686
60.726801
87.06245
17.517309
21.170047
17.572522
20.686335
72.770841
59.004001
60.054304
71.631036
69.200842
57.814378
56.583339
70.430374
59.099795
54.17693
60.675199
72.386225
72.558237
45.374485
22.136187
45.184841
44.519908
21.954669
44.751133
56.269302
63.71807
62.98127
52.924037
52.88656
20.798774
20.894684
44.966871
49.568364
44.878602
44.59481
49.479035
44.84838
41.341806
46.019728
41.556325
52.120808
51.590763
47.923453
43.980526
43.408545
75.402938
74.630352
45.686673
22.420045
45.797837
46.086605
22.504335
46.007908
64.99575
58.161039
64.923047
64.565668
57.999115
64.911772
56.304753
52.606973
57.722754
85.946007
110.80088
88.498273
170.66847
183.41837
133.48417
144.24224
129.14822
128.7463
136.84005
125.56965
41.543349
49.524435
48.876074
172.34654
140.92876
61.879205
48.951942
103.82469
123.08846
106.28653
46.512359
187.96167
167.85326
184.94577
167.60109
156.84763
173.04512
17.784941
19.254189
17.759818
19.182641
21.979302
20.168878
20.300274
21.858229
21.632579
20.067628
20.057757
21.701979
27.92709
30.021027
29.889403
28.017619
33.393985
31.234915
33.408285
31.206276
28.133575
30.159978
28.150506
30.154701
17.687541
19.292961
17.793321
19.207568
21.462834
19.935393
19.864497
21.569865
21.689652
20.08178
20.006542
21.733132
28.516148
30.383631
30.543159
28.340614
33.360305
31.26102
33.447256
31.245265
28.148709
30.184213
28.174989
30.107204
21.561368
19.961304
19.945491
21.637845
17.768997
19.406804
17.89536
19.262681
21.718206
20.221857
21.883451
20.068731
33.7795
31.53311
33.676462
31.641991
28.542586
30.404969
30.593775
28.366934
28.517795
30.397979
30.493873
28.400124
28.046572
30.146885
30.018172
28.105464
33.50961
31.511569
33.694581
31.32361
28.210645
30.414566
28.395579
30.240815
18.020037
19.35037
17.938499
19.439071
22.015517
20.198596
20.342286
21.856856
21.937492
20.211229
20.311168
21.842464
17.582779
58.606062
17.751429
52.522562
101.52503
88.694246
91.38785
98.562519
93.61241
85.944729
83.204001
96.052918
113.99947
115.59675
114.0425
115.03864
137.8106
124.12525
134.32748
128.54395
117.35983
117.11925
116.03978
118.31149
17.589486
26.375458
17.648448
28.749672
77.940476
66.627314
65.340044
79.154545
82.061409
68.193149
70.194849
80.447521
148.00547
152.18089
156.40444
141.66988
158.07051
154.82422
162.92792
149.57856
130.27981
147.57684
135.05997
141.90286
111.01362
98.533705
98.759011
110.8394
36.785103
82.336497
38.128073
80.731932
107.83123
97.480837
109.62813
95.925648
141.59373
138.84395
139.93475
140.82312
124.00452
132.58084
130.03008
127.29605
134.38741
135.25917
138.08661
130.92574
153.58323
152.4616
154.01309
152.17629
136.65722
150.5076
136.45083
150.08886
149.38606
151.34258
150.88242
150.22057
25.640807
66.257375
23.580661
68.683047
88.493021
80.488779
79.238426
89.830888
94.088036
82.117832
84.320159
91.603792
65.212578
58.365426
65.184351
71.066972
70.80456
50.192782
25.211734
50.170875
50.311451
25.20655
50.199959
58.573375
65.347637
65.412688
53.86756
53.75315
21.165742
45.202771
50.110523
45.366541
45.183816
50.100611
45.3495
44.965166
49.67881
44.96665
53.483196
53.681921
49.823658
45.079081
45.117191
77.266421
73.244535
50.394951
25.323128
50.150797
48.081055
24.833923
49.370096
65.546601
58.821843
65.70823
65.539548
58.802624
65.708467
63.748485
208.15038
187.22403
218.26491
244.46346
206.47579
242.14638
149.82694
168.78186
153.54587
214.76607
213.09418
174.60016
159.47027
159.56692
201.54606
186.31255
205.25898
234.56478
197.34301
225.7776
135.59925
150.25711
139.35257
207.87949
202.02417
57.047013
56.623514
163.45758
154.51944
150.86375
192.80707
159.32553
194.12191
54.004844
51.983274
173.42822
215.88985
211.17937
179.17434
173.78385
131.86919
148.38173
134.78726
139.06297
152.34594
138.94997
125.46211
129.8926
122.89017
180.47061
181.76771
134.29957
129.461
125.13196
57.404241
200.74178
173.20561
203.85258
219.14986
182.54378
216.7086
17.711314
19.141972
17.785905
19.196646
21.589721
20.014127
19.937048
21.641553
21.643308
20.018201
20.002018
21.58811
28.105159
30.114603
30.047946
28.074503
33.486445
31.297488
33.417582
31.292719
28.172695
30.149075
28.187385
30.218629
17.757015
19.164196
17.779767
19.233938
21.618173
19.968526
20.019052
21.610168
21.690587
20.034089
20.036906
21.636235
28.080075
30.168779
30.098935
28.182911
33.397595
31.153274
33.280203
31.191606
28.101736
30.004805
28.084047
30.109987
21.90218
20.27063
20.239966
21.936487
17.936368
19.340832
17.834601
19.452881
21.931363
20.12797
21.813594
20.264598
33.595064
31.41487
33.550495
31.435404
28.274235
30.486425
30.319848
28.437901
28.324388
30.257869
30.29614
28.299587
28.444355
30.521108
30.471822
28.497466
33.79724
31.416537
33.622853
31.596793
28.458775
30.353122
28.295104
30.50808
17.881475
19.246803
17.872086
19.282167
21.795713
20.237472
20.109819
21.934409
21.765956
20.129341
20.1439
21.72858
17.428384
52.83483
17.411852
53.315207
81.360164
72.529552
72.605196
81.272545
81.218877
72.481729
72.459024
81.257253
113.35634
118.48781
120.0877
111.98992
122.50491
119.92193
123.61221
118.71355
109.65803
117.18672
110.74689
116.09555
17.204917
56.554016
17.42322
55.966458
84.230071
74.786963
75.270555
83.701885
82.634446
74.373281
73.938984
83.188844
109.04282
115.95514
116.45091
108.719
122.22233
118.33366
122.85965
117.73614
108.11421
115.42441
108.40336
114.94994
81.516283
72.56316
72.652885
81.309852
17.349764
51.345876
17.402246
50.960474
80.886767
72.393675
81.119573
72.182978
122.92618
118.54259
123.45182
118.11908
108.11096
116.01169
116.35115
107.89175
107.37848
115.65018
115.28756
107.61486
109.56377
116.64013
116.78507
109.06475
122.9994
119.01923
123.54888
118.53352
108.2078
116.16439
108.70671
115.76341
17.330199
49.812922
17.31201
49.99305
80.480737
71.576243
71.558992
80.372325
80.26831
71.556298
71.481326
80.342562
65.370701
58.753094
65.642531
76.872652
76.516254
49.446979
24.113012
48.227966
47.935067
24.097839
47.994661
58.736434
65.6797
65.694972
53.672677
53.635705
21.07801
45.319439
49.889793
45.148112
45.237975
49.872199
45.151156
45.124828
50.025091
45.306504
53.910471
53.681198
50.050049
45.294625
45.335503
70.559738
70.637437
50.226124
25.455322
50.424014
50.375715
25.394076
50.401804
65.597813
58.62384
65.460932
65.569593
58.615642
65.394169
54.085945
200.2905
166.50041
200.14787
196.02271
164.27725
197.35471
121.92535
132.99045
118.73525
137.00307
138.30825
126.78679
110.82118
112.11066
52.908583
53.263471
195.5563
163.6161
194.40067
192.04024
160.75497
191.92015
109.39235
124.42734
109.58931
134.05519
134.12583
123.99742
109.36249
109.44279
198.4943
164.50549
197.93135
163.5826
196.7906
197.03289
135.05074
135.29236
106.30874
121.8109
106.678
104.57405
120.49658
105.21586
107.38149
121.55042
106.52411
134.54654
134.31872
34.014596
34.907425
119.51278
103.99944
104.32516
55.637359
203.92778
169.17803
204.06048
199.98504
167.08064
201.68832
17.871223
19.393129
17.990272
19.249717
21.399907
20.215288
19.745483
21.854722
21.721552
20.279177
20.128177
21.880071
28.000253
30.086965
30.026414
28.072437
33.289053
31.684687
33.852837
31.101972
28.001792
30.548344
28.556776
30.015769
17.631208
19.475965
18.039748
19.082244
21.556017
19.943513
19.882957
21.589931
21.532335
20.336891
19.881408
21.980635
27.909788
30.262427
29.948194
28.303845
33.533837
31.610409
33.742846
31.41396
28.28592
30.442115
28.476719
30.255272
21.690359
19.880305
20.083012
21.536289
17.993653
19.299861
17.809761
19.502347
21.985431
20.086311
21.77561
20.319753
33.821915
31.388931
33.600341
31.617801
28.144966
30.17044
30.123517
28.159675
28.486919
30.312552
30.52751
28.28693
28.190508
30.099351
30.153972
28.06578
33.873904
31.382875
33.592192
31.676319
28.538328
30.304126
28.253459
30.567288
17.973669
19.294445
17.800916
19.482123
21.591227
20.068347
19.99565
21.710856
21.959944
20.105394
20.292114
21.767294
17.438379
48.581725
17.174803
48.419172
79.76196
70.754016
70.736051
79.816721
79.675025
70.693208
70.666918
79.696973
107.45759
115.25052
115.68005
107.07417
121.65897
117.44211
122.01054
117.1099
106.34298
114.84939
106.66472
114.55168
17.10817
48.84925
17.145962
48.649691
80.151958
71.212855
71.254022
80.011219
79.547048
71.030953
70.832669
79.777145
107.09337
115.37109
115.41238
107.06002
122.38828
117.87099
122.7087
117.63653
106.70803
115.19789
106.93418
114.9887
79.695426
70.809486
70.813257
79.584669
17.22913
48.505053
17.364508
48.584342
79.784634
70.703316
79.753743
70.783688
122.72173
117.84664
122.52989
117.99899
107.05771
114.45958
114.38155
107.07529
107.28632
114.56735
114.71708
107.14594
106.78964
115.14202
115.12539
106.79779
122.89796
117.98084
122.69769
118.18195
107.42663
114.78238
107.25194
114.90113
17.168968
48.642208
17.323744
48.86358
79.659287
70.866904
70.776001
79.705913
79.733614
70.871344
70.795965
79.700999
65.41523
58.484803
65.292856
70.694174
71.026588
50.450603
25.305553
50.351686
50.297934
25.381716
50.507446
58.875505
65.362695
65.693565
53.942098
53.628371
20.921401
45.115932
49.70336
44.978839
45.3129
50.043722
45.298326
45.165296
49.754721
45.06089
53.981825
53.606332
50.103595
45.110471
45.382986
77.257428
73.039375
50.19935
25.471696
50.292771
48.178435
24.913713
49.432137
65.401832
58.346262
65.221241
65.633671
58.778919
65.680265
55.570302
200.06584
165.81666
200.43071
199.40865
165.72353
200.47583
104.05865
118.64589
103.1564
135.86611
135.79602
117.23762
101.54435
101.8558
201.11183
166.21714
200.86187
199.09198
165.16824
199.72194
103.34323
118.74778
103.46127
135.6227
135.61645
34.15148
33.912386
118.16244
102.29895
102.80276
199.66151
165.15879
199.66199
51.466983
51.333853
166.26942
201.6041
200.9494
135.90848
135.95492
103.23416
118.6113
103.13682
103.75103
118.39525
103.34617
102.96564
118.31701
103.00747
136.00063
136.08632
118.98585
104.15646
103.74614
51.840291
203.21927
167.62076
202.61518
201.66189
166.37314
201.07974
18.073699
18.983501
17.617454
19.496235
21.957767
20.242944
20.289392
21.897461
21.993145
19.827782
20.354056
21.44903
28.445217
30.48648
30.498198
28.432515
33.933069
31.093683
33.291516
31.790485
28.645976
30.014634
27.993753
30.625264
18.100011
19.068189
17.623485
19.522488
21.923743
20.241379
20.231296
21.929557
22.021874
19.875039
20.407501
21.519097
28.484193
30.467367
30.528611
28.429967
33.877828
31.058036
33.190478
31.718886
28.57399
29.919463
27.94985
30.577353
21.917229
20.072977
20.224918
21.756428
17.830411
19.223498
17.744877
19.233769
21.719657
20.034051
21.687801
20.088765
33.773189
31.215691
33.405707
31.558729
28.478312
30.305114
30.523317
28.253846
28.435875
30.145584
30.489896
28.109299
28.43226
30.292458
30.483616
28.235756
33.51014
31.291421
33.479142
31.368915
28.240405
30.199203
28.177031
30.233972
17.934095
19.192619
17.703811
19.453996
21.980158
20.039661
20.283375
21.742963
21.938879
19.984528
20.245067
21.657017
17.157234
50.974092
17.235809
50.801257
80.650447
71.787263
71.912261
80.503538
80.559025
71.706381
71.744111
80.529435
107.69652
115.36671
115.05097
107.98927
124.19159
118.92956
123.78347
119.28578
108.62339
115.70758
108.28813
116.04617
17.164332
50.155996
17.085493
50.267279
80.112797
71.447424
71.333462
80.289307
80.562711
71.618759
71.769618
80.406399
107.94857
115.44433
115.36649
107.8538
123.86673
118.51011
123.41546
118.86587
108.20106
115.6519
107.96878
115.96977
81.316524
72.64276
72.503345
81.458205
17.409154
53.428831
17.173765
53.733158
81.655995
72.72418
81.544643
72.775624
122.71815
119.24007
123.16555
118.68521
111.87061
117.11777
118.15738
110.91061
109.56047
116.39992
115.92235
110.17014
108.99369
116.15477
116.1218
109.10219
123.09912
118.88676
123.25226
118.74968
109.26436
116.00527
109.25296
115.88736
17.161973
56.416916
17.383507
55.826839
83.697043
74.197271
74.687982
83.207276
82.267752
73.757227
73.352589
82.724395
65.6483
58.686
65.586333
69.79285
70.46827
50.273459
25.275732
50.230883
50.017674
25.282332
50.254582
58.525349
65.332736
65.368746
53.760968
53.327374
20.965341
45.081073
50.054764
45.337578
45.117531
49.983496
45.254998
45.314072
49.994915
45.26071
53.514826
53.464844
49.817033
45.02314
45.088176
70.892498
70.928722
50.234106
25.210232
50.268378
50.22351
25.258607
50.309627
65.325885
58.795288
65.624872
65.387557
58.705511
65.564414
55.313629
196.11718
164.03236
197.69769
203.44029
168.19653
202.74123
103.77673
119.83614
104.06978
135.22078
135.33772
120.79299
106.15154
105.57222
55.984926
53.903423
203.8929
168.5948
203.6295
202.90609
167.95195
202.72524
104.79795
119.9689
104.86919
134.84422
134.66361
122.03134
107.07583
106.77627
194.80669
162.60465
195.36971
163.25611
195.36623
196.12473
135.51331
136.52992
118.95266
130.5493
116.42047
110.51154
126.01059
111.46425
105.89618
121.46612
106.54041
133.40282
133.27503
35.988753
35.5739
123.1497
108.92063
108.38159
53.027325
192.89061
161.70138
192.4482
193.23774
161.15412
192.75663
17.676883
19.183742
17.691123
19.156598
21.955325
20.148674
20.285797
21.846689
21.598764
19.987232
19.935351
21.656602
28.51321
30.385354
30.544412
28.348014
33.494855
31.262484
33.381149
31.295758
28.215877
30.099906
28.147918
30.225332
17.882555
19.142667
17.780423
19.403415
21.99377
20.174057
20.32466
21.861874
21.864142
20.013062
20.194573
21.599892
28.470691
30.367016
30.505541
28.323944
33.341295
31.148002
33.321426
31.135364
28.0349
30.086295
28.071359
30.061798
21.661814
20.049268
19.989
21.664338
17.815307
19.189431
17.702094
19.318594
21.754853
19.96959
21.643465
20.097186
33.349959
31.10557
33.232397
31.184391
28.143972
30.249619
30.160086
28.22523
28.101761
30.002828
30.120665
28.025965
28.113368
30.12989
30.127565
28.17056
33.445437
31.160308
33.355145
31.238573
28.161013
30.107193
28.078678
30.185906
17.684258
19.061797
17.669819
19.183057
21.689788
20.049475
20.023258
21.70522
21.642021
19.922531
19.984819
21.538983
33.494632
78.954801
34.590985
77.347465
108.54097
95.989175
96.732831
107.92751
104.54783
94.673049
92.945295
106.51904
120.80518
129.54347
127.09533
123.70244
139.85309
135.96106
137.14023
138.79188
130.96288
132.2599
127.09541
135.32517
23.902284
64.496156
22.77251
66.169757
87.72533
79.479536
78.384216
88.88101
91.913603
80.721259
82.247105
90.283542
151.75568
152.48599
153.84364
150.43044
139.7027
151.32088
139.34938
150.06697
147.03837
151.21381
148.98202
149.71752
101.48466
88.859941
91.196191
98.906859
17.639018
58.561112
17.618961
52.685104
94.113918
86.290696
96.561483
83.593165
136.12359
122.42032
132.66331
126.90341
113.80703
115.10427
113.79878
114.79887
116.96492
116.58287
117.80791
115.79893
146.64133
151.03351
155.04923
140.92786
156.13507
152.80807
160.62782
148.04587
130.50107
146.45078
133.97774
140.60077
17.690401
25.44342
17.743898
27.95785
77.693936
66.265631
64.884988
78.931939
82.009106
67.959695
70.039729
80.361824
65.0854
58.264168
65.082209
70.719179
70.865067
49.513017
24.704406
49.622278
49.627302
24.720167
49.645652
58.47849
65.296741
65.324152
53.088966
53.025314
21.033346
44.903367
49.748176
45.053026
45.077467
49.592976
44.907419
44.910261
49.601275
44.909396
53.314236
53.165667
49.804973
45.090852
45.083284
70.407657
70.432237
49.42575
24.485155
49.324433
49.057699
24.368021
49.13172
64.991707
58.382552
65.156418
65.243649
58.224475
65.042641
52.138946
196.63093
162.91644
197.37252
212.54184
172.81357
209.50115
127.93197
144.01372
130.79759
169.5823
165.30497
148.46235
135.76128
137.2735
197.67864
170.01162
200.40869
212.52924
177.16416
209.76586
126.81794
132.6908
124.62278
177.88383
179.31338
49.311805
46.385314
135.95227
130.72655
128.03178
206.9038
181.73899
213.42124
60.823665
60.413891
197.9435
233.69847
231.46133
213.38064
211.6382
147.97242
167.6399
151.9481
158.36374
173.49264
158.27681
135.0637
148.62428
138.52118
209.48555
204.3564
164.32239
155.34476
152.08607
58.966846
199.07303
184.88298
203.56678
225.90342
195.00107
219.4228
17.414031
18.66837
17.338653
18.762612
20.684015
19.320212
19.132546
20.915708
21.171786
19.512927
19.597611
21.095858
27.948536
29.948206
29.93908
27.953835
33.199668
31.039033
33.194912
31.086514
27.988259
29.982432
27.983224
29.992808
17.631455
19.117366
17.626244
19.119092
21.514469
19.906178
19.882762
21.52821
21.577815
19.934104
19.929833
21.563178
27.131221
29.345248
29.124586
27.374863
32.724637
30.572413
32.631324
30.645328
27.58262
29.456358
27.529225
29.51165
17.674201
18.348559
17.984002
19.836498
20.738582
22.397967
19.446573
30.480034
58.6244
41.958352
52.329128
47.221813
109.27104
108.81176
109.85858
107.90837
99.187112
104.68189
103.19846
100.42937
103.55967
107.22151
106.14848
104.37887
17.511147
20.880791
17.549483
20.951232
72.282596
58.396214
59.552556
71.191644
68.948807
57.27082
56.325088
70.153015
35.581798
52.444196
41.694642
43.158119
96.116762
74.239688
79.182756
92.248698
76.481179
67.029756
56.099713
83.602356
26.865784
55.820922
51.966501
57.141223
108.19641
82.795208
85.293618
131.67823
141.83458
127.75682
168.87515
178.45091
136.61852
129.31608
125.98191
46.941503
186.11828
166.23555
183.95409
168.02159
157.06873
173.39856
40.767349
48.365632
47.43668
169.12168
136.14303
62.35111
46.940666
100.32905
121.6918
102.84916
54.139665
52.784206
55.487116
54.392096
47.058956
35.735034
12.842333
28.685204
12.331101
28.547544
12.663276
28.394559
12.238919
28.461287
12.350371
29.10061
12.748586
29.083692
12.477552
29.03499
12.392522
29.081213
12.780067
29.114299
12.355044
29.126836
12.834207
29.129334
12.504117
29.124264
12.862133
29.024116
12.802454
29.045332
12.525792
29.065331
12.809999
29.051628
12.322106
28.604363
12.35293
28.714419
12.757708
28.859463
12.342742
28.769316
12.141372
28.248331
12.03568
28.40515
12.197963
28.196759
12.641496
28.245891
12.39813
29.936038
12.512506
28.544882
12.61559
28.347714
12.570841
28.405098
11.73942
36.460042
12.076519
37.66659
11.934677
11.859473
37.61665
54.026317
49.635087
12.672746
28.79616
12.698072
28.906158
12.762643
29.003235
12.761741
28.961248
12.135626
37.071742
12.031212
37.244913
12.29674
12.337238
12.295426
12.376605
12.330752
11.86443
12.750127
29.120273
12.85678
29.124127
12.856517
29.12393
12.842726
29.119139
12.01136
12.309662
12.175837
36.769576
11.919869
36.745312
12.388387
12.207651
12.214575
11.880908
12.399688
29.104281
12.747274
29.108088
12.403185
29.082634
12.460598
29.094594
12.151887
36.766664
12.321077
36.755762
11.908804
12.177458
11.920618
12.374397
11.892375
11.960796
12.84537
29.00962
12.721971
28.973512
12.297146
28.89754
12.351631
28.939373
12.216539
12.272348
12.192544
36.792298
12.184345
36.799453
11.882818
12.290315
12.074699
12.097969
12.650464
28.514221
12.789135
28.362236
12.6287
28.206029
12.337133
28.259618
12.076361
37.124333
11.831677
37.006182
12.323751
12.263532
12.005121
12.160473
12.116505
12.137085
11.608249
38.082897
11.966115
37.776449
11.93696
11.734152
48.300487
36.847975
53.367978
49.067443
40.32993
20.587509
40.867236
14.69208
15.122591
14.628191
15.180348
14.366274
14.943141
14.446897
14.971966
14.483954
15.094987
14.601098
14.971414
14.444104
14.974779
14.491927
15.109991
14.378863
15.141879
14.500554
14.875359
14.466728
15.003837
14.504522
14.971028
14.716823
15.181189
14.67603
15.213489
14.683499
15.18464
14.687525
15.168826
14.677452
15.121204
14.624364
15.16452
14.717952
15.126904
14.634948
15.208904
14.116891
14.71596
14.132228
14.730488
14.407856
14.907103
14.423646
14.877484
14.127309
14.650373
14.149251
14.634725
14.473899
15.001203
14.486035
14.969913
13.609727
14.386984
13.751472
14.269281
14.211911
14.471106
14.009273
14.631283
19.737532
14.499919
14.954531
14.495653
15.082443
14.722937
15.122519
14.629499
15.210933
14.110127
14.818427
14.287417
14.670605
14.31091
14.761494
14.311478
14.672487
14.416503
14.788032
14.353923
14.903526
14.145355
14.763357
14.275799
14.669598
14.701809
15.192951
14.706482
15.199053
14.608619
15.174927
14.686075
15.09016
14.464539
14.668732
14.229843
14.822354
14.167528
14.830795
14.457862
14.6985
14.242077
14.65384
14.214857
14.68051
14.491655
14.647532
14.208719
14.850024
14.561949
14.875417
14.409559
15.293187
14.492292
15.079855
14.562052
15.073956
14.232172
14.915204
14.425549
14.58256
14.151209
14.722973
14.3524
14.523576
14.472119
14.560873
14.206236
14.912058
14.249751
14.872446
14.513458
14.675545
14.674253
15.084317
14.595158
15.155964
14.717685
15.039903
14.528588
15.203551
14.231215
14.643135
14.1984
14.672952
14.199528
14.616421
14.175708
14.574971
14.206708
14.831476
14.461023
14.632434
14.175787
14.858207
14.393547
14.709501
14.507041
15.086014
14.463934
14.988807
14.507306
14.999276
14.527454
15.013148
14.125239
14.583658
14.073025
14.63883
14.163879
14.774874
14.282869
14.691808
14.17918
14.623983
14.081612
14.72225
14.358132
14.780045
14.322346
14.714984
13.553119
14.27803
13.628645
14.204631
14.107701
14.550494
14.093283
14.549588
41.135096
30.472326
30.472326
44.140979
17.725907
51.494061
33.466762
14.448509
15.017039
14.525309
15.074811
17.614588
17.657006
33.684026
12.847521
28.656966
33.677569
17.523836
17.421359
33.657466
12.351146
28.568435
33.659443
14.484782
14.981151
14.536571
14.990777
17.408521
17.312623
33.626618
12.196614
28.405836
33.624272
17.481166
17.408406
33.63513
12.749322
28.447911
33.631297
14.553058
15.104414
14.496074
15.082953
17.50252
17.425116
33.806316
12.661082
29.092151
33.803039
17.447759
17.540793
33.799794
12.716389
29.085489
33.802858
14.550522
15.076623
14.503633
15.045737
17.432795
17.443046
33.781114
12.393102
29.05279
33.787888
17.451505
17.526985
33.79466
12.733224
29.079877
33.794838
14.557229
15.268564
14.649803
15.152878
17.449115
17.296291
33.820679
12.572875
29.114114
33.820948
17.626122
17.52513
33.824124
12.352945
29.125287
33.823356
14.440567
15.321899
14.702469
15.054831
17.508876
17.402957
33.82405
12.666227
29.12466
33.824866
17.695418
17.404695
33.825123
12.241766
29.126642
33.823096
14.718925
15.038128
14.433813
15.295316
17.681243
17.684139
33.788092
12.850075
29.02348
33.78325
17.387082
17.692601
33.795561
12.47853
29.038553
33.792523
14.739305
14.95317
14.455066
15.339026
17.68519
17.647943
33.802751
12.822521
29.059336
33.802983
17.410869
17.7309
33.798673
12.493995
29.047106
33.794439
14.518196
15.016413
14.510111
15.014784
17.61141
17.642239
33.659429
12.831804
28.627814
33.666171
17.488995
17.460143
33.68567
12.650105
28.69637
33.68201
14.557477
15.054048
14.494015
15.05742
17.620368
17.682895
33.724807
12.841061
28.84871
33.718446
17.417204
17.544703
33.69873
12.759619
28.793634
33.70585
14.298449
14.755201
14.18993
14.797204
17.01258
17.058465
34.047441
12.099922
29.015455
33.928451
17.063385
17.23016
33.671681
12.550737
28.492373
33.700438
14.448584
14.918017
14.429978
14.968337
17.38752
17.324719
33.57483
12.581828
28.210265
33.583814
17.367566
17.353667
33.61545
12.62631
28.22587
33.600195
14.258614
14.696356
14.177051
14.749352
17.041746
17.026236
34.138198
12.450133
29.335506
33.955042
17.055543
17.167063
33.700541
12.476723
28.635241
33.736401
14.446895
14.928597
14.429782
14.957762
17.527787
17.388494
33.62083
12.686114
28.354682
33.627166
17.414438
17.384418
33.662602
12.622707
28.381709
33.651913
13.837239
14.414068
13.880918
14.290244
16.557281
16.420392
34.515636
11.710277
37.703869
34.465906
16.669722
16.511945
34.293843
11.886507
37.678365
34.329147
14.006826
14.591308
14.116201
14.454522
16.69753
16.893228
34.139541
11.930061
37.552984
34.160766
16.829332
16.688068
34.217417
12.023623
37.610529
34.20423
54.403126
47.424886
14.557988
15.141328
14.644356
15.051432
17.455379
17.462153
33.715236
12.32851
28.824122
33.719332
17.621138
17.506533
33.740274
12.702235
28.896779
33.735999
14.670099
15.228716
14.616865
15.255662
17.627397
17.690599
33.768906
12.873228
28.998877
33.766381
17.591012
17.645439
33.759388
12.442931
28.97526
33.762041
14.12675
14.642628
14.178941
14.557997
17.117478
16.879384
33.822008
12.188731
33.846529
16.938837
16.831736
33.94124
12.134278
33.91229
14.108827
14.642759
14.279377
14.468251
17.003978
16.994076
34.095781
12.261669
37.427821
34.075761
16.998228
16.755434
33.994149
11.964149
37.357524
34.024328
14.380871
14.619421
14.134089
14.834886
17.106948
17.179289
33.773261
12.080179
33.760155
16.843976
17.129188
33.713918
12.339546
33.718932
14.112787
14.597459
14.103199
14.610135
17.059116
16.873519
33.691401
11.907533
33.69755
16.866074
16.863862
33.704468
12.171569
33.701456
14.683904
15.100484
14.616518
15.184651
17.697983
17.674627
33.812051
12.858016
29.123823
33.813947
17.582941
17.647538
33.817533
12.838167
29.127467
33.818574
14.582266
15.159899
14.569043
15.168261
17.671312
17.554043
33.822622
12.748041
29.121252
33.821299
17.514337
17.555061
33.819532
12.363684
29.116008
33.81832
14.51768
14.931974
14.451016
14.890746
16.892295
17.145669
33.736767
12.373259
36.75203
33.735051
17.177991
17.218477
33.717401
12.357439
36.755444
33.726053
14.260884
14.924216
14.475682
14.639475
17.15562
16.913456
33.705392
12.225109
33.705213
17.168251
16.922842
33.712951
12.220105
33.710388
14.391776
14.830061
14.462309
14.757102
16.873208
16.915048
33.740547
12.21547
33.73826
17.168094
17.06329
33.742502
12.29632
33.742598
14.371642
14.787659
14.341102
14.793733
16.869054
17.172784
33.74911
12.381522
33.747
17.013995
17.03855
33.749563
12.302643
33.749524
14.717765
15.093521
14.603189
15.218372
17.285937
17.614613
33.819626
12.45004
29.106681
33.819987
17.590629
17.701283
33.816978
12.869972
29.111199
33.81482
14.694871
15.119568
14.597784
15.190274
17.506976
17.436077
33.809087
12.351375
29.082273
33.808265
17.601021
17.677476
33.811793
12.857305
29.086737
33.809159
14.450966
14.576349
14.206697
14.878783
17.146163
16.868316
33.765011
12.161917
33.764445
16.878748
17.134112
33.762067
12.063652
33.766748
14.130323
14.55169
14.183067
14.554229
17.049647
16.79782
33.757654
12.107726
36.753901
33.758071
16.854161
16.780404
33.760869
11.814572
36.757532
33.762384
14.244281
14.75697
14.393517
14.674764
16.88354
17.174544
33.776543
12.073638
33.769129
17.093107
16.910183
33.763057
12.211095
33.768669
14.186866
14.729076
14.364328
14.617394
17.222353
16.910647
33.763995
11.920191
33.763992
17.058711
16.848421
33.769317
11.8785
33.766067
14.567173
15.049125
14.554272
15.090483
17.583761
17.625265
33.78006
12.814974
29.004246
33.773902
17.532622
17.488725
33.76349
12.337034
28.983083
33.767736
14.670242
15.00719
14.509401
15.137577
17.541756
17.678524
33.737991
12.844078
28.90296
33.73933
17.47442
17.5869
33.752782
12.839469
28.934787
33.749072
14.227035
14.738749
14.294664
14.594271
16.859289
16.903895
33.748871
12.199944
36.804823
33.745847
16.962292
16.870171
33.753837
12.176034
36.804551
33.758509
14.212369
14.568989
14.127819
14.580895
16.835453
16.867503
33.763248
12.042044
33.764084
16.78101
16.86541
33.758349
12.181321
33.758804
14.478566
14.620295
14.242904
14.906611
17.170088
16.861603
33.748863
12.170135
33.747898
16.929562
17.173093
33.73998
12.082585
33.73625
14.229685
14.83864
14.465483
14.658482
17.172132
16.918485
33.731144
12.209838
33.732869
17.170007
16.894459
33.724948
11.911195
33.728599
14.531057
14.977549
14.500744
15.001354
17.415449
17.433494
33.633136
12.645685
28.489026
33.628029
17.439838
17.465799
33.605464
12.701788
28.394107
33.610523
14.478547
15.031107
14.422974
14.974093
17.505105
17.43945
33.577306
12.637855
28.212961
33.575441
17.351025
17.39137
33.580446
12.627729
28.252258
33.58313
14.373475
14.851661
14.37522
14.861604
16.788646
16.870268
33.815804
12.171894
33.796861
17.158541
17.104982
33.747224
12.051483
33.757579
14.180201
14.896418
14.398757
14.667724
17.072801
16.900221
33.730932
11.924823
36.908217
33.734527
17.148505
16.932298
33.736442
12.189698
36.942923
33.730538
14.20496
14.630472
14.15735
14.603231
16.817826
16.96663
33.862281
12.250162
33.884748
16.862347
16.837631
33.975016
12.104328
33.950169
14.350216
14.766206
14.313495
14.713442
17.016918
17.025347
34.12299
12.260917
34.098861
17.007424
17.039827
34.028033
12.277378
34.056165
14.011599
14.313597
13.823532
14.429411
16.437039
16.369599
34.578935
11.697652
34.489866
16.585657
16.730261
34.336222
12.082644
34.369403
14.02829
14.553783
14.088282
14.419137
16.781838
16.798984
34.149805
11.862979
37.649891
34.161473
16.77213
16.711214
34.244511
11.870871
37.721855
34.239407
52.952372
34.433056
53.863372
46.832287
13.660372
39.788836
13.39925
13.279913
39.856779
13.015414
42.523105
41.844376
40.649288
42.058268
40.497758
55.728176
55.371994
52.176205
51.77497
55.617078
55.328064
52.155671
51.837697
55.783849
55.623704
51.999741
51.86246
55.495756
55.369918
52.247485
52.127714
55.553697
55.886519
52.176916
52.284966
55.696483
55.904502
52.044902
52.337802
55.924072
55.089923
51.753182
52.135326
55.289053
55.636263
52.324535
51.603148
55.491431
55.576703
52.129477
52.098621
55.679254
55.663202
51.960233
52.034197
48.871356
54.05204
51.837152
51.10719
55.236239
54.521081
46.155822
50.720587
48.879938
54.496352
51.978662
51.389189
46.343631
50.990623
55.447929
54.853403
48.446079
132.27028
165.32982
141.23748
45.607179
134.39072
169.87132
142.26594
55.652724
55.494908
52.223631
52.313263
52.089856
52.013769
55.82881
55.834896
154.91358
189.49397
170.04391
181.30673
174.00322
189.58575
146.93778
179.43511
147.70821
162.80053
147.88446
155.02677
140.6598
151.59179
154.65427
165.45107
55.86158
55.838533
52.344497
52.145134
52.242385
52.312982
55.834649
55.708293
147.33277
144.23126
145.13438
133.22674
152.41722
143.93043
134.59177
133.17308
146.80184
143.72166
133.17394
130.4719
133.99986
130.32975
147.50709
144.09137
55.281922
55.787313
51.857021
51.86445
51.759122
52.304962
55.494072
55.361061
144.53055
143.38365
132.27213
128.91584
146.59152
143.46201
130.25923
129.03902
144.41034
146.16106
131.87315
131.49457
130.13645
131.45467
147.10792
146.15594
55.877612
55.44827
52.145431
51.958355
52.280232
51.959435
55.652094
55.470205
143.24182
148.44392
132.10845
134.03035
147.32675
148.31253
130.66203
134.34156
143.28282
144.57632
142.06435
133.62077
130.87128
133.45419
149.74686
144.50256
55.411037
55.584027
51.897244
51.995682
51.941536
52.055209
55.312351
55.520725
149.62048
160.65887
144.56659
152.8011
151.79256
162.37589
141.68446
150.45759
154.30083
186.66418
168.32496
181.25724
145.85914
179.40473
172.40488
187.73815
48.23241
131.16597
163.39823
141.48565
168.0705
142.19762
45.277043
133.79433
51.897813
53.824474
21.097291
21.073733
51.172642
20.98581
52.793809
21.10573
21.013502
51.31119
54.097741
21.011646
21.047656
54.808007
20.90556
54.219582
21.165955
21.104326
52.907907
50.044283
20.982039
21.08376
20.164453
20.986271
45.773004
18.98154
19.793826
20.154612
21.013367
19.191496
19.753988
42.13546
45.466237
48.670387
50.30999
21.098367
21.119475
21.055784
52.517728
53.525703
50.113578
54.474112
53.540318
55.759848
43.37297
50.897535
52.371226
55.868611
21.126923
21.108828
21.109631
56.197345
55.694983
37.953368
35.985916
36.378748
34.787972
55.160609
20.959681
21.005839
20.893134
54.93719
55.229873
34.369416
33.377093
33.772633
33.990887
33.697114
34.504901
33.691527
51.00306
21.048366
21.141787
21.05359
48.961594
52.743054
34.202067
34.32697
35.43929
40.411297
58.425631
21.007383
21.034887
20.961563
42.100724
52.247512
41.774955
48.441569
52.621868
47.41429
49.435406
53.702056
53.075513
48.252991
48.753224
18.062531
35.233571
45.085264
42.806118
37.036608
37.294735
36.741634
36.77215
36.757752
36.807425
37.151578
36.979383
38.492156
35.224051
37.631627
51.023154
48.67692
37.013626
36.85285
36.774212
36.841575
36.745926
36.750605
36.749909
36.773883
36.775062
36.785634
36.777491
36.834016
36.881507
36.834859
37.172525
37.410724
37.604465
37.430748
45.776377
43.328764
50.744755
48.439927
63.943412
75.557083
55.632798
75.71447
75.080128
55.417735
75.068658
38.91275
51.786546
38.620178
51.987861
38.595029
38.770779
75.494875
55.294362
74.998177
74.823546
55.506989
75.206584
38.922019
52.176124
38.897867
20.9202
20.96978
51.90512
38.625099
38.700798
53.867389
75.921872
55.616116
75.285915
75.825725
55.493777
75.168451
38.734417
52.024027
38.777236
52.040171
38.63398
38.782153
75.374294
55.538366
75.509791
75.47433
55.587599
75.572016
38.955143
52.014148
38.771953
51.912644
38.836568
38.6803
55.192595
75.712873
55.620066
75.770266
76.03498
55.847076
76.06136
38.882055
51.954869
38.712588
52.393576
39.019055
39.072733
75.759603
55.470276
75.337769
75.538096
55.964454
75.855896
38.775022
52.10704
38.840686
21.167702
21.150461
52.338235
39.035912
39.021827
56.044191
75.63083
55.74035
76.007287
75.183361
55.324271
75.04072
38.566758
52.214536
38.973062
51.819651
38.882641
38.613319
74.666372
55.868902
75.668466
75.837032
55.35785
75.261861
39.047281
52.239786
38.935377
51.787714
38.431561
38.58281
52.305385
75.394161
55.718482
75.648565
75.412983
55.5015
75.439357
38.894339
52.204853
38.931734
51.974542
38.846716
38.723146
75.567497
55.759881
75.659247
75.561587
55.500861
75.638038
38.731494
52.160287
38.90585
21.036133
20.978358
51.945916
38.817344
38.717661
39.713865
65.556808
52.238554
70.802805
73.619733
53.090826
72.232548
38.663364
51.756669
38.60683
51.702669
38.094242
38.562994
75.211707
55.272334
74.965599
74.053241
55.211178
74.818603
33.806743
48.81383
36.408406
49.688773
37.816586
37.048675
65.346119
52.130156
70.818778
52.997213
73.833087
71.852804
38.773689
51.79577
38.628873
38.310882
51.681809
38.526825
33.888815
48.808709
36.32289
20.610305
20.051182
49.614175
38.024571
36.943677
43.916826
46.259279
75.278435
55.321284
75.010176
74.414378
55.179789
74.835771
65.089913
56.973487
71.58408
68.466953
163.6305
81.392406
59.431498
49.542709
113.90143
148.81011
103.97881
111.80768
146.6047
103.279
33.22155
58.039431
60.124073
72.475384
113.15303
79.971392
237.70982
155.80715
219.27687
182.24556
153.63841
215.11587
75.507708
55.446189
75.589172
56.432888
51.098834
55.749176
75.561659
75.935564
21.108159
38.950398
52.229076
38.980231
39.032607
52.209052
38.953528
38.851485
51.972183
38.729351
21.015385
21.103561
52.265486
38.772593
38.966607
55.340093
75.507144
55.811734
75.460067
75.986288
55.799299
75.460117
253.99823
177.06956
283.74162
306.09616
182.44006
293.56435
117.69677
178.00733
126.73436
56.616212
55.495657
179.73416
128.94234
128.25774
241.38047
182.25933
260.83257
305.04341
184.56938
274.21109
109.40237
164.50402
118.82838
169.01411
127.91686
121.55075
251.25254
143.10283
261.73072
146.94236
282.0178
268.32887
49.183849
49.134408
104.32266
155.80916
111.96438
115.74199
157.2512
116.74583
109.51464
133.36612
105.34401
48.371147
49.97496
135.52847
113.43396
103.62028
254.69756
162.73371
265.90857
282.36992
165.27451
272.09297
75.475973
55.832351
75.853577
55.021338
55.910864
55.753793
76.038784
75.734077
21.057824
39.011873
52.338783
39.008409
38.879525
52.118129
38.86225
38.971005
52.327361
38.98463
21.149946
21.0749
52.244622
39.01382
38.915751
55.510704
76.04561
55.850775
76.134523
75.830644
55.670147
75.400153
256.55594
147.01254
256.25879
250.66262
146.4639
255.19828
100.41468
138.3113
91.857469
36.200046
37.228384
136.58105
87.163663
90.049536
252.85074
147.3755
248.43747
248.59633
145.98911
246.9891
86.673757
134.62005
87.309594
36.13726
36.379864
134.32474
86.878277
87.285009
255.90074
144.92907
254.67913
144.49539
254.02667
254.30947
34.839891
35.767951
84.0575
133.522
83.510202
81.652911
133.01119
83.282607
85.266338
131.8636
82.77259
131.34092
82.218959
82.061493
261.19881
147.77329
261.91494
255.56819
147.2025
260.81844
75.354097
55.563733
75.756277
51.69497
51.389994
55.658088
76.075031
75.467595
21.059657
38.666114
51.978164
38.764075
38.6336
52.136305
38.860273
38.559795
52.046933
38.776946
21.121985
21.047959
52.125436
38.994351
38.862195
55.870281
74.994557
55.581843
75.103176
75.496421
55.683701
75.699993
256.95728
145.13299
258.68306
256.02579
145.11383
258.90493
83.286619
130.39093
81.192273
33.911822
33.188677
129.97154
79.603308
80.829796
259.60468
145.04893
258.06961
255.62295
144.68498
257.72413
81.994022
130.82508
82.366707
130.70847
79.627511
82.169997
256.79244
144.67592
257.92703
145.07368
259.28739
257.65764
34.976473
34.57789
81.859338
130.961
80.523501
81.391262
130.6881
80.532813
81.838414
130.57319
81.931039
34.153793
33.819782
130.70555
82.717243
82.139525
261.63945
145.89322
259.40976
259.4833
145.47636
258.57734
75.546858
55.632688
75.735776
53.848599
54.38773
55.523252
75.577873
75.258917
20.99626
38.86505
52.139145
38.853786
38.707503
52.024962
38.765845
39.005264
52.130303
38.849977
20.961842
20.995396
51.985255
38.699234
38.751703
52.915222
75.840253
55.644777
75.834317
75.580374
55.529836
75.689405
251.29964
145.54746
256.66506
262.27839
146.72039
258.71643
82.050408
132.36603
82.898991
36.124992
34.431687
132.45616
83.752423
83.25225
261.9245
147.20254
260.85692
262.1087
147.09164
260.30987
82.967329
131.99715
82.880184
36.208153
35.045058
132.88112
84.151516
84.423195
250.72378
144.60993
252.24549
144.91474
250.86307
252.96391
36.160613
37.174975
97.265716
136.56217
89.938199
87.109623
135.44104
89.346295
82.375093
132.5361
85.277135
132.95644
86.735489
85.728016
248.58244
145.82461
247.43474
249.94816
145.16165
247.82388
75.525565
55.48072
75.384559
60.788174
59.659144
55.412286
75.536411
75.281329
20.994655
38.698346
51.97178
38.760415
38.792615
51.869463
38.688934
38.692552
51.942905
38.741438
21.052643
20.955143
51.874702
38.830607
38.680455
55.077931
75.37135
55.431865
75.402327
75.420555
55.377999
75.369949
255.15115
146.45043
262.24115
274.58934
149.09794
267.24256
100.36179
151.96806
105.25012
48.498575
50.021939
153.50908
114.11889
108.25915
250.4035
158.81288
260.01552
274.05819
160.96591
264.13115
108.51195
137.09434
106.98289
138.60182
110.62036
108.0047
257.51892
171.13074
275.94979
176.2468
293.16906
283.03284
56.005456
54.58023
116.26789
177.18794
125.33232
127.70924
179.14355
126.9483
111.0976
160.62022
119.13006
55.927413
56.547683
165.75059
127.7347
123.08818
239.09951
181.42033
255.75681
291.32774
183.91527
265.08268
64.777298
55.816917
70.250375
162.94276
66.553908
79.538932
112.56065
147.84696
103.26767
60.319147
50.117411
145.51909
112.58396
102.8099
235.86228
154.67154
218.22942
182.5884
152.732
215.25262
32.993056
56.760084
58.093128
70.075777
113.79103
75.792446
265.2654
267.03246
44.774151
39.33192
45.004209
39.104945
210.78788
209.49271
45.331195
39.606183
39.636595
45.273149
248.45866
264.51388
45.255025
39.289944
44.792191
39.747528
236.95732
236.00464
44.95838
39.684433
39.449256
45.188504
261.14812
261.90523
45.228603
39.53916
45.088031
39.707645
235.33276
235.3487
45.100493
39.362226
39.529495
44.937055
229.60779
242.02972
45.343146
39.089425
44.534759
39.848542
239.41738
239.23734
45.269305
39.751829
39.72898
45.33491
263.10127
266.77976
45.247604
39.459658
45.126003
39.550545
258.14394
259.65902
44.84682
39.172632
39.292693
44.850723
65.094507
66.849719
44.560675
39.100122
44.734625
38.915447
211.23789
189.19468
42.184035
37.269146
37.630898
41.059311
16.388971
15.414517
16.220458
15.356994
34.443135
37.208555
36.991733
34.641191
33.247014
34.79465
35.699532
33.095851
16.998543
15.995344
17.100741
15.847814
16.932427
16.025808
17.214764
15.997862
122.39893
133.13222
129.40788
125.38743
36.986258
30.066596
37.943594
28.823278
17.359455
16.245843
17.292923
16.328196
65.843011
67.507755
44.695906
39.248777
44.90783
39.022169
42.316417
37.229882
37.689325
41.04285
206.84955
197.20472
158.85952
143.64662
138.74651
162.51539
45.517909
32.674575
39.40406
37.844314
17.257673
16.068867
17.246059
16.071373
34.492882
37.277396
37.060346
34.721508
17.035301
15.996233
17.16695
15.861193
34.970366
37.533484
37.564456
34.952253
17.044245
15.945979
17.111291
15.874753
34.886594
37.580276
37.479722
34.984778
34.568191
37.294538
34.696822
37.160606
17.199158
16.089038
17.281881
16.026916
16.953635
16.534843
16.938018
16.554543
132.12135
137.33165
128.61046
140.96441
17.581132
16.499766
17.545084
16.555004
160.66028
141.56412
148.66114
148.39095
17.167963
16.556336
16.969418
16.805912
134.49839
125.92532
125.21638
133.62166
136.1699
136.34867
141.48982
132.65363
17.163375
16.612297
16.965955
16.774629
264.90703
264.47618
45.149936
39.687524
45.216195
39.584092
44.868923
39.355694
45.036537
39.232846
237.44374
237.65039
168.02839
147.17829
165.60378
149.94996
160.48813
142.94451
147.18214
156.85665
130.50301
119.13975
120.39798
127.33768
152.60448
139.43724
136.85254
154.33469
17.110023
16.11063
17.227055
16.005234
35.078518
37.145781
37.612288
34.626618
17.279484
15.913487
17.015743
16.156288
34.778167
37.537358
37.316717
35.008868
17.153563
16.065628
17.249913
15.96919
35.01349
37.640683
37.615775
35.031381
34.792597
37.562824
34.956378
37.392663
17.279121
16.115329
17.297434
16.101418
17.386077
16.454582
17.22123
16.624115
129.78165
126.388
131.85635
126.44868
16.970932
16.539742
16.906166
16.585797
126.82393
128.35804
127.09202
128.07139
17.528133
16.497458
17.265123
16.772775
127.32647
128.9944
129.03925
127.27866
127.05957
128.46723
127.15226
128.41869
17.313939
16.461774
17.28067
16.506361
233.66099
233.92911
45.278525
39.76614
45.313541
39.724095
45.007413
39.655745
45.210753
39.484556
254.32079
271.76226
122.93454
118.42437
124.68442
118.34861
120.48522
122.22617
121.86619
120.79473
123.30165
125.02756
124.87356
123.54618
121.56797
122.56341
122.90242
121.13528
17.192278
15.935795
17.099858
16.018835
34.990419
37.429123
37.589587
34.835752
17.257716
16.003722
17.176833
16.089137
34.838051
37.286338
37.445992
34.679252
17.151458
15.841939
16.975337
16.043373
34.866844
37.10143
37.410638
34.586094
34.864491
36.988411
34.40273
37.398316
17.175416
16.001274
17.096221
16.062395
17.256243
16.719651
17.536705
16.432807
126.66936
128.80235
127.07686
128.4244
17.279183
16.777001
17.57911
16.469721
126.02866
127.85673
125.91353
127.96289
17.263631
16.449279
17.269122
16.444611
125.49697
127.49332
127.43671
125.56106
125.71563
127.73062
125.78818
127.66323
17.251489
16.727825
17.537125
16.431243
262.166
266.10397
45.014238
39.221286
44.670154
39.533339
45.073132
39.061578
44.611798
39.532514
239.28059
238.59559
124.66855
125.28585
124.04546
125.57093
125.14256
126.02148
125.93977
125.3673
125.47838
125.79926
125.86872
125.39584
125.68863
126.06169
126.09784
125.5492
17.289529
16.121942
17.298773
16.104312
35.161648
36.972762
37.718572
34.443679
17.320451
15.837642
16.919354
16.190328
35.018592
37.66128
37.635289
35.046556
17.264172
16.108343
17.289089
16.071637
34.756212
37.319188
37.274395
34.723617
35.002481
37.646791
35.040892
37.624252
17.095145
15.965706
17.126201
15.9852
17.281614
16.491287
17.244744
16.519883
125.81411
127.56504
125.65722
127.6844
17.253256
16.575641
17.385213
16.450601
125.25662
126.75312
125.25977
126.80061
17.193053
16.452768
17.211634
16.443745
127.62048
125.95221
125.87947
129.19404
125.53199
126.79196
125.36939
126.87081
17.259062
16.669128
17.031684
16.889187
229.78543
230.44864
44.98098
39.372601
45.063459
39.405887
45.292237
39.737582
45.299705
39.708232
257.25659
256.94621
124.9952
125.67795
125.21118
125.5415
122.51924
122.66377
123.07442
122.11642
121.32156
117.54156
117.6806
122.26775
121.10725
122.24487
121.85008
121.6108
17.053584
15.87888
17.042005
15.95113
34.884687
37.398184
37.490162
34.808007
17.156071
15.973338
17.137257
15.963861
34.634636
37.130468
37.157289
34.52892
17.060403
15.944074
17.130258
15.892456
34.457421
37.016171
37.017594
34.463221
34.534523
37.183888
34.600331
37.108113
17.001705
15.845327
17.012719
15.830073
17.166053
16.904607
17.27204
16.835799
132.64347
125.78399
131.00042
125.32525
17.160647
16.856488
17.204974
16.799195
137.03446
136.8807
142.14326
132.83155
17.171361
16.716673
17.127793
16.771735
130.22745
135.41065
139.17449
126.96818
162.06602
143.00019
151.07576
149.63203
17.380317
16.376611
17.410014
16.332862
262.80569
262.87829
44.700074
39.059542
44.706076
39.058649
44.810871
39.240133
44.891478
39.163777
217.37693
224.82549
126.08271
117.5134
123.87457
118.09018
151.32929
139.13442
136.03477
153.45759
166.63403
145.59796
148.3532
164.38988
161.06627
142.95026
148.1777
156.7186
16.332836
15.503121
15.380366
16.370439
34.347945
37.063746
36.868965
34.506413
16.912812
15.877202
17.044811
15.816202
33.137373
34.824584
35.522384
33.09646
16.773179
15.651382
15.859798
16.862963
120.86981
130.97577
123.70536
127.66077
17.479996
16.509568
17.539677
16.432726
35.812686
29.588397
36.697989
28.260474
157.07538
141.06882
160.70041
137.19316
44.344973
32.327075
38.224321
37.385457
21.112686
17.601112
19.687776
252.93568
252.5122
58.637281
55.850229
58.187332
55.380753
49.858415
51.912216
44.653427
39.11968
44.749366
39.12295
51.827231
49.518541
251.59463
246.90977
58.500154
55.422682
58.126847
55.399269
49.921392
52.263659
44.808685
39.118206
44.767638
39.26282
51.816862
49.563792
265.61551
265.8453
58.711179
55.591751
58.599518
55.568402
49.690084
52.266782
45.006923
39.165602
44.698238
39.489975
52.158047
49.582153
264.79213
263.50305
58.387915
55.845614
58.312921
55.663503
49.958727
52.078696
44.98595
39.45632
45.020419
39.458222
52.079054
49.821989
250.26615
269.06428
58.500868
55.72596
58.815759
55.669829
49.871602
52.270867
45.234386
39.726309
45.234158
39.719298
52.270308
50.0527
232.64534
234.36139
58.61313
55.870134
58.767824
55.901777
49.781968
52.16073
44.963953
39.742408
45.274117
39.454322
52.081827
50.066215
271.38342
270.31766
58.801318
55.807821
58.035897
55.674248
49.489361
52.365516
45.087543
39.569657
45.075511
39.604857
52.111685
49.875209
272.11642
254.14904
58.170944
55.918296
58.600835
55.682755
50.094412
52.28986
45.048692
38.904647
44.356619
39.528141
52.107634
49.336162
274.16735
274.3886
58.391845
55.483852
58.484686
55.484849
49.867478
52.235049
44.878967
39.366011
45.045969
39.321801
51.954499
49.865444
273.41325
271.46679
58.607295
55.811852
58.569754
55.532506
49.737888
51.917358
44.827604
39.491125
45.053332
39.259828
51.920583
49.805804
130.05789
103.87084
52.090185
50.095252
57.011057
53.817067
49.601304
51.769396
44.495482
38.562007
44.090458
39.056456
51.499617
48.850192
139.30674
146.863
58.220237
55.175524
57.310428
54.941832
43.529627
47.233655
43.775482
38.516755
43.928286
38.29079
50.397056
48.485803
21.348961
22.449936
21.184565
23.083905
16.844736
15.7354
15.69583
16.904192
22.218036
24.072777
24.000206
22.315439
34.282217
36.825431
34.289399
36.847236
27.028684
25.360601
25.138239
27.191997
26.929947
25.033812
26.910348
25.032962
25.920847
23.93331
25.281249
24.001467
34.18584
36.809333
34.272172
36.747342
26.792011
24.994147
24.893528
26.874898
16.917029
15.782754
15.760428
16.934338
22.44372
24.36158
24.216298
22.663613
22.351202
24.103907
22.354909
24.129684
21.579806
22.807832
21.693687
22.494143
17.252093
16.076119
16.182221
17.158757
69.570368
77.328846
71.610868
72.162517
100.54613
104.9948
99.043183
106.5098
107.09815
100.38709
98.899244
108.31221
98.472505
87.384564
92.49222
89.883378
27.490834
23.879471
25.487533
24.437934
101.69298
105.04103
100.13282
106.34712
78.799831
80.609505
73.133907
83.782001
17.242832
16.105142
16.184549
17.175062
81.45609
90.964142
89.76756
82.558783
74.682585
80.606995
73.689779
82.045539
52.172016
50.37533
118.09836
95.803522
54.249047
57.212689
44.461241
38.880077
38.852511
44.424658
49.718022
51.855561
49.178966
51.46522
43.585164
47.729111
44.188903
38.865498
38.74527
44.331152
50.730149
48.786233
134.16856
145.99605
58.334701
55.339796
57.628094
54.965121
50.90368
48.363317
111.23945
130.27324
127.04533
110.85069
112.19778
125.94749
156.89029
159.26257
138.15626
144.34006
43.293044
45.820353
136.90853
110.97215
113.92312
131.71109
117.85741
135.35642
175.68516
164.56762
142.33558
148.80996
17.041127
15.867588
15.954414
17.018764
22.785723
24.565124
24.579259
22.763027
22.57545
24.242965
22.45944
24.290107
27.0476
25.363322
27.260799
25.151025
34.482538
37.083392
36.950511
34.496233
26.961237
25.151221
25.141052
27.06392
16.946075
15.856709
15.871156
17.027959
22.459769
24.430764
22.652554
24.240104
22.438022
24.245686
22.448945
24.153223
27.445315
25.514363
25.524843
27.417003
34.63537
37.083199
37.121999
34.528561
27.113255
25.163555
25.289552
27.078791
22.481354
24.368113
22.562329
24.269415
17.084288
15.96064
15.912297
17.056758
22.534512
24.278288
24.329593
22.5693
34.833766
37.571623
34.961033
37.441671
27.326618
25.504843
25.411423
27.439745
27.292081
25.521877
27.444131
25.37415
27.084587
25.294002
27.188876
25.168922
34.648082
37.196404
34.695036
37.231989
27.146528
25.258809
25.244097
27.105221
17.181865
16.081358
16.015274
17.278303
22.696101
24.585285
24.487374
22.775697
22.658069
24.597488
22.803069
24.432646
17.474869
16.644489
16.607786
17.589149
115.38681
131.88947
127.04146
119.01983
99.988938
105.92364
97.1431
109.23316
110.27611
101.52082
109.2459
102.7422
150.37386
160.05669
153.93619
157.2602
116.65145
113.05876
110.88127
118.64134
17.61112
16.614552
16.606715
17.600774
84.623959
91.92763
83.512821
93.090098
92.14528
102.9444
94.433246
100.66115
143.32477
142.21794
138.32925
145.78603
161.05111
162.51054
156.99738
165.72723
124.21786
115.84854
118.47224
121.1663
123.2327
135.6093
121.70692
137.22005
17.250916
16.926393
16.930616
17.237847
117.84565
127.19387
130.79096
114.95889
130.48265
124.42509
130.21202
124.37943
118.17802
114.50574
115.56805
117.12661
128.83415
131.85218
133.57608
127.36535
149.12014
144.90488
148.47622
148.10647
129.21737
124.59072
129.7985
124.72011
141.70916
136.34653
140.21982
137.89659
16.899315
16.584531
16.575858
16.908104
97.641193
107.99429
109.053
96.563322
108.10652
123.08665
111.44107
119.31844
58.559746
55.472603
282.56005
279.49722
55.588631
58.448463
45.123683
39.648244
39.521694
45.284061
49.959816
52.206513
50.048375
52.169585
49.855926
51.932766
44.940754
39.35547
39.319187
44.873295
52.044683
49.726767
284.69906
284.05405
58.630971
55.796913
58.785108
55.748979
169.26274
162.95296
208.83658
188.56683
161.8653
172.85183
180.82577
167.05877
164.60634
181.85215
181.96135
173.57317
178.24257
177.20676
206.13059
188.53832
141.26175
153.40517
180.49775
169.21022
170.2726
181.59459
176.27318
171.50934
162.45899
142.92616
158.29752
182.34172
145.40034
126.96084
125.36457
145.75708
142.14771
150.67168
148.59867
157.30857
136.7921
135.39843
146.09742
126.71123
128.2714
146.41344
146.46352
144.84196
168.10548
157.215
183.84359
166.75728
17.143804
15.987694
15.981969
17.153496
22.615777
24.540602
24.363421
22.817969
22.60288
24.408992
22.602687
24.391635
27.471839
25.193762
27.055081
25.604948
34.828166
37.085738
37.343209
34.495362
27.187463
25.101764
25.352171
27.003763
17.105776
15.849858
16.001895
17.013244
22.860478
24.224171
22.478484
24.610289
22.6221
24.187982
22.408106
24.347786
27.195351
25.537039
25.333698
27.384759
34.768697
37.372745
37.353908
34.776957
27.238239
25.329126
25.322929
27.254141
22.626592
24.55209
22.740226
24.415224
17.271658
16.112613
16.101563
17.28823
22.782221
24.591382
24.580032
22.783616
34.975269
37.407379
34.800041
37.584156
27.441719
25.530144
25.524328
27.448915
27.410823
25.341729
27.256053
25.495996
27.252306
25.474421
27.399332
25.333149
35.006192
37.618988
35.015619
37.604098
27.433449
25.525558
25.531079
27.439321
17.259145
16.003816
16.086025
17.171475
22.794541
24.59544
24.580316
22.809097
22.764355
24.427345
22.614255
24.563344
17.35586
16.632724
16.61968
17.358776
91.743214
103.09084
102.97212
91.809536
91.33295
102.72105
91.391161
102.73289
114.65093
113.57518
115.78987
112.76455
123.75533
124.65296
123.5008
124.60889
110.84954
109.08385
109.48755
110.43268
17.212347
16.48578
16.491136
17.213234
94.937303
107.08322
95.692246
106.32154
92.027908
102.91173
91.596608
103.35033
111.27036
109.54133
109.63382
111.4513
123.93697
124.86981
123.57405
125.30133
110.42657
108.85869
108.62767
110.28941
91.89621
103.12533
91.859219
103.17876
17.302409
16.464323
16.504773
17.255517
90.752278
101.53926
101.68096
90.550209
125.44858
127.02857
125.25075
127.25075
110.628
108.83184
108.80797
110.62665
109.9592
108.22263
109.94597
108.21982
111.51173
109.64896
111.4831
109.57831
125.34639
126.96656
125.20572
127.05057
110.1486
108.30231
108.66591
109.98492
17.237451
16.632045
16.429504
17.426848
90.768528
101.73388
101.74974
90.753475
90.431419
101.51092
90.512679
101.40976
58.735967
55.659437
249.47471
231.74343
55.820088
58.794788
45.214035
39.500502
39.684163
45.033389
50.042135
52.343348
49.871377
52.242706
49.998996
52.110384
45.239419
39.733959
39.727078
45.248049
52.308026
50.02699
267.62333
268.45267
58.813218
55.818514
58.638217
55.857039
166.35145
147.49587
161.99725
145.16449
138.86564
142.53729
121.22214
119.78136
119.62258
120.92664
133.91278
124.39165
166.32773
150.56921
161.00186
144.14227
123.99206
134.81913
120.36907
119.9928
120.22986
120.62585
133.40927
123.92675
165.83787
146.0101
143.84582
163.49385
124.00218
124.72939
124.80654
124.06244
121.14427
133.80956
119.06976
131.36541
123.32256
133.21814
123.94843
124.62628
124.46198
124.08025
130.504
118.91689
168.285
148.34908
164.1824
145.39327
17.114006
16.145352
16.006706
17.269812
22.661835
24.33606
24.460535
22.545658
22.617931
24.578188
22.828408
24.35877
27.414854
25.37322
27.292595
25.495603
35.043749
37.588945
37.591265
35.040934
27.426949
25.547821
25.546878
27.410704
17.252067
16.144432
16.126178
17.254982
22.769603
24.445028
22.645851
24.553866
22.80359
24.552612
22.824328
24.563766
27.307614
25.262004
25.378785
27.170238
34.786834
37.618379
37.32875
35.05946
27.196878
25.560282
25.343304
27.433227
22.715836
24.09866
22.315298
24.462649
17.140233
16.09248
15.980106
17.26727
22.596985
24.570578
24.390515
22.776795
35.098512
37.051127
34.522815
37.636666
27.276259
25.269748
25.401372
27.091374
27.452567
25.105259
26.959992
25.581075
27.291068
25.013402
26.909156
25.434958
34.768275
37.592864
34.989455
37.363525
27.230515
25.499814
25.310814
27.421898
17.260748
15.868825
16.167733
16.961368
22.667876
24.27713
24.420877
22.584589
22.848286
24.131652
22.409233
24.588365
17.448505
16.449789
16.627674
17.266689
89.920514
101.01239
100.82965
90.000869
89.698735
100.48474
89.594775
100.55513
110.41138
108.86806
110.60055
108.64061
124.77342
126.83317
124.80726
126.80899
109.38167
107.64846
107.6177
109.41524
17.241486
16.429838
16.426484
17.24663
90.593107
101.76407
90.774907
101.50987
89.579179
100.3958
89.5509
100.39143
110.05652
107.90932
107.96193
110.15496
125.23938
126.97784
124.96987
127.24007
109.62161
107.65399
107.96011
109.49757
89.900683
100.86326
89.933059
100.73959
17.557579
16.462504
16.734506
17.285853
90.096848
101.08591
101.06359
90.061641
126.10405
128.12853
126.25989
127.99868
109.92692
107.87549
107.73102
110.01189
110.29059
108.16264
110.41905
108.02532
109.98389
108.04182
110.06826
108.27175
126.26307
128.19153
126.30254
128.15998
110.3549
108.05197
108.23131
110.39962
17.355601
16.529208
16.541247
17.345244
89.855152
101.04317
100.81504
90.034819
90.060793
101.1497
90.130704
101.06057
58.200911
55.667916
264.05324
263.14709
55.596325
58.786893
45.293238
39.177865
39.777192
44.671597
49.626539
52.079416
49.58454
52.311834
49.490519
52.152404
45.00389
39.692299
39.452999
45.255657
52.108087
50.007444
264.94693
265.7931
58.272618
55.686108
58.33246
55.87595
165.30882
144.69132
164.11771
144.14704
120.23757
131.50928
125.89911
125.86889
125.85842
125.8357
129.17362
116.8421
167.24859
145.94288
164.18263
143.84051
118.40574
130.47186
125.46215
125.92144
125.9743
125.69193
129.52581
116.93828
165.21725
144.41425
145.6634
167.2794
125.04837
125.7879
125.86733
124.86555
119.13471
131.6096
119.16231
131.00937
118.27286
130.2094
125.03683
125.81485
125.93103
124.87255
131.31763
119.3509
168.48287
146.78668
167.29062
145.54345
17.17768
15.743952
15.98981
16.821966
22.810902
24.633251
24.602554
22.839261
22.650792
23.948443
22.229059
24.457161
27.529451
25.054299
26.896563
25.649671
34.889384
37.472204
37.503601
34.861399
27.353854
25.423725
25.431785
27.327863
17.211738
16.048464
16.035269
17.212987
22.903384
24.072403
22.348588
24.665557
22.700238
24.486695
22.700238
24.504243
27.464866
25.574594
25.540412
27.490686
34.829481
36.806472
37.446018
34.272904
27.309453
24.919882
25.374644
26.754794
22.786434
24.626829
22.819546
24.588533
17.112922
15.876978
15.945347
17.034956
22.568014
24.236648
24.360357
22.460092
34.763648
37.200997
34.621107
37.282213
27.182965
25.315155
25.322966
27.216695
27.172342
25.214616
27.115046
25.302542
27.454854
25.562194
27.485663
25.523917
34.69361
37.140287
34.555017
37.292809
27.196826
25.162403
25.284821
27.066281
17.090521
15.907948
15.986769
17.063542
22.604765
24.374625
24.343764
22.602883
22.586117
24.281697
22.509089
24.324424
17.352351
16.607991
16.564264
17.393733
91.063594
102.48894
102.32623
91.225465
90.910132
102.20192
91.005891
102.0308
110.16138
107.91861
110.04548
108.00931
127.16843
128.83456
127.25009
128.78739
111.01839
108.91542
108.9509
111.05961
17.270433
16.403097
16.472499
17.190529
90.153085
101.05287
90.058307
101.15732
90.986115
102.18503
91.017038
102.12076
110.64261
108.95822
108.60803
110.77473
126.91179
128.74375
127.16889
128.50642
110.76893
108.78728
108.86573
111.00427
91.459701
102.55168
91.334772
102.71538
17.324866
16.627595
16.599585
17.340425
91.873635
103.35688
103.49431
91.839019
124.57027
125.47981
124.61306
125.28036
113.66164
113.0075
112.24238
114.48356
111.25924
109.84425
111.13593
109.89644
111.05346
109.26629
110.88593
109.43664
125.00244
125.73444
124.77011
126.01264
111.51813
109.65626
109.26423
111.28892
17.488012
16.516082
16.781721
17.238482
94.483529
106.57379
105.91024
95.223312
91.993404
103.16689
91.769059
103.43771
58.748275
55.875986
264.81192
265.64499
55.538135
58.400784
44.992635
39.270559
39.419857
44.855283
49.851605
52.075514
49.6786
52.119552
50.043001
52.336885
44.933475
39.202374
39.360351
44.812824
51.993166
49.677073
264.02163
263.86612
58.593565
55.566209
58.410105
55.629313
162.23876
143.42503
169.08072
148.26208
119.38292
132.26937
123.06475
124.07666
124.36824
122.61991
133.44494
122.1908
168.68198
147.43421
168.95217
147.89172
119.8025
130.69688
122.44908
123.91615
123.87279
122.42785
134.13032
122.42786
162.09055
143.48791
144.95077
162.14949
120.01049
119.47719
119.26237
119.898
135.44512
139.77875
124.40403
134.02369
120.1231
131.28337
119.82215
119.69392
119.96546
119.82091
133.33789
123.91007
163.81304
147.97953
161.72382
144.58935
17.001283
16.040192
15.920611
17.147817
22.561889
24.255992
24.281986
22.464254
22.548065
24.425079
22.712411
24.274587
27.353308
25.395766
27.310291
25.438203
34.6696
37.314704
37.180251
34.728528
27.132187
25.349259
25.312105
27.250291
17.055021
16.012829
15.980275
17.166931
22.716316
24.462227
22.661171
24.49865
22.607573
24.412218
22.638966
24.310545
27.099525
25.173359
25.256202
27.072247
34.60831
37.334609
37.113096
34.839559
27.087692
25.412525
25.242441
27.266391
22.479032
24.338951
22.563377
24.261135
17.182215
15.95579
16.012862
17.136995
22.67522
24.394977
24.465422
22.592176
34.728524
37.265339
34.769086
37.295679
27.044066
25.170279
25.143151
27.063663
27.252906
25.356109
27.228332
25.408995
27.089513
25.248528
27.14476
25.183687
34.783535
37.237822
34.745786
37.36719
27.308392
25.315291
25.387411
27.235044
17.121253
15.996617
16.027288
17.112675
22.440109
24.238514
24.219827
22.453826
22.674625
24.38814
22.64637
24.415519
16.88178
16.747162
16.545671
17.076456
120.92589
133.35999
134.77504
120.01977
113.97041
122.83824
111.18433
126.25749
116.78397
113.97695
115.47807
114.9562
131.80057
124.42503
131.09383
124.30703
123.93908
127.61525
123.36572
128.82093
17.059486
16.765796
16.725424
17.091132
97.0621
107.53057
96.157122
108.53984
105.23659
119.54828
108.13794
116.41433
147.72919
142.90709
143.60192
146.76385
130.71628
124.30845
130.74005
125.1258
137.71336
131.87036
135.81952
133.45489
114.93622
130.37762
117.97109
126.6817
17.311796
16.541879
16.403235
17.472578
100.4369
106.01453
109.56266
97.385097
148.49881
158.11448
151.92084
155.65359
109.75314
100.85206
101.96151
108.72889
116.58043
113.07255
118.80519
110.73399
144.31474
139.81162
144.26597
137.92451
158.94632
160.71764
155.35256
163.48772
124.38737
115.85672
118.75992
120.95081
17.380598
16.552111
16.3556
17.539657
84.105184
91.392125
92.412671
83.011051
92.148292
102.94962
94.583588
100.45224
58.33868
55.368406
268.95184
269.86639
55.55137
58.486887
44.98625
39.40309
39.331696
44.957172
49.656424
51.825386
49.770939
52.014681
49.68689
51.846152
45.062577
39.387444
39.410841
44.943774
52.059203
49.823851
266.71612
261.78114
58.307144
55.285372
58.420702
55.52489
165.21466
146.47587
178.56932
157.46752
138.34169
147.14666
139.99866
125.43045
124.06173
141.16211
154.06416
147.04451
165.49457
154.08173
179.14619
162.86193
137.16837
138.28128
143.82349
126.41515
127.46797
142.09056
146.68376
144.17085
169.67983
159.80193
184.26203
201.07886
179.62376
165.0778
163.14134
180.75252
159.91773
172.21846
173.48433
181.89704
140.42651
150.59064
180.59253
167.45028
169.3497
181.33059
175.73319
172.0726
176.7404
176.46528
200.61593
188.0212
16.590292
15.645521
15.562344
16.701701
21.264517
22.48114
21.219033
22.916068
21.96587
23.804098
22.110076
23.653119
26.926306
25.192263
27.093243
25.078208
34.461957
36.555075
36.916438
34.019917
27.02977
24.805315
25.142592
26.689108
17.001223
15.599947
15.833078
16.753238
22.383258
24.268523
22.472185
24.10383
22.438533
23.900907
22.121992
24.218275
25.787867
23.951813
25.318729
23.93165
33.779273
36.433596
36.302622
33.968239
26.423795
24.764722
24.61788
26.58854
17.223909
16.28258
16.1268
17.336947
21.429529
22.254903
21.192187
22.340467
68.430736
76.360759
71.624489
69.608874
106.53052
99.589211
107.60507
98.227891
99.706225
103.92195
98.434322
105.3345
96.982607
86.034529
89.337259
90.799917
17.153695
16.142911
16.104781
17.187556
80.898646
90.30485
81.941392
89.186643
74.246318
80.00293
73.346317
81.602916
27.086709
23.129334
24.747232
24.380154
100.67852
104.01723
99.4236
105.15533
78.043258
79.028231
71.110432
82.372164
50.611479
47.943308
129.03699
108.46843
154.94135
156.87308
126.84461
109.83649
110.69812
125.14812
144.4606
138.41461
173.7577
162.43621
142.2334
148.80945
43.059742
45.340392
136.83643
110.56057
113.08183
131.94529
115.59381
134.96118
39.118485
40.296046
273.77629
269.32016
144.07409
144.93564
152.00418
56.261348
148.59814
20.995024
53.105167
53.375964
44.596387
39.058647
38.934229
44.693692
20.962068
217.01244
205.7642
111.95669
45.342542
122.37293
136.38906
129.92082
21.123956
53.731593
53.659011
45.37962
39.505546
39.70635
45.182966
21.108361
262.69156
262.60105
147.52451
51.357438
147.03472
146.51748
147.14007
53.891397
21.135989
53.35333
44.752672
39.334719
39.252041
44.858163
20.993033
232.32023
234.59165
148.21969
52.936144
147.65204
145.1774
146.29971
21.032851
53.545915
53.810101
44.76526
39.389944
39.275112
44.88751
20.969787
267.31505
265.9775
145.65073
145.93166
142.60254
55.161802
141.87591
21.130034
53.855287
53.670564
44.666614
39.273128
39.191029
44.74915
20.948093
237.12671
236.22488
149.48917
53.519407
151.40223
152.22392
152.06075
21.076618
53.661089
53.461675
44.659386
39.45886
39.123914
44.980873
20.919074
264.91823
263.67147
141.14433
50.728961
145.87342
146.05121
145.55572
54.0343
21.178787
53.150408
45.199892
39.700677
39.729351
45.196214
21.122594
237.3183
238.67517
153.85311
54.782172
153.88642
152.6915
153.5633
21.140281
53.874398
53.913814
45.31148
39.705896
39.771282
45.219452
21.152827
268.80008
266.75741
144.76492
144.12199
148.21958
51.014003
147.59464
21.105033
53.658565
53.550338
45.415975
39.529694
39.740106
45.216062
21.142958
263.66188
261.39522
142.33166
49.340678
143.05474
145.16492
144.01701
20.974372
53.245144
53.202217
45.323345
39.510575
39.639229
45.191773
21.146079
67.586419
67.243121
40.608808
20.896323
41.449195
41.792395
41.742625
52.849945
20.967565
53.04599
44.556829
38.936683
38.930304
44.558909
20.940677
168.44651
173.9711
104.9203
100.80879
98.86602
100.32994
19.407959
49.583404
47.718605
43.048804
38.271073
38.096755
43.436484
19.474186
16.914695
17.816886
16.889495
18.186247
16.494116
15.445677
15.420619
16.527843
34.476393
37.015261
37.020848
34.463353
33.233194
31.306389
33.445077
31.089642
32.102266
29.938526
31.285724
29.960977
33.591007
36.180934
36.043443
33.679246
17.045964
15.838187
15.905867
16.978082
17.640222
19.247014
17.833093
19.13401
17.882672
19.2027
17.916582
18.853598
16.887992
16.227715
16.075191
16.979149
119.23597
121.44463
125.85647
115.04338
115.99168
109.32005
118.91397
108.84116
37.228596
27.150293
27.535895
36.798096
50.733597
72.690956
50.83377
71.401556
17.412941
16.190456
16.381463
17.243046
17.595056
22.590816
17.554147
22.239623
40.77667
41.514308
61.876679
64.726377
21.112858
43.172405
42.816491
44.686403
39.06916
39.052121
44.701301
52.999575
20.987428
53.230655
20.938687
19.742893
49.75354
47.711777
43.037718
38.15865
38.100449
43.271285
19.518063
167.2807
178.77175
105.75997
43.044284
100.38137
98.163659
44.094756
99.811356
153.26179
128.58311
134.46896
145.04556
47.840358
209.1604
208.62322
47.580004
20.960434
56.480366
46.801035
60.485199
75.14129
54.118648
86.11703
27.103241
17.310153
16.042409
16.123036
17.227462
17.907579
19.411986
17.898236
19.423578
33.296128
31.337434
33.524255
31.104675
34.338104
37.015655
36.887229
34.459936
16.910712
15.846464
15.813322
17.001891
17.670272
19.333728
17.813083
19.16018
33.755543
31.539898
33.723989
31.54281
35.056135
37.460924
37.646349
34.857223
17.680607
19.239092
17.752874
19.158548
16.99743
15.914971
15.898873
17.068161
35.120095
37.506782
37.717044
34.916174
33.653006
31.539804
33.765241
31.450952
33.367555
31.283085
33.492526
31.151375
34.545403
37.230568
37.068148
34.623314
17.35247
16.059323
16.171591
17.225326
17.84223
19.440821
17.929483
19.350439
17.022551
16.777874
16.600253
17.229637
20.613026
78.61298
27.32995
75.44861
124.48587
110.4001
121.68266
112.97822
135.77341
147.87529
144.41832
139.39957
17.522328
16.504752
16.492013
17.530407
17.809801
22.938591
17.788068
23.369813
166.84569
161.83732
162.83215
164.28147
168.13358
165.4799
156.31199
169.88684
35.756615
81.180817
32.143295
82.628201
17.237448
16.839957
16.885558
17.147745
134.61332
124.44923
124.73164
133.56781
133.98211
130.24993
132.69695
132.14003
145.99064
159.23548
154.35077
156.72035
132.19139
127.14653
129.29253
129.88494
16.983382
16.77815
16.640452
17.112469
19.850392
60.457442
19.307536
61.506765
144.19072
50.063012
146.4386
269.35433
266.40304
49.959074
147.25225
146.16282
45.386074
39.588493
39.816645
45.198033
53.716437
21.081587
53.820881
21.161295
20.98104
53.250961
53.42974
44.781611
39.281761
39.21133
44.914671
20.959792
239.99559
238.01989
149.06777
149.52056
150.61395
150.07076
206.7239
51.769847
206.34795
170.72161
156.12029
152.88302
173.65053
53.252685
53.418245
190.97375
188.17271
164.39739
157.53736
151.99871
169.29488
54.91048
133.77765
122.94599
121.84915
137.91867
158.08466
45.352526
152.79421
46.922583
51.936748
185.92815
186.75789
151.26422
133.29212
135.03765
149.81779
50.388948
17.035309
15.981411
15.90595
17.070078
17.82435
19.379118
17.964832
19.225467
33.799493
31.189871
33.352462
31.637525
34.588618
37.236911
37.118239
34.621663
17.009969
15.89966
15.912575
17.070314
18.018588
19.116949
17.728961
19.448249
33.495247
31.577474
33.711088
31.354594
34.579411
37.25589
37.173385
34.73185
17.801595
19.40639
17.898884
19.293725
17.272908
16.141763
16.120912
17.294207
34.822783
37.620112
37.432365
34.998041
33.783675
31.594138
33.796622
31.58441
33.56754
31.518692
33.731006
31.35107
34.992302
37.623143
37.592008
35.023672
17.179881
16.101933
16.005321
17.283803
17.932073
19.46506
17.957924
19.437416
17.530729
16.496988
16.774888
17.267562
17.289285
52.497927
17.135243
52.438887
128.64618
128.08942
130.81228
125.73374
128.05193
125.76014
126.25746
126.64279
17.08574
16.777158
16.66863
17.470491
18.405069
59.622455
18.821634
58.903489
124.53937
120.20488
124.79923
119.91188
126.39666
127.1287
127.65294
125.83812
17.412437
52.52732
17.172149
52.449114
17.274288
16.477576
16.494317
17.267112
127.16857
128.56631
128.88714
126.79579
124.52163
119.50942
124.47037
119.51796
124.78319
120.22114
124.86768
120.12058
126.84463
127.97003
128.26336
126.48737
17.558294
16.468844
16.761146
17.280696
17.229888
49.647855
17.19123
49.732119
146.76406
55.291605
143.42484
234.60319
234.21883
55.821226
143.26487
142.76759
45.067428
39.7114
39.518547
45.276415
21.124211
53.897836
53.929952
21.047861
21.03365
53.611156
53.818613
45.234251
39.724963
39.698818
45.254028
21.114672
269.42697
270.55327
143.91018
143.71245
143.08822
56.08081
143.34395
40.124737
144.73457
148.27944
122.13043
118.86496
118.53257
121.85343
38.936445
36.230963
134.44544
134.43547
120.30937
121.21153
121.54295
120.19521
36.340161
123.22461
124.80215
124.80424
123.32649
35.089503
135.35474
135.29033
36.079496
35.380815
134.26645
134.34481
122.06761
123.60557
123.24879
122.64354
35.561009
16.913665
16.022827
15.79841
17.187187
17.827417
19.217864
17.73889
19.32227
33.755143
31.407245
33.60693
31.549193
34.50548
37.170624
37.095821
34.579104
17.003104
15.893442
15.844094
17.0393
17.907657
19.308862
17.819746
19.416454
33.628301
31.269563
33.469081
31.412726
34.451059
37.327449
37.042664
34.794543
17.872404
19.031206
17.599427
19.280582
17.113648
15.822428
15.980313
16.969479
34.685985
37.250591
37.224057
34.655583
33.592219
31.202016
33.313267
31.428974
33.580761
31.008699
33.185842
31.446844
34.713537
37.216401
37.239326
34.621684
17.028332
15.974717
15.955158
17.136226
17.888927
19.202644
17.819155
19.289983
17.29866
16.712369
16.476487
17.525052
17.16984
48.50429
17.434048
48.633206
123.74364
119.34467
124.24004
118.95007
126.13157
127.50777
127.96438
125.6107
17.199365
16.605662
16.389462
17.414767
17.198397
49.611371
17.463088
49.603965
122.8598
118.0293
122.69314
118.03173
126.10084
128.00266
128.03576
126.08678
17.165157
48.552067
17.175211
48.57259
17.536069
16.450966
16.715164
17.281108
125.51659
127.5494
127.45405
125.60036
122.27562
117.6924
122.35517
117.60567
122.46674
117.89985
122.53589
117.72103
125.72889
127.75947
127.68418
125.82273
17.328267
16.786234
16.515564
17.597422
17.160951
48.939014
17.417101
48.951306
145.62011
55.145537
141.47895
266.10462
267.16167
55.192938
141.69516
141.64838
44.812091
39.351607
39.345553
44.82879
53.664362
21.062409
53.298111
20.994278
21.07277
53.634303
53.086515
44.901244
39.303432
39.370845
44.877797
21.010936
235.30809
237.19591
153.73561
153.25672
148.55086
151.80007
135.29727
34.73218
135.23364
125.1235
125.90448
125.76345
125.48897
33.667695
33.853228
135.63144
135.69972
125.00148
125.90175
125.92103
124.95044
33.939412
125.53114
125.99651
125.93089
125.55623
135.78433
34.39886
135.76143
34.442789
33.632912
135.96393
135.80928
125.7724
126.19304
126.17052
125.72224
33.645621
17.319259
16.104011
16.14351
17.270747
17.93825
19.472144
17.954804
19.450249
33.884725
31.031046
33.172866
31.707586
35.006769
37.600963
37.608639
34.989014
17.279327
16.101438
16.085724
17.285163
18.052339
18.973358
17.614251
19.481296
33.798616
31.626892
33.820586
31.592846
35.051614
37.612366
37.672514
34.988885
17.912658
19.466363
17.944065
19.430065
17.271917
15.994155
16.089411
17.167301
35.026634
37.405594
37.630991
34.797154
33.466888
31.324698
33.503838
31.332865
33.790673
31.622213
33.812168
31.572893
34.992476
37.395213
37.60612
34.788305
17.313467
15.907065
16.120297
17.087052
17.815726
19.264866
17.770447
19.217254
17.293456
16.47141
16.512154
17.254472
17.180429
52.202068
17.143835
51.912092
122.72153
117.81031
122.49581
117.98839
126.04231
128.11881
127.87483
126.35473
17.248433
16.435876
16.441733
17.232315
17.15626
49.167713
17.278649
49.509256
122.73796
118.22928
122.84396
118.08063
125.38894
127.34297
126.99329
125.68759
17.086705
52.393883
17.108914
52.736032
17.239289
16.748259
16.484625
17.490131
126.54327
125.32232
125.62326
125.6653
126.24855
124.8704
127.97814
122.92239
123.244
118.48919
123.04952
118.76967
125.67952
126.84711
126.90629
125.68564
17.099149
16.894463
16.679139
17.277207
18.834629
59.193319
19.216968
58.456005
141.8499
53.009937
144.93399
246.04799
231.46603
52.299417
147.2394
148.08633
45.368619
39.46533
39.702187
45.096349
21.018637
53.424357
53.45719
21.141981
21.150282
53.862563
53.881407
45.257793
39.459949
39.688455
45.054632
21.121701
262.64773
260.5394
141.7564
141.57211
136.71055
51.770909
137.35885
33.882648
135.62895
135.68349
124.76656
125.23241
125.41642
124.45056
34.01627
34.971313
133.87251
133.57974
122.7578
123.77772
123.46455
122.88013
34.446558
120.88563
118.3811
118.04265
120.59627
39.269909
141.85526
144.21233
38.303121
35.334283
133.1367
133.2819
120.67244
121.08762
121.46466
120.31116
34.971331
17.305449
16.023497
16.12133
17.208234
17.769052
19.145354
17.673774
19.167354
33.67063
31.40923
33.589476
31.478647
35.064792
37.479089
37.672554
34.873775
17.335375
16.03842
16.155288
17.225631
17.814254
19.298112
17.78118
19.337351
33.355035
31.138103
33.324774
31.22554
34.987376
37.464393
37.583056
34.848673
17.696985
19.272942
17.773011
19.171593
17.068614
15.949426
15.8842
17.066107
34.59253
37.227975
37.139974
34.688082
33.267925
31.107159
33.273858
31.082864
33.342318
31.199518
33.399947
31.145257
34.573231
37.144563
37.157801
34.640963
17.051282
15.932094
15.890905
17.081382
17.632209
19.142495
17.644485
19.137294
16.949326
16.568539
16.593243
16.936366
32.931755
79.250606
29.967491
80.243031
131.74146
127.03831
129.89514
129.31823
133.77986
124.21338
124.56332
134.15574
17.005352
16.786692
16.659504
17.128605
20.371371
59.990197
19.863891
60.877989
148.97191
157.82301
156.30401
155.94056
133.65501
128.23757
130.06193
131.77976
19.872418
77.143969
25.744142
74.379943
17.149611
16.565366
16.716772
17.09415
133.6759
146.04854
142.72422
137.54362
122.86178
109.7411
119.93134
111.38657
165.80511
161.34142
162.62307
163.10928
167.67556
166.03073
158.50621
168.3575
17.54201
16.508662
16.511203
17.527986
17.635888
22.518886
17.639782
22.791344
144.56771
55.513278
145.60274
266.59672
264.30332
57.03549
149.24347
147.30604
44.850762
39.274817
39.188125
44.908279
53.006062
20.979669
53.031087
21.055763
20.95848
53.144606
53.23488
44.838205
39.286551
39.207953
44.844525
20.94473
239.34709
231.38335
112.36179
120.93375
133.20363
127.44114
151.13034
43.414141
147.29874
128.80849
120.51691
119.10078
131.69249
44.975639
51.658911
184.13792
185.44126
149.52318
131.76421
133.68544
148.00809
49.283894
169.01011
154.27242
151.08242
172.00069
205.96607
50.964063
206.35229
52.452793
54.291086
191.06039
187.71903
165.67882
159.0222
153.30252
171.13756
54.706234
16.468347
15.483281
15.435449
16.531657
16.923316
17.937401
16.973987
18.091207
33.136558
31.153433
33.319472
30.99667
34.354041
36.888342
36.880327
34.366703
16.960825
15.813254
15.807817
16.966865
17.619667
19.163953
17.671787
19.009781
31.942478
29.934722
31.299771
29.86976
33.593337
36.259879
36.023781
33.820693
16.805559
16.106518
15.925273
16.862389
17.737771
18.760715
17.520424
18.659333
114.12164
109.15624
116.97602
108.67784
117.67467
119.82416
124.08679
113.56968
17.345818
16.272416
16.301697
17.310665
17.721819
22.359667
17.766752
21.954988
35.588859
26.24357
27.06965
35.648161
48.999032
70.213574
49.105342
68.54561
208.29419
47.638604
208.94308
151.25992
126.80352
132.63634
142.67678
47.604571
20.411963
54.667182
46.04752
58.335894
72.740931
52.207697
83.298253
26.177415
59.689311
30.785556
37.38459
36.753268
36.75915
36.751583
36.749178
36.75503
36.808316
36.808637
36.795757
36.798755
36.928586
37.838606
37.809332
37.675137
37.690734
37.683826
37.586361
66.300482
35.142436
36.929873
36.736762
36.740672
36.74889
36.750744
36.767054
36.821163
36.821758
36.86362
36.85726
37.268452
60.718357
31.167679
65.681899
35.050338
260.25323
251.26911
160.97328
160.67408
156.84054
63.006106
159.82922
65.510913
75.72709
55.76983
58.551722
75.8911
65.35373
65.106786
75.101338
55.430287
58.290319
75.230888
65.121087
45.190572
38.712174
51.774559
49.537006
38.623277
44.838417
44.880317
39.232785
44.907539
39.213601
20.930333
53.082425
53.082874
20.979471
51.887547
49.734447
44.84405
38.645287
45.025644
38.713942
229.64773
240.00634
159.40152
61.331251
155.644
143.79842
59.114028
150.59781
65.343271
75.219415
55.298831
58.104909
75.078045
65.01038
65.031865
74.985839
55.481072
58.329282
75.053039
65.17505
45.191019
38.998787
52.276911
49.890373
38.978093
45.184161
44.837911
39.295813
44.942525
39.296753
20.925946
53.161208
53.082751
20.956929
51.893147
49.671255
44.887233
38.620487
44.936209
38.675792
266.21415
266.01865
140.43759
54.060434
140.44302
141.37238
140.93856
65.483757
75.669008
55.495475
58.49219
75.153155
65.287221
65.355875
75.721888
55.538172
58.377067
75.665754
65.176371
44.98738
38.999395
52.013633
49.750951
38.736864
45.042354
44.924663
39.37344
44.876904
39.402219
21.053451
53.597258
53.241053
21.018077
52.019742
49.769045
44.895489
38.862965
45.05804
38.785332
229.40331
245.92814
139.90004
138.81173
144.17263
138.3088
65.195313
75.377839
55.524169
58.440291
75.393679
65.319274
65.052207
75.779095
55.621213
58.473577
75.250998
65.33882
45.238195
38.81611
51.906413
49.746676
38.693592
45.012669
44.840732
39.196139
44.674749
39.301552
53.554837
21.020916
53.570484
21.004531
52.032697
49.638277
45.127881
38.816041
44.912787
38.778455
268.11899
269.03325
142.22124
142.29187
143.0346
55.635728
143.09037
65.289362
75.517586
55.314918
58.576881
75.341649
65.357179
65.642396
75.318958
55.725212
58.81649
75.415064
65.626014
45.169571
38.997997
51.854796
49.666375
38.658783
44.969303
44.671869
39.811417
45.318611
39.191605
21.142543
53.893347
53.891832
20.957508
51.892198
50.100641
45.299998
38.99693
45.375533
38.660302
237.16006
236.2314
149.87501
53.416866
150.7797
152.3228
54.001221
151.63555
65.426711
75.461067
55.437589
58.355436
74.891444
65.181822
65.675132
75.451718
55.433337
58.772429
75.206861
65.812111
45.046032
38.894594
51.812023
49.836357
38.601175
45.109853
45.018808
39.730145
45.266739
39.509672
21.053995
53.55833
53.901029
21.0722
52.133714
50.04628
45.318448
38.836643
45.315867
38.876816
265.0649
268.34732
144.485
55.744532
143.27598
146.51351
142.46959
65.728124
75.917646
55.844385
58.715018
76.029886
65.525117
64.843569
75.471692
55.828529
58.269597
76.054646
65.119074
44.79058
39.056773
52.213905
49.992535
38.962062
45.256021
45.409541
39.20369
44.636841
39.921414
21.074182
53.725578
53.69319
21.191657
52.386503
49.550456
45.149509
38.871234
44.843181
39.074264
235.80265
235.05596
144.88713
144.58269
151.79793
151.31745
65.003144
75.720647
55.842769
58.675591
75.409854
65.551871
65.412722
75.360343
55.916234
58.245396
75.941418
65.060356
45.332279
38.992213
52.333358
49.956614
39.022323
45.221816
45.365573
39.119735
44.605376
39.833478
53.646777
21.058203
52.907178
21.158005
52.335407
49.559375
44.635449
38.852191
44.824586
39.022658
271.31518
273.82813
151.33041
150.80758
149.2079
51.763533
150.03832
65.24065
75.308285
55.848393
58.647085
75.746509
65.568954
65.311262
75.346213
55.420262
58.421156
75.270814
65.340004
45.157756
38.968779
52.358781
49.991766
39.032992
45.249854
45.041661
39.327971
44.885661
39.354393
20.974539
53.281833
53.424665
21.034067
52.095159
49.694175
45.118031
38.724703
44.99837
38.829799
266.23918
268.9063
150.89033
51.720816
149.86273
146.62077
51.140492
148.27081
65.463101
75.746656
55.870284
58.675021
76.081916
65.522195
65.420727
75.378409
55.6129
58.423981
75.727036
65.216262
44.996249
38.712363
52.266822
49.916824
39.011875
45.187286
44.829407
39.143601
44.81764
39.171647
20.983596
53.237057
53.470455
20.952057
51.856474
49.709516
45.081253
38.71705
44.978804
38.662513
71.832905
82.343915
77.242214
34.554781
63.004431
44.299905
51.222329
57.314972
67.587137
51.471637
55.043206
70.089554
61.482905
63.57171
73.175569
53.442702
55.920454
72.689357
62.484129
44.919049
38.630202
51.719525
49.511141
38.587816
44.844782
44.548711
39.042584
44.533347
39.058731
20.833446
52.868078
52.271345
20.933117
51.741842
49.456404
44.251352
38.403376
44.794097
38.57678
162.94644
156.56043
86.614949
46.563462
94.431373
98.566685
97.244014
64.940126
75.163711
55.226944
58.05608
74.939201
64.933882
64.080688
74.487896
55.193353
57.990618
74.852552
64.863287
39.885157
34.815145
48.115565
46.679752
35.811731
42.219444
43.673662
38.498319
43.510657
38.484855
51.789745
20.358413
52.093094
20.230475
50.046152
47.489873
43.909614
37.572386
42.987446
37.32487
20.462012
18.78308
18.855728
19.84581
21.587523
23.475143
21.715472
23.343036
16.745842
15.469667
16.599733
15.602232
17.484593
19.017936
18.94361
17.538993
22.113365
23.67395
21.906923
23.89483
21.367421
19.804016
19.723697
21.444413
34.418575
36.927887
34.389615
36.971079
33.113339
30.951713
30.936074
33.112773
28.008806
30.193067
30.01808
28.226655
27.070177
25.129741
27.009699
25.198109
27.90253
29.887435
29.895389
27.90854
27.037168
25.089902
26.964267
25.154961
26.892896
28.16945
28.900344
26.871239
26.1597
24.380344
24.279795
26.260954
34.112451
36.215109
33.840452
36.490306
33.00026
30.923228
33.093772
30.825662
26.672351
24.53815
24.762984
26.433241
27.766961
29.873335
27.87364
29.783873
17.032052
15.802127
16.96048
15.828819
17.569057
19.058412
17.571479
19.057607
21.57367
20.117674
19.943518
21.721832
22.500884
24.197483
24.270652
22.430647
21.50887
19.840732
21.483049
19.829689
22.458448
24.154723
24.233501
22.396131
20.616029
19.79182
19.694129
21.025636
22.163659
25.135794
31.061202
22.283083
17.177491
16.174712
17.093784
16.025114
17.620242
19.416016
20.187037
17.49736
60.560987
36.14209
41.017438
57.933082
64.195271
52.816484
53.82639
66.370971
104.6605
115.91357
109.89746
110.05779
95.833467
88.278725
93.264382
93.642108
110.54147
111.27514
110.71939
111.47589
106.01945
95.721957
104.50649
97.435426
101.23667
89.567758
100.6428
93.758749
100.55308
93.764167
102.76365
91.490903
31.88127
26.723417
34.972255
26.693315
30.197216
27.823937
25.781195
38.024331
102.30371
93.642218
89.784513
107.05079
97.058881
88.764157
95.13431
92.415117
72.046613
38.292766
56.933818
50.096704
84.910813
83.840433
85.074897
87.95624
17.264413
16.290535
17.327409
16.207726
17.519779
19.948836
17.479684
20.243925
73.75538
62.166038
61.164915
74.841603
80.377294
87.068499
88.53748
79.100925
67.933277
54.06459
66.819438
55.227417
76.270335
85.532986
83.605818
77.805174
57.167265
67.695218
51.581176
54.750035
69.75189
61.287213
67.123397
77.248751
78.054766
35.113964
64.353811
46.426798
27.789376
53.417426
53.597094
55.699986
64.009474
73.492187
62.343847
72.577812
44.641566
38.96694
44.594388
38.980579
20.825349
52.687063
52.624492
20.934754
45.050563
38.672685
51.770047
49.573298
38.589058
44.911692
44.5042
38.378085
51.756579
49.408383
38.586191
44.768998
40.156626
35.094535
48.175034
46.558661
35.873424
42.085865
43.742283
38.403489
43.398941
38.69067
52.335583
20.48578
52.474977
20.254957
50.118399
47.390074
44.181342
37.831906
42.861107
37.369732
158.95199
154.58358
86.547014
46.19771
93.277728
97.824691
96.218319
65.133322
75.207905
55.277097
58.090013
75.062631
65.01241
64.443798
74.494418
55.230516
57.930064
74.893325
64.887129
56.495585
65.014371
50.790484
57.68957
66.731555
61.966482
90.044852
67.137378
139.52678
129.0712
70.870245
102.44887
130.72323
123.01366
136.91279
116.58303
167.57263
55.882192
166.81896
52.781191
139.33197
109.85312
153.92323
139.21788
106.22418
126.30933
130.07454
108.55331
144.9648
137.47004
104.81847
125.20697
39.47013
36.383425
49.667426
60.379928
45.009449
62.45578
136.96022
98.455899
113.25278
114.81167
62.669242
178.92481
175.33362
59.385924
97.231913
78.585338
130.42496
111.64273
84.131657
100.10317
191.47077
230.34334
160.49476
163.37449
225.6324
181.36713
154.58875
198.96189
150.62648
161.16392
206.93003
178.60716
17.047982
15.950044
17.111877
15.945606
17.775678
19.127782
19.16855
17.649138
21.918986
20.211599
20.231947
21.87902
22.86067
24.517848
22.719287
24.644491
21.651217
19.924578
20.045994
21.590654
22.552017
24.356163
22.577882
24.277683
28.036608
30.276701
30.052534
28.255637
26.894341
25.135413
27.018499
25.048658
34.603073
37.185611
34.618463
37.163016
33.184544
31.120982
31.099973
33.29779
27.16557
25.277404
27.161185
25.251805
28.016757
30.069953
29.969259
28.04587
17.060844
15.98614
17.154263
15.890737
17.67692
19.145424
17.665498
19.064651
21.614501
20.129613
19.949299
21.787886
22.364258
24.203465
24.096498
22.446299
21.503815
19.932256
21.591342
19.936931
22.531165
24.337769
24.323711
22.593504
28.43485
30.466344
30.484403
28.432118
27.512778
25.436356
25.594336
27.351673
34.638295
37.246853
34.658787
37.144741
33.343329
31.149922
33.298883
31.254691
27.082821
25.283608
25.263216
27.159041
28.162452
30.083579
28.062054
30.130834
21.624264
20.025585
19.943916
21.701788
22.459538
24.275855
22.482351
24.188547
17.119994
16.067439
17.243906
15.958948
17.718733
19.153723
19.21387
17.773817
22.594258
24.543307
22.748149
24.37872
21.681571
20.031811
19.99416
21.629898
35.063247
37.499024
34.953555
37.60747
33.616507
31.543279
31.412567
33.758437
28.328462
30.487398
30.373447
28.432882
27.538513
25.465786
27.364787
25.626459
28.293821
30.47554
30.31874
28.449186
27.455686
25.491742
27.359263
25.600264
28.078117
30.22943
30.102753
28.189381
27.008307
25.198883
25.144282
27.125556
34.733495
37.513484
34.911039
37.322508
33.435611
31.268055
33.404738
31.228665
27.211836
25.481775
25.321262
27.392745
28.13259
30.133285
28.174756
30.177662
17.271759
16.084351
17.19843
16.153384
17.833919
19.452372
17.932358
19.330836
21.826587
20.235371
20.164692
21.917511
22.893352
24.524459
24.689499
22.737619
21.783884
20.245897
21.932641
20.142933
22.852386
24.505405
24.60563
22.757369
17.261972
16.625059
17.317102
16.415834
17.657585
41.279557
46.730395
17.75641
104.76267
96.239429
94.024988
107.45691
111.54954
120.28029
108.65726
122.95175
91.07198
77.619489
80.414509
88.523602
103.05495
117.08546
106.03062
113.08329
113.1793
111.84562
113.03451
112.33508
111.24142
105.09281
112.38242
103.7989
146.82367
151.29197
143.1341
154.50116
141.27794
137.02207
133.06866
145.02417
114.955
106.70587
113.48928
108.76597
118.91019
123.93787
119.53634
121.88188
17.348348
16.431369
17.442343
16.308193
17.800534
36.456107
17.780811
32.109137
76.925599
63.135543
64.184474
75.84133
85.739157
95.393505
94.11186
87.124627
83.896615
74.958084
86.069175
72.447679
90.214776
96.839717
98.622581
88.540159
152.94403
158.78017
158.57107
154.89069
142.81353
131.10577
134.23063
139.25289
164.7572
169.35669
167.22147
169.36028
153.68761
140.86798
149.01115
145.16179
127.67223
126.19713
121.71867
132.80379
128.20601
129.71779
125.40259
135.58991
110.63603
97.757998
98.482735
109.55341
123.77373
137.50086
123.58953
137.92963
17.190616
16.605876
16.951112
16.875271
34.801099
76.473066
78.667328
32.694121
120.37377
136.12178
122.32268
133.86729
105.53112
91.808725
93.909639
102.97859
131.59498
124.51177
132.52985
124.53129
142.14693
144.43983
142.30238
141.22848
121.2246
125.68675
127.74731
118.80811
119.26155
118.18909
120.37605
116.84107
137.60983
143.52371
140.89649
141.06423
123.75425
119.89525
121.47156
122.80538
154.87977
158.12767
156.08619
155.36617
149.21235
147.50513
148.30183
148.45934
128.87912
126.04247
128.94673
125.29574
137.33548
147.28184
138.69554
149.2005
144.81561
145.98296
143.46777
147.04831
147.27215
146.61447
144.53703
148.70752
16.938803
16.595924
16.933661
16.601884
28.07464
73.995095
30.395468
71.360586
87.278015
77.273194
78.154956
86.282475
98.97439
111.70537
110.36757
100.39373
96.929569
89.244262
99.896059
86.720514
104.89867
113.41444
115.95862
102.23247
65.405627
75.292303
55.421223
58.423435
75.526653
65.197686
273.40105
275.93708
149.28792
151.59822
148.8918
151.14868
55.628435
58.754258
65.22976
75.365893
65.532316
75.42794
45.322246
39.630497
45.184288
39.750057
21.096699
53.640367
53.784837
21.175103
45.21832
38.928097
52.35599
49.99609
39.063068
45.257667
45.331726
38.913855
52.342084
49.979971
39.060042
45.231158
45.113755
38.725921
51.947915
49.688571
38.700272
44.998923
45.038662
39.578223
45.269758
39.402602
53.383508
21.020734
53.379289
21.020272
52.075022
49.976934
45.032036
38.804096
45.273588
38.819042
243.99339
264.76791
149.34253
150.67642
152.02375
56.876413
150.422
65.597139
75.352586
55.937361
58.686811
75.549445
65.563184
65.579816
75.517441
55.915481
58.67408
75.676758
65.551798
199.40519
261.56491
170.46182
195.4744
272.28574
228.01184
245.17753
304.91924
186.38303
202.10082
300.91628
236.20629
144.88706
121.38684
175.7962
171.3192
124.3032
156.71541
179.05642
159.3492
176.63656
162.26989
56.415843
215.73326
215.55671
56.055056
181.77984
172.85281
158.7587
129.11553
158.33391
129.12301
195.91909
245.14665
179.97204
189.46217
250.64774
210.24389
242.16703
299.1238
186.82746
192.77375
287.94628
217.06329
132.65727
114.52752
159.20388
154.79927
115.86903
142.89013
177.70291
162.67376
174.07915
168.19761
211.94419
57.194093
214.16007
57.083789
172.8398
159.01283
157.26606
126.55742
146.7334
124.35854
193.93996
252.06015
142.04865
161.71805
255.40012
198.86952
152.85464
167.28616
218.88162
279.189
205.38195
274.51818
142.20936
123.80515
140.9769
125.42306
49.771325
179.6048
181.82468
49.940396
128.21077
108.30502
153.37333
149.9336
111.54391
138.87368
136.9804
117.19727
157.77543
152.10677
117.81634
138.16832
128.74893
106.89734
133.09441
129.80249
105.21501
122.53036
146.84553
131.50031
148.29579
129.66448
179.96917
48.482318
180.50719
48.184973
140.81842
130.63118
133.57241
109.48455
124.16823
107.43255
198.62885
257.14402
160.05011
176.44024
260.73986
207.99281
219.67584
281.25112
166.58354
179.75848
277.74854
212.6389
17.083636
15.96336
17.062209
15.930735
17.786028
19.280077
19.279541
17.792265
21.709773
20.25892
20.075937
21.876951
22.466851
24.2991
22.55608
24.246537
21.741302
20.076247
20.088288
21.753371
22.504918
24.210117
22.515504
24.28127
28.519902
30.069645
30.496713
28.09417
27.063028
25.173821
27.077776
25.238522
34.711548
37.237726
34.705339
37.308728
33.505453
31.074548
31.391504
33.271243
27.180737
25.289393
27.126155
25.274751
28.256067
30.026092
30.248404
27.997582
17.107279
15.952242
17.054438
15.958879
17.842184
19.105998
17.65131
19.239541
21.942742
19.969867
20.310156
21.580464
22.540493
24.247957
24.258425
22.472106
21.68231
19.887763
21.552407
20.103932
22.55841
24.28789
24.344384
22.569995
28.226193
30.430036
30.235366
28.45311
27.07655
25.282656
25.18943
27.144058
34.607041
37.052641
34.548937
37.192229
33.54345
31.350651
33.554464
31.334859
27.112701
25.205146
25.210181
27.038596
28.237642
30.287816
28.251643
30.255586
21.765054
20.204361
20.081691
21.879572
22.781479
24.617008
22.812655
24.578199
17.283004
16.023029
17.189381
16.105961
17.921739
19.448307
19.432166
17.9359
22.806916
24.469721
22.668641
24.600846
21.90714
20.244128
20.2471
21.914109
34.867729
37.370536
34.829592
37.415551
33.758107
31.359876
31.539018
33.588035
28.44172
30.506945
30.481289
28.452716
27.291139
25.524317
27.444969
25.362139
28.421571
30.303678
30.450954
28.255851
27.264357
25.382136
27.235729
25.405282
28.258718
30.460787
30.29188
28.395079
27.426031
25.54875
25.510363
27.468011
35.029323
37.43453
34.838511
37.625449
33.776792
31.576535
33.794364
31.571384
27.454028
25.397754
25.551726
27.308744
28.443049
30.500683
28.453361
30.488783
17.152967
16.03424
17.131427
16.039214
17.904147
19.290107
17.804671
19.412519
21.913444
20.264895
20.255039
21.930177
22.653211
24.597023
24.441431
22.799856
21.891778
20.081222
21.760669
20.224094
22.680475
24.384047
24.42485
22.665373
17.553209
16.77337
17.527162
16.809087
17.255612
54.401107
53.89325
17.260546
81.456262
72.696305
72.655775
81.515167
91.639591
102.7183
91.505194
102.85679
81.216223
72.663807
72.478924
81.341325
91.366475
102.85066
91.479026
102.77067
114.89417
123.79049
121.92482
116.80565
113.83067
111.42968
113.07084
112.10204
124.38311
125.16627
125.37681
124.75607
121.72403
117.37625
117.81012
121.40735
111.50839
110.79785
112.26298
110.12019
108.78335
114.75817
115.27003
108.18304
17.265949
16.797775
17.502094
16.542065
17.138113
54.977078
17.131571
55.486089
84.779511
76.538434
75.830007
85.476737
94.358792
105.28164
105.78515
93.805176
82.031246
72.96537
81.595691
73.40579
92.664923
104.68991
104.03841
93.258286
109.2996
117.1053
116.86111
109.5085
111.09228
109.41029
109.55506
110.89486
124.52659
126.50593
125.18485
125.87152
121.64083
117.31752
121.46701
117.41594
110.54115
109.11586
108.76938
110.73788
108.0139
114.6571
107.91521
114.64932
81.592721
72.743704
72.708804
81.570262
91.793445
102.73391
91.568739
103.03942
17.451031
16.738927
17.51877
16.65973
17.217095
50.517429
50.642563
17.162681
91.12507
102.41037
91.37673
102.11518
80.570146
71.678366
71.923067
80.355954
125.86422
128.12896
126.34493
127.65565
122.53141
117.77538
117.84162
122.37121
108.25966
116.53142
116.55661
108.22518
110.52264
108.55335
110.33945
108.7591
107.28113
115.07582
115.11779
107.2702
110.06836
108.47787
110.20561
108.35717
109.557
117.19803
117.16496
109.56702
111.46453
109.28549
109.36118
111.12541
125.66128
127.62232
126.06743
127.28576
122.57929
117.84998
122.35087
118.12542
110.53274
109.25077
108.97225
110.85227
107.71226
115.10866
107.39542
115.40265
17.440541
16.618793
17.41945
16.650611
17.146391
50.219443
17.308621
50.039736
80.497722
71.653235
71.557887
80.48327
90.778866
101.6683
101.78008
90.667602
80.20378
71.605873
80.290727
71.527858
90.535153
101.63388
101.55825
90.626291
65.582518
75.556598
55.892411
58.737741
75.490428
65.570007
234.28251
233.10626
140.43149
55.72433
142.74066
143.19517
55.81554
142.65034
55.898699
58.640658
65.645551
75.889241
65.481046
75.520447
45.05567
39.510138
45.022898
39.542757
53.841779
21.123391
53.640769
21.064415
45.329831
39.003091
52.139664
50.058054
38.865416
45.323376
45.153369
38.967825
52.154462
49.875814
38.868508
45.131482
45.260375
38.83008
52.280293
50.007142
38.991039
45.311258
45.264136
39.536443
45.075457
39.746669
21.140002
53.877888
53.89322
21.140898
52.315603
49.931089
45.310056
39.002491
45.232642
39.018828
269.35937
268.8605
141.5731
55.404138
142.28483
142.95173
142.52856
65.594742
76.016171
55.693442
58.839828
75.455703
65.598673
65.39604
75.563781
55.680592
58.623304
75.772573
65.423294
199.88412
257.12949
147.46721
165.92341
257.15817
199.4257
194.51771
252.35631
145.86213
165.14472
253.85515
198.41531
125.18852
96.952367
140.25874
130.56975
94.189718
115.99663
121.50385
119.20692
121.67561
119.47346
36.411286
135.93231
135.1315
36.749883
135.10498
128.49271
109.903
87.791313
113.81827
88.747746
196.99385
251.16333
148.8728
162.53696
249.79772
193.37932
192.99673
247.19924
144.89988
161.45358
246.84479
192.26492
108.9401
87.069758
134.86112
124.38879
87.272837
109.6046
120.18964
120.86711
120.15214
120.51463
36.198173
134.21557
134.56901
36.265574
133.89145
124.23244
109.48755
86.951552
109.5371
86.96534
199.35066
255.13586
145.43856
164.2717
254.60828
197.93341
144.12652
163.95644
197.12738
253.46224
197.58394
253.60617
123.81768
124.81938
123.56085
124.82369
134.91568
35.163039
134.82153
34.700859
105.76511
84.444182
133.95167
121.64006
83.611668
106.53373
104.05981
82.009437
132.27901
121.18605
83.534658
106.04075
108.41735
85.173564
132.50339
120.72087
83.562159
105.61384
123.6521
123.93008
123.18901
124.2177
34.64426
134.668
134.80913
34.709598
130.88879
120.0661
103.78076
81.364845
104.87806
81.693116
202.98084
262.39423
148.45486
168.63631
262.46022
203.4334
198.04083
257.7357
146.48625
167.99563
259.65726
202.6794
17.130845
16.134414
17.24559
16.044944
17.828783
19.412509
19.221826
17.997608
21.8059
20.009198
20.108714
21.685568
22.272932
24.482948
22.753862
24.061958
21.702138
20.28709
20.076131
21.907166
22.659805
24.556961
22.822042
24.388845
28.425618
30.343626
30.461701
28.285141
27.017161
25.168669
27.068541
25.093731
34.501799
37.670472
35.125413
37.091004
33.750618
31.595375
31.60233
33.751704
27.010265
25.63138
27.516099
25.099089
28.470802
30.442175
30.461381
28.469595
16.991512
16.177253
17.31099
15.845313
17.979592
19.402906
17.989381
19.399909
21.895738
20.101718
20.231945
21.78394
22.40507
24.232039
24.178158
22.458677
21.897132
20.279325
21.894668
20.256807
22.396597
24.649471
24.171757
22.888586
28.286339
30.188619
30.330121
28.15512
26.923443
25.439708
24.988046
27.276788
34.819644
37.583788
35.030422
37.371914
33.500775
31.613845
33.788021
31.368849
27.225195
25.548769
25.373745
27.411105
28.252692
30.484183
28.482566
30.228137
21.795144
19.819351
20.143029
21.464701
22.604008
24.208101
22.415632
24.329518
17.329785
15.996732
17.16743
16.151824
17.777658
19.428529
19.267006
17.917115
22.866768
24.427349
22.628349
24.663211
21.735809
20.236137
20.076314
21.900271
35.040844
37.410224
34.802513
37.663971
33.788285
31.110914
31.665059
33.245633
28.309872
30.052462
30.297941
28.130828
27.098439
25.272774
27.162679
25.242711
28.508143
29.975433
30.502264
27.997866
27.493196
25.372493
27.280533
25.555947
28.335039
29.913441
30.305294
27.915102
27.138957
25.141111
25.30012
27.059489
35.107322
37.412135
34.80747
37.713871
33.542627
31.56287
33.756744
31.352822
27.522369
25.346081
25.605193
27.270575
28.225348
30.466756
28.432214
30.256228
17.309454
15.985572
17.149842
16.136593
18.008436
19.033411
17.662338
19.424657
21.769429
20.071381
20.13832
21.666754
22.518118
24.337933
24.249643
22.574194
21.913827
19.891422
21.501207
20.305764
22.828829
24.427822
24.625912
22.642616
17.546952
16.444766
17.262963
16.73423
17.342183
48.657451
48.359068
17.173506
79.733067
70.703914
70.71284
79.764464
89.974344
101.06938
90.066529
100.9114
79.508282
70.538418
70.729153
79.465544
89.898319
100.86762
89.908184
100.84185
107.81672
116.41134
116.1097
108.09039
110.15964
108.18759
109.94661
108.35431
124.90212
127.15137
125.19988
126.91774
121.5042
116.92931
116.93227
121.5487
109.4545
107.89845
109.66549
107.6177
106.20457
114.40804
114.41152
106.2248
17.19673
16.417179
17.236961
16.374853
17.153447
48.69415
17.153906
48.746835
80.369112
71.574054
71.456466
80.495324
90.340547
101.0926
101.23019
90.210336
79.454463
70.541154
79.441371
70.592682
89.699385
100.79001
100.51336
89.949031
107.08272
114.83053
115.35587
107.26237
110.07838
108.08215
107.99142
110.10762
125.58493
127.83385
125.89116
127.57151
122.02452
117.04843
121.71964
117.3311
109.86412
107.94254
107.9583
109.97961
106.48677
114.52437
106.3137
114.73301
79.689085
70.870923
70.852485
79.701075
89.934864
100.60134
89.783476
100.77433
17.321129
16.646712
17.465095
16.499356
17.448975
48.736612
48.220882
17.200471
90.007126
101.01871
89.973933
100.99951
79.834533
70.800621
70.980991
79.822597
125.91958
127.6713
125.73802
127.82322
122.92563
118.2981
118.15997
123.06938
107.06544
114.47358
114.38197
107.1287
109.9404
107.77823
109.9982
107.79491
107.48112
115.01046
114.88009
107.61759
110.10838
107.81021
110.01947
107.94751
106.87973
114.69296
115.06394
107.19356
109.965
108.1072
108.29344
109.88681
126.13595
127.90458
125.99276
128.05206
123.06391
118.35783
123.12521
118.31256
110.32088
107.91721
107.94259
110.22272
107.51605
115.04485
107.60599
115.01616
17.255649
16.616362
17.430887
16.441733
17.25921
48.891723
17.247925
48.857434
79.647316
71.006767
70.921231
79.779645
89.862592
100.96326
100.82039
89.965948
79.834908
70.88489
79.888916
70.836519
89.958806
100.94097
100.9302
89.956488
64.977123
75.809955
55.549706
58.515897
75.678476
65.294077
262.58294
262.68392
146.25063
145.81429
145.76172
145.54452
55.90347
58.615423
65.553602
75.762268
65.439998
76.130773
45.281738
39.510294
45.009547
39.771988
21.129086
53.941497
53.227278
21.133369
44.903976
38.859753
51.919992
49.744765
38.739722
45.02101
44.891937
39.005347
52.3053
49.84121
39.009836
45.140396
44.794174
38.881538
52.048836
49.761878
38.785737
45.045598
45.388171
39.487344
45.06136
39.809691
53.555847
21.031363
53.839141
21.164539
52.406194
49.864225
45.287761
38.830751
45.137109
39.067915
233.68447
248.59225
146.91319
147.25686
145.32364
51.652888
147.47546
65.181874
75.174029
55.522944
58.418826
75.003853
65.30166
65.071295
75.595387
55.893823
58.560481
75.592247
65.426664
199.77953
257.43808
145.15449
165.98802
258.4135
200.63157
198.56013
257.18826
144.8827
166.05016
258.37654
200.76581
104.89843
81.591348
130.862
118.08546
81.67094
102.51086
125.87885
125.91857
125.71904
125.89283
33.075471
135.82198
135.72939
33.794382
129.56311
117.61525
101.65419
80.35824
102.0528
79.715368
201.72959
258.61137
145.39845
165.88193
258.37875
200.48444
198.53636
256.29255
144.28144
165.56129
257.14271
200.14549
103.14448
82.102551
130.72519
118.78528
82.251776
103.49496
125.26079
125.91683
125.04119
125.96171
135.59979
34.36751
135.61408
33.738934
130.21842
118.6519
101.91315
80.176619
103.29404
81.689631
199.75782
257.43573
144.59069
165.39824
257.32556
199.95646
145.30388
165.87669
202.09897
258.82574
200.46187
258.23307
125.27533
125.998
125.48386
125.93405
34.838252
135.79603
135.75674
34.68022
103.28945
80.821049
131.26985
118.38993
80.656422
103.15575
104.16657
81.182306
130.66286
118.27039
80.835205
103.15511
103.01049
81.691385
130.33257
118.49006
81.732233
103.18208
125.32321
126.16613
125.55901
126.07395
135.88542
34.946962
135.82884
33.955077
131.00254
118.69005
104.09807
81.572505
103.42429
82.349365
203.5801
261.24033
146.30633
167.05297
260.51035
201.87556
202.24774
259.02623
145.249
166.52099
258.2351
201.25265
17.340808
15.830728
16.916654
16.209032
17.820956
18.860904
19.315623
17.515686
21.929811
20.275229
20.268197
21.949291
22.829802
24.558935
22.773796
24.627482
21.794066
19.713752
20.101926
21.315063
22.905491
24.092082
22.358607
24.67226
28.583514
29.894991
30.581022
27.937234
27.444682
25.515093
27.440847
25.510787
35.224252
37.094364
34.503912
37.781652
33.678786
31.446894
31.469935
33.647056
27.570685
25.091968
26.992622
25.71458
28.344724
30.360875
30.377128
28.331494
17.351529
15.847597
16.983832
16.241255
17.852586
19.351964
17.853058
19.358541
21.988221
19.832752
20.344396
21.443711
22.784173
24.597437
24.584991
22.785276
21.83792
20.154404
21.819537
20.168037
22.960152
24.164437
24.713997
22.384285
28.46031
30.535569
30.500696
28.501095
27.495162
25.505062
25.563157
27.422711
35.152066
36.998952
34.45892
37.715592
33.626822
30.886983
33.013446
31.40919
27.535515
25.062918
25.64437
26.914982
28.300502
29.767105
27.800715
30.342577
21.919333
20.264217
20.217506
21.950738
22.776232
24.413315
22.611923
24.589025
17.107167
15.939198
17.104781
15.995033
17.751412
19.145826
19.236026
17.677032
22.623548
24.345792
22.562269
24.379196
21.707982
19.938606
20.024425
21.593826
34.987774
37.211175
34.614642
37.587242
33.470536
31.220122
31.331641
33.392642
28.217462
30.226043
30.19612
28.214405
27.495259
25.35091
27.267826
25.565728
28.207852
30.124524
30.194199
28.11642
27.453482
25.228634
27.124832
25.519534
28.452113
30.528646
30.495628
28.493978
27.446074
25.338848
25.514889
27.253219
34.785035
37.294922
34.699067
37.317697
33.487398
31.160174
33.334066
31.286319
27.211729
25.280133
25.344068
27.17654
28.179238
30.070293
28.058178
30.209732
17.293903
15.890517
17.06725
16.093391
17.807091
19.176875
17.703448
19.194722
21.698143
20.064173
20.069095
21.724911
22.838213
24.422875
24.63806
22.608675
21.674199
19.976579
21.630976
20.051225
22.794495
24.304986
24.596818
22.517153
17.256119
16.579739
17.350123
16.470495
17.247511
50.570703
50.656079
17.285968
80.821126
72.155582
71.997563
80.976326
90.904611
101.78946
90.757922
102.06152
80.615481
71.808345
71.771628
80.672479
90.830294
101.91819
90.811971
101.91012
107.43688
114.60067
114.79502
107.24
110.33252
108.47436
110.5371
108.27586
126.96214
128.38324
126.66993
128.63148
124.45156
119.6791
119.5648
124.54065
110.87565
108.56999
110.69721
108.78954
108.8593
116.36443
116.26115
108.93355
17.260775
16.381855
17.181168
16.457979
17.178072
50.631344
17.099853
50.456569
79.930986
71.06043
71.090601
79.81982
90.376925
101.63575
101.40453
90.55766
80.678118
71.813511
80.698652
71.847474
90.867042
101.78847
101.97205
90.691304
108.16645
115.56361
115.40035
108.38993
110.42532
108.7827
108.67616
110.30157
126.54946
127.76128
126.13108
128.1653
124.27434
119.59745
124.49187
119.23197
110.57475
108.6964
108.888
110.40386
108.47601
116.34376
108.84689
116.29752
81.223935
72.317232
72.383419
81.097619
91.530274
102.94891
91.683141
102.70805
17.527424
16.512737
17.262281
16.791447
17.21839
54.727747
54.317987
17.22964
91.89794
103.1882
91.777465
103.47847
81.677255
72.784759
72.743681
81.69876
124.69254
125.18214
125.05407
125.18205
122.53396
118.33173
118.4106
122.53548
113.10717
121.11352
119.483
114.5466
112.94821
111.07886
112.47293
111.56767
109.15435
115.59207
115.6619
108.97335
111.55477
110.63767
112.00514
110.20626
108.8534
115.79255
116.01411
108.62183
111.14323
109.83676
109.82874
111.24832
125.27201
126.62861
125.49982
126.34276
122.85426
118.37039
122.62777
118.53447
111.53251
109.66333
109.42446
111.37878
109.16468
115.61544
109.03101
115.71915
17.237766
16.779935
17.470611
16.531932
17.380272
54.924053
17.150276
55.319833
84.277083
75.955581
75.266067
84.973567
93.859117
104.79132
105.30931
93.330174
81.911743
72.885619
81.690251
73.065422
92.3238
104.20589
103.74086
92.798095
65.65974
75.882333
55.812653
58.559587
75.723558
65.389614
267.61872
266.64811
138.94592
54.079321
139.55728
141.43759
54.429772
140.35434
55.583581
58.460921
65.204398
75.324743
65.302354
75.710711
45.285459
39.262253
44.911878
39.655249
53.470386
21.032582
53.326558
21.108644
45.14887
38.802812
52.347817
49.85106
39.027977
45.138677
44.969875
38.831338
52.234155
49.738213
38.966255
45.038817
45.290553
39.014806
52.265528
49.848785
38.967887
45.127977
44.989101
39.371905
44.932381
39.445548
20.99377
53.4409
53.268416
21.026362
52.08825
49.754032
44.966425
38.750496
45.016786
38.80412
262.76144
263.24614
138.94584
53.238187
138.91126
138.11505
138.81648
65.415901
75.689192
55.841446
58.608092
76.020495
65.406126
65.197061
75.754812
55.79304
58.478545
75.644984
65.273925
195.22147
252.29484
144.24612
165.66003
254.34177
199.70629
203.87484
261.49549
147.57789
167.1551
260.69604
201.56058
103.49929
82.217108
132.35294
120.04755
82.501197
104.41156
123.58701
125.00737
124.08859
124.71107
35.004012
135.14591
135.02217
35.485134
132.80809
120.33269
107.04245
84.339785
104.84044
82.822525
203.78174
262.00626
147.40099
168.20098
261.6819
203.00305
203.6543
260.81892
147.24844
167.89901
260.47125
202.59498
104.78553
82.147697
131.13344
120.62619
83.149224
105.58465
122.69132
123.91394
122.85371
123.92472
35.410359
134.90205
134.9275
35.249474
133.66638
121.39879
107.22458
85.257041
106.18404
84.930309
194.90397
250.52662
144.05949
163.12026
251.41845
196.00006
145.0563
163.38899
194.58696
251.67524
196.3457
252.60767
120.19061
118.72168
120.36894
119.00473
134.74208
36.38071
134.22891
36.712108
121.8779
94.622043
137.97174
128.66953
92.463419
114.41994
109.77977
87.643988
134.63817
127.19017
88.380987
112.71845
105.33801
83.073267
131.90458
122.17007
84.515334
107.33664
119.89222
120.70961
120.05866
120.32618
36.554715
133.58858
133.84324
35.756182
133.18466
122.72857
109.24974
85.597243
107.90456
85.937985
193.95352
247.52164
146.75768
161.33245
247.45912
192.40757
193.92854
248.79725
144.83987
161.15311
248.04439
192.48162
17.056809
15.89334
17.050996
15.90098
17.735905
19.286056
19.146025
17.879416
21.642051
19.937158
20.032699
21.61137
22.829478
24.493603
22.703118
24.619347
21.624155
20.172547
20.021279
21.773071
22.445402
24.290787
22.512504
24.219503
28.347496
30.314215
30.372942
28.300873
27.511966
25.442687
27.361801
25.595013
34.699306
37.177261
34.662223
37.301437
33.380013
31.340961
31.286977
33.511797
27.244945
25.239378
27.087149
25.373013
28.176668
30.252737
30.130176
28.245656
17.221514
15.952229
17.042332
15.995399
17.796023
19.305206
17.807456
19.202502
21.833858
20.098172
20.162118
21.78729
22.870078
24.523961
24.657455
22.719993
21.670925
20.102618
21.760641
20.079791
22.712063
24.238384
24.457146
22.530691
28.147765
30.094908
30.124014
28.058758
27.461999
25.420528
25.549334
27.334142
34.538176
37.11067
34.517428
37.129949
33.321843
31.43827
33.546928
31.224622
27.055463
25.207692
25.141528
27.107279
28.125231
30.27786
28.323585
30.080472
21.619345
20.064689
19.951523
21.716945
22.509376
24.301372
22.567826
24.299069
17.164155
15.901006
17.062441
15.96213
17.832367
19.279747
19.338749
17.779562
22.602371
24.274915
22.489858
24.360341
21.813122
20.074199
20.151454
21.744385
34.550782
37.006537
34.44577
37.103697
33.533423
31.354757
31.375383
33.491998
28.016862
30.066509
30.043336
28.042766
27.158033
25.330913
27.224357
25.276076
28.307856
30.239618
30.29184
28.270378
27.109117
25.158108
26.99617
25.216106
28.085147
30.158924
30.091186
28.125339
27.121324
25.264518
25.216995
27.12724
34.641051
37.141852
34.548555
37.232695
33.579668
31.307136
33.485634
31.394453
27.181254
25.188003
25.274159
27.09691
28.299234
30.238893
28.219054
30.316097
17.045945
15.866919
16.954687
15.894497
17.861686
19.251917
17.838804
19.272029
21.602715
19.943279
19.924556
21.612491
22.550668
24.375917
24.332343
22.577194
21.741002
20.119076
21.736161
20.14766
22.498468
24.167525
24.282413
22.436976
17.174229
16.863667
17.192485
16.861921
31.59354
72.989012
75.166119
29.65059
108.47674
96.20552
96.648105
107.88342
121.12894
134.39721
120.50986
135.14498
101.96234
88.736101
90.798969
99.503032
116.97389
132.76558
119.08077
130.20555
118.47447
122.93984
124.88875
116.21797
118.43157
117.48923
119.57756
116.22712
132.89591
124.02754
133.74391
124.09393
141.90237
142.97473
141.24417
142.93706
122.08232
119.01571
120.82255
120.72702
134.75639
141.45452
138.43071
138.13901
17.048774
16.904435
17.252538
16.702517
25.604476
70.617439
27.515102
68.293727
86.673449
76.685181
77.463796
85.812209
98.225284
110.96113
109.70673
99.496877
94.156148
86.459204
96.787128
84.20042
102.75261
112.47264
114.06703
101.02401
152.87677
156.74006
155.47884
153.72273
147.56536
142.64457
143.62076
146.46976
130.90737
126.99828
131.13873
125.86524
140.91792
144.93232
142.78383
148.1306
141.6872
140.69893
138.01321
144.51224
145.04707
143.99311
141.50928
147.33802
104.22837
95.23955
93.419574
106.50563
111.71676
120.77719
109.11757
123.39385
17.346845
16.556157
17.227024
16.526946
17.548707
41.399714
46.934653
17.636403
103.59836
117.45561
106.55539
113.51403
91.486233
77.961329
80.80455
88.828137
144.9492
149.45875
141.26575
152.67468
139.62511
135.68454
131.51566
143.23743
112.81478
111.28932
112.32401
111.86873
110.88621
104.71762
112.09118
103.24632
118.56322
122.31371
119.00769
121.40224
114.68273
106.38583
113.2931
108.34841
151.55117
157.71988
157.35776
153.64796
143.4224
131.53922
134.57342
139.01521
162.72314
168.62668
165.42592
167.2151
151.65146
139.49302
147.14793
143.69524
127.82239
126.39057
122.08958
132.39484
128.25974
128.50048
125.12392
134.2912
17.505307
16.513723
17.529316
16.508252
17.600089
36.274213
17.71779
31.592759
76.541226
62.703393
63.744104
75.47875
85.380799
95.042931
93.661139
86.773694
84.000117
75.151525
86.296915
72.466583
90.072595
96.561975
98.311883
88.324283
65.158068
75.233726
55.356809
58.379301
75.398065
65.215573
268.85591
269.65254
151.5942
152.11562
150.85734
151.85902
55.582349
58.316308
65.32723
75.601233
65.142277
75.515942
44.773235
39.051408
44.702183
39.144846
21.060019
53.340107
53.402371
20.97802
44.966056
38.656057
51.982267
49.709447
38.788671
45.024906
45.059049
38.816965
51.846767
49.641993
38.665555
44.937515
44.956758
38.666215
51.868598
49.710653
38.65755
44.998028
44.95449
39.178329
44.831532
39.288491
53.415351
21.036199
53.398417
21.034027
52.046381
49.641909
45.105829
38.811951
44.929859
38.812729
247.39211
255.35513
150.07924
147.16388
138.41324
57.342103
143.31746
65.031425
75.267518
55.444576
58.350297
75.447702
65.162588
65.247073
75.454994
55.327448
58.28567
75.275995
65.102367
197.5178
255.69933
145.76875
164.45493
257.64039
200.48178
213.75679
274.13934
153.44192
168.37968
271.62025
205.26568
124.70951
103.63738
149.65703
145.66224
106.30415
134.81643
136.84635
122.10792
134.4971
123.32255
48.417753
172.94543
175.45923
50.522816
154.20782
147.47542
135.30147
114.29026
136.64085
110.39707
195.50064
253.01753
156.46652
172.50601
256.3525
203.41402
213.80454
272.08056
162.40124
174.93966
268.38342
206.66695
129.22437
107.01234
136.86176
132.64588
106.8809
124.2146
145.10666
130.02736
146.54453
128.76775
176.6982
50.547767
176.48005
50.098382
142.54835
133.60937
133.60892
105.82697
124.14322
104.95345
201.28711
262.51203
165.47781
188.09284
268.87522
220.34703
180.64851
193.73169
234.20724
292.21802
226.92354
289.31931
177.46665
157.56144
174.95222
160.52488
55.487122
214.74495
214.61811
55.19385
142.94047
119.82944
174.86319
170.21217
122.92965
155.00006
158.12672
128.16313
180.9738
171.95737
127.82376
157.04536
131.62536
113.18546
155.44492
153.60031
116.67287
143.35332
178.7779
164.44406
175.42022
168.51911
212.42163
56.666561
214.15318
56.85043
170.97894
158.91381
156.97716
125.9374
147.53379
125.18748
193.65218
243.0909
179.20599
188.28627
247.31137
208.1966
231.23135
284.29866
186.23491
191.47348
275.50221
213.41453
16.715939
15.595824
16.634845
15.660881
17.295355
18.765298
18.637918
17.418014
20.314662
18.834543
18.835117
19.936517
21.568195
23.527018
21.797922
23.273043
21.054776
19.612865
19.477109
21.209588
22.074442
23.69015
21.997802
23.76756
27.953035
30.108716
29.919048
28.07525
26.961774
25.082149
26.969963
25.076114
34.45066
36.885709
34.433683
36.90697
33.215255
30.704853
31.095258
32.8436
27.021521
25.115535
27.005844
25.135737
27.998149
29.648489
30.009349
27.656128
16.991299
15.833965
16.989041
15.830158
17.646518
18.836618
17.402258
19.121871
21.482746
19.964435
19.867065
21.63889
22.384013
24.173225
24.147849
22.392798
21.585301
19.618184
21.286779
19.932621
22.438143
24.210919
24.216722
22.425757
26.797999
28.186231
28.763363
26.842218
26.099713
24.501866
24.257038
26.356547
33.985873
36.276752
33.945156
36.408914
32.605233
30.674403
32.747731
30.496601
26.545077
24.67756
24.73832
26.503965
27.461835
29.550195
27.607713
29.390319
17.275179
16.16275
17.108935
16.159595
17.617396
20.826378
21.80046
17.641467
20.463664
19.403851
19.592925
20.591893
21.542412
24.348355
28.285851
21.859818
63.531152
53.628788
55.121939
66.322813
56.930103
30.035748
35.7413
53.732795
110.0791
110.86444
110.43614
110.89794
105.4038
95.073658
103.91445
96.772922
103.58864
114.34722
108.69996
108.75098
95.013309
88.102728
92.458684
93.075594
99.894431
93.027228
102.01519
90.741005
100.1818
86.217589
98.806473
91.097213
17.252356
16.257591
17.300191
16.18821
17.4225
20.926899
17.457544
20.767661
73.358394
61.707022
60.673119
74.406674
79.793952
86.583783
88.007438
78.575214
67.679177
54.441484
66.667132
55.294136
75.724083
84.963154
83.012566
77.30476
31.753033
25.736247
33.726909
25.27183
29.213665
25.978213
25.199236
35.566511
101.12022
88.69421
85.126246
105.71668
95.433744
88.676751
94.012772
91.259507
68.13631
37.016735
52.025802
46.407278
84.382274
84.079034
84.229534
87.729842
56.217927
64.794005
50.003014
56.602099
66.185495
60.969164
138.79691
126.18514
86.604476
65.585769
98.689981
69.263606
137.51719
108.58028
151.7696
137.96701
105.08024
125.19572
129.24016
121.51068
135.48486
115.11372
56.532713
163.95105
166.79493
53.17287
144.76106
136.64347
130.57578
109.34093
124.38201
105.244
190.34205
227.87557
158.44657
162.45777
223.99938
180.37244
154.70964
199.74276
150.5777
160.60469
207.56804
178.45818
39.165186
35.617585
48.940296
58.554122
43.602727
60.395186
134.61719
93.47696
107.10454
113.36361
178.49448
62.843738
175.79891
58.94741
93.197301
75.075852
130.84512
111.64074
80.327424
97.758705
59.163633
44.981274
35.258641
38.160571
37.857042
27.712266
24.785729
35.099239
26.242877
26.255997
15.567063
15.58042
14.712521
14.729535
15.501605
15.388531
14.540325
14.674457
15.540365
15.469376
14.650741
14.76018
15.384433
15.606328
14.775964
14.57846
15.45215
15.538077
14.686199
14.591816
15.526322
15.583083
14.756487
14.673124
15.620763
15.59689
14.754179
14.790204
15.312482
15.641307
14.810547
14.499576
15.396394
15.409076
14.594987
14.537819
15.470943
15.456715
14.615365
14.634163
15.120072
14.912864
14.184321
14.41788
15.391938
15.274132
14.476444
14.535676
15.717595
16.032224
17.125505
16.11421
15.631844
16.738311
16.344929
15.625386
32.836385
31.64087
31.251108
24.494255
24.310543
32.542361
25.561509
23.52769
14.977723
14.956375
14.181784
14.265797
15.427613
15.350826
14.533348
14.651429
16.208143
16.795608
16.75392
16.621881
15.641181
16.803019
16.027389
15.688832
30.064526
28.399005
34.970995
41.200308
32.474603
32.02751
37.551903
42.627503
15.417661
15.045505
14.235913
14.315595
15.520862
15.611845
14.610615
14.499926
33.351975
37.85747
47.105556
45.78591
32.573859
32.910877
42.493022
44.377532
15.465042
15.402858
14.550851
14.599985
15.601355
15.52227
14.693513
14.731495
15.46331
15.470511
14.794036
14.781592
15.763001
15.814794
14.801165
14.739112
15.48632
15.723191
15.014675
14.786795
15.528356
15.693656
15.012462
14.857476
15.579346
15.497908
14.637879
14.708619
15.620156
15.595822
14.757771
14.771946
15.620796
15.785442
14.887445
14.73509
15.457833
15.506726
14.834841
14.790968
15.661906
15.925202
15.033125
14.772408
15.64978
15.692042
14.781185
14.742742
15.363799
15.506973
14.669822
14.560009
15.43526
15.517873
14.691671
14.655018
15.903264
15.623166
14.711722
14.985037
15.948953
15.65889
14.743948
15.040991
15.643791
15.636516
14.730136
14.722619
15.905084
15.625644
14.713808
14.988187
15.605709
15.585978
14.713597
14.75548
15.468609
15.446519
14.625354
14.634392
15.653264
15.685353
14.794998
14.762405
15.755133
15.631734
14.725666
14.841885
15.616482
15.600512
14.722874
14.731612
15.580509
15.793093
15.117447
14.908531
15.462033
15.399691
14.537579
14.617645
15.366138
15.359882
14.512083
14.513501
15.820992
15.778516
15.090713
15.126224
15.765946
15.713773
15.034344
15.089754
15.618041
15.68037
14.990822
14.92653
15.650045
15.605286
14.591002
14.647109
16.044434
16.386915
17.428583
16.172234
15.725217
16.827609
16.651746
15.687431
33.331347
32.132731
32.231859
24.783453
24.368524
23.550133
33.553603
25.893158
15.063396
14.913691
14.086044
14.00152
15.773894
15.69089
14.670292
14.762008
15.714165
16.219992
16.494065
16.606792
15.687707
16.858917
15.813201
15.66743
29.939992
28.29893
34.998676
40.940042
32.146667
31.748212
37.714684
42.289082
58.439941
45.098092
35.799622
38.69795
38.986266
28.206339
24.863046
36.159782
26.57701
26.368299
33.37525
37.779976
46.954242
45.278207
32.235993
42.490202
43.922147
32.578053
48.170376
42.736858
30.769165
30.142649
39.954327
40.092148
31.323761
31.007413
15.370969
15.385755
14.616567
14.540833
12.825981
12.658342
15.382146
15.30672
14.538257
14.532115
12.760193
37.452661
12.627499
37.323708
15.49963
15.47695
14.640333
14.63908
12.457672
36.746511
12.747541
36.748115
15.382145
15.436911
14.646814
14.540867
12.32199
12.60734
15.593403
15.465011
14.655218
14.767137
12.707682
12.487806
15.568504
15.581156
14.760406
14.781593
12.752485
36.755228
12.482524
36.75634
15.219205
15.504604
14.634723
14.42799
12.854801
36.804832
12.184444
36.798837
15.548625
15.535439
14.70848
14.717275
12.273385
12.795221
15.486199
15.348269
14.584016
14.685744
12.660529
12.373978
15.509293
15.411303
14.65372
14.660938
12.736346
36.895222
12.703264
36.960147
15.120341
15.020012
14.257864
14.314903
12.37119
12.104431
15.144411
15.355452
14.537781
14.27107
12.661551
37.624622
12.312177
37.720669
21.4431
20.495401
20.974796
18.532006
20.838188
21.248547
19.064386
20.051717
23.055407
24.059568
23.456277
20.768183
21.046559
22.409283
19.713161
21.665736
15.248331
15.211832
14.359152
14.416768
12.339179
12.575966
15.287027
15.28629
14.420675
14.432094
12.429308
37.523864
12.583049
20.504429
20.087714
20.307025
21.893675
23.472462
21.730345
20.496967
23.708871
20.96881
21.593775
22.637293
28.440198
24.449777
26.45158
21.547396
25.472064
15.343558
15.450359
14.439407
14.334976
12.285033
11.977666
15.376822
15.456222
14.440934
14.353137
12.03293
11.917149
53.604778
53.189104
37.409564
36.703958
45.859998
52.168578
38.040545
38.487871
15.397965
15.433107
14.579555
14.629356
12.745856
36.983774
12.284854
36.86622
15.593067
15.513538
14.685603
14.726574
12.822643
36.78043
12.829044
36.827438
15.869992
15.810771
14.886717
14.896791
12.099881
12.334618
15.857092
15.861782
14.864086
14.86407
11.992455
12.057699
15.856805
15.860958
15.167478
15.176454
12.091645
12.102457
15.524166
15.506988
14.823551
14.838996
11.904933
11.884076
15.607021
15.594561
14.749475
14.74942
12.817506
36.737938
12.854522
36.74006
15.519705
15.581246
14.748242
14.658155
12.847013
36.748796
12.744759
36.749979
15.777121
15.765865
14.888017
14.902654
12.157728
12.318388
15.633724
15.646934
14.781881
14.761946
11.83934
12.151148
15.642138
15.687401
14.782718
14.739984
11.92365
12.155354
15.799215
15.610788
14.707055
14.899996
12.16005
12.332486
15.594483
15.486067
14.649586
14.737437
12.600525
36.77937
12.848966
36.769299
15.33639
15.587568
14.812038
14.536885
12.369724
36.78491
12.267559
36.779318
15.64006
15.816279
14.895968
14.728324
12.362653
12.175636
15.620159
15.620358
14.706642
14.708497
12.398912
12.16421
15.653789
15.917796
14.994376
14.736565
12.168096
12.154004
15.710467
15.728818
14.813031
14.795984
12.071772
11.967525
15.386465
15.47234
14.616109
14.563399
12.836397
36.812288
12.647095
36.83416
15.416808
15.444286
14.633005
14.605733
12.732985
36.877057
12.702752
36.838489
15.773841
15.736012
14.831022
14.87434
12.171359
12.307305
15.579103
15.654043
14.751112
14.678148
11.996269
12.105296
15.764663
15.744322
14.876055
14.903659
11.891915
12.313024
15.662934
15.911515
15.040768
14.79939
12.212017
12.185188
15.47069
15.507872
14.671642
14.601086
12.728415
37.201566
12.706117
37.373666
15.452861
15.452089
14.661121
14.64508
12.626527
37.580557
12.462456
37.462711
15.673178
15.4785
14.796223
14.99088
12.370535
12.007638
15.682808
15.649972
14.974505
14.992698
12.353766
12.322491
15.778953
15.598562
14.665471
14.8284
11.995464
12.317159
15.801849
15.60819
14.604914
14.807618
12.202091
12.313565
21.749352
20.892362
21.542921
18.638709
20.897585
21.796978
19.169965
20.123782
23.488053
24.425625
24.083349
20.910267
21.093853
23.05239
19.84935
21.68805
15.53467
15.365153
14.348185
14.52205
11.840316
11.875848
15.412449
15.375783
14.354438
14.393854
12.283103
11.804191
19.876986
19.436689
20.065858
21.991006
23.533545
21.830721
20.216082
23.844786
20.47438
21.039095
22.364844
28.693751
24.527149
26.475503
21.330574
25.644013
48.874162
44.094671
31.721561
31.462594
40.524526
41.231969
31.989159
31.525513
53.24391
52.518552
37.656654
36.685938
45.646536
51.460998
38.13095
38.205089
39.109093
22.147001
38.945649
43.808405
17.063277
43.753115
26.884222
29.230146
27.358015
15.550793
15.62195
14.766158
14.676915
14.660974
15.146309
14.652765
15.140936
15.356418
15.288116
14.471453
14.519906
14.486831
15.055144
14.581119
14.965089
15.454654
15.400624
14.573312
14.671211
14.549522
15.253715
14.62491
15.151225
15.416657
15.3515
14.556851
14.557623
14.664827
15.052365
14.471417
15.290699
15.46401
15.285018
14.465424
14.627113
14.637539
15.042248
14.547957
15.128885
15.406081
15.373843
14.543607
14.565397
14.672618
15.115019
14.625689
15.183163
15.599272
15.638298
14.797627
14.753549
14.679041
15.208638
14.704448
15.196093
15.608773
15.598855
14.737041
14.737102
14.701436
14.976517
14.396836
15.312632
15.537095
15.610498
14.756751
14.684803
14.493155
14.994531
14.493514
15.100546
15.551986
15.638815
14.797268
14.678875
14.545706
15.013623
14.551861
15.0554
14.974075
14.95479
14.214764
14.237538
14.0943
15.001408
14.3639
14.778064
15.327313
15.314519
14.471699
14.50578
14.368668
14.979192
14.489926
14.952309
17.286262
16.790792
18.001938
16.699695
18.312901
17.302432
18.525836
17.249374
28.688787
29.697117
29.159943
23.924746
22.572569
23.269686
27.980279
22.85294
15.008847
14.988525
14.195964
14.182137
14.144853
14.745531
14.217874
14.630664
15.349842
15.412633
14.590183
14.551517
14.44664
15.114045
14.510164
14.960232
18.367494
17.815368
17.578121
17.353952
18.632989
17.458005
18.031542
18.557352
24.774658
26.090462
30.923078
38.939859
30.457507
31.629775
28.76342
36.777596
15.165763
14.971013
14.312028
14.40962
13.724167
14.58893
14.119332
14.369266
15.463774
15.666786
14.659839
14.450741
14.166796
14.494134
14.051365
14.621954
46.883628
25.039244
56.592136
45.586379
36.813369
34.853823
15.419952
15.367985
14.597994
14.559562
14.502686
15.016417
14.54515
14.995261
15.554836
15.657492
14.810989
14.707561
14.61059
15.156024
14.6742
15.109543
15.708639
15.522273
14.849211
15.019161
14.062041
14.601437
14.056201
14.604479
15.774183
15.756031
14.740033
14.760771
14.373032
14.741429
14.286332
14.741937
15.798693
15.82923
15.129767
15.087346
14.284527
14.589445
14.063114
14.764991
15.698944
15.559252
14.882208
15.02063
14.269429
14.648649
14.120196
14.771705
15.634956
15.617016
14.785434
14.790831
14.594175
15.128066
14.654171
15.091928
15.60802
15.516409
14.665802
14.742708
14.676796
15.194363
14.694966
15.188561
15.667817
15.928908
15.020211
14.774473
14.33297
14.572884
14.195482
14.780722
15.899867
15.587012
14.905208
15.029329
14.091293
14.588721
14.052433
14.611289
15.655173
15.670691
14.781418
14.759453
14.485839
14.664977
14.217486
14.857076
15.65456
15.932351
15.021895
14.746371
14.264168
14.644677
14.205471
14.636417
15.328848
15.445296
14.652348
14.477863
14.563408
14.965097
14.482374
15.138883
15.479867
15.404224
14.616478
14.634175
14.579362
15.146405
14.520344
15.179218
15.87957
15.662295
14.748659
14.963214
14.203122
14.82327
14.461774
14.574779
15.787201
15.57921
14.672476
14.873796
14.212703
14.86849
14.507701
14.654377
15.645092
15.898401
14.999881
14.724338
14.216359
14.576455
14.20343
14.603306
15.961743
15.698548
14.784538
15.042724
14.195964
14.888246
14.446999
14.565568
15.51074
15.595149
14.732372
14.645533
14.667801
15.185928
14.682794
15.165402
15.423175
15.631056
14.765678
14.573279
14.526858
15.064038
14.563975
15.153692
15.643172
15.680623
14.784022
14.748266
14.257017
14.655339
14.210234
14.639081
15.61634
15.625062
14.722848
14.714103
14.205017
14.758088
14.307916
14.582856
15.895906
15.644215
14.761544
15.011927
14.164239
14.622252
14.175239
14.610162
15.822386
15.597419
14.923037
15.114424
14.373173
14.670364
14.163412
14.901059
15.397262
15.410227
14.561753
14.592365
14.473419
15.094231
14.56933
14.944664
15.434527
15.399233
14.577101
14.60436
14.474802
14.951994
14.470548
14.966357
15.501211
15.542571
14.849566
14.802229
14.36335
14.890886
14.39087
14.878641
15.705968
15.57767
14.90165
15.024412
14.291443
14.832485
14.341217
14.789596
15.50842
15.604092
14.921081
14.792878
14.249946
14.736391
14.19413
14.793474
15.784369
15.790231
14.78107
14.766512
14.146767
14.603342
14.230713
14.58402
17.603152
17.14856
18.42727
16.768983
18.400621
17.390353
18.931422
17.321625
29.175917
30.130096
30.074543
24.174909
22.578902
23.28645
28.903345
23.076127
15.019061
14.931818
14.132312
14.305101
13.615794
14.204961
13.808108
14.223355
15.543966
15.566377
14.553979
14.532227
14.224452
14.708286
14.339903
14.670065
17.736457
17.227059
17.311832
17.350897
18.700248
17.53128
17.743764
18.575636
24.68029
25.836255
30.938497
38.807785
30.298775
31.394693
28.732049
36.705623
39.191002
22.718124
39.860408
44.351609
17.537105
44.976387
27.381697
29.514692
27.583018
46.772471
24.744123
56.30415
45.020218
36.449099
34.527976
52.427577
60.326858
30.895584
28.40481
36.714164
28.53747
30.299649
30.377255
15.444493
15.379656
14.568059
14.603428
14.483658
14.968482
15.088219
14.47042
33.690546
17.664319
17.642078
37.107339
12.759992
33.671467
33.651506
17.41947
17.440666
37.211299
12.657506
33.66483
15.486772
15.407288
14.574189
14.602438
14.408785
14.95456
14.474213
15.017436
33.628115
17.554272
17.443729
12.635127
33.625759
33.636067
17.438796
17.350061
12.637429
33.629444
15.404422
15.432074
14.598692
14.625174
14.566564
15.071489
15.06672
14.588546
33.808187
17.60012
17.518317
12.353391
33.80319
33.799235
17.556845
17.561861
12.302769
33.805611
15.412497
15.455593
14.63398
14.606334
14.518885
14.986785
14.482884
15.155356
33.77733
17.411875
17.662319
36.761546
12.650881
33.792042
33.796956
17.415386
17.50611
36.748276
12.36307
33.792373
15.564117
15.474826
14.686489
14.780537
14.550907
15.281735
15.168696
14.655535
33.820988
17.551445
17.605021
36.763817
12.394201
33.817354
33.8243
17.630802
17.530997
36.762231
12.463615
33.821652
15.633874
15.348389
14.546387
14.808558
14.653364
15.271215
14.646375
15.268292
33.821186
17.593195
17.667412
12.703252
33.823041
33.820442
17.615298
17.642138
12.499411
33.820837
15.312743
15.661822
14.831031
14.526784
14.586107
14.950892
15.078586
14.330734
33.783253
17.700725
17.695334
12.810695
33.782245
33.796885
17.272064
17.575057
12.340451
33.788453
15.353881
15.665899
14.865785
14.530196
14.634478
15.131565
14.636377
15.14733
33.806547
17.320005
17.695986
36.795812
12.824116
33.80241
33.799496
17.628656
17.631431
36.800089
12.353905
33.796838
15.401088
15.413956
14.564771
14.593289
14.46331
15.185559
15.112707
14.577059
33.652647
17.453674
17.455337
37.098392
12.767427
33.671171
33.692432
17.540875
17.45015
37.027951
12.650776
33.6766
15.391887
15.491844
14.612626
14.618178
14.530621
15.063569
14.580898
15.134476
33.730709
17.507181
17.5471
12.756484
33.715443
33.697143
17.520623
17.49673
12.310824
33.711079
15.044197
15.155107
14.338426
14.290683
14.142617
14.797401
14.729977
14.218235
34.628021
17.26354
17.053961
37.937561
12.10462
33.826112
33.645617
17.135373
17.031131
37.788136
12.198899
33.769632
15.334918
15.33023
14.514277
14.509336
14.45289
14.720483
14.226881
14.949269
33.567935
17.431151
17.293491
12.630847
33.599987
33.636252
17.144005
17.39159
12.627414
33.587073
18.39607
19.088393
20.021629
18.219599
18.781983
19.511292
17.722789
19.686315
26.842431
25.82741
25.181327
21.338985
22.387283
26.208644
22.337624
21.786003
15.018964
15.118998
14.284381
14.180978
14.325419
14.848615
14.821243
14.3529
34.728306
16.992947
17.011875
12.37591
33.846654
33.67116
17.313328
17.252429
12.413196
33.794685
15.309712
15.356068
14.504804
14.494579
14.377021
14.881722
14.373753
14.867368
33.616723
17.454926
17.378458
12.728709
33.633493
33.666839
17.349246
17.313093
12.577083
33.628243
19.16746
19.547904
19.397085
20.893407
19.383264
18.890231
19.402441
20.852407
23.279033
22.365515
24.533524
31.204362
29.504463
25.992062
34.275786
27.687311
15.305215
15.303978
14.251881
14.394733
14.03136
14.336305
14.449007
13.927381
34.947128
16.908722
16.563354
11.794136
34.397808
34.242672
16.627454
16.765102
11.828509
34.374583
15.569367
15.475921
14.461471
14.56163
13.999969
14.387018
13.925244
14.465318
34.11932
16.714182
16.868478
12.038494
34.174868
34.227991
16.601077
16.700456
11.912539
34.181093
58.212884
61.514692
36.554437
35.053613
41.951306
42.162612
37.692361
38.210275
15.568864
15.458821
14.6374
14.723522
14.538422
15.100615
15.027536
14.505711
33.705396
17.508042
17.475514
36.958111
12.607332
33.7251
33.744268
17.451843
17.509165
36.883267
12.799592
33.731542
15.528268
15.602677
14.782121
14.72836
14.601142
15.19498
14.680151
15.101507
33.773125
17.654859
17.583129
36.788471
12.761165
33.766954
33.752087
17.680856
17.581932
36.816127
12.424989
33.764417
15.642184
15.562846
14.665922
14.847328
14.370896
14.793369
14.822766
14.42463
33.796929
16.796472
16.859427
12.344549
33.867914
33.966212
17.134019
17.085154
12.265311
33.888278
15.712349
15.560126
14.546397
14.714204
14.41925
14.833739
14.38908
14.771171
34.111646
16.981157
17.086071
12.011473
34.058926
33.97593
17.07791
17.117478
12.250313
34.050174
15.553827
15.806741
15.103781
14.847577
14.440147
14.926568
14.904016
14.440443
33.789734
16.79004
17.066602
12.325775
33.745119
33.709635
17.207815
17.214485
12.126093
33.729452
15.520637
15.528411
14.852131
14.847435
14.096642
14.617239
14.110215
14.611944
33.691561
16.86006
17.060426
12.333232
33.699821
33.707911
16.83614
16.823848
12.155402
33.697274
15.532199
15.602673
14.758249
14.665888
14.671904
15.170807
15.182688
14.676734
33.811379
17.634215
17.575066
36.734853
12.842435
33.817958
33.820428
17.687566
17.684056
36.739947
12.758603
33.820575
15.466278
15.492178
14.689001
14.696826
14.664391
15.088925
14.60307
15.162817
33.821786
17.692484
17.680615
36.748682
12.836836
33.820747
33.821142
17.577947
17.651775
36.751496
12.388624
33.82048
15.904295
15.94094
15.063563
15.007189
14.340516
14.723375
14.72083
14.347546
33.737902
16.874154
17.016672
12.164345
33.7312
33.715781
17.046868
17.033687
12.104862
33.732645
15.928749
15.689835
14.819881
15.052218
14.214878
14.593948
14.202541
14.653753
33.69826
16.782704
16.867382
12.345477
33.70495
33.713573
16.894489
16.881639
12.098985
33.707765
15.903007
15.831323
14.922545
15.001638
14.259966
14.63807
14.630354
14.200619
33.741347
16.885875
17.192028
12.162535
33.74071
33.748152
16.859593
16.938029
12.367079
33.744324
15.795308
15.821066
14.914871
14.884946
14.174814
14.739095
14.371574
14.615664
33.752922
16.866827
16.942324
12.159064
33.746766
33.75163
17.065959
16.835311
12.027393
33.748799
15.510988
15.640584
14.795385
14.646833
14.573025
15.18002
15.074551
14.672071
33.820968
17.438937
17.506548
36.77471
12.525797
33.820084
33.817782
17.683115
17.567908
36.770737
12.738589
33.817651
15.495726
15.62094
14.775205
14.657706
14.680707
15.050246
14.433289
15.286585
33.808284
17.474563
17.542723
36.781746
12.746343
33.811009
33.815119
17.39065
17.660896
36.780876
12.743102
33.811025
15.634671
15.910968
14.988421
14.720257
14.361835
14.580279
14.797522
14.213751
33.76736
17.167364
16.87299
12.108041
33.764433
33.764842
16.886527
17.043809
11.999266
33.770008
15.608342
15.568993
14.655539
14.697545
14.193191
14.563737
14.192868
14.567995
33.75593
17.216723
16.877442
12.32269
33.758077
33.763324
16.868124
16.865937
12.159302
33.760513
15.834079
15.685249
14.772969
14.917993
14.478391
14.651805
14.834848
14.210101
33.773591
16.886447
16.902908
12.159738
33.760281
33.768093
16.86862
17.175891
12.3479
33.76741
15.803501
15.633739
14.719724
14.88793
14.278518
14.722026
14.264225
14.721692
33.764165
17.130496
16.855802
12.409772
33.764566
33.771516
16.940025
16.951856
12.328164
33.76471
15.454946
15.463044
14.664994
14.621274
14.566736
15.004259
15.050298
14.492627
33.780192
17.711438
17.666195
36.816752
12.728275
33.770962
33.758324
17.467701
17.526216
36.82717
12.739535
33.771732
15.4128
15.600867
14.733383
14.556675
14.523079
14.992103
14.516803
15.116983
33.734866
17.542303
17.499689
36.870366
12.738812
33.741979
33.755153
17.46791
17.480565
36.847322
12.644523
33.746125
15.745436
15.654664
14.758271
14.848698
14.28822
14.706313
14.65547
14.340729
33.749346
16.873326
16.941195
11.912232
33.753096
33.757254
17.032872
16.975898
11.981627
33.759067
15.565198
15.640488
14.740179
14.664039
14.228683
14.583332
14.13996
14.606575
33.761809
16.984847
16.881153
12.06712
33.762739
33.762977
16.795109
16.903619
11.841851
33.764444
15.67308
15.934777
15.050709
14.788047
14.315762
14.717443
14.697287
14.337637
33.743783
16.838044
16.832519
12.368133
33.743027
33.740313
17.034643
17.009626
12.19468
33.738387
15.907799
15.66994
14.801969
15.041709
14.458935
14.615732
14.238616
14.89906
33.73319
16.940265
17.14913
12.379116
33.735838
33.728279
16.917643
17.151317
12.36033
33.730414
15.419747
15.475294
14.600148
14.557111
14.580254
15.0299
15.071522
14.55021
33.640075
17.549319
17.373428
37.233252
12.343752
33.622405
33.601742
17.528031
17.566638
37.336968
12.668601
33.615922
15.336899
15.390617
14.551048
14.52339
14.527217
15.132384
14.532762
15.131608
33.572987
17.395694
17.410034
37.555206
12.78442
33.571917
33.587512
17.480346
17.475537
37.495514
12.297197
33.581907
15.799873
15.799565
15.113215
15.106449
14.067128
14.760812
14.584958
14.256327
33.833424
17.202797
17.14392
12.083744
33.777955
33.742371
17.001503
16.788551
12.321084
33.766634
15.821254
15.613988
14.926377
15.136808
14.245774
14.726043
14.249338
14.747294
33.729543
17.139405
17.074254
12.332884
33.733605
33.744103
17.034081
17.026441
12.059828
33.729726
15.599518
15.669134
14.787663
14.810085
14.15932
14.730307
14.549745
14.350976
33.843743
16.942241
17.019881
12.136024
33.908056
33.998229
17.083641
16.850434
11.996598
33.927985
15.782179
15.782328
14.783346
14.766732
14.169508
14.706057
14.348402
14.537791
34.131348
16.936077
16.814325
12.014507
34.076127
34.007179
17.066182
16.829127
12.005252
34.075365
18.743297
19.398639
20.551187
18.308871
18.866635
20.036942
17.808142
19.762096
27.234647
26.265815
25.936384
21.506827
22.394912
26.965444
22.525098
21.800874
15.292752
15.436484
14.420196
14.351742
13.931529
14.576803
14.326829
14.100034
35.01698
16.419622
16.397373
11.752492
34.410183
34.288073
16.816351
16.596367
11.937422
34.375269
15.527536
15.457177
14.444989
14.527313
13.927773
14.437558
13.972188
14.390012
34.139605
17.055702
16.92044
11.883284
34.190923
34.279953
16.674121
16.607336
11.885887
34.21999
18.549529
18.881008
19.065923
20.962981
19.479599
18.619656
19.439435
20.932718
22.861065
22.082149
24.362953
31.371449
29.407568
25.820073
34.312677
27.664752
53.381974
61.94396
33.982021
30.427504
37.085598
29.344909
30.610331
30.823737
57.7517
60.878018
37.103312
34.590223
41.772775
41.770328
37.407838
37.936787
15.077273
14.979423
15.621007
15.414945
14.815274
15.675148
15.358908
13.878795
15.246272
14.932211
15.349701
15.480495
14.808666
15.38112
15.114643
13.740177
15.456911
15.070305
15.099722
15.825221
15.472614
15.898097
15.426381
13.974569
14.81719
14.979107
14.380549
15.128104
15.453886
15.160531
15.086031
13.766921
12.555088
42.51665
14.339286
12.285056
14.027593
12.62322
14.244619
12.160552
14.166247
15.1466
14.453522
15.505577
15.097841
12.62421
13.287932
16.281158
15.205233
14.998707
14.341941
15.230677
14.958983
12.414728
13.117507
16.016336
14.80909
15.375598
14.906235
15.622653
15.156907
12.686127
13.376106
16.406444
15.300135
14.584333
13.983675
15.036603
14.939393
12.406345
13.148439
15.833411
14.784767
37.103738
17.227748
12.513493
18.422579
14.421937
13.03587
37.14682
17.056398
12.314296
18.224473
14.270523
12.79488
37.092786
17.532788
12.568945
18.470741
14.600946
13.045367
37.209459
16.645295
12.322013
18.003689
14.160409
12.849535
)
;
    }
}


// ************************************************************************* //
